2026-05-21 07:36:39.547+0000 INFO  [o.n.g.f.m.GlobalModule] Logging config in use: File '/var/lib/neo4j/conf/server-logs.xml'
2026-05-21 07:36:39.925+0000 INFO  [o.n.i.d.DiagnosticsManager] 
                                                                ********************************************************************************
                                                                                             [ System diagnostics ]                             
                                                                ********************************************************************************
                                                                --------------------------------------------------------------------------------
                                                                                         [ System memory information ]                          
                                                                --------------------------------------------------------------------------------
                                                                Total Physical memory: 11.54GiB
                                                                Free Physical memory: 9.128GiB
                                                                Committed virtual memory: 6.007GiB
                                                                Total swap space: 3.000GiB
                                                                Free swap space: 3.000GiB
                                                                
                                                                --------------------------------------------------------------------------------
                                                                                           [ JVM memory information ]                           
                                                                --------------------------------------------------------------------------------
                                                                Free  memory: 996.0MiB
                                                                Total memory: 1.000GiB
                                                                Max   memory: 2.000GiB
                                                                Garbage Collector: G1 Young Generation: [G1 Eden Space, G1 Survivor Space, G1 Old Gen]
                                                                Garbage Collector: G1 Old Generation: [G1 Eden Space, G1 Survivor Space, G1 Old Gen]
                                                                Memory Pool: CodeHeap 'non-nmethods' (Non-heap memory): committed=2.438MiB, used=1.223MiB, max=5.570MiB, threshold=0B
                                                                Memory Pool: Metaspace (Non-heap memory): committed=21.69MiB, used=21.42MiB, max=-1B, threshold=0B
                                                                Memory Pool: CodeHeap 'profiled nmethods' (Non-heap memory): committed=5.625MiB, used=5.568MiB, max=117.2MiB, threshold=0B
                                                                Memory Pool: Compressed Class Space (Non-heap memory): committed=2.438MiB, used=2.310MiB, max=1.000GiB, threshold=0B
                                                                Memory Pool: G1 Eden Space (Heap memory): committed=642.0MiB, used=2.000MiB, max=-1B, threshold=?
                                                                Memory Pool: G1 Old Gen (Heap memory): committed=379.0MiB, used=22.65MiB, max=2.000GiB, threshold=0B
                                                                Memory Pool: G1 Survivor Space (Heap memory): committed=3.000MiB, used=2.391MiB, max=-1B, threshold=?
                                                                Memory Pool: CodeHeap 'non-profiled nmethods' (Non-heap memory): committed=2.438MiB, used=1.706MiB, max=117.2MiB, threshold=0B
                                                                
                                                                --------------------------------------------------------------------------------
                                                                                        [ Operating system information ]                        
                                                                --------------------------------------------------------------------------------
                                                                Operating System: Linux; version: 6.6.87.2-microsoft-standard-WSL2; arch: amd64; cpus: 12
                                                                Max number of file descriptors: 1048576
                                                                Number of open file descriptors: 246
                                                                Process id: 7
                                                                Byte order: LITTLE_ENDIAN
                                                                Local timezone: Etc/UTC
                                                                Memory page size: 4096
                                                                Unaligned memory access allowed: true
                                                                
                                                                --------------------------------------------------------------------------------
                                                                                              [ JVM information ]                               
                                                                --------------------------------------------------------------------------------
                                                                VM Name: OpenJDK 64-Bit Server VM
                                                                VM Vendor: Eclipse Adoptium
                                                                VM Version: 17.0.12+7
                                                                JIT compiler: HotSpot 64-Bit Tiered Compilers
                                                                VM Arguments: [-XX:+UseG1GC, -XX:-OmitStackTraceInFastThrow, -XX:+AlwaysPreTouch, -XX:+UnlockExperimentalVMOptions, -XX:+TrustFinalNonStaticFields, -XX:+DisableExplicitGC, -Djdk.nio.maxCachedBufferSize=1024, -Dio.netty.tryReflectionSetAccessible=true, -Djdk.tls.ephemeralDHKeySize=2048, -Djdk.tls.rejectClientInitiatedRenegotiation=true, -XX:FlightRecorderOptions=stackdepth=256, -XX:+UnlockDiagnosticVMOptions, -XX:+DebugNonSafepoints, --add-opens=java.base/java.nio=ALL-UNNAMED, --add-opens=java.base/java.io=ALL-UNNAMED, --add-opens=java.base/sun.nio.ch=ALL-UNNAMED, -Dlog4j2.disable.jmx=true, -Dfile.encoding=UTF-8, -Xms1048576k, -Xmx2097152k]
                                                                
                                                                --------------------------------------------------------------------------------
                                                                                               [ Java classpath ]                               
                                                                --------------------------------------------------------------------------------
                                                                 [classpath] /var/lib/neo4j/lib/neo4j-cypher-planner-5.22.0.jar
                                                                 [classpath] /var/lib/neo4j/lib/neo4j-procedure-api-5.22.0.jar
                                                                 [classpath] /var/lib/neo4j/lib/neo4j-5.22.0.jar
                                                                 [classpath] /var/lib/neo4j/lib/arrow-format-16.1.0.jar
                                                                 [classpath] /var/lib/neo4j/lib/neo4j-values-5.22.0.jar
                                                                 [classpath] /var/lib/neo4j/lib/jetty-alpn-server-10.0.20.jar
                                                                 [classpath] /var/lib/neo4j/lib/neo4j-resource-5.22.0.jar
                                                                 [classpath] /var/lib/neo4j/lib/jaxb-runtime-2.3.2.jar
                                                                 [classpath] /var/lib/neo4j/lib/neo4j-procedure-5.22.0.jar
                                                                 [classpath] /var/lib/neo4j/lib/cypher-antlr-ast-common-5.22.0.jar
                                                                 [classpath] /var/lib/neo4j/lib/jersey-container-servlet-2.34.jar
                                                                 [classpath] /var/lib/neo4j/lib/caffeine-3.1.8.jar
                                                                 [classpath] /var/lib/neo4j/lib/magnolia_2.13-1.1.8.jar
                                                                 [classpath] /var/lib/neo4j/lib/scala-library-2.13.11.jar
                                                                 [classpath] /var/lib/neo4j/lib/netty-transport-classes-epoll-4.1.111.Final.jar
                                                                 [classpath] /var/lib/neo4j/lib/neo4j-browser-5.21.0.jar
                                                                 [classpath] /var/lib/neo4j/lib/jackson-datatype-jsr310-2.17.0.jar
                                                                 [classpath] /var/lib/neo4j/lib/grpc-netty-1.65.0.jar
                                                                 [classpath] /var/lib/neo4j/lib/jetty-io-10.0.20.jar
                                                                 [classpath] /var/lib/neo4j/lib/jetty-servlet-10.0.20.jar
                                                                 [classpath] /var/lib/neo4j/lib/netty-tcnative-2.0.65.Final-linux-aarch_64.jar
                                                                 [classpath] /var/lib/neo4j/conf/*
                                                                 [classpath] /var/lib/neo4j/lib/WMI4Java-1.6.3.jar
                                                                 [classpath] /var/lib/neo4j/lib/jakarta.xml.bind-api-2.3.2.jar
                                                                 [classpath] /var/lib/neo4j/lib/jProcesses-1.6.5.jar
                                                                 [classpath] /var/lib/neo4j/lib/neo4j-import-util-5.22.0.jar
                                                                 [classpath] /var/lib/neo4j/lib/hk2-locator-2.6.1.jar
                                                                 [classpath] /var/lib/neo4j/lib/neo4j-cypher-logical-plans-5.22.0.jar
                                                                 [classpath] /var/lib/neo4j/lib/neo4j-front-end-5.22.0.jar
                                                                 [classpath] /var/lib/neo4j/lib/neo4j-spatial-index-5.22.0.jar
                                                                 [classpath] /var/lib/neo4j/lib/eclipse-collections-api-11.1.0.jar
                                                                 [classpath] /var/lib/neo4j/lib/neo4j-ast-5.22.0.jar
                                                                 [classpath] /var/lib/neo4j/lib/netty-resolver-4.1.111.Final.jar
                                                                 [classpath] /var/lib/neo4j/lib/jersey-container-servlet-core-2.34.jar
                                                                 [classpath] /var/lib/neo4j/lib/netty-handler-proxy-4.1.111.Final.jar
                                                                 [classpath] /var/lib/neo4j/lib/jansi-2.4.0.jar
                                                                 [classpath] /var/lib/neo4j/lib/jetty-xml-10.0.20.jar
                                                                 [classpath] /var/lib/neo4j/lib/jline-terminal-3.21.0.jar
                                                                 [classpath] /var/lib/neo4j/lib/grpc-protobuf-lite-1.62.2.jar
                                                                 [classpath] /var/lib/neo4j/lib/cypher-v6-parser-listener-5.22.0.jar
                                                                 [classpath] /var/lib/neo4j/lib/netty-codec-4.1.111.Final.jar
                                                                 [classpath] /var/lib/neo4j/lib/netty-tcnative-2.0.65.Final-linux-aarch_64-fedora.jar
                                                                 [classpath] /var/lib/neo4j/lib/neo4j-cypher-ast-factory-5.22.0.jar
                                                                 [classpath] /var/lib/neo4j/lib/neo4j-java-driver-5.22.0.jar
                                                                 [classpath] /var/lib/neo4j/lib/netty-transport-native-epoll-4.1.111.Final-linux-x86_64.jar
                                                                 [classpath] /var/lib/neo4j/lib/neo4j-cypher-rendering-5.22.0.jar
                                                                 [classpath] /var/lib/neo4j/lib/cypher-v6-ast-factory-5.22.0.jar
                                                                 [classpath] /var/lib/neo4j/lib/cypher-shell-5.22.0.jar
                                                                 [classpath] /var/lib/neo4j/lib/netty-handler-4.1.111.Final.jar
                                                                 [classpath] /var/lib/neo4j/lib/kiama_2.13-2.5.1.jar
                                                                 [classpath] /var/lib/neo4j/lib/jakarta.ws.rs-api-2.1.6.jar
                                                                 [classpath] /var/lib/neo4j/lib/netty-transport-native-kqueue-4.1.111.Final-osx-aarch_64.jar
                                                                 [classpath] /var/lib/neo4j/lib/neo4j-cypher-ir-5.22.0.jar
                                                                 [classpath] /var/lib/neo4j/lib/jackson-core-2.17.1.jar
                                                                 [classpath] /var/lib/neo4j/lib/istack-commons-runtime-3.0.8.jar
                                                                 [classpath] /var/lib/neo4j/lib/neo4j-cloud-5.22.0.jar
                                                                 [classpath] /var/lib/neo4j/lib/jetty-servlet-api-4.0.6.jar
                                                                 [classpath] /var/lib/neo4j/lib/neo4j-cypher-javacc-parser-5.22.0.jar
                                                                 [classpath] /var/lib/neo4j/lib/eclipse-collections-11.1.0.jar
                                                                 [classpath] /var/lib/neo4j/lib/guava-33.2.1-jre.jar
                                                                 [classpath] /var/lib/neo4j/lib/shiro-cache-2.0.0.jar
                                                                 [classpath] /var/lib/neo4j/lib/cypher-v5-literal-interpreter-5.22.0.jar
                                                                 [classpath] /var/lib/neo4j/lib/netty-common-4.1.111.Final.jar
                                                                 [classpath] /var/lib/neo4j/lib/commons-text-1.12.0.jar
                                                                 [classpath] /var/lib/neo4j/lib/arrow-memory-netty-16.1.0.jar
                                                                 [classpath] /var/lib/neo4j/lib/neo4j-index-5.22.0.jar
                                                                 [classpath] /var/lib/neo4j/lib/neo4j-slf4j-provider-5.22.0.jar
                                                                 [classpath] /var/lib/neo4j/lib/reactor-core-3.6.7.jar
                                                                 [classpath] /var/lib/neo4j/lib/jakarta.validation-api-2.0.2.jar
                                                                 [classpath] /var/lib/neo4j/lib/picocli-4.7.6.jar
                                                                 [classpath] /var/lib/neo4j/lib/shiro-crypto-hash-2.0.0.jar
                                                                 [classpath] /var/lib/neo4j/lib/neo4j-exceptions-5.22.0.jar
                                                                 [classpath] /var/lib/neo4j/lib/shiro-hashes-argon2-2.0.0.jar
                                                                 [classpath] /var/lib/neo4j/lib/neo4j-wal-5.22.0.jar
                                                                 [classpath] /var/lib/neo4j/lib/antlr4-runtime-4.13.1.jar
                                                                 [classpath] /var/lib/neo4j/lib/hk2-utils-2.6.1.jar
                                                                 [classpath] /var/lib/neo4j/lib/stax-ex-1.8.1.jar
                                                                 [classpath] /var/lib/neo4j/lib/http2-common-10.0.20.jar
                                                                 [classpath] /var/lib/neo4j/lib/neo4j-query-router-5.22.0.jar
                                                                 [classpath] /var/lib/neo4j/lib/netty-transport-native-unix-common-4.1.111.Final.jar
                                                                 [classpath] /var/lib/neo4j/lib/txw2-2.3.2.jar
                                                                 [classpath] /var/lib/neo4j/lib/jetty-webapp-10.0.20.jar
                                                                 [classpath] /var/lib/neo4j/lib/commons-lang3-3.14.0.jar
                                                                 [classpath] /var/lib/neo4j/lib/log4j-api-2.20.0.jar
                                                                 [classpath] /var/lib/neo4j/lib/neo4j-gql-status-5.22.0.jar
                                                                 [classpath] /var/lib/neo4j/lib/argparse4j-0.9.0.jar
                                                                 [classpath] /var/lib/neo4j/lib/cypher-parser-ast-common-5.22.0.jar
                                                                 [classpath] /var/lib/neo4j/lib/ipaddress-5.5.0.jar
                                                                 [classpath] /var/lib/neo4j/lib/neo4j-cypher-physical-planning-5.22.0.jar
                                                                 [classpath] /var/lib/neo4j/lib/log4j-core-2.20.0.jar
                                                                 [classpath] /var/lib/neo4j/lib/jetty-http-10.0.20.jar
                                                                 [classpath] /var/lib/neo4j/lib/commons-compress-1.26.2.jar
                                                                 [classpath] /var/lib/neo4j/lib/protobuf-java-util-3.25.3.jar
                                                                 [classpath] /var/lib/neo4j/lib/neo4j-util-5.22.0.jar
                                                                 [classpath] /var/lib/neo4j/lib/jetty-util-10.0.20.jar
                                                                 [classpath] /var/lib/neo4j/lib/lucene-analysis-common-9.11.0.jar
                                                                 [classpath] /var/lib/neo4j/lib/cypher-v5-parser-listener-5.22.0.jar
                                                                 [classpath] /var/lib/neo4j/lib/neo4j-collections-5.22.0.jar
                                                                 [classpath] /var/lib/neo4j/lib/neo4j-storage-engine-util-5.22.0.jar
                                                                 [classpath] /var/lib/neo4j/lib/arrow-memory-netty-buffer-patch-16.1.0.jar
                                                                 [classpath] /var/lib/neo4j/lib/neo4j-bolt-5.22.0.jar
                                                                 [classpath] /var/lib/neo4j/lib/neo4j-native-5.22.0.jar
                                                                 [classpath] /var/lib/neo4j/lib/jetty-server-10.0.20.jar
                                                                 [classpath] /var/lib/neo4j/lib/zstd-jni-1.5.6-3.jar
                                                                 [classpath] /var/lib/neo4j/lib/neo4j-concurrent-5.22.0.jar
                                                                 [classpath] /var/lib/neo4j/lib/cypher-antlr-common-5.22.0.jar
                                                                 [classpath] /var/lib/neo4j/lib/neo4j-token-api-5.22.0.jar
                                                                 [classpath] /var/lib/neo4j/lib/scala-collection-contrib_2.13-0.3.0.jar
                                                                 [classpath] /var/lib/neo4j/lib/animal-sniffer-annotations-1.23.jar
                                                                 [classpath] /var/lib/neo4j/lib/netty-codec-socks-4.1.111.Final.jar
                                                                 [classpath] /var/lib/neo4j/lib/cypher-v5-antlr-parser-5.22.0.jar
                                                                 [classpath] /var/lib/neo4j/lib/jersey-client-2.34.jar
                                                                 [classpath] /var/lib/neo4j/lib/jersey-hk2-2.34.jar
                                                                 [classpath] /var/lib/neo4j/lib/neo4j-cypher-5.22.0.jar
                                                                 [classpath] /var/lib/neo4j/lib/jetty-security-10.0.20.jar
                                                                 [classpath] /var/lib/neo4j/lib/neo4j-cypher-planner-spi-5.22.0.jar
                                                                 [classpath] /var/lib/neo4j/lib/zstd-proxy-5.22.0.jar
                                                                 [classpath] /var/lib/neo4j/lib/neo4j-udc-5.22.0.jar
                                                                 [classpath] /var/lib/neo4j/lib/grpc-core-1.65.0.jar
                                                                 [classpath] /var/lib/neo4j/lib/neo4j-monitoring-5.22.0.jar
                                                                 [classpath] /var/lib/neo4j/lib/jPowerShell-3.0.jar
                                                                 [classpath] /var/lib/neo4j/lib/neo4j-import-tool-5.22.0.jar
                                                                 [classpath] /var/lib/neo4j/lib/jackson-databind-2.17.1.jar
                                                                 [classpath] /var/lib/neo4j/lib/server-api-5.22.0.jar
                                                                 [classpath] /var/lib/neo4j/lib/reactive-streams-1.0.4.jar
                                                                 [classpath] /var/lib/neo4j/lib/arrow-memory-core-16.1.0.jar
                                                                 [classpath] /var/lib/neo4j/lib/neo4j-cypher-runtime-util-5.22.0.jar
                                                                 [classpath] /var/lib/neo4j/lib/neo4j-command-line-5.22.0.jar
                                                                 [classpath] /var/lib/neo4j/lib/netty-transport-native-epoll-4.1.111.Final-linux-aarch_64.jar
                                                                 [classpath] /var/lib/neo4j/lib/neo4j-record-storage-engine-5.22.0.jar
                                                                 [classpath] /var/lib/neo4j/lib/javassist-3.25.0-GA.jar
                                                                 [classpath] /var/lib/neo4j/lib/jackson-module-jaxb-annotations-2.17.1.jar
                                                                 [classpath] /var/lib/neo4j/lib/netty-tcnative-2.0.65.Final-linux-x86_64.jar
                                                                 [classpath] /var/lib/neo4j/lib/neo4j-id-generator-5.22.0.jar
                                                                 [classpath] /var/lib/neo4j/lib/neo4j-notifications-5.22.0.jar
                                                                 [classpath] /var/lib/neo4j/lib/cypher-v6-antlr-parser-5.22.0.jar
                                                                 [classpath] /var/lib/neo4j/lib/listenablefuture-9999.0-empty-to-avoid-conflict-with-guava.jar
                                                                 [classpath] /var/lib/neo4j/lib/failureaccess-1.0.2.jar
                                                                 [classpath] /var/lib/neo4j/lib/http2-hpack-10.0.20.jar
                                                                 [classpath] /var/lib/neo4j/lib/netty-codec-http-4.1.111.Final.jar
                                                                 [classpath] /var/lib/neo4j/lib/cypher-parser-factory-5.22.0.jar
                                                                 [classpath] /var/lib/neo4j/lib/neo4j-layout-5.22.0.jar
                                                                 [classpath] /var/lib/neo4j/lib/neo4j-kernel-5.22.0.jar
                                                                 [classpath] /var/lib/neo4j/lib/neo4j-unsafe-5.22.0.jar
                                                                 [classpath] /var/lib/neo4j/lib/grpc-stub-1.65.0.jar
                                                                 [classpath] /var/lib/neo4j/lib/jersey-common-2.34.jar
                                                                 [classpath] /var/lib/neo4j/lib/cypher-v5-ast-factory-5.22.0.jar
                                                                 [classpath] /var/lib/neo4j/lib/lucene-backward-codecs-9.11.0.jar
                                                                 [classpath] /var/lib/neo4j/lib/neo4j-lock-5.22.0.jar
                                                                 [classpath] /var/lib/neo4j/lib/neo4j-configuration-5.22.0.jar
                                                                 [classpath] /var/lib/neo4j/lib/neo4j-data-collector-5.22.0.jar
                                                                 [classpath] /var/lib/neo4j/lib/http2-server-10.0.20.jar
                                                                 [classpath] /var/lib/neo4j/lib/neo4j-logging-5.22.0.jar
                                                                 [classpath] /var/lib/neo4j/lib/neo4j-schema-5.22.0.jar
                                                                 [classpath] /var/lib/neo4j/lib/jackson-jaxrs-base-2.17.1.jar
                                                                 [classpath] /var/lib/neo4j/lib/neo4j-bootcheck-5.22.0.jar
                                                                 [classpath] /var/lib/neo4j/lib/neo4j-cypher-cache-5.22.0.jar
                                                                 [classpath] /var/lib/neo4j/lib/shiro-crypto-core-2.0.0.jar
                                                                 [classpath] /var/lib/neo4j/lib/neo4j-cypher-interpreted-runtime-5.22.0.jar
                                                                 [classpath] /var/lib/neo4j/lib/jna-5.14.0.jar
                                                                 [classpath] /var/lib/neo4j/lib/neo4j-common-5.22.0.jar
                                                                 [classpath] /var/lib/neo4j/lib/commons-configuration2-2.11.0.jar
                                                                 [classpath] /var/lib/neo4j/lib/neo4j-csv-5.22.0.jar
                                                                 [classpath] /var/lib/neo4j/lib/netty-transport-4.1.111.Final.jar
                                                                 [classpath] /var/lib/neo4j/lib/protobuf-java-3.25.2.jar
                                                                 [classpath] /var/lib/neo4j/lib/jline-terminal-jansi-3.21.0.jar
                                                                 [classpath] /var/lib/neo4j/lib/hk2-api-2.6.1.jar
                                                                 [classpath] /var/lib/neo4j/lib/commons-logging-1.3.2.jar
                                                                 [classpath] /var/lib/neo4j/lib/neo4j-kernel-api-5.22.0.jar
                                                                 [classpath] /var/lib/neo4j/lib/grpc-api-1.65.0.jar
                                                                 [classpath] /var/lib/neo4j/lib/cypher-parser-common-5.22.0.jar
                                                                 [classpath] /var/lib/neo4j/lib/neo4j-graphdb-api-5.22.0.jar
                                                                 [classpath] /var/lib/neo4j/lib/neo4j-graph-algo-5.22.0.jar
                                                                 [classpath] /var/lib/neo4j/lib/neo4j-cypher-config-5.22.0.jar
                                                                 [classpath] /var/lib/neo4j/lib/lucene-core-9.11.0.jar
                                                                 [classpath] /var/lib/neo4j/lib/jackson-annotations-2.17.1.jar
                                                                 [classpath] /var/lib/neo4j/lib/shiro-core-2.0.0.jar
                                                                 [classpath] /var/lib/neo4j/lib/neo4j-fabric-5.22.0.jar
                                                                 [classpath] /var/lib/neo4j/lib/jsr305-3.0.2.jar
                                                                 [classpath] /var/lib/neo4j/lib/grpc-protobuf-1.65.0.jar
                                                                 [classpath] /var/lib/neo4j/lib/shiro-lang-2.0.0.jar
                                                                 [classpath] /var/lib/neo4j/lib/commons-codec-1.17.0.jar
                                                                 [classpath] /var/lib/neo4j/lib/jakarta.activation-api-1.2.2.jar
                                                                 [classpath] /var/lib/neo4j/lib/neo4j-cypher-macros-5.22.0.jar
                                                                 [classpath] /var/lib/neo4j/lib/grpc-util-1.62.2.jar
                                                                 [classpath] /var/lib/neo4j/lib/neo4j-diagnostics-5.22.0.jar
                                                                 [classpath] /var/lib/neo4j/lib/jetty-alpn-java-server-10.0.20.jar
                                                                 [classpath] /var/lib/neo4j/lib/neo4j-fulltext-index-5.22.0.jar
                                                                 [classpath] /var/lib/neo4j/lib/jettison-1.5.4.jar
                                                                 [classpath] /var/lib/neo4j/lib/jakarta.inject-2.6.1.jar
                                                                 [classpath] /var/lib/neo4j/lib/neo4j-cypher-slotted-runtime-5.22.0.jar
                                                                 [classpath] /var/lib/neo4j/lib/netty-tcnative-classes-2.0.65.Final.jar
                                                                 [classpath] /var/lib/neo4j/lib/slf4j-api-2.0.9.jar
                                                                 [classpath] /var/lib/neo4j/lib/perfmark-api-0.26.0.jar
                                                                 [classpath] /var/lib/neo4j/lib/arrow-vector-16.1.0.jar
                                                                 [classpath] /var/lib/neo4j/lib/gson-2.11.0.jar
                                                                 [classpath] /var/lib/neo4j/lib/jline-reader-3.21.0.jar
                                                                 [classpath] /var/lib/neo4j/lib/FastInfoset-1.2.16.jar
                                                                 [classpath] /var/lib/neo4j/lib/shiro-crypto-cipher-2.0.0.jar
                                                                 [classpath] /var/lib/neo4j/lib/neo4j-ssl-5.22.0.jar
                                                                 [classpath] /var/lib/neo4j/lib/cypher-ast-factory-5.22.0.jar
                                                                 [classpath] /var/lib/neo4j/lib/jackson-jaxrs-json-provider-2.17.1.jar
                                                                 [classpath] /var/lib/neo4j/lib/netty-tcnative-2.0.65.Final-linux-x86_64-fedora.jar
                                                                 [classpath] /var/lib/neo4j/lib/netty-codec-http2-4.1.111.Final.jar
                                                                 [classpath] /var/lib/neo4j/lib/neo4j-cypher-expression-evaluator-5.22.0.jar
                                                                 [classpath] /var/lib/neo4j/lib/neo4j-rewriting-5.22.0.jar
                                                                 [classpath] /var/lib/neo4j/lib/flatbuffers-java-23.5.26.jar
                                                                 [classpath] /var/lib/neo4j/lib/lucene-queryparser-9.11.0.jar
                                                                 [classpath] /var/lib/neo4j/lib/neo4j-expressions-5.22.0.jar
                                                                 [classpath] /var/lib/neo4j/lib/neo4j-lucene-index-5.22.0.jar
                                                                 [classpath] /var/lib/neo4j/lib/proto-google-common-protos-2.40.0.jar
                                                                 [classpath] /var/lib/neo4j/lib/netty-transport-classes-kqueue-4.1.111.Final.jar
                                                                 [classpath] /var/lib/neo4j/lib/annotations-5.22.0.jar
                                                                 [classpath] /var/lib/neo4j/lib/neo4j-codegen-5.22.0.jar
                                                                 [classpath] /var/lib/neo4j/lib/scala-reflect-2.13.11.jar
                                                                 [classpath] /var/lib/neo4j/plugins/apoc.jar
                                                                 [classpath] /var/lib/neo4j/lib/commons-io-2.16.1.jar
                                                                 [classpath] /var/lib/neo4j/lib/jakarta.annotation-api-1.3.5.jar
                                                                 [classpath] /var/lib/neo4j/lib/jctools-core-4.0.5.jar
                                                                 [classpath] /var/lib/neo4j/lib/grpc-context-1.65.0.jar
                                                                 [classpath] /var/lib/neo4j/lib/netty-transport-native-kqueue-4.1.111.Final-osx-x86_64.jar
                                                                 [classpath] /var/lib/neo4j/lib/neo4j-io-5.22.0.jar
                                                                 [classpath] /var/lib/neo4j/lib/flight-core-16.1.0.jar
                                                                 [classpath] /var/lib/neo4j/lib/neo4j-dbms-5.22.0.jar
                                                                 [classpath] /var/lib/neo4j/lib/neo4j-server-5.22.0.jar
                                                                 [classpath] /var/lib/neo4j/lib/neo4j-push-to-cloud-5.22.0.jar
                                                                 [classpath] /var/lib/neo4j/lib/neo4j-security-5.22.0.jar
                                                                 [classpath] /var/lib/neo4j/lib/log4j-layout-template-json-2.20.0.jar
                                                                 [classpath] /var/lib/neo4j/lib/netty-buffer-4.1.111.Final.jar
                                                                 [classpath] /var/lib/neo4j/lib/shiro-hashes-bcrypt-2.0.0.jar
                                                                 [classpath] /var/lib/neo4j/lib/jersey-server-2.34.jar
                                                                 [classpath] /var/lib/neo4j/lib/neo4j-consistency-check-5.22.0.jar
                                                                 [classpath] /var/lib/neo4j/lib/neo4j-capabilities-5.22.0.jar
                                                                 [classpath] /var/lib/neo4j/lib/shiro-config-core-2.0.0.jar
                                                                 [classpath] /var/lib/neo4j/lib/neo4j-cypher-dsl-2024.0.0.jar
                                                                 [classpath] /var/lib/neo4j/lib/shiro-event-2.0.0.jar
                                                                
                                                                --------------------------------------------------------------------------------
                                                                                                [ Library path ]                                
                                                                --------------------------------------------------------------------------------
                                                                /usr/java/packages/lib
                                                                /usr/lib64
                                                                /lib64
                                                                /lib
                                                                /usr/lib
                                                                
                                                                --------------------------------------------------------------------------------
                                                                                             [ System properties ]                              
                                                                --------------------------------------------------------------------------------
                                                                jdk.tls.rejectClientInitiatedRenegotiation = true
                                                                sun.jnu.encoding = UTF-8
                                                                sun.arch.data.model = 64
                                                                user.timezone = Etc/UTC
                                                                sun.java.launcher = SUN_STANDARD
                                                                sun.boot.library.path = /opt/java/openjdk/lib
                                                                sun.java.command = org.neo4j.server.CommunityEntryPoint --home-dir=/var/lib/neo4j --config-dir=/var/lib/neo4j/conf --console-mode
                                                                jdk.debug = release
                                                                io.netty.tryReflectionSetAccessible = true
                                                                sun.cpu.endian = little
                                                                user.home = /var/lib/neo4j
                                                                user.language = en
                                                                file.separator = /
                                                                jdk.tls.ephemeralDHKeySize = 2048
                                                                sun.management.compiler = HotSpot 64-Bit Tiered Compilers
                                                                user.name = neo4j
                                                                jdk.nio.maxCachedBufferSize = 1024
                                                                path.separator = :
                                                                file.encoding = UTF-8
                                                                jnidispatch.path = /var/lib/neo4j/.cache/JNA/temp/jna12569408541403761028.tmp
                                                                jna.loaded = true
                                                                user.dir = /var/lib/neo4j
                                                                native.encoding = UTF-8
                                                                sun.io.unicode.encoding = UnicodeLittle
                                                                log4j2.disable.jmx = true
                                                                
                                                                --------------------------------------------------------------------------------
                                                                                      [ (IANA) TimeZone database version ]                      
                                                                --------------------------------------------------------------------------------
                                                                  TimeZone version: 2024a (available for 603 zone identifiers)
                                                                
                                                                --------------------------------------------------------------------------------
                                                                                            [ Network information ]                             
                                                                --------------------------------------------------------------------------------
                                                                Interface eth0:
                                                                    address: 172.18.0.2
                                                                Interface lo:
                                                                    address: 0:0:0:0:0:0:0:1%lo
                                                                    address: 127.0.0.1
                                                                
                                                                --------------------------------------------------------------------------------
                                                                                         [ Native access information ]                          
                                                                --------------------------------------------------------------------------------
                                                                Native access details: Linux native access is available.
                                                                
                                                                --------------------------------------------------------------------------------
                                                                                                [ DBMS config ]                                 
                                                                --------------------------------------------------------------------------------
                                                                DBMS provided settings:
                                                                db.tx_log.rotation.retention_policy=2 days 2G
                                                                dbms.security.procedures.unrestricted=apoc.*
                                                                server.bolt.enabled=true
                                                                server.default_listen_address=0.0.0.0
                                                                server.directories.import=/var/lib/neo4j/import
                                                                server.directories.logs=/logs
                                                                server.directories.neo4j_home=/var/lib/neo4j
                                                                server.http.enabled=true
                                                                server.https.enabled=false
                                                                server.jvm.additional=-XX:+UseG1GC
-XX:-OmitStackTraceInFastThrow
-XX:+AlwaysPreTouch
-XX:+UnlockExperimentalVMOptions
-XX:+TrustFinalNonStaticFields
-XX:+DisableExplicitGC
-Djdk.nio.maxCachedBufferSize=1024
-Dio.netty.tryReflectionSetAccessible=true
-Djdk.tls.ephemeralDHKeySize=2048
-Djdk.tls.rejectClientInitiatedRenegotiation=true
-XX:FlightRecorderOptions=stackdepth=256
-XX:+UnlockDiagnosticVMOptions
-XX:+DebugNonSafepoints
--add-opens=java.base/java.nio=ALL-UNNAMED
--add-opens=java.base/java.io=ALL-UNNAMED
--add-opens=java.base/sun.nio.ch=ALL-UNNAMED
-Dlog4j2.disable.jmx=true
                                                                server.memory.heap.initial_size=1.00GiB
                                                                server.memory.heap.max_size=2.00GiB
                                                                server.memory.pagecache.size=1.00GiB
                                                                server.windows_service_name=neo4j
                                                                Directories in use:
                                                                server.directories.data=/var/lib/neo4j/data
                                                                server.directories.dumps.root=/var/lib/neo4j/data/dumps
                                                                server.directories.import=/var/lib/neo4j/import
                                                                server.directories.lib=/var/lib/neo4j/lib
                                                                server.directories.licenses=/var/lib/neo4j/licenses
                                                                server.directories.logs=/logs
                                                                server.directories.neo4j_home=/var/lib/neo4j
                                                                server.directories.plugins=/var/lib/neo4j/plugins
                                                                server.directories.run=/var/lib/neo4j/run
                                                                server.directories.script.root=/var/lib/neo4j/data/scripts
                                                                server.directories.transaction.logs.root=/var/lib/neo4j/data/transactions
                                                                
                                                                --------------------------------------------------------------------------------
                                                                                                 [ Packaging ]                                  
                                                                --------------------------------------------------------------------------------
                                                                Edition: Community
                                                                Package Type: docker bullseye
                                                                
2026-05-21 07:36:39.974+0000 INFO  [o.n.d.i.DefaultIdentityModule] Generated new ServerId: ServerId{3a5aed81} (3a5aed81-2449-4cf2-a314-72ebf6e03408)
2026-05-21 07:36:39.979+0000 INFO  [o.n.d.i.DefaultIdentityModule] This instance is ServerId{3a5aed81} (3a5aed81-2449-4cf2-a314-72ebf6e03408)
2026-05-21 07:36:41.043+0000 INFO  [o.n.s.CommunityNeoWebServer] ======== Neo4j 5.22.0 ========
2026-05-21 07:36:41.060+0000 INFO  [o.n.d.d.DatabaseLifecycles] Creating 'DatabaseId{00000000[system]}'.
2026-05-21 07:36:41.115+0000 INFO  [a.ApocConfig] successfully registered ApocConfig for @Context
2026-05-21 07:36:41.118+0000 INFO  [a.Pools] successfully registered Pools for @Context
2026-05-21 07:36:41.226+0000 INFO  [a.ApocConfig] cannot determine conf folder from sys property org.neo4j.server.CommunityEntryPoint --home-dir=/var/lib/neo4j --config-dir=/var/lib/neo4j/conf --console-mode, assuming /var/lib/neo4j/conf
2026-05-21 07:36:41.227+0000 INFO  [a.ApocConfig] system property NEO4J_CONF set to /var/lib/neo4j/conf
2026-05-21 07:36:41.322+0000 INFO  [a.ApocConfig] setting APOC config to default value: apoc.trigger.enabled=false
2026-05-21 07:36:41.323+0000 INFO  [a.ApocConfig] setting APOC config to default value: apoc.import.file.use_neo4j_config=true
2026-05-21 07:36:41.324+0000 INFO  [a.ApocConfig] setting APOC config to default value: apoc.export.file.enabled=false
2026-05-21 07:36:41.324+0000 INFO  [a.ApocConfig] setting APOC config to default value: apoc.import.file.enabled=false
2026-05-21 07:36:41.382+0000 INFO  [o.n.b.BoltServer] Using connector transport epoll
2026-05-21 07:36:41.487+0000 INFO  [o.n.b.BoltServer] Configured external Bolt connector with listener address /0.0.0.0:7687
2026-05-21 07:36:41.489+0000 INFO  [o.n.b.BoltServer] Bolt server loaded
2026-05-21 07:36:41.519+0000 INFO  [o.n.d.d.DatabaseLifecycles] Starting 'DatabaseId{00000000[system]}'.
2026-05-21 07:36:42.764+0000 INFO  [o.n.i.d.DiagnosticsManager] [system/00000000] 
                                                                [system/00000000] ********************************************************************************
                                                                [system/00000000]                               [ Database: system ]                              
                                                                [system/00000000] ********************************************************************************
                                                                [system/00000000] --------------------------------------------------------------------------------
                                                                [system/00000000]                                   [ Version ]                                   
                                                                [system/00000000] --------------------------------------------------------------------------------
                                                                [system/00000000] DBMS: community record-aligned-1.1
                                                                [system/00000000] Kernel version: 5.22.0
                                                                [system/00000000] 
                                                                [system/00000000] --------------------------------------------------------------------------------
                                                                [system/00000000]                                 [ Store files ]                                 
                                                                [system/00000000] --------------------------------------------------------------------------------
                                                                [system/00000000] Disk space on partition (Total / Free / Free %): 511048675328 / 146592497664 / 28
                                                                [system/00000000] Storage files stored on file store: 9p
                                                                [system/00000000] Storage files: (filename : modification date - size)
                                                                [system/00000000]   neostore: 2026-05-21 07:36:42.465+0000 - 8.000KiB
                                                                [system/00000000]   neostore.counts.db: 2026-05-21 07:36:42.498+0000 - 0B
                                                                [system/00000000]   neostore.indexstats.db: 2026-05-21 07:36:42.526+0000 - 0B
                                                                [system/00000000]   neostore.labeltokenstore.db: 2026-05-21 07:36:42.415+0000 - 0B
                                                                [system/00000000]   neostore.labeltokenstore.db.id: 2026-05-21 07:36:42.412+0000 - 0B
                                                                [system/00000000]   neostore.labeltokenstore.db.names: 2026-05-21 07:36:42.406+0000 - 8.000KiB
                                                                [system/00000000]   neostore.labeltokenstore.db.names.id: 2026-05-21 07:36:42.399+0000 - 0B
                                                                [system/00000000]   neostore.nodestore.db: 2026-05-21 07:36:42.252+0000 - 0B
                                                                [system/00000000]   neostore.nodestore.db.id: 2026-05-21 07:36:42.244+0000 - 0B
                                                                [system/00000000]   neostore.nodestore.db.labels: 2026-05-21 07:36:42.232+0000 - 8.000KiB
                                                                [system/00000000]   neostore.nodestore.db.labels.id: 2026-05-21 07:36:42.189+0000 - 0B
                                                                [system/00000000]   neostore.propertystore.db: 2026-05-21 07:36:42.358+0000 - 0B
                                                                [system/00000000]   neostore.propertystore.db.arrays: 2026-05-21 07:36:42.339+0000 - 8.000KiB
                                                                [system/00000000]   neostore.propertystore.db.arrays.id: 2026-05-21 07:36:42.329+0000 - 0B
                                                                [system/00000000]   neostore.propertystore.db.id: 2026-05-21 07:36:42.354+0000 - 0B
                                                                [system/00000000]   neostore.propertystore.db.index: 2026-05-21 07:36:42.294+0000 - 0B
                                                                [system/00000000]   neostore.propertystore.db.index.id: 2026-05-21 07:36:42.286+0000 - 0B
                                                                [system/00000000]   neostore.propertystore.db.index.keys: 2026-05-21 07:36:42.276+0000 - 8.000KiB
                                                                [system/00000000]   neostore.propertystore.db.index.keys.id: 2026-05-21 07:36:42.261+0000 - 0B
                                                                [system/00000000]   neostore.propertystore.db.strings: 2026-05-21 07:36:42.315+0000 - 8.000KiB
                                                                [system/00000000]   neostore.propertystore.db.strings.id: 2026-05-21 07:36:42.302+0000 - 0B
                                                                [system/00000000]   neostore.relationshipgroupstore.db: 2026-05-21 07:36:42.442+0000 - 8.000KiB
                                                                [system/00000000]   neostore.relationshipgroupstore.db.id: 2026-05-21 07:36:42.435+0000 - 0B
                                                                [system/00000000]   neostore.relationshipgroupstore.degrees.db: 2026-05-21 07:36:42.512+0000 - 0B
                                                                [system/00000000]   neostore.relationshipstore.db: 2026-05-21 07:36:42.368+0000 - 0B
                                                                [system/00000000]   neostore.relationshipstore.db.id: 2026-05-21 07:36:42.365+0000 - 0B
                                                                [system/00000000]   neostore.relationshiptypestore.db: 2026-05-21 07:36:42.393+0000 - 0B
                                                                [system/00000000]   neostore.relationshiptypestore.db.id: 2026-05-21 07:36:42.389+0000 - 0B
                                                                [system/00000000]   neostore.relationshiptypestore.db.names: 2026-05-21 07:36:42.382+0000 - 8.000KiB
                                                                [system/00000000]   neostore.relationshiptypestore.db.names.id: 2026-05-21 07:36:42.374+0000 - 0B
                                                                [system/00000000]   neostore.schemastore.db: 2026-05-21 07:36:42.429+0000 - 8.000KiB
                                                                [system/00000000]   neostore.schemastore.db.id: 2026-05-21 07:36:42.423+0000 - 0B
                                                                [system/00000000] Storage summary: 
                                                                [system/00000000]   Total size of store: 72.00KiB
                                                                [system/00000000]   Total size of mapped files: 72.00KiB
                                                                [system/00000000] 
                                                                [system/00000000] --------------------------------------------------------------------------------
                                                                [system/00000000]                               [ Transaction log ]                               
                                                                [system/00000000] --------------------------------------------------------------------------------
                                                                [system/00000000] Transaction log files stored on file store: 9p
                                                                [system/00000000] Transaction log metadata:
                                                                [system/00000000]  - current kernel version used in transactions: V5_22
                                                                [system/00000000]  - last committed transaction id: 1
                                                                [system/00000000] Transaction log files:
                                                                [system/00000000]  - existing transaction log versions: -1--1
                                                                [system/00000000]  - no transactions found
                                                                [system/00000000] Checkpoint log files:
                                                                [system/00000000]  - existing checkpoint log versions: -1--1
                                                                [system/00000000]  - no checkpoints found
                                                                [system/00000000] 
                                                                [system/00000000] --------------------------------------------------------------------------------
                                                                [system/00000000]                                   [ Id usage ]                                  
                                                                [system/00000000] --------------------------------------------------------------------------------
                                                                [system/00000000] ArrayPropertyStore[neostore.nodestore.db.labels]: used=1 high=0
                                                                [system/00000000] NodeStore[neostore.nodestore.db]: used=0 high=-1
                                                                [system/00000000] StringPropertyStore[neostore.propertystore.db.index.keys]: used=1 high=0
                                                                [system/00000000] PropertyIndexStore[neostore.propertystore.db.index]: used=0 high=-1
                                                                [system/00000000] StringPropertyStore[neostore.propertystore.db.strings]: used=1 high=0
                                                                [system/00000000] ArrayPropertyStore[neostore.propertystore.db.arrays]: used=1 high=0
                                                                [system/00000000] PropertyStore[neostore.propertystore.db]: used=0 high=-1
                                                                [system/00000000] RelationshipStore[neostore.relationshipstore.db]: used=0 high=-1
                                                                [system/00000000] StringPropertyStore[neostore.relationshiptypestore.db.names]: used=1 high=0
                                                                [system/00000000] RelationshipTypeStore[neostore.relationshiptypestore.db]: used=0 high=-1
                                                                [system/00000000] StringPropertyStore[neostore.labeltokenstore.db.names]: used=1 high=0
                                                                [system/00000000] LabelTokenStore[neostore.labeltokenstore.db]: used=0 high=-1
                                                                [system/00000000] SchemaStore[neostore.schemastore.db]: used=1 high=0
                                                                [system/00000000] RelationshipGroupStore[neostore.relationshipgroupstore.db]: used=1 high=0
                                                                [system/00000000] NeoStore[neostore]: used=-1 high=-1
                                                                [system/00000000] 
                                                                [system/00000000] --------------------------------------------------------------------------------
                                                                [system/00000000]                                   [ Metadata ]                                  
                                                                [system/00000000] --------------------------------------------------------------------------------
                                                                [system/00000000] EXTERNAL_STORE_UUID (Database identifier exposed as external store identity. Generated on creation and never updated): 727e3ad5-fa91-4c4a-bb93-2f28b9759626
                                                                [system/00000000] DATABASE_ID (The last used DatabaseId for this database): null
                                                                [system/00000000] LEGACY_STORE_VERSION (Legacy store format version. This field is used from 5.0 onwards only to distinguish non-migrated pre 5.0 metadata stores.): -3523014627327384477
                                                                [system/00000000] STORE_ID (Store ID): StoreId{creationTime=1779349002456, random=4238966160222628559, storageEngineName='record', formatName='aligned', majorVersion=1, minorVersion=1}
                                                                [system/00000000] 
2026-05-21 07:36:42.841+0000 INFO  [o.n.k.a.DatabaseAvailabilityGuard] [system/00000000] Requirement `Database unavailable` makes database system unavailable.
2026-05-21 07:36:42.844+0000 INFO  [o.n.k.a.DatabaseAvailabilityGuard] [system/00000000] DatabaseId{00000000[system]} is unavailable.
2026-05-21 07:36:42.889+0000 WARN  [o.n.k.i.s.MetaDataStore] [system/00000000] Missing counts store, rebuilding it.
2026-05-21 07:36:42.898+0000 WARN  [o.n.k.i.s.MetaDataStore] [system/00000000] Counts store rebuild completed.
2026-05-21 07:37:01.938+0000 INFO  [o.n.k.d.Database] [system/00000000] Starting transaction log [/data/transactions/system/neostore.transaction.db.0] at version=0
2026-05-21 07:37:02.188+0000 INFO  [o.n.k.d.Database] [system/00000000] Starting transaction log [/data/transactions/system/checkpoint.0] at version=0
2026-05-21 07:37:02.217+0000 INFO  [o.n.k.i.t.l.f.c.CheckpointLogFile] [system/00000000] Scanning log file with version 0 for checkpoint entries
2026-05-21 07:37:02.244+0000 INFO  [o.n.k.a.DatabaseAvailabilityGuard] [system/00000000] Fulfilling of requirement 'Database unavailable' makes database system available.
2026-05-21 07:37:02.247+0000 INFO  [o.n.k.a.DatabaseAvailabilityGuard] [system/00000000] DatabaseId{00000000[system]} is ready.
2026-05-21 07:37:02.448+0000 INFO  [o.n.k.i.a.i.IndexPopulationJob] [system/00000000] Index population started: [Index( id=1, name='index_343aff4e', type='LOOKUP', schema=(:<any-labels>), indexProvider='token-lookup-1.0' )]
2026-05-21 07:37:02.531+0000 INFO  [o.n.k.i.a.i.IndexPopulationJob] [system/00000000] Index creation finished for index [Index( id=1, name='index_343aff4e', type='LOOKUP', schema=(:<any-labels>), indexProvider='token-lookup-1.0' )].
2026-05-21 07:37:02.558+0000 INFO  [o.n.k.i.a.i.IndexPopulationJob] [system/00000000] Index population started: [Index( id=2, name='index_f7700477', type='LOOKUP', schema=()-[:<any-types>]-(), indexProvider='token-lookup-1.0' )]
2026-05-21 07:37:02.590+0000 INFO  [o.n.k.i.a.i.IndexPopulationJob] [system/00000000] Index creation finished for index [Index( id=2, name='index_f7700477', type='LOOKUP', schema=()-[:<any-types>]-(), indexProvider='token-lookup-1.0' )].
2026-05-21 07:37:02.625+0000 INFO  [o.n.k.i.t.l.c.CheckPointerImpl] [system/00000000] Checkpoint triggered by "Database init completed." @ txId: 3 checkpoint started...
2026-05-21 07:37:02.831+0000 INFO  [o.n.k.i.t.l.c.CheckPointerImpl] [system/00000000] Checkpoint triggered by "Database init completed." @ txId: 3 checkpoint completed in 204ms. Checkpoint flushed 74 pages (0% of total available pages), in 57 IOs. Checkpoint performed with IO limit: unlimited, paused in total 0 times( 0 millis).
2026-05-21 07:37:02.834+0000 INFO  [o.n.k.i.t.l.p.LogPruningImpl] [system/00000000] No log version pruned. The strategy used was '2 days 2147483648 size'. 
2026-05-21 07:37:02.871+0000 WARN  [o.n.k.a.p.GlobalProcedures] Failed to load `com.opencsv.bean.BeanFieldJoinStringIndex` from plugin jar `/var/lib/neo4j/plugins/apoc.jar`: java.lang.NoClassDefFoundError: org/apache/commons/collections4/MultiValuedMap
2026-05-21 07:37:02.875+0000 WARN  [o.n.k.a.p.GlobalProcedures] Failed to load `com.jayway.jsonpath.spi.mapper.JakartaMappingProvider` from plugin jar `/var/lib/neo4j/plugins/apoc.jar`: java.lang.NoClassDefFoundError: jakarta/json/stream/JsonParser
2026-05-21 07:37:02.921+0000 WARN  [o.n.k.a.p.GlobalProcedures] Failed to load `com.opencsv.bean.AbstractMappingStrategy` from plugin jar `/var/lib/neo4j/plugins/apoc.jar`: java.lang.NoClassDefFoundError: org/apache/commons/collections4/MultiValuedMap
2026-05-21 07:37:02.934+0000 WARN  [o.n.k.a.p.GlobalProcedures] Failed to load `com.opencsv.bean.concurrent.BeanExecutor` from plugin jar `/var/lib/neo4j/plugins/apoc.jar`: java.lang.NoClassDefFoundError: org/apache/commons/collections4/ListValuedMap
2026-05-21 07:37:02.967+0000 WARN  [o.n.k.a.p.GlobalProcedures] Failed to load `com.opencsv.bean.HeaderIndex` from plugin jar `/var/lib/neo4j/plugins/apoc.jar`: java.lang.NoClassDefFoundError: org/apache/commons/collections4/MultiValuedMap
2026-05-21 07:37:02.971+0000 WARN  [o.n.k.a.p.GlobalProcedures] Failed to load `com.opencsv.bean.FuzzyMappingStrategy` from plugin jar `/var/lib/neo4j/plugins/apoc.jar`: java.lang.NoClassDefFoundError: org/apache/commons/collections4/MultiValuedMap
2026-05-21 07:37:02.976+0000 WARN  [o.n.k.a.p.GlobalProcedures] Failed to load `net.minidev.asm.ASMUtil` from plugin jar `/var/lib/neo4j/plugins/apoc.jar`: java.lang.NoClassDefFoundError: org/objectweb/asm/MethodVisitor
2026-05-21 07:37:02.977+0000 WARN  [o.n.k.a.p.GlobalProcedures] Failed to load `apoc.util.hdfs.HDFSUtils$1` from plugin jar `/var/lib/neo4j/plugins/apoc.jar`: java.lang.NoClassDefFoundError: org/apache/hadoop/fs/FSDataInputStream
2026-05-21 07:37:02.979+0000 WARN  [o.n.k.a.p.GlobalProcedures] Failed to load `com.opencsv.bean.BeanFieldJoin` from plugin jar `/var/lib/neo4j/plugins/apoc.jar`: java.lang.NoClassDefFoundError: org/apache/commons/collections4/MultiValuedMap
2026-05-21 07:37:02.981+0000 WARN  [o.n.k.a.p.GlobalProcedures] Failed to load `META-INF.versions.9.module-info` from plugin jar `/var/lib/neo4j/plugins/apoc.jar`: java.lang.NoClassDefFoundError: META-INF/versions/9/module-info is not a class because access_flag ACC_MODULE is set
2026-05-21 07:37:02.993+0000 WARN  [o.n.k.a.p.GlobalProcedures] Failed to load `com.jayway.jsonpath.spi.json.JakartaJsonProvider$JsonObjectProxy$1` from plugin jar `/var/lib/neo4j/plugins/apoc.jar`: java.lang.NoClassDefFoundError: jakarta/json/JsonObject
2026-05-21 07:37:02.997+0000 WARN  [o.n.k.a.p.GlobalProcedures] Failed to load `com.opencsv.bean.customconverter.ConvertGermanToBoolean` from plugin jar `/var/lib/neo4j/plugins/apoc.jar`: java.lang.NoClassDefFoundError: org/apache/commons/beanutils/ConversionException
2026-05-21 07:37:03.007+0000 WARN  [o.n.k.a.p.GlobalProcedures] Failed to load `com.opencsv.bean.StatefulBeanToCsv` from plugin jar `/var/lib/neo4j/plugins/apoc.jar`: java.lang.NoClassDefFoundError: org/apache/commons/collections4/MultiValuedMap
2026-05-21 07:37:03.011+0000 WARN  [o.n.k.a.p.GlobalProcedures] Failed to load `com.opencsv.bean.HeaderNameBaseMappingStrategy` from plugin jar `/var/lib/neo4j/plugins/apoc.jar`: java.lang.NoClassDefFoundError: org/apache/commons/collections4/MultiValuedMap
2026-05-21 07:37:03.016+0000 WARN  [o.n.k.a.p.GlobalProcedures] Failed to load `com.jayway.jsonpath.spi.mapper.JakartaMappingProvider$JsonStructureScope` from plugin jar `/var/lib/neo4j/plugins/apoc.jar`: java.lang.NoClassDefFoundError: jakarta/json/JsonValue
2026-05-21 07:37:03.018+0000 WARN  [o.n.k.a.p.GlobalProcedures] Failed to load `com.opencsv.bean.concurrent.IntolerantThreadPoolExecutor` from plugin jar `/var/lib/neo4j/plugins/apoc.jar`: java.lang.NoClassDefFoundError: org/apache/commons/collections4/ListValuedMap
2026-05-21 07:37:03.040+0000 WARN  [o.n.k.a.p.GlobalProcedures] Failed to load `com.opencsv.bean.customconverter.ConverterLanguageToBoolean` from plugin jar `/var/lib/neo4j/plugins/apoc.jar`: java.lang.NoClassDefFoundError: org/apache/commons/beanutils/ConversionException
2026-05-21 07:37:03.111+0000 WARN  [o.n.k.a.p.GlobalProcedures] Failed to load `com.opencsv.bean.customconverter.ConvertFrenchToBoolean` from plugin jar `/var/lib/neo4j/plugins/apoc.jar`: java.lang.NoClassDefFoundError: org/apache/commons/beanutils/ConversionException
2026-05-21 07:37:03.114+0000 WARN  [o.n.k.a.p.GlobalProcedures] Failed to load `com.opencsv.bean.ColumnPositionMappingStrategy` from plugin jar `/var/lib/neo4j/plugins/apoc.jar`: java.lang.NoClassDefFoundError: org/apache/commons/collections4/MultiValuedMap
2026-05-21 07:37:03.120+0000 WARN  [o.n.k.a.p.GlobalProcedures] Failed to load `com.jayway.jsonpath.spi.mapper.JakartaMappingProvider$JsonObjectScope` from plugin jar `/var/lib/neo4j/plugins/apoc.jar`: java.lang.NoClassDefFoundError: jakarta/json/JsonValue
2026-05-21 07:37:03.127+0000 WARN  [o.n.k.a.p.GlobalProcedures] Failed to load `apoc.util.google.cloud.GCStorageURLConnection` from plugin jar `/var/lib/neo4j/plugins/apoc.jar`: java.lang.NoClassDefFoundError: com/google/cloud/storage/Storage
2026-05-21 07:37:03.137+0000 WARN  [o.n.k.a.p.GlobalProcedures] Failed to load `com.jayway.jsonpath.spi.json.JakartaJsonProvider` from plugin jar `/var/lib/neo4j/plugins/apoc.jar`: java.lang.NoClassDefFoundError: jakarta/json/JsonObject
2026-05-21 07:37:03.157+0000 WARN  [o.n.k.a.p.GlobalProcedures] Failed to load `com.opencsv.bean.CsvToBeanBuilder` from plugin jar `/var/lib/neo4j/plugins/apoc.jar`: java.lang.NoClassDefFoundError: org/apache/commons/collections4/ListValuedMap
2026-05-21 07:37:03.182+0000 WARN  [o.n.k.a.p.GlobalProcedures] Failed to load `com.jayway.jsonpath.spi.json.JakartaJsonProvider$JsonArrayProxy` from plugin jar `/var/lib/neo4j/plugins/apoc.jar`: java.lang.NoClassDefFoundError: jakarta/json/JsonArray
2026-05-21 07:37:03.209+0000 WARN  [o.n.k.a.p.GlobalProcedures] Failed to load `com.opencsv.bean.FieldMapByPosition$1` from plugin jar `/var/lib/neo4j/plugins/apoc.jar`: java.lang.NoClassDefFoundError: org/apache/commons/collections4/iterators/LazyIteratorChain
2026-05-21 07:37:03.212+0000 WARN  [o.n.k.a.p.GlobalProcedures] Failed to load `com.opencsv.bean.HeaderColumnNameMappingStrategy` from plugin jar `/var/lib/neo4j/plugins/apoc.jar`: java.lang.NoClassDefFoundError: org/apache/commons/collections4/MultiValuedMap
2026-05-21 07:37:03.217+0000 WARN  [o.n.k.a.p.GlobalProcedures] Failed to load `apoc.util.hdfs.HDFSUtils` from plugin jar `/var/lib/neo4j/plugins/apoc.jar`: java.lang.NoClassDefFoundError: org/apache/hadoop/fs/FSDataOutputStream
2026-05-21 07:37:03.232+0000 WARN  [o.n.k.a.p.GlobalProcedures] Failed to load `com.jayway.jsonpath.spi.json.JakartaJsonProvider$JsonArrayProxy$1` from plugin jar `/var/lib/neo4j/plugins/apoc.jar`: java.lang.NoClassDefFoundError: jakarta/json/JsonValue
2026-05-21 07:37:03.234+0000 WARN  [o.n.k.a.p.GlobalProcedures] Failed to load `com.jayway.jsonpath.spi.json.JakartaJsonProvider$JsonArrayProxy$2` from plugin jar `/var/lib/neo4j/plugins/apoc.jar`: java.lang.NoClassDefFoundError: jakarta/json/JsonValue
2026-05-21 07:37:03.249+0000 WARN  [o.n.k.a.p.GlobalProcedures] Failed to load `com.opencsv.bean.StatefulBeanToCsvBuilder` from plugin jar `/var/lib/neo4j/plugins/apoc.jar`: java.lang.NoClassDefFoundError: org/apache/commons/collections4/ListValuedMap
2026-05-21 07:37:03.254+0000 WARN  [o.n.k.a.p.GlobalProcedures] Failed to load `com.opencsv.bean.HeaderColumnNameTranslateMappingStrategy` from plugin jar `/var/lib/neo4j/plugins/apoc.jar`: java.lang.NoClassDefFoundError: org/apache/commons/collections4/MultiValuedMap
2026-05-21 07:37:03.266+0000 WARN  [o.n.k.a.p.GlobalProcedures] Failed to load `apoc.util.s3.S3URLConnection` from plugin jar `/var/lib/neo4j/plugins/apoc.jar`: java.lang.NoClassDefFoundError: com/amazonaws/ClientConfiguration
2026-05-21 07:37:03.270+0000 WARN  [o.n.k.a.p.GlobalProcedures] Failed to load `com.opencsv.bean.BeanFieldJoinIntegerIndex` from plugin jar `/var/lib/neo4j/plugins/apoc.jar`: java.lang.NoClassDefFoundError: org/apache/commons/collections4/MultiValuedMap
2026-05-21 07:37:03.272+0000 WARN  [o.n.k.a.p.GlobalProcedures] Failed to load `com.jayway.jsonpath.spi.json.JsonOrgJsonProvider` from plugin jar `/var/lib/neo4j/plugins/apoc.jar`: java.lang.NoClassDefFoundError: org/json/JSONException
2026-05-21 07:37:03.276+0000 WARN  [o.n.k.a.p.GlobalProcedures] Failed to load `com.opencsv.bean.concurrent.LineExecutor` from plugin jar `/var/lib/neo4j/plugins/apoc.jar`: java.lang.NoClassDefFoundError: org/apache/commons/collections4/ListValuedMap
2026-05-21 07:37:03.299+0000 WARN  [o.n.k.a.p.GlobalProcedures] Failed to load `net.minidev.asm.BeansAccessBuilder` from plugin jar `/var/lib/neo4j/plugins/apoc.jar`: java.lang.NoClassDefFoundError: org/objectweb/asm/MethodVisitor
2026-05-21 07:37:03.312+0000 WARN  [o.n.k.a.p.GlobalProcedures] Failed to load `com.jayway.jsonpath.spi.json.JakartaJsonProvider$JsonObjectProxy` from plugin jar `/var/lib/neo4j/plugins/apoc.jar`: java.lang.NoClassDefFoundError: jakarta/json/JsonObject
2026-05-21 07:37:03.318+0000 WARN  [o.n.k.a.p.GlobalProcedures] Failed to load `com.opencsv.bean.MappingStrategy` from plugin jar `/var/lib/neo4j/plugins/apoc.jar`: java.lang.NoClassDefFoundError: org/apache/commons/collections4/MultiValuedMap
2026-05-21 07:37:03.373+0000 WARN  [o.n.k.a.p.GlobalProcedures] Failed to load `apoc.util.s3.S3OutputStream$S3UploadManager` from plugin jar `/var/lib/neo4j/plugins/apoc.jar`: java.lang.NoClassDefFoundError: com/amazonaws/services/s3/AmazonS3
2026-05-21 07:37:03.389+0000 WARN  [o.n.k.a.p.GlobalProcedures] Failed to load `com.jayway.jsonpath.spi.mapper.JakartaMappingProvider$JsonArrayScope` from plugin jar `/var/lib/neo4j/plugins/apoc.jar`: java.lang.NoClassDefFoundError: jakarta/json/JsonValue
2026-05-21 07:37:03.392+0000 WARN  [o.n.k.a.p.GlobalProcedures] Failed to load `com.opencsv.bean.ConverterPrimitiveTypes` from plugin jar `/var/lib/neo4j/plugins/apoc.jar`: java.lang.NoClassDefFoundError: org/apache/commons/beanutils/ConversionException
2026-05-21 07:37:03.395+0000 WARN  [o.n.k.a.p.GlobalProcedures] Failed to load `apoc.util.s3.S3Aws` from plugin jar `/var/lib/neo4j/plugins/apoc.jar`: java.lang.NoClassDefFoundError: com/amazonaws/auth/AWSCredentials
2026-05-21 07:37:03.398+0000 WARN  [o.n.k.a.p.GlobalProcedures] Failed to load `com.jayway.jsonpath.spi.mapper.JakartaMappingProvider$JsonStructureToParserAdapter` from plugin jar `/var/lib/neo4j/plugins/apoc.jar`: java.lang.NoClassDefFoundError: jakarta/json/stream/JsonParser
2026-05-21 07:37:03.404+0000 WARN  [o.n.k.a.p.GlobalProcedures] Failed to load `com.opencsv.bean.concurrent.AccumulateCsvResults` from plugin jar `/var/lib/neo4j/plugins/apoc.jar`: java.lang.NoClassDefFoundError: org/apache/commons/collections4/ListValuedMap
2026-05-21 07:37:03.408+0000 WARN  [o.n.k.a.p.GlobalProcedures] Failed to load `apoc.util.s3.S3Aws$1` from plugin jar `/var/lib/neo4j/plugins/apoc.jar`: java.lang.NoClassDefFoundError: com/amazonaws/services/s3/model/S3ObjectInputStream
2026-05-21 07:37:04.112+0000 WARN  [o.n.k.a.p.GlobalProcedures] Use of @Procedure(deprecatedBy) without @Deprecated in apoc.convert.toTree
2026-05-21 07:37:04.266+0000 INFO  [o.n.k.i.a.i.IndexPopulationJob] [system/00000000] Index population started: [Index( id=3, name='constraint_798238d6', type='RANGE', schema=(:DatabaseName {name, namespace}), indexProvider='range-1.0' )]
2026-05-21 07:37:04.323+0000 INFO  [o.n.k.i.a.i.IndexPopulationJob] [system/00000000] Index creation finished for index [Index( id=3, name='constraint_798238d6', type='RANGE', schema=(:DatabaseName {name, namespace}), indexProvider='range-1.0' )].
2026-05-21 07:37:04.372+0000 INFO  [o.n.k.i.a.i.IndexPopulationJob] [system/00000000] Index population started: [Index( id=4, name='constraint_8014b60a', type='RANGE', schema=(:Database {name}), indexProvider='range-1.0' )]
2026-05-21 07:37:04.398+0000 INFO  [o.n.k.i.a.i.IndexPopulationJob] [system/00000000] Index creation finished for index [Index( id=4, name='constraint_8014b60a', type='RANGE', schema=(:Database {name}), indexProvider='range-1.0' )].
2026-05-21 07:37:04.462+0000 INFO  [o.n.k.i.a.i.IndexingService] [system/00000000] Constraint Index( id=3, name='constraint_798238d6', type='RANGE', schema=(:Label[1] {PropertyKey[11], PropertyKey[12]}), indexProvider='range-1.0' ) is ONLINE.
2026-05-21 07:37:04.463+0000 INFO  [o.n.k.i.a.i.IndexingService] [system/00000000] Constraint Index( id=4, name='constraint_8014b60a', type='RANGE', schema=(:Label[2] {PropertyKey[11]}), indexProvider='range-1.0' ) is ONLINE.
2026-05-21 07:37:04.682+0000 INFO  [o.n.k.i.a.i.IndexPopulationJob] [system/00000000] Index population started: [Index( id=7, name='constraint_5789ae3', type='RANGE', schema=(:User {name}), indexProvider='range-1.0' )]
2026-05-21 07:37:04.710+0000 INFO  [o.n.k.i.a.i.IndexPopulationJob] [system/00000000] Index creation finished for index [Index( id=7, name='constraint_5789ae3', type='RANGE', schema=(:User {name}), indexProvider='range-1.0' )].
2026-05-21 07:37:04.756+0000 INFO  [o.n.k.i.a.i.IndexPopulationJob] [system/00000000] Index population started: [Index( id=8, name='constraint_74fad970', type='RANGE', schema=(:User {id}), indexProvider='range-1.0' )]
2026-05-21 07:37:04.781+0000 INFO  [o.n.k.i.a.i.IndexPopulationJob] [system/00000000] Index creation finished for index [Index( id=8, name='constraint_74fad970', type='RANGE', schema=(:User {id}), indexProvider='range-1.0' )].
2026-05-21 07:37:04.820+0000 INFO  [o.n.k.i.a.i.IndexPopulationJob] [system/00000000] Index population started: [Index( id=9, name='auth-constraint', type='RANGE', schema=(:Auth {provider, id}), indexProvider='range-1.0' )]
2026-05-21 07:37:04.848+0000 INFO  [o.n.k.i.a.i.IndexPopulationJob] [system/00000000] Index creation finished for index [Index( id=9, name='auth-constraint', type='RANGE', schema=(:Auth {provider, id}), indexProvider='range-1.0' )].
2026-05-21 07:37:04.884+0000 INFO  [o.n.k.i.a.i.IndexingService] [system/00000000] Constraint Index( id=7, name='constraint_5789ae3', type='RANGE', schema=(:Label[3] {PropertyKey[11]}), indexProvider='range-1.0' ) is ONLINE.
2026-05-21 07:37:04.884+0000 INFO  [o.n.k.i.a.i.IndexingService] [system/00000000] Constraint Index( id=8, name='constraint_74fad970', type='RANGE', schema=(:Label[3] {PropertyKey[27]}), indexProvider='range-1.0' ) is ONLINE.
2026-05-21 07:37:04.885+0000 INFO  [o.n.k.i.a.i.IndexingService] [system/00000000] Constraint Index( id=9, name='auth-constraint', type='RANGE', schema=(:Label[4] {PropertyKey[28], PropertyKey[27]}), indexProvider='range-1.0' ) is ONLINE.
2026-05-21 07:37:04.887+0000 INFO  [o.n.s.s.s.UserSecurityGraphComponent] Initializing system graph model for component 'security-users' with version -1 and status UNINITIALIZED
2026-05-21 07:37:04.905+0000 INFO  [o.n.s.s.s.UserSecurityGraphComponent] Setting up initial user from `auth.ini` file: neo4j
2026-05-21 07:37:04.906+0000 INFO  [o.n.s.s.a.CommunitySecurityModule] CREATE USER neo4j PASSWORD ****** CHANGE NOT REQUIRED
2026-05-21 07:37:04.927+0000 INFO  [o.n.s.s.s.UserSecurityGraphComponent] Setting version for 'security-users' to 5
2026-05-21 07:37:04.932+0000 INFO  [o.n.s.s.s.UserSecurityGraphComponent] After initialization of system graph model component 'security-users' have version 5 and status CURRENT
2026-05-21 07:37:04.939+0000 INFO  [o.n.s.s.s.UserSecurityGraphComponent] Performing postInitialization step for component 'security-users' with version 5 and status CURRENT
2026-05-21 07:37:04.947+0000 INFO  [o.n.d.d.DatabaseLifecycles] Creating 'DatabaseId{ee2c6c64[neo4j]}'.
2026-05-21 07:37:04.953+0000 INFO  [o.n.d.d.DatabaseLifecycles] Starting 'DatabaseId{ee2c6c64[neo4j]}'.
2026-05-21 07:37:04.999+0000 INFO  [o.n.k.i.s.f.RecordFormatSelector] [neo4j/ee2c6c64] Selected configured format for store /data/databases/neo4j: RecordFormat:PageAlignedV5_0[aligned-1.1]
2026-05-21 07:37:05.287+0000 INFO  [o.n.i.d.DiagnosticsManager] [neo4j/ee2c6c64] 
                                                                [neo4j/ee2c6c64] ********************************************************************************
                                                                [neo4j/ee2c6c64]                               [ Database: neo4j ]                               
                                                                [neo4j/ee2c6c64] ********************************************************************************
                                                                [neo4j/ee2c6c64] --------------------------------------------------------------------------------
                                                                [neo4j/ee2c6c64]                                   [ Version ]                                   
                                                                [neo4j/ee2c6c64] --------------------------------------------------------------------------------
                                                                [neo4j/ee2c6c64] DBMS: community record-aligned-1.1
                                                                [neo4j/ee2c6c64] Kernel version: 5.22.0
                                                                [neo4j/ee2c6c64] 
                                                                [neo4j/ee2c6c64] --------------------------------------------------------------------------------
                                                                [neo4j/ee2c6c64]                                 [ Store files ]                                 
                                                                [neo4j/ee2c6c64] --------------------------------------------------------------------------------
                                                                [neo4j/ee2c6c64] Disk space on partition (Total / Free / Free %): 511048675328 / 146321100800 / 28
                                                                [neo4j/ee2c6c64] Storage files stored on file store: 9p
                                                                [neo4j/ee2c6c64] Storage files: (filename : modification date - size)
                                                                [neo4j/ee2c6c64]   neostore: 2026-05-21 07:37:05.160+0000 - 8.000KiB
                                                                [neo4j/ee2c6c64]   neostore.counts.db: 2026-05-21 07:37:05.166+0000 - 0B
                                                                [neo4j/ee2c6c64]   neostore.indexstats.db: 2026-05-21 07:37:05.177+0000 - 0B
                                                                [neo4j/ee2c6c64]   neostore.labeltokenstore.db: 2026-05-21 07:37:05.128+0000 - 0B
                                                                [neo4j/ee2c6c64]   neostore.labeltokenstore.db.id: 2026-05-21 07:37:05.124+0000 - 0B
                                                                [neo4j/ee2c6c64]   neostore.labeltokenstore.db.names: 2026-05-21 07:37:05.119+0000 - 8.000KiB
                                                                [neo4j/ee2c6c64]   neostore.labeltokenstore.db.names.id: 2026-05-21 07:37:05.113+0000 - 0B
                                                                [neo4j/ee2c6c64]   neostore.nodestore.db: 2026-05-21 07:37:05.027+0000 - 0B
                                                                [neo4j/ee2c6c64]   neostore.nodestore.db.id: 2026-05-21 07:37:05.022+0000 - 0B
                                                                [neo4j/ee2c6c64]   neostore.nodestore.db.labels: 2026-05-21 07:37:05.016+0000 - 8.000KiB
                                                                [neo4j/ee2c6c64]   neostore.nodestore.db.labels.id: 2026-05-21 07:37:05.007+0000 - 0B
                                                                [neo4j/ee2c6c64]   neostore.propertystore.db: 2026-05-21 07:37:05.081+0000 - 0B
                                                                [neo4j/ee2c6c64]   neostore.propertystore.db.arrays: 2026-05-21 07:37:05.073+0000 - 8.000KiB
                                                                [neo4j/ee2c6c64]   neostore.propertystore.db.arrays.id: 2026-05-21 07:37:05.066+0000 - 0B
                                                                [neo4j/ee2c6c64]   neostore.propertystore.db.id: 2026-05-21 07:37:05.078+0000 - 0B
                                                                [neo4j/ee2c6c64]   neostore.propertystore.db.index: 2026-05-21 07:37:05.047+0000 - 0B
                                                                [neo4j/ee2c6c64]   neostore.propertystore.db.index.id: 2026-05-21 07:37:05.043+0000 - 0B
                                                                [neo4j/ee2c6c64]   neostore.propertystore.db.index.keys: 2026-05-21 07:37:05.039+0000 - 8.000KiB
                                                                [neo4j/ee2c6c64]   neostore.propertystore.db.index.keys.id: 2026-05-21 07:37:05.031+0000 - 0B
                                                                [neo4j/ee2c6c64]   neostore.propertystore.db.strings: 2026-05-21 07:37:05.060+0000 - 8.000KiB
                                                                [neo4j/ee2c6c64]   neostore.propertystore.db.strings.id: 2026-05-21 07:37:05.053+0000 - 0B
                                                                [neo4j/ee2c6c64]   neostore.relationshipgroupstore.db: 2026-05-21 07:37:05.151+0000 - 8.000KiB
                                                                [neo4j/ee2c6c64]   neostore.relationshipgroupstore.db.id: 2026-05-21 07:37:05.143+0000 - 0B
                                                                [neo4j/ee2c6c64]   neostore.relationshipgroupstore.degrees.db: 2026-05-21 07:37:05.170+0000 - 0B
                                                                [neo4j/ee2c6c64]   neostore.relationshipstore.db: 2026-05-21 07:37:05.090+0000 - 0B
                                                                [neo4j/ee2c6c64]   neostore.relationshipstore.db.id: 2026-05-21 07:37:05.086+0000 - 0B
                                                                [neo4j/ee2c6c64]   neostore.relationshiptypestore.db: 2026-05-21 07:37:05.108+0000 - 0B
                                                                [neo4j/ee2c6c64]   neostore.relationshiptypestore.db.id: 2026-05-21 07:37:05.105+0000 - 0B
                                                                [neo4j/ee2c6c64]   neostore.relationshiptypestore.db.names: 2026-05-21 07:37:05.101+0000 - 8.000KiB
                                                                [neo4j/ee2c6c64]   neostore.relationshiptypestore.db.names.id: 2026-05-21 07:37:05.094+0000 - 0B
                                                                [neo4j/ee2c6c64]   neostore.schemastore.db: 2026-05-21 07:37:05.140+0000 - 8.000KiB
                                                                [neo4j/ee2c6c64]   neostore.schemastore.db.id: 2026-05-21 07:37:05.133+0000 - 0B
                                                                [neo4j/ee2c6c64] Storage summary: 
                                                                [neo4j/ee2c6c64]   Total size of store: 72.00KiB
                                                                [neo4j/ee2c6c64]   Total size of mapped files: 72.00KiB
                                                                [neo4j/ee2c6c64] 
                                                                [neo4j/ee2c6c64] --------------------------------------------------------------------------------
                                                                [neo4j/ee2c6c64]                               [ Transaction log ]                               
                                                                [neo4j/ee2c6c64] --------------------------------------------------------------------------------
                                                                [neo4j/ee2c6c64] Transaction log files stored on file store: 9p
                                                                [neo4j/ee2c6c64] Transaction log metadata:
                                                                [neo4j/ee2c6c64]  - current kernel version used in transactions: V5_22
                                                                [neo4j/ee2c6c64]  - last committed transaction id: 1
                                                                [neo4j/ee2c6c64] Transaction log files:
                                                                [neo4j/ee2c6c64]  - existing transaction log versions: -1--1
                                                                [neo4j/ee2c6c64]  - no transactions found
                                                                [neo4j/ee2c6c64] Checkpoint log files:
                                                                [neo4j/ee2c6c64]  - existing checkpoint log versions: -1--1
                                                                [neo4j/ee2c6c64]  - no checkpoints found
                                                                [neo4j/ee2c6c64] 
                                                                [neo4j/ee2c6c64] --------------------------------------------------------------------------------
                                                                [neo4j/ee2c6c64]                                   [ Id usage ]                                  
                                                                [neo4j/ee2c6c64] --------------------------------------------------------------------------------
                                                                [neo4j/ee2c6c64] ArrayPropertyStore[neostore.nodestore.db.labels]: used=1 high=0
                                                                [neo4j/ee2c6c64] NodeStore[neostore.nodestore.db]: used=0 high=-1
                                                                [neo4j/ee2c6c64] StringPropertyStore[neostore.propertystore.db.index.keys]: used=1 high=0
                                                                [neo4j/ee2c6c64] PropertyIndexStore[neostore.propertystore.db.index]: used=0 high=-1
                                                                [neo4j/ee2c6c64] StringPropertyStore[neostore.propertystore.db.strings]: used=1 high=0
                                                                [neo4j/ee2c6c64] ArrayPropertyStore[neostore.propertystore.db.arrays]: used=1 high=0
                                                                [neo4j/ee2c6c64] PropertyStore[neostore.propertystore.db]: used=0 high=-1
                                                                [neo4j/ee2c6c64] RelationshipStore[neostore.relationshipstore.db]: used=0 high=-1
                                                                [neo4j/ee2c6c64] StringPropertyStore[neostore.relationshiptypestore.db.names]: used=1 high=0
                                                                [neo4j/ee2c6c64] RelationshipTypeStore[neostore.relationshiptypestore.db]: used=0 high=-1
                                                                [neo4j/ee2c6c64] StringPropertyStore[neostore.labeltokenstore.db.names]: used=1 high=0
                                                                [neo4j/ee2c6c64] LabelTokenStore[neostore.labeltokenstore.db]: used=0 high=-1
                                                                [neo4j/ee2c6c64] SchemaStore[neostore.schemastore.db]: used=1 high=0
                                                                [neo4j/ee2c6c64] RelationshipGroupStore[neostore.relationshipgroupstore.db]: used=1 high=0
                                                                [neo4j/ee2c6c64] NeoStore[neostore]: used=-1 high=-1
                                                                [neo4j/ee2c6c64] 
                                                                [neo4j/ee2c6c64] --------------------------------------------------------------------------------
                                                                [neo4j/ee2c6c64]                                   [ Metadata ]                                  
                                                                [neo4j/ee2c6c64] --------------------------------------------------------------------------------
                                                                [neo4j/ee2c6c64] EXTERNAL_STORE_UUID (Database identifier exposed as external store identity. Generated on creation and never updated): fb9cb197-adf9-4d45-bebc-a3b73f417717
                                                                [neo4j/ee2c6c64] DATABASE_ID (The last used DatabaseId for this database): null
                                                                [neo4j/ee2c6c64] LEGACY_STORE_VERSION (Legacy store format version. This field is used from 5.0 onwards only to distinguish non-migrated pre 5.0 metadata stores.): -3523014627327384477
                                                                [neo4j/ee2c6c64] STORE_ID (Store ID): StoreId{creationTime=1779349025160, random=9212634199176957917, storageEngineName='record', formatName='aligned', majorVersion=1, minorVersion=1}
                                                                [neo4j/ee2c6c64] 
2026-05-21 07:37:05.304+0000 INFO  [o.n.k.a.DatabaseAvailabilityGuard] [neo4j/ee2c6c64] Requirement `Database unavailable` makes database neo4j unavailable.
2026-05-21 07:37:05.305+0000 INFO  [o.n.k.a.DatabaseAvailabilityGuard] [neo4j/ee2c6c64] DatabaseId{ee2c6c64[neo4j]} is unavailable.
2026-05-21 07:37:05.319+0000 WARN  [o.n.k.i.s.MetaDataStore] [neo4j/ee2c6c64] Missing counts store, rebuilding it.
2026-05-21 07:37:05.319+0000 WARN  [o.n.k.i.s.MetaDataStore] [neo4j/ee2c6c64] Counts store rebuild completed.
2026-05-21 07:37:22.439+0000 INFO  [o.n.k.d.Database] [neo4j/ee2c6c64] Starting transaction log [/data/transactions/neo4j/neostore.transaction.db.0] at version=0
2026-05-21 07:37:22.542+0000 INFO  [o.n.k.d.Database] [neo4j/ee2c6c64] Starting transaction log [/data/transactions/neo4j/checkpoint.0] at version=0
2026-05-21 07:37:22.574+0000 INFO  [o.n.k.i.t.l.f.c.CheckpointLogFile] [neo4j/ee2c6c64] Scanning log file with version 0 for checkpoint entries
2026-05-21 07:37:22.592+0000 INFO  [o.n.k.a.DatabaseAvailabilityGuard] [neo4j/ee2c6c64] Fulfilling of requirement 'Database unavailable' makes database neo4j available.
2026-05-21 07:37:22.593+0000 INFO  [o.n.k.a.DatabaseAvailabilityGuard] [neo4j/ee2c6c64] DatabaseId{ee2c6c64[neo4j]} is ready.
2026-05-21 07:37:22.604+0000 INFO  [o.n.k.i.a.i.IndexPopulationJob] [neo4j/ee2c6c64] Index population started: [Index( id=1, name='index_343aff4e', type='LOOKUP', schema=(:<any-labels>), indexProvider='token-lookup-1.0' )]
2026-05-21 07:37:22.666+0000 INFO  [o.n.k.i.a.i.IndexPopulationJob] [neo4j/ee2c6c64] Index creation finished for index [Index( id=1, name='index_343aff4e', type='LOOKUP', schema=(:<any-labels>), indexProvider='token-lookup-1.0' )].
2026-05-21 07:37:22.714+0000 INFO  [o.n.k.i.a.i.IndexPopulationJob] [neo4j/ee2c6c64] Index population started: [Index( id=2, name='index_f7700477', type='LOOKUP', schema=()-[:<any-types>]-(), indexProvider='token-lookup-1.0' )]
2026-05-21 07:37:22.744+0000 INFO  [o.n.k.i.a.i.IndexPopulationJob] [neo4j/ee2c6c64] Index creation finished for index [Index( id=2, name='index_f7700477', type='LOOKUP', schema=()-[:<any-types>]-(), indexProvider='token-lookup-1.0' )].
2026-05-21 07:37:22.803+0000 INFO  [o.n.k.i.t.l.c.CheckPointerImpl] [neo4j/ee2c6c64] Checkpoint triggered by "Database init completed." @ txId: 3 checkpoint started...
2026-05-21 07:37:22.998+0000 INFO  [o.n.k.i.t.l.c.CheckPointerImpl] [neo4j/ee2c6c64] Checkpoint triggered by "Database init completed." @ txId: 3 checkpoint completed in 193ms. Checkpoint flushed 74 pages (0% of total available pages), in 57 IOs. Checkpoint performed with IO limit: unlimited, paused in total 0 times( 0 millis).
2026-05-21 07:37:22.999+0000 INFO  [o.n.k.i.t.l.p.LogPruningImpl] [neo4j/ee2c6c64] No log version pruned. The strategy used was '2 days 2147483648 size'. 
2026-05-21 07:37:23.004+0000 INFO  [o.n.u.UserDataCollector] Anonymous Usage Data is being sent to Neo4j, see https://neo4j.com/docs/usage-data/
2026-05-21 07:37:23.064+0000 INFO  [o.n.b.p.c.c.n.SocketNettyConnector] Bolt enabled on 0.0.0.0:7687.
2026-05-21 07:37:23.066+0000 WARN  [i.n.b.ServerBootstrap] Unknown channel option 'SO_REUSEADDR' for channel '[id: 0x3f73eea6]'
2026-05-21 07:37:23.074+0000 INFO  [o.n.b.BoltServer] Bolt server started
2026-05-21 07:37:23.074+0000 INFO  [o.n.s.A.ServerComponentsLifecycleAdapter] Starting web server
2026-05-21 07:37:23.732+0000 INFO  [o.n.s.CommunityNeoWebServer] HTTP enabled on 0.0.0.0:7474.
2026-05-21 07:37:23.735+0000 INFO  [o.n.s.CommunityNeoWebServer] Remote interface available at http://localhost:7474/
2026-05-21 07:37:23.735+0000 INFO  [o.n.s.A.ServerComponentsLifecycleAdapter] Web server started.
2026-05-21 07:37:23.739+0000 INFO  [o.n.g.f.DatabaseManagementServiceFactory] id: 83BDB0D22A0CD64C330004A0D6D0D88D5E5D9DE3B9C6312625383D2898ABE29B
2026-05-21 07:37:23.741+0000 INFO  [o.n.g.f.DatabaseManagementServiceFactory] name: system
2026-05-21 07:37:23.742+0000 INFO  [o.n.g.f.DatabaseManagementServiceFactory] creationDate: 2026-05-21T07:36:42.456Z
2026-05-21 07:40:13.374+0000 INFO  [o.n.k.i.a.i.IndexPopulationJob] [neo4j/ee2c6c64] Index population started: [Index( id=3, name='law_id', type='RANGE', schema=(:Law {id}), indexProvider='range-1.0' )]
2026-05-21 07:40:13.409+0000 INFO  [o.n.k.i.a.i.IndexPopulationJob] [neo4j/ee2c6c64] Index creation finished for index [Index( id=3, name='law_id', type='RANGE', schema=(:Law {id}), indexProvider='range-1.0' )].
2026-05-21 07:40:13.474+0000 INFO  [o.n.k.i.a.i.IndexingService] [neo4j/ee2c6c64] Constraint Index( id=3, name='law_id', type='RANGE', schema=(:Label[0] {PropertyKey[10]}), indexProvider='range-1.0' ) is ONLINE.
2026-05-21 07:40:13.506+0000 INFO  [o.n.k.i.a.i.IndexPopulationJob] [neo4j/ee2c6c64] Index population started: [Index( id=5, name='part_id', type='RANGE', schema=(:Part {id}), indexProvider='range-1.0' )]
2026-05-21 07:40:13.546+0000 INFO  [o.n.k.i.a.i.IndexPopulationJob] [neo4j/ee2c6c64] Index creation finished for index [Index( id=5, name='part_id', type='RANGE', schema=(:Part {id}), indexProvider='range-1.0' )].
2026-05-21 07:40:13.603+0000 INFO  [o.n.k.i.a.i.IndexingService] [neo4j/ee2c6c64] Constraint Index( id=5, name='part_id', type='RANGE', schema=(:Label[1] {PropertyKey[10]}), indexProvider='range-1.0' ) is ONLINE.
2026-05-21 07:40:13.647+0000 INFO  [o.n.k.i.a.i.IndexPopulationJob] [neo4j/ee2c6c64] Index population started: [Index( id=7, name='chapter_id', type='RANGE', schema=(:Chapter {id}), indexProvider='range-1.0' )]
2026-05-21 07:40:13.696+0000 INFO  [o.n.k.i.a.i.IndexPopulationJob] [neo4j/ee2c6c64] Index creation finished for index [Index( id=7, name='chapter_id', type='RANGE', schema=(:Chapter {id}), indexProvider='range-1.0' )].
2026-05-21 07:40:13.750+0000 INFO  [o.n.k.i.a.i.IndexingService] [neo4j/ee2c6c64] Constraint Index( id=7, name='chapter_id', type='RANGE', schema=(:Label[2] {PropertyKey[10]}), indexProvider='range-1.0' ) is ONLINE.
2026-05-21 07:40:13.779+0000 INFO  [o.n.k.i.a.i.IndexPopulationJob] [neo4j/ee2c6c64] Index population started: [Index( id=9, name='section_id', type='RANGE', schema=(:Section {id}), indexProvider='range-1.0' )]
2026-05-21 07:40:13.825+0000 INFO  [o.n.k.i.a.i.IndexPopulationJob] [neo4j/ee2c6c64] Index creation finished for index [Index( id=9, name='section_id', type='RANGE', schema=(:Section {id}), indexProvider='range-1.0' )].
2026-05-21 07:40:13.877+0000 INFO  [o.n.k.i.a.i.IndexingService] [neo4j/ee2c6c64] Constraint Index( id=9, name='section_id', type='RANGE', schema=(:Label[3] {PropertyKey[10]}), indexProvider='range-1.0' ) is ONLINE.
2026-05-21 07:40:13.906+0000 INFO  [o.n.k.i.a.i.IndexPopulationJob] [neo4j/ee2c6c64] Index population started: [Index( id=11, name='article_id', type='RANGE', schema=(:Article {id}), indexProvider='range-1.0' )]
2026-05-21 07:40:13.971+0000 INFO  [o.n.k.i.a.i.IndexPopulationJob] [neo4j/ee2c6c64] Index creation finished for index [Index( id=11, name='article_id', type='RANGE', schema=(:Article {id}), indexProvider='range-1.0' )].
2026-05-21 07:40:14.018+0000 INFO  [o.n.k.i.a.i.IndexingService] [neo4j/ee2c6c64] Constraint Index( id=11, name='article_id', type='RANGE', schema=(:Label[4] {PropertyKey[10]}), indexProvider='range-1.0' ) is ONLINE.
2026-05-21 07:40:14.047+0000 INFO  [o.n.k.i.a.i.IndexPopulationJob] [neo4j/ee2c6c64] Index population started: [Index( id=13, name='article_code', type='RANGE', schema=(:Article {article_code}), indexProvider='range-1.0' )]
2026-05-21 07:40:14.089+0000 INFO  [o.n.k.i.a.i.IndexPopulationJob] [neo4j/ee2c6c64] Index creation finished for index [Index( id=13, name='article_code', type='RANGE', schema=(:Article {article_code}), indexProvider='range-1.0' )].
2026-05-21 07:40:14.156+0000 INFO  [o.n.k.i.a.i.IndexingService] [neo4j/ee2c6c64] Constraint Index( id=13, name='article_code', type='RANGE', schema=(:Label[4] {PropertyKey[15]}), indexProvider='range-1.0' ) is ONLINE.
2026-05-21 07:40:14.183+0000 INFO  [o.n.k.i.a.i.IndexPopulationJob] [neo4j/ee2c6c64] Index population started: [Index( id=15, name='clause_id', type='RANGE', schema=(:Clause {id}), indexProvider='range-1.0' )]
2026-05-21 07:40:14.241+0000 INFO  [o.n.k.i.a.i.IndexPopulationJob] [neo4j/ee2c6c64] Index creation finished for index [Index( id=15, name='clause_id', type='RANGE', schema=(:Clause {id}), indexProvider='range-1.0' )].
2026-05-21 07:40:14.302+0000 INFO  [o.n.k.i.a.i.IndexingService] [neo4j/ee2c6c64] Constraint Index( id=15, name='clause_id', type='RANGE', schema=(:Label[5] {PropertyKey[10]}), indexProvider='range-1.0' ) is ONLINE.
2026-05-21 07:40:14.333+0000 INFO  [o.n.k.i.a.i.IndexPopulationJob] [neo4j/ee2c6c64] Index population started: [Index( id=17, name='point_id', type='RANGE', schema=(:Point {id}), indexProvider='range-1.0' )]
2026-05-21 07:40:14.387+0000 INFO  [o.n.k.i.a.i.IndexPopulationJob] [neo4j/ee2c6c64] Index creation finished for index [Index( id=17, name='point_id', type='RANGE', schema=(:Point {id}), indexProvider='range-1.0' )].
2026-05-21 07:40:14.444+0000 INFO  [o.n.k.i.a.i.IndexingService] [neo4j/ee2c6c64] Constraint Index( id=17, name='point_id', type='RANGE', schema=(:Label[6] {PropertyKey[10]}), indexProvider='range-1.0' ) is ONLINE.
2026-05-21 07:40:14.475+0000 INFO  [o.n.k.i.a.i.IndexPopulationJob] [neo4j/ee2c6c64] Index population started: [Index( id=19, name='crime_id', type='RANGE', schema=(:Crime {id}), indexProvider='range-1.0' )]
2026-05-21 07:40:14.523+0000 INFO  [o.n.k.i.a.i.IndexPopulationJob] [neo4j/ee2c6c64] Index creation finished for index [Index( id=19, name='crime_id', type='RANGE', schema=(:Crime {id}), indexProvider='range-1.0' )].
2026-05-21 07:40:14.576+0000 INFO  [o.n.k.i.a.i.IndexingService] [neo4j/ee2c6c64] Constraint Index( id=19, name='crime_id', type='RANGE', schema=(:Label[7] {PropertyKey[10]}), indexProvider='range-1.0' ) is ONLINE.
2026-05-21 07:40:14.607+0000 INFO  [o.n.k.i.a.i.IndexPopulationJob] [neo4j/ee2c6c64] Index population started: [Index( id=21, name='rule_id', type='RANGE', schema=(:Rule {id}), indexProvider='range-1.0' )]
2026-05-21 07:40:14.642+0000 INFO  [o.n.k.i.a.i.IndexPopulationJob] [neo4j/ee2c6c64] Index creation finished for index [Index( id=21, name='rule_id', type='RANGE', schema=(:Rule {id}), indexProvider='range-1.0' )].
2026-05-21 07:40:14.698+0000 INFO  [o.n.k.i.a.i.IndexingService] [neo4j/ee2c6c64] Constraint Index( id=21, name='rule_id', type='RANGE', schema=(:Label[8] {PropertyKey[10]}), indexProvider='range-1.0' ) is ONLINE.
2026-05-21 07:40:14.734+0000 INFO  [o.n.k.i.a.i.IndexPopulationJob] [neo4j/ee2c6c64] Index population started: [Index( id=23, name='condition_id', type='RANGE', schema=(:Condition {id}), indexProvider='range-1.0' )]
2026-05-21 07:40:14.771+0000 INFO  [o.n.k.i.a.i.IndexPopulationJob] [neo4j/ee2c6c64] Index creation finished for index [Index( id=23, name='condition_id', type='RANGE', schema=(:Condition {id}), indexProvider='range-1.0' )].
2026-05-21 07:40:14.815+0000 INFO  [o.n.k.i.a.i.IndexingService] [neo4j/ee2c6c64] Constraint Index( id=23, name='condition_id', type='RANGE', schema=(:Label[9] {PropertyKey[10]}), indexProvider='range-1.0' ) is ONLINE.
2026-05-21 07:40:14.843+0000 INFO  [o.n.k.i.a.i.IndexPopulationJob] [neo4j/ee2c6c64] Index population started: [Index( id=25, name='penalty_frame_id', type='RANGE', schema=(:PenaltyFrame {id}), indexProvider='range-1.0' )]
2026-05-21 07:40:14.885+0000 INFO  [o.n.k.i.a.i.IndexPopulationJob] [neo4j/ee2c6c64] Index creation finished for index [Index( id=25, name='penalty_frame_id', type='RANGE', schema=(:PenaltyFrame {id}), indexProvider='range-1.0' )].
2026-05-21 07:40:14.938+0000 INFO  [o.n.k.i.a.i.IndexingService] [neo4j/ee2c6c64] Constraint Index( id=25, name='penalty_frame_id', type='RANGE', schema=(:Label[10] {PropertyKey[10]}), indexProvider='range-1.0' ) is ONLINE.
2026-05-21 07:40:14.965+0000 INFO  [o.n.k.i.a.i.IndexPopulationJob] [neo4j/ee2c6c64] Index population started: [Index( id=27, name='penalty_id', type='RANGE', schema=(:Penalty {id}), indexProvider='range-1.0' )]
2026-05-21 07:40:15.014+0000 INFO  [o.n.k.i.a.i.IndexPopulationJob] [neo4j/ee2c6c64] Index creation finished for index [Index( id=27, name='penalty_id', type='RANGE', schema=(:Penalty {id}), indexProvider='range-1.0' )].
2026-05-21 07:40:15.072+0000 INFO  [o.n.k.i.a.i.IndexingService] [neo4j/ee2c6c64] Constraint Index( id=27, name='penalty_id', type='RANGE', schema=(:Label[11] {PropertyKey[10]}), indexProvider='range-1.0' ) is ONLINE.
2026-05-21 07:40:15.106+0000 INFO  [o.n.k.i.a.i.IndexPopulationJob] [neo4j/ee2c6c64] Index population started: [Index( id=29, name='legal_concept_id', type='RANGE', schema=(:LegalConcept {id}), indexProvider='range-1.0' )]
2026-05-21 07:40:15.157+0000 INFO  [o.n.k.i.a.i.IndexPopulationJob] [neo4j/ee2c6c64] Index creation finished for index [Index( id=29, name='legal_concept_id', type='RANGE', schema=(:LegalConcept {id}), indexProvider='range-1.0' )].
2026-05-21 07:40:15.214+0000 INFO  [o.n.k.i.a.i.IndexingService] [neo4j/ee2c6c64] Constraint Index( id=29, name='legal_concept_id', type='RANGE', schema=(:Label[12] {PropertyKey[10]}), indexProvider='range-1.0' ) is ONLINE.
2026-05-21 07:40:15.244+0000 INFO  [o.n.k.i.a.i.IndexPopulationJob] [neo4j/ee2c6c64] Index population started: [Index( id=31, name='aggravating_id', type='RANGE', schema=(:AggravatingFactor {id}), indexProvider='range-1.0' )]
2026-05-21 07:40:15.291+0000 INFO  [o.n.k.i.a.i.IndexPopulationJob] [neo4j/ee2c6c64] Index creation finished for index [Index( id=31, name='aggravating_id', type='RANGE', schema=(:AggravatingFactor {id}), indexProvider='range-1.0' )].
2026-05-21 07:40:15.342+0000 INFO  [o.n.k.i.a.i.IndexingService] [neo4j/ee2c6c64] Constraint Index( id=31, name='aggravating_id', type='RANGE', schema=(:Label[13] {PropertyKey[10]}), indexProvider='range-1.0' ) is ONLINE.
2026-05-21 07:40:15.382+0000 INFO  [o.n.k.i.a.i.IndexPopulationJob] [neo4j/ee2c6c64] Index population started: [Index( id=33, name='mitigating_id', type='RANGE', schema=(:MitigatingFactor {id}), indexProvider='range-1.0' )]
2026-05-21 07:40:15.432+0000 INFO  [o.n.k.i.a.i.IndexPopulationJob] [neo4j/ee2c6c64] Index creation finished for index [Index( id=33, name='mitigating_id', type='RANGE', schema=(:MitigatingFactor {id}), indexProvider='range-1.0' )].
2026-05-21 07:40:15.488+0000 INFO  [o.n.k.i.a.i.IndexingService] [neo4j/ee2c6c64] Constraint Index( id=33, name='mitigating_id', type='RANGE', schema=(:Label[14] {PropertyKey[10]}), indexProvider='range-1.0' ) is ONLINE.
2026-05-21 07:40:15.522+0000 INFO  [o.n.k.i.a.i.IndexPopulationJob] [neo4j/ee2c6c64] Index population started: [Index( id=35, name='subject_req_id', type='RANGE', schema=(:SubjectRequirement {id}), indexProvider='range-1.0' )]
2026-05-21 07:40:15.563+0000 INFO  [o.n.k.i.a.i.IndexPopulationJob] [neo4j/ee2c6c64] Index creation finished for index [Index( id=35, name='subject_req_id', type='RANGE', schema=(:SubjectRequirement {id}), indexProvider='range-1.0' )].
2026-05-21 07:40:15.606+0000 INFO  [o.n.k.i.a.i.IndexingService] [neo4j/ee2c6c64] Constraint Index( id=35, name='subject_req_id', type='RANGE', schema=(:Label[15] {PropertyKey[10]}), indexProvider='range-1.0' ) is ONLINE.
2026-05-21 07:40:15.633+0000 INFO  [o.n.k.i.a.i.IndexPopulationJob] [neo4j/ee2c6c64] Index population started: [Index( id=37, name='object_req_id', type='RANGE', schema=(:ObjectRequirement {id}), indexProvider='range-1.0' )]
2026-05-21 07:40:15.671+0000 INFO  [o.n.k.i.a.i.IndexPopulationJob] [neo4j/ee2c6c64] Index creation finished for index [Index( id=37, name='object_req_id', type='RANGE', schema=(:ObjectRequirement {id}), indexProvider='range-1.0' )].
2026-05-21 07:40:15.726+0000 INFO  [o.n.k.i.a.i.IndexingService] [neo4j/ee2c6c64] Constraint Index( id=37, name='object_req_id', type='RANGE', schema=(:Label[16] {PropertyKey[10]}), indexProvider='range-1.0' ) is ONLINE.
2026-05-21 07:40:15.753+0000 INFO  [o.n.k.i.a.i.IndexPopulationJob] [neo4j/ee2c6c64] Index population started: [Index( id=39, name='act_req_id', type='RANGE', schema=(:ActRequirement {id}), indexProvider='range-1.0' )]
2026-05-21 07:40:15.780+0000 INFO  [o.n.k.i.a.i.IndexPopulationJob] [neo4j/ee2c6c64] Index creation finished for index [Index( id=39, name='act_req_id', type='RANGE', schema=(:ActRequirement {id}), indexProvider='range-1.0' )].
2026-05-21 07:40:15.831+0000 INFO  [o.n.k.i.a.i.IndexingService] [neo4j/ee2c6c64] Constraint Index( id=39, name='act_req_id', type='RANGE', schema=(:Label[17] {PropertyKey[10]}), indexProvider='range-1.0' ) is ONLINE.
2026-05-21 07:40:15.865+0000 INFO  [o.n.k.i.a.i.IndexPopulationJob] [neo4j/ee2c6c64] Index population started: [Index( id=41, name='consequence_req_id', type='RANGE', schema=(:ConsequenceRequirement {id}), indexProvider='range-1.0' )]
2026-05-21 07:40:15.916+0000 INFO  [o.n.k.i.a.i.IndexPopulationJob] [neo4j/ee2c6c64] Index creation finished for index [Index( id=41, name='consequence_req_id', type='RANGE', schema=(:ConsequenceRequirement {id}), indexProvider='range-1.0' )].
2026-05-21 07:40:15.971+0000 INFO  [o.n.k.i.a.i.IndexingService] [neo4j/ee2c6c64] Constraint Index( id=41, name='consequence_req_id', type='RANGE', schema=(:Label[18] {PropertyKey[10]}), indexProvider='range-1.0' ) is ONLINE.
2026-05-21 07:40:15.999+0000 INFO  [o.n.k.i.a.i.IndexPopulationJob] [neo4j/ee2c6c64] Index population started: [Index( id=43, name='quantity_threshold_id', type='RANGE', schema=(:QuantityThreshold {id}), indexProvider='range-1.0' )]
2026-05-21 07:40:16.078+0000 INFO  [o.n.k.i.a.i.IndexPopulationJob] [neo4j/ee2c6c64] Index creation finished for index [Index( id=43, name='quantity_threshold_id', type='RANGE', schema=(:QuantityThreshold {id}), indexProvider='range-1.0' )].
2026-05-21 07:40:16.136+0000 INFO  [o.n.k.i.a.i.IndexingService] [neo4j/ee2c6c64] Constraint Index( id=43, name='quantity_threshold_id', type='RANGE', schema=(:Label[19] {PropertyKey[10]}), indexProvider='range-1.0' ) is ONLINE.
2026-05-21 07:40:16.168+0000 INFO  [o.n.k.i.a.i.IndexPopulationJob] [neo4j/ee2c6c64] Index population started: [Index( id=45, name='exception_id', type='RANGE', schema=(:Exception {id}), indexProvider='range-1.0' )]
2026-05-21 07:40:16.215+0000 INFO  [o.n.k.i.a.i.IndexPopulationJob] [neo4j/ee2c6c64] Index creation finished for index [Index( id=45, name='exception_id', type='RANGE', schema=(:Exception {id}), indexProvider='range-1.0' )].
2026-05-21 07:40:16.270+0000 INFO  [o.n.k.i.a.i.IndexingService] [neo4j/ee2c6c64] Constraint Index( id=45, name='exception_id', type='RANGE', schema=(:Label[20] {PropertyKey[10]}), indexProvider='range-1.0' ) is ONLINE.
2026-05-21 07:40:16.297+0000 INFO  [o.n.k.i.a.i.IndexPopulationJob] [neo4j/ee2c6c64] Index population started: [Index( id=47, name='reference_id', type='RANGE', schema=(:Reference {id}), indexProvider='range-1.0' )]
2026-05-21 07:40:16.337+0000 INFO  [o.n.k.i.a.i.IndexPopulationJob] [neo4j/ee2c6c64] Index creation finished for index [Index( id=47, name='reference_id', type='RANGE', schema=(:Reference {id}), indexProvider='range-1.0' )].
2026-05-21 07:40:16.386+0000 INFO  [o.n.k.i.a.i.IndexingService] [neo4j/ee2c6c64] Constraint Index( id=47, name='reference_id', type='RANGE', schema=(:Label[21] {PropertyKey[10]}), indexProvider='range-1.0' ) is ONLINE.
2026-05-21 07:40:16.418+0000 INFO  [o.n.k.i.a.i.IndexPopulationJob] [neo4j/ee2c6c64] Index population started: [Index( id=49, name='judicial_measure_id', type='RANGE', schema=(:JudicialMeasure {id}), indexProvider='range-1.0' )]
2026-05-21 07:40:16.473+0000 INFO  [o.n.k.i.a.i.IndexPopulationJob] [neo4j/ee2c6c64] Index creation finished for index [Index( id=49, name='judicial_measure_id', type='RANGE', schema=(:JudicialMeasure {id}), indexProvider='range-1.0' )].
2026-05-21 07:40:16.529+0000 INFO  [o.n.k.i.a.i.IndexingService] [neo4j/ee2c6c64] Constraint Index( id=49, name='judicial_measure_id', type='RANGE', schema=(:Label[22] {PropertyKey[10]}), indexProvider='range-1.0' ) is ONLINE.
2026-05-21 07:40:16.551+0000 INFO  [o.n.k.i.a.i.IndexPopulationJob] [neo4j/ee2c6c64] Index population started: [Index( id=51, name='slang_id', type='RANGE', schema=(:SlangTerm {id}), indexProvider='range-1.0' )]
2026-05-21 07:40:16.597+0000 INFO  [o.n.k.i.a.i.IndexPopulationJob] [neo4j/ee2c6c64] Index creation finished for index [Index( id=51, name='slang_id', type='RANGE', schema=(:SlangTerm {id}), indexProvider='range-1.0' )].
2026-05-21 07:40:16.650+0000 INFO  [o.n.k.i.a.i.IndexingService] [neo4j/ee2c6c64] Constraint Index( id=51, name='slang_id', type='RANGE', schema=(:Label[23] {PropertyKey[10]}), indexProvider='range-1.0' ) is ONLINE.
2026-05-21 07:40:16.679+0000 INFO  [o.n.k.i.a.i.IndexPopulationJob] [neo4j/ee2c6c64] Index population started: [Index( id=53, name='legal_signal_id', type='RANGE', schema=(:LegalSignal {id}), indexProvider='range-1.0' )]
2026-05-21 07:40:16.719+0000 INFO  [o.n.k.i.a.i.IndexPopulationJob] [neo4j/ee2c6c64] Index creation finished for index [Index( id=53, name='legal_signal_id', type='RANGE', schema=(:LegalSignal {id}), indexProvider='range-1.0' )].
2026-05-21 07:40:16.772+0000 INFO  [o.n.k.i.a.i.IndexingService] [neo4j/ee2c6c64] Constraint Index( id=53, name='legal_signal_id', type='RANGE', schema=(:Label[24] {PropertyKey[10]}), indexProvider='range-1.0' ) is ONLINE.
2026-05-21 07:40:16.797+0000 INFO  [o.n.k.i.a.i.IndexPopulationJob] [neo4j/ee2c6c64] Index population started: [Index( id=55, name='action_alias_id', type='RANGE', schema=(:ActionAlias {id}), indexProvider='range-1.0' )]
2026-05-21 07:40:16.847+0000 INFO  [o.n.k.i.a.i.IndexPopulationJob] [neo4j/ee2c6c64] Index creation finished for index [Index( id=55, name='action_alias_id', type='RANGE', schema=(:ActionAlias {id}), indexProvider='range-1.0' )].
2026-05-21 07:40:16.894+0000 INFO  [o.n.k.i.a.i.IndexingService] [neo4j/ee2c6c64] Constraint Index( id=55, name='action_alias_id', type='RANGE', schema=(:Label[25] {PropertyKey[10]}), indexProvider='range-1.0' ) is ONLINE.
2026-05-21 07:40:16.918+0000 INFO  [o.n.k.i.a.i.IndexPopulationJob] [neo4j/ee2c6c64] Index population started: [Index( id=57, name='substance_id', type='RANGE', schema=(:Substance {id}), indexProvider='range-1.0' )]
2026-05-21 07:40:16.975+0000 INFO  [o.n.k.i.a.i.IndexPopulationJob] [neo4j/ee2c6c64] Index creation finished for index [Index( id=57, name='substance_id', type='RANGE', schema=(:Substance {id}), indexProvider='range-1.0' )].
2026-05-21 07:40:17.035+0000 INFO  [o.n.k.i.a.i.IndexingService] [neo4j/ee2c6c64] Constraint Index( id=57, name='substance_id', type='RANGE', schema=(:Label[26] {PropertyKey[10]}), indexProvider='range-1.0' ) is ONLINE.
2026-05-21 07:40:17.062+0000 INFO  [o.n.k.i.a.i.IndexPopulationJob] [neo4j/ee2c6c64] Index population started: [Index( id=59, name='substance_alias_id', type='RANGE', schema=(:SubstanceAlias {id}), indexProvider='range-1.0' )]
2026-05-21 07:40:17.114+0000 INFO  [o.n.k.i.a.i.IndexPopulationJob] [neo4j/ee2c6c64] Index creation finished for index [Index( id=59, name='substance_alias_id', type='RANGE', schema=(:SubstanceAlias {id}), indexProvider='range-1.0' )].
2026-05-21 07:40:17.169+0000 INFO  [o.n.k.i.a.i.IndexingService] [neo4j/ee2c6c64] Constraint Index( id=59, name='substance_alias_id', type='RANGE', schema=(:Label[27] {PropertyKey[10]}), indexProvider='range-1.0' ) is ONLINE.
2026-05-21 07:40:17.197+0000 INFO  [o.n.k.i.a.i.IndexPopulationJob] [neo4j/ee2c6c64] Index population started: [Index( id=61, name='scenario_fact_id', type='RANGE', schema=(:ScenarioFact {id}), indexProvider='range-1.0' )]
2026-05-21 07:40:17.250+0000 INFO  [o.n.k.i.a.i.IndexPopulationJob] [neo4j/ee2c6c64] Index creation finished for index [Index( id=61, name='scenario_fact_id', type='RANGE', schema=(:ScenarioFact {id}), indexProvider='range-1.0' )].
2026-05-21 07:40:17.299+0000 INFO  [o.n.k.i.a.i.IndexingService] [neo4j/ee2c6c64] Constraint Index( id=61, name='scenario_fact_id', type='RANGE', schema=(:Label[28] {PropertyKey[10]}), indexProvider='range-1.0' ) is ONLINE.
2026-05-21 07:40:17.320+0000 INFO  [o.n.k.i.a.i.IndexPopulationJob] [neo4j/ee2c6c64] Index population started: [Index( id=63, name='matched_condition_id', type='RANGE', schema=(:MatchedCondition {id}), indexProvider='range-1.0' )]
2026-05-21 07:40:17.364+0000 INFO  [o.n.k.i.a.i.IndexPopulationJob] [neo4j/ee2c6c64] Index creation finished for index [Index( id=63, name='matched_condition_id', type='RANGE', schema=(:MatchedCondition {id}), indexProvider='range-1.0' )].
2026-05-21 07:40:17.412+0000 INFO  [o.n.k.i.a.i.IndexingService] [neo4j/ee2c6c64] Constraint Index( id=63, name='matched_condition_id', type='RANGE', schema=(:Label[29] {PropertyKey[10]}), indexProvider='range-1.0' ) is ONLINE.
2026-05-21 07:40:17.489+0000 INFO  [o.n.k.i.a.i.IndexPopulationJob] [neo4j/ee2c6c64] Index population started: [Index( id=65, name='article_fulltext', type='FULLTEXT', schema=(:Article {title, full_text, normalized_text}), indexProvider='fulltext-1.0' )]
2026-05-21 07:40:18.042+0000 INFO  [o.n.k.i.a.i.IndexPopulationJob] [neo4j/ee2c6c64] Index creation finished for index [Index( id=65, name='article_fulltext', type='FULLTEXT', schema=(:Article {title, full_text, normalized_text}), indexProvider='fulltext-1.0' )].
2026-05-21 07:40:18.283+0000 INFO  [o.n.k.i.a.i.IndexPopulationJob] [neo4j/ee2c6c64] Index population started: [Index( id=66, name='clause_fulltext', type='FULLTEXT', schema=(:Clause {text, normalized_text}), indexProvider='fulltext-1.0' )]
2026-05-21 07:40:18.598+0000 INFO  [o.n.k.i.a.i.IndexPopulationJob] [neo4j/ee2c6c64] Index creation finished for index [Index( id=66, name='clause_fulltext', type='FULLTEXT', schema=(:Clause {text, normalized_text}), indexProvider='fulltext-1.0' )].
2026-05-21 07:40:18.762+0000 INFO  [o.n.k.i.a.i.IndexPopulationJob] [neo4j/ee2c6c64] Index population started: [Index( id=67, name='condition_fulltext', type='FULLTEXT', schema=(:Condition {text, normalized_text}), indexProvider='fulltext-1.0' )]
2026-05-21 07:40:19.038+0000 INFO  [o.n.k.i.a.i.IndexPopulationJob] [neo4j/ee2c6c64] Index creation finished for index [Index( id=67, name='condition_fulltext', type='FULLTEXT', schema=(:Condition {text, normalized_text}), indexProvider='fulltext-1.0' )].
2026-05-21 07:40:19.203+0000 INFO  [o.n.k.i.a.i.IndexPopulationJob] [neo4j/ee2c6c64] Index population started: [Index( id=68, name='crime_fulltext', type='FULLTEXT', schema=(:Crime {name, normalized_name}), indexProvider='fulltext-1.0' )]
2026-05-21 07:40:19.376+0000 INFO  [o.n.k.i.a.i.IndexPopulationJob] [neo4j/ee2c6c64] Index creation finished for index [Index( id=68, name='crime_fulltext', type='FULLTEXT', schema=(:Crime {name, normalized_name}), indexProvider='fulltext-1.0' )].
2026-05-21 07:40:19.439+0000 INFO  [o.n.k.i.a.i.IndexPopulationJob] [neo4j/ee2c6c64] Index population started: [Index( id=69, name='concept_fulltext', type='FULLTEXT', schema=(:LegalConcept {name, description, normalized_name}), indexProvider='fulltext-1.0' )]
2026-05-21 07:40:19.730+0000 INFO  [o.n.k.i.a.i.IndexPopulationJob] [neo4j/ee2c6c64] Index creation finished for index [Index( id=69, name='concept_fulltext', type='FULLTEXT', schema=(:LegalConcept {name, description, normalized_name}), indexProvider='fulltext-1.0' )].
2026-05-21 07:40:34.061+0000 INFO  [o.n.c.i.c.CypherQueryCaches] [neo4j/ee2c6c64] Discarded stale query from the query cache after 12 seconds. Reason: NodesAllCardinality changed from 10.0 to 24176.0, which is a divergence of 0.9995863666446062 which is greater than threshold 0.7495336912567476. Query id: 77.
2026-05-21 07:52:12.203+0000 INFO  [o.n.k.i.t.l.c.CheckPointerImpl] [system/00000000] Checkpoint triggered by "Scheduled checkpoint for every 15 minutes threshold" @ txId: 41 checkpoint started...
2026-05-21 07:52:12.552+0000 INFO  [o.n.k.i.t.l.c.CheckPointerImpl] [system/00000000] Checkpoint triggered by "Scheduled checkpoint for every 15 minutes threshold" @ txId: 41 checkpoint completed in 345ms. Checkpoint flushed 73 pages (0% of total available pages), in 73 IOs. Checkpoint performed with IO limit: unlimited, paused in total 0 times( 0 millis).
2026-05-21 07:52:12.553+0000 INFO  [o.n.k.i.t.l.p.LogPruningImpl] [system/00000000] No log version pruned. The strategy used was '2 days 2147483648 size'. 
2026-05-21 07:52:32.552+0000 INFO  [o.n.k.i.t.l.c.CheckPointerImpl] [neo4j/ee2c6c64] Checkpoint triggered by "Scheduled checkpoint for every 15 minutes threshold" @ txId: 213 checkpoint started...
2026-05-21 07:52:34.620+0000 INFO  [o.n.k.i.t.l.c.CheckPointerImpl] [neo4j/ee2c6c64] Checkpoint triggered by "Scheduled checkpoint for every 15 minutes threshold" @ txId: 213 checkpoint completed in 2s 64ms. Checkpoint flushed 2271 pages (1% of total available pages), in 972 IOs. Checkpoint performed with IO limit: unlimited, paused in total 0 times( 0 millis).
2026-05-21 07:52:34.621+0000 INFO  [o.n.k.i.t.l.p.LogPruningImpl] [neo4j/ee2c6c64] No log version pruned. The strategy used was '2 days 2147483648 size'. 
2026-05-21 19:58:01.951+0000 INFO  [o.n.g.f.m.GlobalModule] Logging config in use: File '/var/lib/neo4j/conf/server-logs.xml'
2026-05-21 19:58:02.414+0000 INFO  [o.n.i.d.DiagnosticsManager] 
                                                                ********************************************************************************
                                                                                             [ System diagnostics ]                             
                                                                ********************************************************************************
                                                                --------------------------------------------------------------------------------
                                                                                         [ System memory information ]                          
                                                                --------------------------------------------------------------------------------
                                                                Total Physical memory: 11.54GiB
                                                                Free Physical memory: 8.960GiB
                                                                Committed virtual memory: 6.007GiB
                                                                Total swap space: 3.000GiB
                                                                Free swap space: 3.000GiB
                                                                
                                                                --------------------------------------------------------------------------------
                                                                                           [ JVM memory information ]                           
                                                                --------------------------------------------------------------------------------
                                                                Free  memory: 996.5MiB
                                                                Total memory: 1.000GiB
                                                                Max   memory: 2.000GiB
                                                                Garbage Collector: G1 Young Generation: [G1 Eden Space, G1 Survivor Space, G1 Old Gen]
                                                                Garbage Collector: G1 Old Generation: [G1 Eden Space, G1 Survivor Space, G1 Old Gen]
                                                                Memory Pool: CodeHeap 'non-nmethods' (Non-heap memory): committed=2.438MiB, used=1.221MiB, max=5.570MiB, threshold=0B
                                                                Memory Pool: Metaspace (Non-heap memory): committed=21.69MiB, used=21.41MiB, max=-1B, threshold=0B
                                                                Memory Pool: CodeHeap 'profiled nmethods' (Non-heap memory): committed=5.625MiB, used=5.570MiB, max=117.2MiB, threshold=0B
                                                                Memory Pool: Compressed Class Space (Non-heap memory): committed=2.438MiB, used=2.310MiB, max=1.000GiB, threshold=0B
                                                                Memory Pool: G1 Eden Space (Heap memory): committed=642.0MiB, used=2.000MiB, max=-1B, threshold=?
                                                                Memory Pool: G1 Old Gen (Heap memory): committed=379.0MiB, used=22.01MiB, max=2.000GiB, threshold=0B
                                                                Memory Pool: G1 Survivor Space (Heap memory): committed=3.000MiB, used=2.475MiB, max=-1B, threshold=?
                                                                Memory Pool: CodeHeap 'non-profiled nmethods' (Non-heap memory): committed=2.438MiB, used=1.676MiB, max=117.2MiB, threshold=0B
                                                                
                                                                --------------------------------------------------------------------------------
                                                                                        [ Operating system information ]                        
                                                                --------------------------------------------------------------------------------
                                                                Operating System: Linux; version: 6.6.87.2-microsoft-standard-WSL2; arch: amd64; cpus: 12
                                                                Max number of file descriptors: 1048576
                                                                Number of open file descriptors: 246
                                                                Process id: 7
                                                                Byte order: LITTLE_ENDIAN
                                                                Local timezone: Etc/UTC
                                                                Memory page size: 4096
                                                                Unaligned memory access allowed: true
                                                                
                                                                --------------------------------------------------------------------------------
                                                                                              [ JVM information ]                               
                                                                --------------------------------------------------------------------------------
                                                                VM Name: OpenJDK 64-Bit Server VM
                                                                VM Vendor: Eclipse Adoptium
                                                                VM Version: 17.0.12+7
                                                                JIT compiler: HotSpot 64-Bit Tiered Compilers
                                                                VM Arguments: [-XX:+UseG1GC, -XX:-OmitStackTraceInFastThrow, -XX:+AlwaysPreTouch, -XX:+UnlockExperimentalVMOptions, -XX:+TrustFinalNonStaticFields, -XX:+DisableExplicitGC, -Djdk.nio.maxCachedBufferSize=1024, -Dio.netty.tryReflectionSetAccessible=true, -Djdk.tls.ephemeralDHKeySize=2048, -Djdk.tls.rejectClientInitiatedRenegotiation=true, -XX:FlightRecorderOptions=stackdepth=256, -XX:+UnlockDiagnosticVMOptions, -XX:+DebugNonSafepoints, --add-opens=java.base/java.nio=ALL-UNNAMED, --add-opens=java.base/java.io=ALL-UNNAMED, --add-opens=java.base/sun.nio.ch=ALL-UNNAMED, -Dlog4j2.disable.jmx=true, -Dfile.encoding=UTF-8, -Xms1048576k, -Xmx2097152k]
                                                                
                                                                --------------------------------------------------------------------------------
                                                                                               [ Java classpath ]                               
                                                                --------------------------------------------------------------------------------
                                                                 [classpath] /var/lib/neo4j/lib/neo4j-cypher-planner-5.22.0.jar
                                                                 [classpath] /var/lib/neo4j/lib/neo4j-procedure-api-5.22.0.jar
                                                                 [classpath] /var/lib/neo4j/lib/neo4j-5.22.0.jar
                                                                 [classpath] /var/lib/neo4j/lib/arrow-format-16.1.0.jar
                                                                 [classpath] /var/lib/neo4j/lib/neo4j-values-5.22.0.jar
                                                                 [classpath] /var/lib/neo4j/lib/jetty-alpn-server-10.0.20.jar
                                                                 [classpath] /var/lib/neo4j/lib/neo4j-resource-5.22.0.jar
                                                                 [classpath] /var/lib/neo4j/lib/jaxb-runtime-2.3.2.jar
                                                                 [classpath] /var/lib/neo4j/lib/neo4j-procedure-5.22.0.jar
                                                                 [classpath] /var/lib/neo4j/lib/cypher-antlr-ast-common-5.22.0.jar
                                                                 [classpath] /var/lib/neo4j/lib/jersey-container-servlet-2.34.jar
                                                                 [classpath] /var/lib/neo4j/lib/caffeine-3.1.8.jar
                                                                 [classpath] /var/lib/neo4j/lib/magnolia_2.13-1.1.8.jar
                                                                 [classpath] /var/lib/neo4j/lib/scala-library-2.13.11.jar
                                                                 [classpath] /var/lib/neo4j/lib/netty-transport-classes-epoll-4.1.111.Final.jar
                                                                 [classpath] /var/lib/neo4j/lib/neo4j-browser-5.21.0.jar
                                                                 [classpath] /var/lib/neo4j/lib/jackson-datatype-jsr310-2.17.0.jar
                                                                 [classpath] /var/lib/neo4j/lib/grpc-netty-1.65.0.jar
                                                                 [classpath] /var/lib/neo4j/lib/jetty-io-10.0.20.jar
                                                                 [classpath] /var/lib/neo4j/lib/jetty-servlet-10.0.20.jar
                                                                 [classpath] /var/lib/neo4j/lib/netty-tcnative-2.0.65.Final-linux-aarch_64.jar
                                                                 [classpath] /var/lib/neo4j/conf/*
                                                                 [classpath] /var/lib/neo4j/lib/WMI4Java-1.6.3.jar
                                                                 [classpath] /var/lib/neo4j/lib/jakarta.xml.bind-api-2.3.2.jar
                                                                 [classpath] /var/lib/neo4j/lib/jProcesses-1.6.5.jar
                                                                 [classpath] /var/lib/neo4j/lib/neo4j-import-util-5.22.0.jar
                                                                 [classpath] /var/lib/neo4j/lib/hk2-locator-2.6.1.jar
                                                                 [classpath] /var/lib/neo4j/lib/neo4j-cypher-logical-plans-5.22.0.jar
                                                                 [classpath] /var/lib/neo4j/lib/neo4j-front-end-5.22.0.jar
                                                                 [classpath] /var/lib/neo4j/lib/neo4j-spatial-index-5.22.0.jar
                                                                 [classpath] /var/lib/neo4j/lib/eclipse-collections-api-11.1.0.jar
                                                                 [classpath] /var/lib/neo4j/lib/neo4j-ast-5.22.0.jar
                                                                 [classpath] /var/lib/neo4j/lib/netty-resolver-4.1.111.Final.jar
                                                                 [classpath] /var/lib/neo4j/lib/jersey-container-servlet-core-2.34.jar
                                                                 [classpath] /var/lib/neo4j/lib/netty-handler-proxy-4.1.111.Final.jar
                                                                 [classpath] /var/lib/neo4j/lib/jansi-2.4.0.jar
                                                                 [classpath] /var/lib/neo4j/lib/jetty-xml-10.0.20.jar
                                                                 [classpath] /var/lib/neo4j/lib/jline-terminal-3.21.0.jar
                                                                 [classpath] /var/lib/neo4j/lib/grpc-protobuf-lite-1.62.2.jar
                                                                 [classpath] /var/lib/neo4j/lib/cypher-v6-parser-listener-5.22.0.jar
                                                                 [classpath] /var/lib/neo4j/lib/netty-codec-4.1.111.Final.jar
                                                                 [classpath] /var/lib/neo4j/lib/netty-tcnative-2.0.65.Final-linux-aarch_64-fedora.jar
                                                                 [classpath] /var/lib/neo4j/lib/neo4j-cypher-ast-factory-5.22.0.jar
                                                                 [classpath] /var/lib/neo4j/lib/neo4j-java-driver-5.22.0.jar
                                                                 [classpath] /var/lib/neo4j/lib/netty-transport-native-epoll-4.1.111.Final-linux-x86_64.jar
                                                                 [classpath] /var/lib/neo4j/lib/neo4j-cypher-rendering-5.22.0.jar
                                                                 [classpath] /var/lib/neo4j/lib/cypher-v6-ast-factory-5.22.0.jar
                                                                 [classpath] /var/lib/neo4j/lib/cypher-shell-5.22.0.jar
                                                                 [classpath] /var/lib/neo4j/lib/netty-handler-4.1.111.Final.jar
                                                                 [classpath] /var/lib/neo4j/lib/kiama_2.13-2.5.1.jar
                                                                 [classpath] /var/lib/neo4j/lib/jakarta.ws.rs-api-2.1.6.jar
                                                                 [classpath] /var/lib/neo4j/lib/netty-transport-native-kqueue-4.1.111.Final-osx-aarch_64.jar
                                                                 [classpath] /var/lib/neo4j/lib/neo4j-cypher-ir-5.22.0.jar
                                                                 [classpath] /var/lib/neo4j/lib/jackson-core-2.17.1.jar
                                                                 [classpath] /var/lib/neo4j/lib/istack-commons-runtime-3.0.8.jar
                                                                 [classpath] /var/lib/neo4j/lib/neo4j-cloud-5.22.0.jar
                                                                 [classpath] /var/lib/neo4j/lib/jetty-servlet-api-4.0.6.jar
                                                                 [classpath] /var/lib/neo4j/lib/neo4j-cypher-javacc-parser-5.22.0.jar
                                                                 [classpath] /var/lib/neo4j/lib/eclipse-collections-11.1.0.jar
                                                                 [classpath] /var/lib/neo4j/lib/guava-33.2.1-jre.jar
                                                                 [classpath] /var/lib/neo4j/lib/shiro-cache-2.0.0.jar
                                                                 [classpath] /var/lib/neo4j/lib/cypher-v5-literal-interpreter-5.22.0.jar
                                                                 [classpath] /var/lib/neo4j/lib/netty-common-4.1.111.Final.jar
                                                                 [classpath] /var/lib/neo4j/lib/commons-text-1.12.0.jar
                                                                 [classpath] /var/lib/neo4j/lib/arrow-memory-netty-16.1.0.jar
                                                                 [classpath] /var/lib/neo4j/lib/neo4j-index-5.22.0.jar
                                                                 [classpath] /var/lib/neo4j/lib/neo4j-slf4j-provider-5.22.0.jar
                                                                 [classpath] /var/lib/neo4j/lib/reactor-core-3.6.7.jar
                                                                 [classpath] /var/lib/neo4j/lib/jakarta.validation-api-2.0.2.jar
                                                                 [classpath] /var/lib/neo4j/lib/picocli-4.7.6.jar
                                                                 [classpath] /var/lib/neo4j/lib/shiro-crypto-hash-2.0.0.jar
                                                                 [classpath] /var/lib/neo4j/lib/neo4j-exceptions-5.22.0.jar
                                                                 [classpath] /var/lib/neo4j/lib/shiro-hashes-argon2-2.0.0.jar
                                                                 [classpath] /var/lib/neo4j/lib/neo4j-wal-5.22.0.jar
                                                                 [classpath] /var/lib/neo4j/lib/antlr4-runtime-4.13.1.jar
                                                                 [classpath] /var/lib/neo4j/lib/hk2-utils-2.6.1.jar
                                                                 [classpath] /var/lib/neo4j/lib/stax-ex-1.8.1.jar
                                                                 [classpath] /var/lib/neo4j/lib/http2-common-10.0.20.jar
                                                                 [classpath] /var/lib/neo4j/lib/neo4j-query-router-5.22.0.jar
                                                                 [classpath] /var/lib/neo4j/lib/netty-transport-native-unix-common-4.1.111.Final.jar
                                                                 [classpath] /var/lib/neo4j/lib/txw2-2.3.2.jar
                                                                 [classpath] /var/lib/neo4j/lib/jetty-webapp-10.0.20.jar
                                                                 [classpath] /var/lib/neo4j/lib/commons-lang3-3.14.0.jar
                                                                 [classpath] /var/lib/neo4j/lib/log4j-api-2.20.0.jar
                                                                 [classpath] /var/lib/neo4j/lib/neo4j-gql-status-5.22.0.jar
                                                                 [classpath] /var/lib/neo4j/lib/argparse4j-0.9.0.jar
                                                                 [classpath] /var/lib/neo4j/lib/cypher-parser-ast-common-5.22.0.jar
                                                                 [classpath] /var/lib/neo4j/lib/ipaddress-5.5.0.jar
                                                                 [classpath] /var/lib/neo4j/lib/neo4j-cypher-physical-planning-5.22.0.jar
                                                                 [classpath] /var/lib/neo4j/lib/log4j-core-2.20.0.jar
                                                                 [classpath] /var/lib/neo4j/lib/jetty-http-10.0.20.jar
                                                                 [classpath] /var/lib/neo4j/lib/commons-compress-1.26.2.jar
                                                                 [classpath] /var/lib/neo4j/lib/protobuf-java-util-3.25.3.jar
                                                                 [classpath] /var/lib/neo4j/lib/neo4j-util-5.22.0.jar
                                                                 [classpath] /var/lib/neo4j/lib/jetty-util-10.0.20.jar
                                                                 [classpath] /var/lib/neo4j/lib/lucene-analysis-common-9.11.0.jar
                                                                 [classpath] /var/lib/neo4j/lib/cypher-v5-parser-listener-5.22.0.jar
                                                                 [classpath] /var/lib/neo4j/lib/neo4j-collections-5.22.0.jar
                                                                 [classpath] /var/lib/neo4j/lib/neo4j-storage-engine-util-5.22.0.jar
                                                                 [classpath] /var/lib/neo4j/lib/arrow-memory-netty-buffer-patch-16.1.0.jar
                                                                 [classpath] /var/lib/neo4j/lib/neo4j-bolt-5.22.0.jar
                                                                 [classpath] /var/lib/neo4j/lib/neo4j-native-5.22.0.jar
                                                                 [classpath] /var/lib/neo4j/lib/jetty-server-10.0.20.jar
                                                                 [classpath] /var/lib/neo4j/lib/zstd-jni-1.5.6-3.jar
                                                                 [classpath] /var/lib/neo4j/lib/neo4j-concurrent-5.22.0.jar
                                                                 [classpath] /var/lib/neo4j/lib/cypher-antlr-common-5.22.0.jar
                                                                 [classpath] /var/lib/neo4j/lib/neo4j-token-api-5.22.0.jar
                                                                 [classpath] /var/lib/neo4j/lib/scala-collection-contrib_2.13-0.3.0.jar
                                                                 [classpath] /var/lib/neo4j/lib/animal-sniffer-annotations-1.23.jar
                                                                 [classpath] /var/lib/neo4j/lib/netty-codec-socks-4.1.111.Final.jar
                                                                 [classpath] /var/lib/neo4j/lib/cypher-v5-antlr-parser-5.22.0.jar
                                                                 [classpath] /var/lib/neo4j/lib/jersey-client-2.34.jar
                                                                 [classpath] /var/lib/neo4j/lib/jersey-hk2-2.34.jar
                                                                 [classpath] /var/lib/neo4j/lib/neo4j-cypher-5.22.0.jar
                                                                 [classpath] /var/lib/neo4j/lib/jetty-security-10.0.20.jar
                                                                 [classpath] /var/lib/neo4j/lib/neo4j-cypher-planner-spi-5.22.0.jar
                                                                 [classpath] /var/lib/neo4j/lib/zstd-proxy-5.22.0.jar
                                                                 [classpath] /var/lib/neo4j/lib/neo4j-udc-5.22.0.jar
                                                                 [classpath] /var/lib/neo4j/lib/grpc-core-1.65.0.jar
                                                                 [classpath] /var/lib/neo4j/lib/neo4j-monitoring-5.22.0.jar
                                                                 [classpath] /var/lib/neo4j/lib/jPowerShell-3.0.jar
                                                                 [classpath] /var/lib/neo4j/lib/neo4j-import-tool-5.22.0.jar
                                                                 [classpath] /var/lib/neo4j/lib/jackson-databind-2.17.1.jar
                                                                 [classpath] /var/lib/neo4j/lib/server-api-5.22.0.jar
                                                                 [classpath] /var/lib/neo4j/lib/reactive-streams-1.0.4.jar
                                                                 [classpath] /var/lib/neo4j/lib/arrow-memory-core-16.1.0.jar
                                                                 [classpath] /var/lib/neo4j/lib/neo4j-cypher-runtime-util-5.22.0.jar
                                                                 [classpath] /var/lib/neo4j/lib/neo4j-command-line-5.22.0.jar
                                                                 [classpath] /var/lib/neo4j/lib/netty-transport-native-epoll-4.1.111.Final-linux-aarch_64.jar
                                                                 [classpath] /var/lib/neo4j/lib/neo4j-record-storage-engine-5.22.0.jar
                                                                 [classpath] /var/lib/neo4j/lib/javassist-3.25.0-GA.jar
                                                                 [classpath] /var/lib/neo4j/lib/jackson-module-jaxb-annotations-2.17.1.jar
                                                                 [classpath] /var/lib/neo4j/lib/netty-tcnative-2.0.65.Final-linux-x86_64.jar
                                                                 [classpath] /var/lib/neo4j/lib/neo4j-id-generator-5.22.0.jar
                                                                 [classpath] /var/lib/neo4j/lib/neo4j-notifications-5.22.0.jar
                                                                 [classpath] /var/lib/neo4j/lib/cypher-v6-antlr-parser-5.22.0.jar
                                                                 [classpath] /var/lib/neo4j/lib/listenablefuture-9999.0-empty-to-avoid-conflict-with-guava.jar
                                                                 [classpath] /var/lib/neo4j/lib/failureaccess-1.0.2.jar
                                                                 [classpath] /var/lib/neo4j/lib/http2-hpack-10.0.20.jar
                                                                 [classpath] /var/lib/neo4j/lib/netty-codec-http-4.1.111.Final.jar
                                                                 [classpath] /var/lib/neo4j/lib/cypher-parser-factory-5.22.0.jar
                                                                 [classpath] /var/lib/neo4j/lib/neo4j-layout-5.22.0.jar
                                                                 [classpath] /var/lib/neo4j/lib/neo4j-kernel-5.22.0.jar
                                                                 [classpath] /var/lib/neo4j/lib/neo4j-unsafe-5.22.0.jar
                                                                 [classpath] /var/lib/neo4j/lib/grpc-stub-1.65.0.jar
                                                                 [classpath] /var/lib/neo4j/lib/jersey-common-2.34.jar
                                                                 [classpath] /var/lib/neo4j/lib/cypher-v5-ast-factory-5.22.0.jar
                                                                 [classpath] /var/lib/neo4j/lib/lucene-backward-codecs-9.11.0.jar
                                                                 [classpath] /var/lib/neo4j/lib/neo4j-lock-5.22.0.jar
                                                                 [classpath] /var/lib/neo4j/lib/neo4j-configuration-5.22.0.jar
                                                                 [classpath] /var/lib/neo4j/lib/neo4j-data-collector-5.22.0.jar
                                                                 [classpath] /var/lib/neo4j/lib/http2-server-10.0.20.jar
                                                                 [classpath] /var/lib/neo4j/lib/neo4j-logging-5.22.0.jar
                                                                 [classpath] /var/lib/neo4j/lib/neo4j-schema-5.22.0.jar
                                                                 [classpath] /var/lib/neo4j/lib/jackson-jaxrs-base-2.17.1.jar
                                                                 [classpath] /var/lib/neo4j/lib/neo4j-bootcheck-5.22.0.jar
                                                                 [classpath] /var/lib/neo4j/lib/neo4j-cypher-cache-5.22.0.jar
                                                                 [classpath] /var/lib/neo4j/lib/shiro-crypto-core-2.0.0.jar
                                                                 [classpath] /var/lib/neo4j/lib/neo4j-cypher-interpreted-runtime-5.22.0.jar
                                                                 [classpath] /var/lib/neo4j/lib/jna-5.14.0.jar
                                                                 [classpath] /var/lib/neo4j/lib/neo4j-common-5.22.0.jar
                                                                 [classpath] /var/lib/neo4j/lib/commons-configuration2-2.11.0.jar
                                                                 [classpath] /var/lib/neo4j/lib/neo4j-csv-5.22.0.jar
                                                                 [classpath] /var/lib/neo4j/lib/netty-transport-4.1.111.Final.jar
                                                                 [classpath] /var/lib/neo4j/lib/protobuf-java-3.25.2.jar
                                                                 [classpath] /var/lib/neo4j/lib/jline-terminal-jansi-3.21.0.jar
                                                                 [classpath] /var/lib/neo4j/lib/hk2-api-2.6.1.jar
                                                                 [classpath] /var/lib/neo4j/lib/commons-logging-1.3.2.jar
                                                                 [classpath] /var/lib/neo4j/lib/neo4j-kernel-api-5.22.0.jar
                                                                 [classpath] /var/lib/neo4j/lib/grpc-api-1.65.0.jar
                                                                 [classpath] /var/lib/neo4j/lib/cypher-parser-common-5.22.0.jar
                                                                 [classpath] /var/lib/neo4j/lib/neo4j-graphdb-api-5.22.0.jar
                                                                 [classpath] /var/lib/neo4j/lib/neo4j-graph-algo-5.22.0.jar
                                                                 [classpath] /var/lib/neo4j/lib/neo4j-cypher-config-5.22.0.jar
                                                                 [classpath] /var/lib/neo4j/lib/lucene-core-9.11.0.jar
                                                                 [classpath] /var/lib/neo4j/lib/jackson-annotations-2.17.1.jar
                                                                 [classpath] /var/lib/neo4j/lib/shiro-core-2.0.0.jar
                                                                 [classpath] /var/lib/neo4j/lib/neo4j-fabric-5.22.0.jar
                                                                 [classpath] /var/lib/neo4j/lib/jsr305-3.0.2.jar
                                                                 [classpath] /var/lib/neo4j/lib/grpc-protobuf-1.65.0.jar
                                                                 [classpath] /var/lib/neo4j/lib/shiro-lang-2.0.0.jar
                                                                 [classpath] /var/lib/neo4j/lib/commons-codec-1.17.0.jar
                                                                 [classpath] /var/lib/neo4j/lib/jakarta.activation-api-1.2.2.jar
                                                                 [classpath] /var/lib/neo4j/lib/neo4j-cypher-macros-5.22.0.jar
                                                                 [classpath] /var/lib/neo4j/lib/grpc-util-1.62.2.jar
                                                                 [classpath] /var/lib/neo4j/lib/neo4j-diagnostics-5.22.0.jar
                                                                 [classpath] /var/lib/neo4j/lib/jetty-alpn-java-server-10.0.20.jar
                                                                 [classpath] /var/lib/neo4j/lib/neo4j-fulltext-index-5.22.0.jar
                                                                 [classpath] /var/lib/neo4j/lib/jettison-1.5.4.jar
                                                                 [classpath] /var/lib/neo4j/lib/jakarta.inject-2.6.1.jar
                                                                 [classpath] /var/lib/neo4j/lib/neo4j-cypher-slotted-runtime-5.22.0.jar
                                                                 [classpath] /var/lib/neo4j/lib/netty-tcnative-classes-2.0.65.Final.jar
                                                                 [classpath] /var/lib/neo4j/lib/slf4j-api-2.0.9.jar
                                                                 [classpath] /var/lib/neo4j/lib/perfmark-api-0.26.0.jar
                                                                 [classpath] /var/lib/neo4j/lib/arrow-vector-16.1.0.jar
                                                                 [classpath] /var/lib/neo4j/lib/gson-2.11.0.jar
                                                                 [classpath] /var/lib/neo4j/lib/jline-reader-3.21.0.jar
                                                                 [classpath] /var/lib/neo4j/lib/FastInfoset-1.2.16.jar
                                                                 [classpath] /var/lib/neo4j/lib/shiro-crypto-cipher-2.0.0.jar
                                                                 [classpath] /var/lib/neo4j/lib/neo4j-ssl-5.22.0.jar
                                                                 [classpath] /var/lib/neo4j/lib/cypher-ast-factory-5.22.0.jar
                                                                 [classpath] /var/lib/neo4j/lib/jackson-jaxrs-json-provider-2.17.1.jar
                                                                 [classpath] /var/lib/neo4j/lib/netty-tcnative-2.0.65.Final-linux-x86_64-fedora.jar
                                                                 [classpath] /var/lib/neo4j/lib/netty-codec-http2-4.1.111.Final.jar
                                                                 [classpath] /var/lib/neo4j/lib/neo4j-cypher-expression-evaluator-5.22.0.jar
                                                                 [classpath] /var/lib/neo4j/lib/neo4j-rewriting-5.22.0.jar
                                                                 [classpath] /var/lib/neo4j/lib/flatbuffers-java-23.5.26.jar
                                                                 [classpath] /var/lib/neo4j/lib/lucene-queryparser-9.11.0.jar
                                                                 [classpath] /var/lib/neo4j/lib/neo4j-expressions-5.22.0.jar
                                                                 [classpath] /var/lib/neo4j/lib/neo4j-lucene-index-5.22.0.jar
                                                                 [classpath] /var/lib/neo4j/lib/proto-google-common-protos-2.40.0.jar
                                                                 [classpath] /var/lib/neo4j/lib/netty-transport-classes-kqueue-4.1.111.Final.jar
                                                                 [classpath] /var/lib/neo4j/lib/annotations-5.22.0.jar
                                                                 [classpath] /var/lib/neo4j/lib/neo4j-codegen-5.22.0.jar
                                                                 [classpath] /var/lib/neo4j/lib/scala-reflect-2.13.11.jar
                                                                 [classpath] /var/lib/neo4j/plugins/apoc.jar
                                                                 [classpath] /var/lib/neo4j/lib/commons-io-2.16.1.jar
                                                                 [classpath] /var/lib/neo4j/lib/jakarta.annotation-api-1.3.5.jar
                                                                 [classpath] /var/lib/neo4j/lib/jctools-core-4.0.5.jar
                                                                 [classpath] /var/lib/neo4j/lib/grpc-context-1.65.0.jar
                                                                 [classpath] /var/lib/neo4j/lib/netty-transport-native-kqueue-4.1.111.Final-osx-x86_64.jar
                                                                 [classpath] /var/lib/neo4j/lib/neo4j-io-5.22.0.jar
                                                                 [classpath] /var/lib/neo4j/lib/flight-core-16.1.0.jar
                                                                 [classpath] /var/lib/neo4j/lib/neo4j-dbms-5.22.0.jar
                                                                 [classpath] /var/lib/neo4j/lib/neo4j-server-5.22.0.jar
                                                                 [classpath] /var/lib/neo4j/lib/neo4j-push-to-cloud-5.22.0.jar
                                                                 [classpath] /var/lib/neo4j/lib/neo4j-security-5.22.0.jar
                                                                 [classpath] /var/lib/neo4j/lib/log4j-layout-template-json-2.20.0.jar
                                                                 [classpath] /var/lib/neo4j/lib/netty-buffer-4.1.111.Final.jar
                                                                 [classpath] /var/lib/neo4j/lib/shiro-hashes-bcrypt-2.0.0.jar
                                                                 [classpath] /var/lib/neo4j/lib/jersey-server-2.34.jar
                                                                 [classpath] /var/lib/neo4j/lib/neo4j-consistency-check-5.22.0.jar
                                                                 [classpath] /var/lib/neo4j/lib/neo4j-capabilities-5.22.0.jar
                                                                 [classpath] /var/lib/neo4j/lib/shiro-config-core-2.0.0.jar
                                                                 [classpath] /var/lib/neo4j/lib/neo4j-cypher-dsl-2024.0.0.jar
                                                                 [classpath] /var/lib/neo4j/lib/shiro-event-2.0.0.jar
                                                                
                                                                --------------------------------------------------------------------------------
                                                                                                [ Library path ]                                
                                                                --------------------------------------------------------------------------------
                                                                /usr/java/packages/lib
                                                                /usr/lib64
                                                                /lib64
                                                                /lib
                                                                /usr/lib
                                                                
                                                                --------------------------------------------------------------------------------
                                                                                             [ System properties ]                              
                                                                --------------------------------------------------------------------------------
                                                                jdk.tls.rejectClientInitiatedRenegotiation = true
                                                                sun.jnu.encoding = UTF-8
                                                                sun.arch.data.model = 64
                                                                user.timezone = Etc/UTC
                                                                sun.java.launcher = SUN_STANDARD
                                                                sun.boot.library.path = /opt/java/openjdk/lib
                                                                sun.java.command = org.neo4j.server.CommunityEntryPoint --home-dir=/var/lib/neo4j --config-dir=/var/lib/neo4j/conf --console-mode
                                                                jdk.debug = release
                                                                io.netty.tryReflectionSetAccessible = true
                                                                sun.cpu.endian = little
                                                                user.home = /var/lib/neo4j
                                                                user.language = en
                                                                file.separator = /
                                                                jdk.tls.ephemeralDHKeySize = 2048
                                                                sun.management.compiler = HotSpot 64-Bit Tiered Compilers
                                                                user.name = neo4j
                                                                jdk.nio.maxCachedBufferSize = 1024
                                                                path.separator = :
                                                                file.encoding = UTF-8
                                                                jnidispatch.path = /var/lib/neo4j/.cache/JNA/temp/jna10510499940899985081.tmp
                                                                jna.loaded = true
                                                                user.dir = /var/lib/neo4j
                                                                native.encoding = UTF-8
                                                                sun.io.unicode.encoding = UnicodeLittle
                                                                log4j2.disable.jmx = true
                                                                
                                                                --------------------------------------------------------------------------------
                                                                                      [ (IANA) TimeZone database version ]                      
                                                                --------------------------------------------------------------------------------
                                                                  TimeZone version: 2024a (available for 603 zone identifiers)
                                                                
                                                                --------------------------------------------------------------------------------
                                                                                            [ Network information ]                             
                                                                --------------------------------------------------------------------------------
                                                                Interface eth0:
                                                                    address: 172.18.0.2
                                                                Interface lo:
                                                                    address: 0:0:0:0:0:0:0:1%lo
                                                                    address: 127.0.0.1
                                                                
                                                                --------------------------------------------------------------------------------
                                                                                         [ Native access information ]                          
                                                                --------------------------------------------------------------------------------
                                                                Native access details: Linux native access is available.
                                                                
                                                                --------------------------------------------------------------------------------
                                                                                                [ DBMS config ]                                 
                                                                --------------------------------------------------------------------------------
                                                                DBMS provided settings:
                                                                db.tx_log.rotation.retention_policy=2 days 2G
                                                                dbms.security.procedures.unrestricted=apoc.*
                                                                server.bolt.enabled=true
                                                                server.default_listen_address=0.0.0.0
                                                                server.directories.import=/var/lib/neo4j/import
                                                                server.directories.logs=/logs
                                                                server.directories.neo4j_home=/var/lib/neo4j
                                                                server.http.enabled=true
                                                                server.https.enabled=false
                                                                server.jvm.additional=-XX:+UseG1GC
-XX:-OmitStackTraceInFastThrow
-XX:+AlwaysPreTouch
-XX:+UnlockExperimentalVMOptions
-XX:+TrustFinalNonStaticFields
-XX:+DisableExplicitGC
-Djdk.nio.maxCachedBufferSize=1024
-Dio.netty.tryReflectionSetAccessible=true
-Djdk.tls.ephemeralDHKeySize=2048
-Djdk.tls.rejectClientInitiatedRenegotiation=true
-XX:FlightRecorderOptions=stackdepth=256
-XX:+UnlockDiagnosticVMOptions
-XX:+DebugNonSafepoints
--add-opens=java.base/java.nio=ALL-UNNAMED
--add-opens=java.base/java.io=ALL-UNNAMED
--add-opens=java.base/sun.nio.ch=ALL-UNNAMED
-Dlog4j2.disable.jmx=true
                                                                server.memory.heap.initial_size=1.00GiB
                                                                server.memory.heap.max_size=2.00GiB
                                                                server.memory.pagecache.size=1.00GiB
                                                                server.windows_service_name=neo4j
                                                                Directories in use:
                                                                server.directories.data=/var/lib/neo4j/data
                                                                server.directories.dumps.root=/var/lib/neo4j/data/dumps
                                                                server.directories.import=/var/lib/neo4j/import
                                                                server.directories.lib=/var/lib/neo4j/lib
                                                                server.directories.licenses=/var/lib/neo4j/licenses
                                                                server.directories.logs=/logs
                                                                server.directories.neo4j_home=/var/lib/neo4j
                                                                server.directories.plugins=/var/lib/neo4j/plugins
                                                                server.directories.run=/var/lib/neo4j/run
                                                                server.directories.script.root=/var/lib/neo4j/data/scripts
                                                                server.directories.transaction.logs.root=/var/lib/neo4j/data/transactions
                                                                
                                                                --------------------------------------------------------------------------------
                                                                                                 [ Packaging ]                                  
                                                                --------------------------------------------------------------------------------
                                                                Edition: Community
                                                                Package Type: docker bullseye
                                                                
2026-05-21 19:58:02.516+0000 INFO  [o.n.d.i.DefaultIdentityModule] Found ServerId on disk: ServerId{3a5aed81} (3a5aed81-2449-4cf2-a314-72ebf6e03408)
2026-05-21 19:58:02.524+0000 INFO  [o.n.d.i.DefaultIdentityModule] This instance is ServerId{3a5aed81} (3a5aed81-2449-4cf2-a314-72ebf6e03408)
2026-05-21 19:58:04.555+0000 INFO  [o.n.s.CommunityNeoWebServer] ======== Neo4j 5.22.0 ========
2026-05-21 19:58:04.596+0000 INFO  [o.n.d.d.DatabaseLifecycles] Creating 'DatabaseId{00000000[system]}'.
2026-05-21 19:58:04.727+0000 INFO  [a.ApocConfig] successfully registered ApocConfig for @Context
2026-05-21 19:58:04.730+0000 INFO  [a.Pools] successfully registered Pools for @Context
2026-05-21 19:58:04.952+0000 INFO  [a.ApocConfig] cannot determine conf folder from sys property org.neo4j.server.CommunityEntryPoint --home-dir=/var/lib/neo4j --config-dir=/var/lib/neo4j/conf --console-mode, assuming /var/lib/neo4j/conf
2026-05-21 19:58:04.953+0000 INFO  [a.ApocConfig] system property NEO4J_CONF set to /var/lib/neo4j/conf
2026-05-21 19:58:05.067+0000 INFO  [a.ApocConfig] setting APOC config to default value: apoc.trigger.enabled=false
2026-05-21 19:58:05.068+0000 INFO  [a.ApocConfig] setting APOC config to default value: apoc.import.file.use_neo4j_config=true
2026-05-21 19:58:05.069+0000 INFO  [a.ApocConfig] setting APOC config to default value: apoc.export.file.enabled=false
2026-05-21 19:58:05.070+0000 INFO  [a.ApocConfig] setting APOC config to default value: apoc.import.file.enabled=false
2026-05-21 19:58:05.160+0000 INFO  [o.n.b.BoltServer] Using connector transport epoll
2026-05-21 19:58:05.269+0000 INFO  [o.n.b.BoltServer] Configured external Bolt connector with listener address /0.0.0.0:7687
2026-05-21 19:58:05.271+0000 INFO  [o.n.b.BoltServer] Bolt server loaded
2026-05-21 19:58:05.324+0000 INFO  [o.n.d.d.DatabaseLifecycles] Starting 'DatabaseId{00000000[system]}'.
2026-05-21 19:58:05.951+0000 INFO  [o.n.k.i.t.l.f.c.CheckpointLogFile] [system/00000000] Scanning log file with version 0 for checkpoint entries
2026-05-21 19:58:06.399+0000 INFO  [o.n.k.i.s.f.RecordFormatSelector] [system/00000000] Selected RecordFormat:PageAlignedV5_0[aligned-1.1] record format from store /data/databases/system
2026-05-21 19:58:06.400+0000 INFO  [o.n.k.i.s.f.RecordFormatSelector] [system/00000000] Selected format from the store files: RecordFormat:PageAlignedV5_0[aligned-1.1]
2026-05-21 19:58:08.467+0000 INFO  [o.n.i.d.DiagnosticsManager] [system/00000000] 
                                                                [system/00000000] ********************************************************************************
                                                                [system/00000000]                               [ Database: system ]                              
                                                                [system/00000000] ********************************************************************************
                                                                [system/00000000] --------------------------------------------------------------------------------
                                                                [system/00000000]                                   [ Version ]                                   
                                                                [system/00000000] --------------------------------------------------------------------------------
                                                                [system/00000000] DBMS: community record-aligned-1.1
                                                                [system/00000000] Kernel version: 5.22.0
                                                                [system/00000000] 
                                                                [system/00000000] --------------------------------------------------------------------------------
                                                                [system/00000000]                                 [ Store files ]                                 
                                                                [system/00000000] --------------------------------------------------------------------------------
                                                                [system/00000000] Disk space on partition (Total / Free / Free %): 511048675328 / 142864343040 / 27
                                                                [system/00000000] Storage files stored on file store: 9p
                                                                [system/00000000] Storage files: (filename : modification date - size)
                                                                [system/00000000]   database_lock: 2026-05-21 07:36:42.853+0000 - 0B
                                                                [system/00000000]   id-buffer.tmp.0: 2026-05-21 07:36:42.831+0000 - 0B
                                                                [system/00000000]   neostore: 2026-05-21 07:36:42.465+0000 - 8.000KiB
                                                                [system/00000000]   neostore.counts.db: 2026-05-21 19:58:07.101+0000 - 48.00KiB
                                                                [system/00000000]   neostore.indexstats.db: 2026-05-21 19:58:07.197+0000 - 48.00KiB
                                                                [system/00000000]   neostore.labeltokenstore.db: 2026-05-21 07:52:12.500+0000 - 8.000KiB
                                                                [system/00000000]   neostore.labeltokenstore.db.id: 2026-05-21 19:58:06.931+0000 - 40.00KiB
                                                                [system/00000000]   neostore.labeltokenstore.db.names: 2026-05-21 07:52:12.520+0000 - 8.000KiB
                                                                [system/00000000]   neostore.labeltokenstore.db.names.id: 2026-05-21 19:58:06.903+0000 - 40.00KiB
                                                                [system/00000000]   neostore.nodestore.db: 2026-05-21 07:52:12.529+0000 - 8.000KiB
                                                                [system/00000000]   neostore.nodestore.db.id: 2026-05-21 19:58:06.713+0000 - 40.00KiB
                                                                [system/00000000]   neostore.nodestore.db.labels: 2026-05-21 07:36:42.232+0000 - 8.000KiB
                                                                [system/00000000]   neostore.nodestore.db.labels.id: 2026-05-21 19:58:06.667+0000 - 40.00KiB
                                                                [system/00000000]   neostore.propertystore.db: 2026-05-21 07:52:12.504+0000 - 8.000KiB
                                                                [system/00000000]   neostore.propertystore.db.arrays: 2026-05-21 07:36:42.339+0000 - 8.000KiB
                                                                [system/00000000]   neostore.propertystore.db.arrays.id: 2026-05-21 19:58:06.794+0000 - 40.00KiB
                                                                [system/00000000]   neostore.propertystore.db.id: 2026-05-21 19:58:06.817+0000 - 40.00KiB
                                                                [system/00000000]   neostore.propertystore.db.index: 2026-05-21 07:52:12.509+0000 - 8.000KiB
                                                                [system/00000000]   neostore.propertystore.db.index.id: 2026-05-21 19:58:06.752+0000 - 40.00KiB
                                                                [system/00000000]   neostore.propertystore.db.index.keys: 2026-05-21 07:52:12.540+0000 - 8.000KiB
                                                                [system/00000000]   neostore.propertystore.db.index.keys.id: 2026-05-21 19:58:06.734+0000 - 40.00KiB
                                                                [system/00000000]   neostore.propertystore.db.strings: 2026-05-21 07:52:12.536+0000 - 8.000KiB
                                                                [system/00000000]   neostore.propertystore.db.strings.id: 2026-05-21 19:58:06.773+0000 - 40.00KiB
                                                                [system/00000000]   neostore.relationshipgroupstore.db: 2026-05-21 07:36:42.442+0000 - 8.000KiB
                                                                [system/00000000]   neostore.relationshipgroupstore.db.id: 2026-05-21 19:58:06.979+0000 - 40.00KiB
                                                                [system/00000000]   neostore.relationshipgroupstore.degrees.db: 2026-05-21 19:58:07.149+0000 - 40.00KiB
                                                                [system/00000000]   neostore.relationshipstore.db: 2026-05-21 07:52:12.525+0000 - 8.000KiB
                                                                [system/00000000]   neostore.relationshipstore.db.id: 2026-05-21 19:58:06.838+0000 - 40.00KiB
                                                                [system/00000000]   neostore.relationshiptypestore.db: 2026-05-21 07:52:12.544+0000 - 8.000KiB
                                                                [system/00000000]   neostore.relationshiptypestore.db.id: 2026-05-21 19:58:06.878+0000 - 40.00KiB
                                                                [system/00000000]   neostore.relationshiptypestore.db.names: 2026-05-21 07:52:12.493+0000 - 8.000KiB
                                                                [system/00000000]   neostore.relationshiptypestore.db.names.id: 2026-05-21 19:58:06.859+0000 - 40.00KiB
                                                                [system/00000000]   neostore.schemastore.db: 2026-05-21 07:52:12.513+0000 - 8.000KiB
                                                                [system/00000000]   neostore.schemastore.db.id: 2026-05-21 19:58:06.955+0000 - 40.00KiB
                                                                [system/00000000]   schema:
                                                                [system/00000000]     index:
                                                                [system/00000000]       range-1.0:
                                                                [system/00000000]         3:
                                                                [system/00000000]           index-3: 2026-05-21 07:52:12.292+0000 - 48.00KiB
                                                                [system/00000000]         - Total: 2026-05-21 07:37:04.278+0000 - 48.00KiB
                                                                [system/00000000]         4:
                                                                [system/00000000]           index-4: 2026-05-21 07:52:12.304+0000 - 48.00KiB
                                                                [system/00000000]         - Total: 2026-05-21 07:37:04.375+0000 - 48.00KiB
                                                                [system/00000000]         7:
                                                                [system/00000000]           index-7: 2026-05-21 07:52:12.317+0000 - 48.00KiB
                                                                [system/00000000]         - Total: 2026-05-21 07:37:04.687+0000 - 48.00KiB
                                                                [system/00000000]         8:
                                                                [system/00000000]           index-8: 2026-05-21 07:52:12.329+0000 - 48.00KiB
                                                                [system/00000000]         - Total: 2026-05-21 07:37:04.761+0000 - 48.00KiB
                                                                [system/00000000]         9:
                                                                [system/00000000]           index-9: 2026-05-21 07:52:12.342+0000 - 48.00KiB
                                                                [system/00000000]         - Total: 2026-05-21 07:37:04.825+0000 - 48.00KiB
                                                                [system/00000000]       - Total: 2026-05-21 07:37:04.821+0000 - 240.0KiB
                                                                [system/00000000]       token-lookup-1.0:
                                                                [system/00000000]         1:
                                                                [system/00000000]           index-1: 2026-05-21 07:52:12.264+0000 - 48.00KiB
                                                                [system/00000000]         - Total: 2026-05-21 07:37:02.482+0000 - 48.00KiB
                                                                [system/00000000]         2:
                                                                [system/00000000]           index-2: 2026-05-21 07:52:12.277+0000 - 48.00KiB
                                                                [system/00000000]         - Total: 2026-05-21 07:37:02.563+0000 - 48.00KiB
                                                                [system/00000000]       - Total: 2026-05-21 07:37:02.558+0000 - 96.00KiB
                                                                [system/00000000]     - Total: 2026-05-21 07:37:04.270+0000 - 336.0KiB
                                                                [system/00000000]   - Total: 2026-05-21 07:37:02.462+0000 - 336.0KiB
                                                                [system/00000000] Storage summary: 
                                                                [system/00000000]   Total size of store: 1.125MiB
                                                                [system/00000000]   Total size of mapped files: 456.0KiB
                                                                [system/00000000] 
                                                                [system/00000000] --------------------------------------------------------------------------------
                                                                [system/00000000]                               [ Transaction log ]                               
                                                                [system/00000000] --------------------------------------------------------------------------------
                                                                [system/00000000] Transaction log files stored on file store: 9p
                                                                [system/00000000] Transaction log metadata:
                                                                [system/00000000]  - current kernel version used in transactions: V5_22
                                                                [system/00000000]  - last committed transaction id: 41
                                                                [system/00000000] Transaction log files:
                                                                [system/00000000]  - existing transaction log versions: 0-0
                                                                [system/00000000]  - oldest append index 2 found in log with version 0
                                                                [system/00000000]  - files: (filename : creation date - size)
                                                                [system/00000000]      neostore.transaction.db.0: 1970-01-01 00:00:00.000+0000 - 256.0MiB
                                                                [system/00000000]  - total size of files: 256.0MiB
                                                                [system/00000000] Checkpoint log files:
                                                                [system/00000000]  - existing checkpoint log versions: 0-0
                                                                [system/00000000]  - last checkpoint: CheckpointInfo[oldestNotVisibleTransactionLogPosition=LogPosition{logVersion=0, byteOffset=24028}, transactionLogPosition=LogPosition{logVersion=0, byteOffset=24028}, storeId=StoreId{creationTime=1779349002456, random=4238966160222628559, storageEngineName='record', formatName='aligned', majorVersion=1, minorVersion=1}, checkpointEntryPosition=LogPosition{logVersion=0, byteOffset=360}, channelPositionAfterCheckpoint=LogPosition{logVersion=0, byteOffset=592}, checkpointFilePostReadPosition=LogPosition{logVersion=0, byteOffset=592}, kernelVersion=KernelVersion{V5_22,version=18}, kernelVersionByte=18, transactionId=TransactionId[id=41, appendIndex=41, kernelVersion=KernelVersion{V5_22,version=18}, checksum=-1897652207, commitTimestamp=1779349024933, consensusIndex=-1], appendIndex=41, reason=Checkpoint triggered by "Scheduled checkpoint for every 15 minutes threshol, consensusIndexInCheckpoint=true]
                                                                [system/00000000] 
                                                                [system/00000000] --------------------------------------------------------------------------------
                                                                [system/00000000]                                   [ Id usage ]                                  
                                                                [system/00000000] --------------------------------------------------------------------------------
                                                                [system/00000000] ArrayPropertyStore[neostore.nodestore.db.labels]: used=1 high=0
                                                                [system/00000000] NodeStore[neostore.nodestore.db]: used=7 high=6
                                                                [system/00000000] StringPropertyStore[neostore.propertystore.db.index.keys]: used=47 high=46
                                                                [system/00000000] PropertyIndexStore[neostore.propertystore.db.index]: used=33 high=32
                                                                [system/00000000] StringPropertyStore[neostore.propertystore.db.strings]: used=3 high=2
                                                                [system/00000000] ArrayPropertyStore[neostore.propertystore.db.arrays]: used=1 high=0
                                                                [system/00000000] PropertyStore[neostore.propertystore.db]: used=73 high=72
                                                                [system/00000000] RelationshipStore[neostore.relationshipstore.db]: used=3 high=2
                                                                [system/00000000] StringPropertyStore[neostore.relationshiptypestore.db.names]: used=3 high=2
                                                                [system/00000000] RelationshipTypeStore[neostore.relationshiptypestore.db]: used=2 high=1
                                                                [system/00000000] StringPropertyStore[neostore.labeltokenstore.db.names]: used=6 high=5
                                                                [system/00000000] LabelTokenStore[neostore.labeltokenstore.db]: used=5 high=4
                                                                [system/00000000] SchemaStore[neostore.schemastore.db]: used=13 high=12
                                                                [system/00000000] RelationshipGroupStore[neostore.relationshipgroupstore.db]: used=1 high=0
                                                                [system/00000000] NeoStore[neostore]: used=-1 high=-1
                                                                [system/00000000] 
                                                                [system/00000000] --------------------------------------------------------------------------------
                                                                [system/00000000]                                   [ Metadata ]                                  
                                                                [system/00000000] --------------------------------------------------------------------------------
                                                                [system/00000000] EXTERNAL_STORE_UUID (Database identifier exposed as external store identity. Generated on creation and never updated): 727e3ad5-fa91-4c4a-bb93-2f28b9759626
                                                                [system/00000000] DATABASE_ID (The last used DatabaseId for this database): null
                                                                [system/00000000] LEGACY_STORE_VERSION (Legacy store format version. This field is used from 5.0 onwards only to distinguish non-migrated pre 5.0 metadata stores.): -3523014627327384477
                                                                [system/00000000] STORE_ID (Store ID): StoreId{creationTime=1779349002456, random=4238966160222628559, storageEngineName='record', formatName='aligned', majorVersion=1, minorVersion=1}
                                                                [system/00000000] 
2026-05-21 19:58:08.651+0000 INFO  [o.n.k.i.i.s.TokenIndexProvider] [system/00000000] Schema index cleanup job registered: descriptor=Index( id=1, name='index_343aff4e', type='LOOKUP', schema=(:<any-labels>), indexProvider='token-lookup-1.0' ), indexFile=/data/databases/system/schema/index/token-lookup-1.0/1/index-1
2026-05-21 19:58:08.652+0000 INFO  [o.n.k.i.i.s.TokenIndexProvider] [system/00000000] Schema index cleanup job started: descriptor=Index( id=1, name='index_343aff4e', type='LOOKUP', schema=(:<any-labels>), indexProvider='token-lookup-1.0' ), indexFile=/data/databases/system/schema/index/token-lookup-1.0/1/index-1
2026-05-21 19:58:08.656+0000 INFO  [o.n.k.i.i.s.TokenIndexProvider] [system/00000000] Schema index cleanup job finished: descriptor=Index( id=1, name='index_343aff4e', type='LOOKUP', schema=(:<any-labels>), indexProvider='token-lookup-1.0' ), indexFile=/data/databases/system/schema/index/token-lookup-1.0/1/index-1 Number of pages visited: 3, Number of tree nodes: 2, Number of cleaned crashed pointers: 0, Time spent: 1ms
2026-05-21 19:58:08.657+0000 INFO  [o.n.k.i.i.s.TokenIndexProvider] [system/00000000] Schema index cleanup job closed: descriptor=Index( id=1, name='index_343aff4e', type='LOOKUP', schema=(:<any-labels>), indexProvider='token-lookup-1.0' ), indexFile=/data/databases/system/schema/index/token-lookup-1.0/1/index-1
2026-05-21 19:58:08.690+0000 INFO  [o.n.k.i.i.s.TokenIndexProvider] [system/00000000] Schema index cleanup job registered: descriptor=Index( id=2, name='index_f7700477', type='LOOKUP', schema=()-[:<any-types>]-(), indexProvider='token-lookup-1.0' ), indexFile=/data/databases/system/schema/index/token-lookup-1.0/2/index-2
2026-05-21 19:58:08.692+0000 INFO  [o.n.k.i.i.s.TokenIndexProvider] [system/00000000] Schema index cleanup job started: descriptor=Index( id=2, name='index_f7700477', type='LOOKUP', schema=()-[:<any-types>]-(), indexProvider='token-lookup-1.0' ), indexFile=/data/databases/system/schema/index/token-lookup-1.0/2/index-2
2026-05-21 19:58:08.696+0000 INFO  [o.n.k.i.i.s.TokenIndexProvider] [system/00000000] Schema index cleanup job finished: descriptor=Index( id=2, name='index_f7700477', type='LOOKUP', schema=()-[:<any-types>]-(), indexProvider='token-lookup-1.0' ), indexFile=/data/databases/system/schema/index/token-lookup-1.0/2/index-2 Number of pages visited: 3, Number of tree nodes: 2, Number of cleaned crashed pointers: 0, Time spent: 2ms
2026-05-21 19:58:08.697+0000 INFO  [o.n.k.i.i.s.TokenIndexProvider] [system/00000000] Schema index cleanup job closed: descriptor=Index( id=2, name='index_f7700477', type='LOOKUP', schema=()-[:<any-types>]-(), indexProvider='token-lookup-1.0' ), indexFile=/data/databases/system/schema/index/token-lookup-1.0/2/index-2
2026-05-21 19:58:08.784+0000 INFO  [o.n.k.i.i.s.RangeIndexProvider] [system/00000000] Schema index cleanup job registered: descriptor=Index( id=3, name='constraint_798238d6', type='RANGE', schema=(:Label[1] {PropertyKey[11], PropertyKey[12]}), indexProvider='range-1.0', owningConstraint=6 ), indexFile=/data/databases/system/schema/index/range-1.0/3/index-3
2026-05-21 19:58:08.786+0000 INFO  [o.n.k.i.i.s.RangeIndexProvider] [system/00000000] Schema index cleanup job started: descriptor=Index( id=3, name='constraint_798238d6', type='RANGE', schema=(:Label[1] {PropertyKey[11], PropertyKey[12]}), indexProvider='range-1.0', owningConstraint=6 ), indexFile=/data/databases/system/schema/index/range-1.0/3/index-3
2026-05-21 19:58:08.792+0000 INFO  [o.n.k.i.i.s.RangeIndexProvider] [system/00000000] Schema index cleanup job finished: descriptor=Index( id=3, name='constraint_798238d6', type='RANGE', schema=(:Label[1] {PropertyKey[11], PropertyKey[12]}), indexProvider='range-1.0', owningConstraint=6 ), indexFile=/data/databases/system/schema/index/range-1.0/3/index-3 Number of pages visited: 3, Number of tree nodes: 2, Number of cleaned crashed pointers: 0, Time spent: 3ms
2026-05-21 19:58:08.793+0000 INFO  [o.n.k.i.i.s.RangeIndexProvider] [system/00000000] Schema index cleanup job closed: descriptor=Index( id=3, name='constraint_798238d6', type='RANGE', schema=(:Label[1] {PropertyKey[11], PropertyKey[12]}), indexProvider='range-1.0', owningConstraint=6 ), indexFile=/data/databases/system/schema/index/range-1.0/3/index-3
2026-05-21 19:58:08.843+0000 INFO  [o.n.k.i.i.s.RangeIndexProvider] [system/00000000] Schema index cleanup job registered: descriptor=Index( id=4, name='constraint_8014b60a', type='RANGE', schema=(:Label[2] {PropertyKey[11]}), indexProvider='range-1.0', owningConstraint=5 ), indexFile=/data/databases/system/schema/index/range-1.0/4/index-4
2026-05-21 19:58:08.845+0000 INFO  [o.n.k.i.i.s.RangeIndexProvider] [system/00000000] Schema index cleanup job started: descriptor=Index( id=4, name='constraint_8014b60a', type='RANGE', schema=(:Label[2] {PropertyKey[11]}), indexProvider='range-1.0', owningConstraint=5 ), indexFile=/data/databases/system/schema/index/range-1.0/4/index-4
2026-05-21 19:58:08.853+0000 INFO  [o.n.k.i.i.s.RangeIndexProvider] [system/00000000] Schema index cleanup job finished: descriptor=Index( id=4, name='constraint_8014b60a', type='RANGE', schema=(:Label[2] {PropertyKey[11]}), indexProvider='range-1.0', owningConstraint=5 ), indexFile=/data/databases/system/schema/index/range-1.0/4/index-4 Number of pages visited: 3, Number of tree nodes: 2, Number of cleaned crashed pointers: 0, Time spent: 6ms
2026-05-21 19:58:08.854+0000 INFO  [o.n.k.i.i.s.RangeIndexProvider] [system/00000000] Schema index cleanup job closed: descriptor=Index( id=4, name='constraint_8014b60a', type='RANGE', schema=(:Label[2] {PropertyKey[11]}), indexProvider='range-1.0', owningConstraint=5 ), indexFile=/data/databases/system/schema/index/range-1.0/4/index-4
2026-05-21 19:58:08.898+0000 INFO  [o.n.k.i.i.s.RangeIndexProvider] [system/00000000] Schema index cleanup job registered: descriptor=Index( id=7, name='constraint_5789ae3', type='RANGE', schema=(:Label[3] {PropertyKey[11]}), indexProvider='range-1.0', owningConstraint=12 ), indexFile=/data/databases/system/schema/index/range-1.0/7/index-7
2026-05-21 19:58:08.899+0000 INFO  [o.n.k.i.i.s.RangeIndexProvider] [system/00000000] Schema index cleanup job started: descriptor=Index( id=7, name='constraint_5789ae3', type='RANGE', schema=(:Label[3] {PropertyKey[11]}), indexProvider='range-1.0', owningConstraint=12 ), indexFile=/data/databases/system/schema/index/range-1.0/7/index-7
2026-05-21 19:58:08.902+0000 INFO  [o.n.k.i.i.s.RangeIndexProvider] [system/00000000] Schema index cleanup job finished: descriptor=Index( id=7, name='constraint_5789ae3', type='RANGE', schema=(:Label[3] {PropertyKey[11]}), indexProvider='range-1.0', owningConstraint=12 ), indexFile=/data/databases/system/schema/index/range-1.0/7/index-7 Number of pages visited: 3, Number of tree nodes: 2, Number of cleaned crashed pointers: 0, Time spent: 1ms
2026-05-21 19:58:08.902+0000 INFO  [o.n.k.i.i.s.RangeIndexProvider] [system/00000000] Schema index cleanup job closed: descriptor=Index( id=7, name='constraint_5789ae3', type='RANGE', schema=(:Label[3] {PropertyKey[11]}), indexProvider='range-1.0', owningConstraint=12 ), indexFile=/data/databases/system/schema/index/range-1.0/7/index-7
2026-05-21 19:58:08.950+0000 INFO  [o.n.k.i.i.s.RangeIndexProvider] [system/00000000] Schema index cleanup job registered: descriptor=Index( id=8, name='constraint_74fad970', type='RANGE', schema=(:Label[3] {PropertyKey[27]}), indexProvider='range-1.0', owningConstraint=11 ), indexFile=/data/databases/system/schema/index/range-1.0/8/index-8
2026-05-21 19:58:08.952+0000 INFO  [o.n.k.i.i.s.RangeIndexProvider] [system/00000000] Schema index cleanup job started: descriptor=Index( id=8, name='constraint_74fad970', type='RANGE', schema=(:Label[3] {PropertyKey[27]}), indexProvider='range-1.0', owningConstraint=11 ), indexFile=/data/databases/system/schema/index/range-1.0/8/index-8
2026-05-21 19:58:08.954+0000 INFO  [o.n.k.i.i.s.RangeIndexProvider] [system/00000000] Schema index cleanup job finished: descriptor=Index( id=8, name='constraint_74fad970', type='RANGE', schema=(:Label[3] {PropertyKey[27]}), indexProvider='range-1.0', owningConstraint=11 ), indexFile=/data/databases/system/schema/index/range-1.0/8/index-8 Number of pages visited: 3, Number of tree nodes: 2, Number of cleaned crashed pointers: 0, Time spent: 1ms
2026-05-21 19:58:08.955+0000 INFO  [o.n.k.i.i.s.RangeIndexProvider] [system/00000000] Schema index cleanup job closed: descriptor=Index( id=8, name='constraint_74fad970', type='RANGE', schema=(:Label[3] {PropertyKey[27]}), indexProvider='range-1.0', owningConstraint=11 ), indexFile=/data/databases/system/schema/index/range-1.0/8/index-8
2026-05-21 19:58:09.006+0000 INFO  [o.n.k.i.i.s.RangeIndexProvider] [system/00000000] Schema index cleanup job registered: descriptor=Index( id=9, name='auth-constraint', type='RANGE', schema=(:Label[4] {PropertyKey[28], PropertyKey[27]}), indexProvider='range-1.0', owningConstraint=10 ), indexFile=/data/databases/system/schema/index/range-1.0/9/index-9
2026-05-21 19:58:09.008+0000 INFO  [o.n.k.i.i.s.RangeIndexProvider] [system/00000000] Schema index cleanup job started: descriptor=Index( id=9, name='auth-constraint', type='RANGE', schema=(:Label[4] {PropertyKey[28], PropertyKey[27]}), indexProvider='range-1.0', owningConstraint=10 ), indexFile=/data/databases/system/schema/index/range-1.0/9/index-9
2026-05-21 19:58:09.009+0000 INFO  [o.n.k.i.a.i.IndexingService] [system/00000000] IndexingService.init: indexes not specifically mentioned above are ONLINE. Total 7 indexes. Processed in 461ms
2026-05-21 19:58:09.013+0000 INFO  [o.n.k.i.i.s.RangeIndexProvider] [system/00000000] Schema index cleanup job finished: descriptor=Index( id=9, name='auth-constraint', type='RANGE', schema=(:Label[4] {PropertyKey[28], PropertyKey[27]}), indexProvider='range-1.0', owningConstraint=10 ), indexFile=/data/databases/system/schema/index/range-1.0/9/index-9 Number of pages visited: 3, Number of tree nodes: 2, Number of cleaned crashed pointers: 0, Time spent: 3ms
2026-05-21 19:58:09.015+0000 INFO  [o.n.k.i.i.s.RangeIndexProvider] [system/00000000] Schema index cleanup job closed: descriptor=Index( id=9, name='auth-constraint', type='RANGE', schema=(:Label[4] {PropertyKey[28], PropertyKey[27]}), indexProvider='range-1.0', owningConstraint=10 ), indexFile=/data/databases/system/schema/index/range-1.0/9/index-9
2026-05-21 19:58:09.075+0000 INFO  [o.n.k.a.DatabaseAvailabilityGuard] [system/00000000] Requirement `Database unavailable` makes database system unavailable.
2026-05-21 19:58:09.077+0000 INFO  [o.n.k.a.DatabaseAvailabilityGuard] [system/00000000] DatabaseId{00000000[system]} is unavailable.
2026-05-21 19:58:09.249+0000 INFO  [o.n.k.d.Database] [system/00000000] Starting transaction log [/data/transactions/system/neostore.transaction.db.0] at version=0
2026-05-21 19:58:09.284+0000 INFO  [o.n.k.d.Database] [system/00000000] Starting transaction log [/data/transactions/system/checkpoint.0] at version=0
2026-05-21 19:58:09.324+0000 INFO  [o.n.k.i.t.l.f.c.CheckpointLogFile] [system/00000000] Scanning log file with version 0 for checkpoint entries
2026-05-21 19:58:09.382+0000 INFO  [o.n.k.i.a.i.IndexingService] [system/00000000] IndexingService.start: indexes not specifically mentioned above are ONLINE. Total 7 indexes. Processed in 1ms
2026-05-21 19:58:09.404+0000 INFO  [o.n.k.a.DatabaseAvailabilityGuard] [system/00000000] Fulfilling of requirement 'Database unavailable' makes database system available.
2026-05-21 19:58:09.406+0000 INFO  [o.n.k.a.DatabaseAvailabilityGuard] [system/00000000] DatabaseId{00000000[system]} is ready.
2026-05-21 19:58:09.468+0000 WARN  [o.n.k.a.p.GlobalProcedures] Failed to load `com.opencsv.bean.BeanFieldJoinStringIndex` from plugin jar `/var/lib/neo4j/plugins/apoc.jar`: java.lang.NoClassDefFoundError: org/apache/commons/collections4/MultiValuedMap
2026-05-21 19:58:09.473+0000 WARN  [o.n.k.a.p.GlobalProcedures] Failed to load `com.jayway.jsonpath.spi.mapper.JakartaMappingProvider` from plugin jar `/var/lib/neo4j/plugins/apoc.jar`: java.lang.NoClassDefFoundError: jakarta/json/stream/JsonParser
2026-05-21 19:58:09.574+0000 WARN  [o.n.k.a.p.GlobalProcedures] Failed to load `com.opencsv.bean.AbstractMappingStrategy` from plugin jar `/var/lib/neo4j/plugins/apoc.jar`: java.lang.NoClassDefFoundError: org/apache/commons/collections4/MultiValuedMap
2026-05-21 19:58:09.594+0000 WARN  [o.n.k.a.p.GlobalProcedures] Failed to load `com.opencsv.bean.concurrent.BeanExecutor` from plugin jar `/var/lib/neo4j/plugins/apoc.jar`: java.lang.NoClassDefFoundError: org/apache/commons/collections4/ListValuedMap
2026-05-21 19:58:09.646+0000 WARN  [o.n.k.a.p.GlobalProcedures] Failed to load `com.opencsv.bean.HeaderIndex` from plugin jar `/var/lib/neo4j/plugins/apoc.jar`: java.lang.NoClassDefFoundError: org/apache/commons/collections4/MultiValuedMap
2026-05-21 19:58:09.650+0000 WARN  [o.n.k.a.p.GlobalProcedures] Failed to load `com.opencsv.bean.FuzzyMappingStrategy` from plugin jar `/var/lib/neo4j/plugins/apoc.jar`: java.lang.NoClassDefFoundError: org/apache/commons/collections4/MultiValuedMap
2026-05-21 19:58:09.656+0000 WARN  [o.n.k.a.p.GlobalProcedures] Failed to load `net.minidev.asm.ASMUtil` from plugin jar `/var/lib/neo4j/plugins/apoc.jar`: java.lang.NoClassDefFoundError: org/objectweb/asm/MethodVisitor
2026-05-21 19:58:09.658+0000 WARN  [o.n.k.a.p.GlobalProcedures] Failed to load `apoc.util.hdfs.HDFSUtils$1` from plugin jar `/var/lib/neo4j/plugins/apoc.jar`: java.lang.NoClassDefFoundError: org/apache/hadoop/fs/FSDataInputStream
2026-05-21 19:58:09.662+0000 WARN  [o.n.k.a.p.GlobalProcedures] Failed to load `com.opencsv.bean.BeanFieldJoin` from plugin jar `/var/lib/neo4j/plugins/apoc.jar`: java.lang.NoClassDefFoundError: org/apache/commons/collections4/MultiValuedMap
2026-05-21 19:58:09.666+0000 WARN  [o.n.k.a.p.GlobalProcedures] Failed to load `META-INF.versions.9.module-info` from plugin jar `/var/lib/neo4j/plugins/apoc.jar`: java.lang.NoClassDefFoundError: META-INF/versions/9/module-info is not a class because access_flag ACC_MODULE is set
2026-05-21 19:58:09.703+0000 WARN  [o.n.k.a.p.GlobalProcedures] Failed to load `com.jayway.jsonpath.spi.json.JakartaJsonProvider$JsonObjectProxy$1` from plugin jar `/var/lib/neo4j/plugins/apoc.jar`: java.lang.NoClassDefFoundError: jakarta/json/JsonObject
2026-05-21 19:58:09.714+0000 WARN  [o.n.k.a.p.GlobalProcedures] Failed to load `com.opencsv.bean.customconverter.ConvertGermanToBoolean` from plugin jar `/var/lib/neo4j/plugins/apoc.jar`: java.lang.NoClassDefFoundError: org/apache/commons/beanutils/ConversionException
2026-05-21 19:58:09.729+0000 WARN  [o.n.k.a.p.GlobalProcedures] Failed to load `com.opencsv.bean.StatefulBeanToCsv` from plugin jar `/var/lib/neo4j/plugins/apoc.jar`: java.lang.NoClassDefFoundError: org/apache/commons/collections4/MultiValuedMap
2026-05-21 19:58:09.733+0000 WARN  [o.n.k.a.p.GlobalProcedures] Failed to load `com.opencsv.bean.HeaderNameBaseMappingStrategy` from plugin jar `/var/lib/neo4j/plugins/apoc.jar`: java.lang.NoClassDefFoundError: org/apache/commons/collections4/MultiValuedMap
2026-05-21 19:58:09.740+0000 WARN  [o.n.k.a.p.GlobalProcedures] Failed to load `com.jayway.jsonpath.spi.mapper.JakartaMappingProvider$JsonStructureScope` from plugin jar `/var/lib/neo4j/plugins/apoc.jar`: java.lang.NoClassDefFoundError: jakarta/json/JsonValue
2026-05-21 19:58:09.746+0000 WARN  [o.n.k.a.p.GlobalProcedures] Failed to load `com.opencsv.bean.concurrent.IntolerantThreadPoolExecutor` from plugin jar `/var/lib/neo4j/plugins/apoc.jar`: java.lang.NoClassDefFoundError: org/apache/commons/collections4/ListValuedMap
2026-05-21 19:58:09.785+0000 WARN  [o.n.k.a.p.GlobalProcedures] Failed to load `com.opencsv.bean.customconverter.ConverterLanguageToBoolean` from plugin jar `/var/lib/neo4j/plugins/apoc.jar`: java.lang.NoClassDefFoundError: org/apache/commons/beanutils/ConversionException
2026-05-21 19:58:09.824+0000 WARN  [o.n.k.a.p.GlobalProcedures] Failed to load `com.opencsv.bean.customconverter.ConvertFrenchToBoolean` from plugin jar `/var/lib/neo4j/plugins/apoc.jar`: java.lang.NoClassDefFoundError: org/apache/commons/beanutils/ConversionException
2026-05-21 19:58:09.826+0000 WARN  [o.n.k.a.p.GlobalProcedures] Failed to load `com.opencsv.bean.ColumnPositionMappingStrategy` from plugin jar `/var/lib/neo4j/plugins/apoc.jar`: java.lang.NoClassDefFoundError: org/apache/commons/collections4/MultiValuedMap
2026-05-21 19:58:09.832+0000 WARN  [o.n.k.a.p.GlobalProcedures] Failed to load `com.jayway.jsonpath.spi.mapper.JakartaMappingProvider$JsonObjectScope` from plugin jar `/var/lib/neo4j/plugins/apoc.jar`: java.lang.NoClassDefFoundError: jakarta/json/JsonValue
2026-05-21 19:58:09.837+0000 WARN  [o.n.k.a.p.GlobalProcedures] Failed to load `apoc.util.google.cloud.GCStorageURLConnection` from plugin jar `/var/lib/neo4j/plugins/apoc.jar`: java.lang.NoClassDefFoundError: com/google/cloud/storage/Storage
2026-05-21 19:58:09.844+0000 WARN  [o.n.k.a.p.GlobalProcedures] Failed to load `com.jayway.jsonpath.spi.json.JakartaJsonProvider` from plugin jar `/var/lib/neo4j/plugins/apoc.jar`: java.lang.NoClassDefFoundError: jakarta/json/JsonObject
2026-05-21 19:58:09.854+0000 WARN  [o.n.k.a.p.GlobalProcedures] Failed to load `com.opencsv.bean.CsvToBeanBuilder` from plugin jar `/var/lib/neo4j/plugins/apoc.jar`: java.lang.NoClassDefFoundError: org/apache/commons/collections4/ListValuedMap
2026-05-21 19:58:09.870+0000 WARN  [o.n.k.a.p.GlobalProcedures] Failed to load `com.jayway.jsonpath.spi.json.JakartaJsonProvider$JsonArrayProxy` from plugin jar `/var/lib/neo4j/plugins/apoc.jar`: java.lang.NoClassDefFoundError: jakarta/json/JsonArray
2026-05-21 19:58:09.888+0000 WARN  [o.n.k.a.p.GlobalProcedures] Failed to load `com.opencsv.bean.FieldMapByPosition$1` from plugin jar `/var/lib/neo4j/plugins/apoc.jar`: java.lang.NoClassDefFoundError: org/apache/commons/collections4/iterators/LazyIteratorChain
2026-05-21 19:58:09.890+0000 WARN  [o.n.k.a.p.GlobalProcedures] Failed to load `com.opencsv.bean.HeaderColumnNameMappingStrategy` from plugin jar `/var/lib/neo4j/plugins/apoc.jar`: java.lang.NoClassDefFoundError: org/apache/commons/collections4/MultiValuedMap
2026-05-21 19:58:09.894+0000 WARN  [o.n.k.a.p.GlobalProcedures] Failed to load `apoc.util.hdfs.HDFSUtils` from plugin jar `/var/lib/neo4j/plugins/apoc.jar`: java.lang.NoClassDefFoundError: org/apache/hadoop/fs/FSDataOutputStream
2026-05-21 19:58:09.910+0000 WARN  [o.n.k.a.p.GlobalProcedures] Failed to load `com.jayway.jsonpath.spi.json.JakartaJsonProvider$JsonArrayProxy$1` from plugin jar `/var/lib/neo4j/plugins/apoc.jar`: java.lang.NoClassDefFoundError: jakarta/json/JsonValue
2026-05-21 19:58:09.911+0000 WARN  [o.n.k.a.p.GlobalProcedures] Failed to load `com.jayway.jsonpath.spi.json.JakartaJsonProvider$JsonArrayProxy$2` from plugin jar `/var/lib/neo4j/plugins/apoc.jar`: java.lang.NoClassDefFoundError: jakarta/json/JsonValue
2026-05-21 19:58:09.923+0000 WARN  [o.n.k.a.p.GlobalProcedures] Failed to load `com.opencsv.bean.StatefulBeanToCsvBuilder` from plugin jar `/var/lib/neo4j/plugins/apoc.jar`: java.lang.NoClassDefFoundError: org/apache/commons/collections4/ListValuedMap
2026-05-21 19:58:09.925+0000 WARN  [o.n.k.a.p.GlobalProcedures] Failed to load `com.opencsv.bean.HeaderColumnNameTranslateMappingStrategy` from plugin jar `/var/lib/neo4j/plugins/apoc.jar`: java.lang.NoClassDefFoundError: org/apache/commons/collections4/MultiValuedMap
2026-05-21 19:58:09.933+0000 WARN  [o.n.k.a.p.GlobalProcedures] Failed to load `apoc.util.s3.S3URLConnection` from plugin jar `/var/lib/neo4j/plugins/apoc.jar`: java.lang.NoClassDefFoundError: com/amazonaws/ClientConfiguration
2026-05-21 19:58:09.935+0000 WARN  [o.n.k.a.p.GlobalProcedures] Failed to load `com.opencsv.bean.BeanFieldJoinIntegerIndex` from plugin jar `/var/lib/neo4j/plugins/apoc.jar`: java.lang.NoClassDefFoundError: org/apache/commons/collections4/MultiValuedMap
2026-05-21 19:58:09.937+0000 WARN  [o.n.k.a.p.GlobalProcedures] Failed to load `com.jayway.jsonpath.spi.json.JsonOrgJsonProvider` from plugin jar `/var/lib/neo4j/plugins/apoc.jar`: java.lang.NoClassDefFoundError: org/json/JSONException
2026-05-21 19:58:09.939+0000 WARN  [o.n.k.a.p.GlobalProcedures] Failed to load `com.opencsv.bean.concurrent.LineExecutor` from plugin jar `/var/lib/neo4j/plugins/apoc.jar`: java.lang.NoClassDefFoundError: org/apache/commons/collections4/ListValuedMap
2026-05-21 19:58:09.955+0000 WARN  [o.n.k.a.p.GlobalProcedures] Failed to load `net.minidev.asm.BeansAccessBuilder` from plugin jar `/var/lib/neo4j/plugins/apoc.jar`: java.lang.NoClassDefFoundError: org/objectweb/asm/MethodVisitor
2026-05-21 19:58:09.964+0000 WARN  [o.n.k.a.p.GlobalProcedures] Failed to load `com.jayway.jsonpath.spi.json.JakartaJsonProvider$JsonObjectProxy` from plugin jar `/var/lib/neo4j/plugins/apoc.jar`: java.lang.NoClassDefFoundError: jakarta/json/JsonObject
2026-05-21 19:58:09.969+0000 WARN  [o.n.k.a.p.GlobalProcedures] Failed to load `com.opencsv.bean.MappingStrategy` from plugin jar `/var/lib/neo4j/plugins/apoc.jar`: java.lang.NoClassDefFoundError: org/apache/commons/collections4/MultiValuedMap
2026-05-21 19:58:10.026+0000 WARN  [o.n.k.a.p.GlobalProcedures] Failed to load `apoc.util.s3.S3OutputStream$S3UploadManager` from plugin jar `/var/lib/neo4j/plugins/apoc.jar`: java.lang.NoClassDefFoundError: com/amazonaws/services/s3/AmazonS3
2026-05-21 19:58:10.046+0000 WARN  [o.n.k.a.p.GlobalProcedures] Failed to load `com.jayway.jsonpath.spi.mapper.JakartaMappingProvider$JsonArrayScope` from plugin jar `/var/lib/neo4j/plugins/apoc.jar`: java.lang.NoClassDefFoundError: jakarta/json/JsonValue
2026-05-21 19:58:10.050+0000 WARN  [o.n.k.a.p.GlobalProcedures] Failed to load `com.opencsv.bean.ConverterPrimitiveTypes` from plugin jar `/var/lib/neo4j/plugins/apoc.jar`: java.lang.NoClassDefFoundError: org/apache/commons/beanutils/ConversionException
2026-05-21 19:58:10.054+0000 WARN  [o.n.k.a.p.GlobalProcedures] Failed to load `apoc.util.s3.S3Aws` from plugin jar `/var/lib/neo4j/plugins/apoc.jar`: java.lang.NoClassDefFoundError: com/amazonaws/auth/AWSCredentials
2026-05-21 19:58:10.056+0000 WARN  [o.n.k.a.p.GlobalProcedures] Failed to load `com.jayway.jsonpath.spi.mapper.JakartaMappingProvider$JsonStructureToParserAdapter` from plugin jar `/var/lib/neo4j/plugins/apoc.jar`: java.lang.NoClassDefFoundError: jakarta/json/stream/JsonParser
2026-05-21 19:58:10.068+0000 WARN  [o.n.k.a.p.GlobalProcedures] Failed to load `com.opencsv.bean.concurrent.AccumulateCsvResults` from plugin jar `/var/lib/neo4j/plugins/apoc.jar`: java.lang.NoClassDefFoundError: org/apache/commons/collections4/ListValuedMap
2026-05-21 19:58:10.075+0000 WARN  [o.n.k.a.p.GlobalProcedures] Failed to load `apoc.util.s3.S3Aws$1` from plugin jar `/var/lib/neo4j/plugins/apoc.jar`: java.lang.NoClassDefFoundError: com/amazonaws/services/s3/model/S3ObjectInputStream
2026-05-21 19:58:10.854+0000 WARN  [o.n.k.a.p.GlobalProcedures] Use of @Procedure(deprecatedBy) without @Deprecated in apoc.convert.toTree
2026-05-21 19:58:11.044+0000 INFO  [o.n.s.s.s.UserSecurityGraphComponent] Performing postInitialization step for component 'security-users' with version 5 and status CURRENT
2026-05-21 19:58:11.046+0000 INFO  [o.n.s.s.s.UserSecurityGraphComponent] Updating the initial password in component 'security-users'
2026-05-21 19:58:11.089+0000 INFO  [o.n.d.d.DatabaseLifecycles] Creating 'DatabaseId{ee2c6c64[neo4j]}'.
2026-05-21 19:58:11.097+0000 INFO  [o.n.d.d.DatabaseLifecycles] Starting 'DatabaseId{ee2c6c64[neo4j]}'.
2026-05-21 19:58:11.209+0000 INFO  [o.n.k.i.t.l.f.c.CheckpointLogFile] [neo4j/ee2c6c64] Scanning log file with version 0 for checkpoint entries
2026-05-21 19:58:11.449+0000 INFO  [o.n.k.i.s.f.RecordFormatSelector] [neo4j/ee2c6c64] Selected RecordFormat:PageAlignedV5_0[aligned-1.1] record format from store /data/databases/neo4j
2026-05-21 19:58:11.450+0000 INFO  [o.n.k.i.s.f.RecordFormatSelector] [neo4j/ee2c6c64] Selected format from the store files: RecordFormat:PageAlignedV5_0[aligned-1.1]
2026-05-21 19:58:18.164+0000 INFO  [o.n.i.d.DiagnosticsManager] [neo4j/ee2c6c64] 
                                                                [neo4j/ee2c6c64] ********************************************************************************
                                                                [neo4j/ee2c6c64]                               [ Database: neo4j ]                               
                                                                [neo4j/ee2c6c64] ********************************************************************************
                                                                [neo4j/ee2c6c64] --------------------------------------------------------------------------------
                                                                [neo4j/ee2c6c64]                                   [ Version ]                                   
                                                                [neo4j/ee2c6c64] --------------------------------------------------------------------------------
                                                                [neo4j/ee2c6c64] DBMS: community record-aligned-1.1
                                                                [neo4j/ee2c6c64] Kernel version: 5.22.0
                                                                [neo4j/ee2c6c64] 
                                                                [neo4j/ee2c6c64] --------------------------------------------------------------------------------
                                                                [neo4j/ee2c6c64]                                 [ Store files ]                                 
                                                                [neo4j/ee2c6c64] --------------------------------------------------------------------------------
                                                                [neo4j/ee2c6c64] Disk space on partition (Total / Free / Free %): 511048675328 / 142862835712 / 27
                                                                [neo4j/ee2c6c64] Storage files stored on file store: 9p
                                                                [neo4j/ee2c6c64] Storage files: (filename : modification date - size)
                                                                [neo4j/ee2c6c64]   database_lock: 2026-05-21 07:37:05.306+0000 - 0B
                                                                [neo4j/ee2c6c64]   id-buffer.tmp.0: 2026-05-21 07:37:05.300+0000 - 0B
                                                                [neo4j/ee2c6c64]   neostore: 2026-05-21 07:37:05.160+0000 - 8.000KiB
                                                                [neo4j/ee2c6c64]   neostore.counts.db: 2026-05-21 19:58:11.812+0000 - 48.00KiB
                                                                [neo4j/ee2c6c64]   neostore.indexstats.db: 2026-05-21 19:58:11.859+0000 - 80.00KiB
                                                                [neo4j/ee2c6c64]   neostore.labeltokenstore.db: 2026-05-21 07:52:34.224+0000 - 8.000KiB
                                                                [neo4j/ee2c6c64]   neostore.labeltokenstore.db.id: 2026-05-21 19:58:11.707+0000 - 40.00KiB
                                                                [neo4j/ee2c6c64]   neostore.labeltokenstore.db.names: 2026-05-21 07:52:34.612+0000 - 8.000KiB
                                                                [neo4j/ee2c6c64]   neostore.labeltokenstore.db.names.id: 2026-05-21 19:58:11.685+0000 - 40.00KiB
                                                                [neo4j/ee2c6c64]   neostore.nodestore.db: 2026-05-21 07:52:34.209+0000 - 360.0KiB
                                                                [neo4j/ee2c6c64]   neostore.nodestore.db.id: 2026-05-21 19:58:11.498+0000 - 40.00KiB
                                                                [neo4j/ee2c6c64]   neostore.nodestore.db.labels: 2026-05-21 07:37:05.016+0000 - 8.000KiB
                                                                [neo4j/ee2c6c64]   neostore.nodestore.db.labels.id: 2026-05-21 19:58:11.479+0000 - 40.00KiB
                                                                [neo4j/ee2c6c64]   neostore.propertystore.db: 2026-05-21 07:52:33.941+0000 - 2.852MiB
                                                                [neo4j/ee2c6c64]   neostore.propertystore.db.arrays: 2026-05-21 07:37:05.073+0000 - 8.000KiB
                                                                [neo4j/ee2c6c64]   neostore.propertystore.db.arrays.id: 2026-05-21 19:58:11.576+0000 - 40.00KiB
                                                                [neo4j/ee2c6c64]   neostore.propertystore.db.id: 2026-05-21 19:58:11.599+0000 - 40.00KiB
                                                                [neo4j/ee2c6c64]   neostore.propertystore.db.index: 2026-05-21 07:52:34.602+0000 - 8.000KiB
                                                                [neo4j/ee2c6c64]   neostore.propertystore.db.index.id: 2026-05-21 19:58:11.537+0000 - 40.00KiB
                                                                [neo4j/ee2c6c64]   neostore.propertystore.db.index.keys: 2026-05-21 07:52:34.218+0000 - 8.000KiB
                                                                [neo4j/ee2c6c64]   neostore.propertystore.db.index.keys.id: 2026-05-21 19:58:11.516+0000 - 40.00KiB
                                                                [neo4j/ee2c6c64]   neostore.propertystore.db.strings: 2026-05-21 07:52:34.554+0000 - 9.758MiB
                                                                [neo4j/ee2c6c64]   neostore.propertystore.db.strings.id: 2026-05-21 19:58:11.557+0000 - 40.00KiB
                                                                [neo4j/ee2c6c64]   neostore.relationshipgroupstore.db: 2026-05-21 07:52:34.607+0000 - 8.000KiB
                                                                [neo4j/ee2c6c64]   neostore.relationshipgroupstore.db.id: 2026-05-21 19:58:11.760+0000 - 40.00KiB
                                                                [neo4j/ee2c6c64]   neostore.relationshipgroupstore.degrees.db: 2026-05-21 19:58:11.831+0000 - 48.00KiB
                                                                [neo4j/ee2c6c64]   neostore.relationshipstore.db: 2026-05-21 07:52:34.086+0000 - 1.016MiB
                                                                [neo4j/ee2c6c64]   neostore.relationshipstore.db.id: 2026-05-21 19:58:11.619+0000 - 40.00KiB
                                                                [neo4j/ee2c6c64]   neostore.relationshiptypestore.db: 2026-05-21 07:52:34.592+0000 - 8.000KiB
                                                                [neo4j/ee2c6c64]   neostore.relationshiptypestore.db.id: 2026-05-21 19:58:11.660+0000 - 40.00KiB
                                                                [neo4j/ee2c6c64]   neostore.relationshiptypestore.db.names: 2026-05-21 07:52:34.598+0000 - 8.000KiB
                                                                [neo4j/ee2c6c64]   neostore.relationshiptypestore.db.names.id: 2026-05-21 19:58:11.639+0000 - 40.00KiB
                                                                [neo4j/ee2c6c64]   neostore.schemastore.db: 2026-05-21 07:52:34.587+0000 - 8.000KiB
                                                                [neo4j/ee2c6c64]   neostore.schemastore.db.id: 2026-05-21 19:58:11.733+0000 - 40.00KiB
                                                                [neo4j/ee2c6c64]   schema:
                                                                [neo4j/ee2c6c64]     index:
                                                                [neo4j/ee2c6c64]       fulltext-1.0:
                                                                [neo4j/ee2c6c64]         65:
                                                                [neo4j/ee2c6c64]           1:
                                                                [neo4j/ee2c6c64]             _0.cfe: 2026-05-21 07:52:33.103+0000 - 416B
                                                                [neo4j/ee2c6c64]             _0.cfs: 2026-05-21 07:52:33.175+0000 - 419.6KiB
                                                                [neo4j/ee2c6c64]             _0.si: 2026-05-21 07:52:33.112+0000 - 345B
                                                                [neo4j/ee2c6c64]             segments_2: 2026-05-21 07:52:33.053+0000 - 168B
                                                                [neo4j/ee2c6c64]             write.lock: 2026-05-21 07:40:17.718+0000 - 0B
                                                                [neo4j/ee2c6c64]           - Total: 2026-05-21 07:52:33.227+0000 - 420.5KiB
                                                                [neo4j/ee2c6c64]           65.tx:
                                                                [neo4j/ee2c6c64]           - Total: 2026-05-21 07:40:18.254+0000 - 0B
                                                                [neo4j/ee2c6c64]           failure-message: 2026-05-21 07:40:17.515+0000 - 16.00KiB
                                                                [neo4j/ee2c6c64]         - Total: 2026-05-21 07:40:18.254+0000 - 436.5KiB
                                                                [neo4j/ee2c6c64]         66:
                                                                [neo4j/ee2c6c64]           1:
                                                                [neo4j/ee2c6c64]             _0.cfe: 2026-05-21 07:52:33.257+0000 - 416B
                                                                [neo4j/ee2c6c64]             _0.cfs: 2026-05-21 07:52:33.312+0000 - 423.7KiB
                                                                [neo4j/ee2c6c64]             _0.si: 2026-05-21 07:52:33.262+0000 - 345B
                                                                [neo4j/ee2c6c64]             segments_2: 2026-05-21 07:52:33.236+0000 - 168B
                                                                [neo4j/ee2c6c64]             write.lock: 2026-05-21 07:40:18.391+0000 - 0B
                                                                [neo4j/ee2c6c64]           - Total: 2026-05-21 07:52:33.367+0000 - 424.6KiB
                                                                [neo4j/ee2c6c64]           66.tx:
                                                                [neo4j/ee2c6c64]           - Total: 2026-05-21 07:40:18.734+0000 - 0B
                                                                [neo4j/ee2c6c64]           failure-message: 2026-05-21 07:40:18.303+0000 - 16.00KiB
                                                                [neo4j/ee2c6c64]         - Total: 2026-05-21 07:40:18.734+0000 - 440.6KiB
                                                                [neo4j/ee2c6c64]         67:
                                                                [neo4j/ee2c6c64]           1:
                                                                [neo4j/ee2c6c64]             _0.cfe: 2026-05-21 07:52:33.423+0000 - 416B
                                                                [neo4j/ee2c6c64]             _0.cfs: 2026-05-21 07:52:33.499+0000 - 422.3KiB
                                                                [neo4j/ee2c6c64]             _0.si: 2026-05-21 07:52:33.433+0000 - 345B
                                                                [neo4j/ee2c6c64]             segments_2: 2026-05-21 07:52:33.379+0000 - 168B
                                                                [neo4j/ee2c6c64]             write.lock: 2026-05-21 07:40:18.858+0000 - 0B
                                                                [neo4j/ee2c6c64]           - Total: 2026-05-21 07:52:33.546+0000 - 423.2KiB
                                                                [neo4j/ee2c6c64]           67.tx:
                                                                [neo4j/ee2c6c64]           - Total: 2026-05-21 07:40:19.145+0000 - 0B
                                                                [neo4j/ee2c6c64]           failure-message: 2026-05-21 07:40:18.780+0000 - 16.00KiB
                                                                [neo4j/ee2c6c64]         - Total: 2026-05-21 07:40:19.145+0000 - 439.2KiB
                                                                [neo4j/ee2c6c64]         68:
                                                                [neo4j/ee2c6c64]           1:
                                                                [neo4j/ee2c6c64]             _0.cfe: 2026-05-21 07:52:33.587+0000 - 416B
                                                                [neo4j/ee2c6c64]             _0.cfs: 2026-05-21 07:52:33.605+0000 - 30.24KiB
                                                                [neo4j/ee2c6c64]             _0.si: 2026-05-21 07:52:33.591+0000 - 345B
                                                                [neo4j/ee2c6c64]             segments_2: 2026-05-21 07:52:33.560+0000 - 168B
                                                                [neo4j/ee2c6c64]             write.lock: 2026-05-21 07:40:19.270+0000 - 0B
                                                                [neo4j/ee2c6c64]           - Total: 2026-05-21 07:52:33.662+0000 - 31.15KiB
                                                                [neo4j/ee2c6c64]           68.tx:
                                                                [neo4j/ee2c6c64]           - Total: 2026-05-21 07:40:19.417+0000 - 0B
                                                                [neo4j/ee2c6c64]           failure-message: 2026-05-21 07:40:19.214+0000 - 16.00KiB
                                                                [neo4j/ee2c6c64]         - Total: 2026-05-21 07:40:19.417+0000 - 47.15KiB
                                                                [neo4j/ee2c6c64]         69:
                                                                [neo4j/ee2c6c64]           1:
                                                                [neo4j/ee2c6c64]             _0.cfe: 2026-05-21 07:52:33.710+0000 - 416B
                                                                [neo4j/ee2c6c64]             _0.cfs: 2026-05-21 07:52:33.748+0000 - 42.84KiB
                                                                [neo4j/ee2c6c64]             _0.si: 2026-05-21 07:52:33.727+0000 - 345B
                                                                [neo4j/ee2c6c64]             segments_2: 2026-05-21 07:52:33.681+0000 - 168B
                                                                [neo4j/ee2c6c64]             write.lock: 2026-05-21 07:40:19.513+0000 - 0B
                                                                [neo4j/ee2c6c64]           - Total: 2026-05-21 07:52:33.807+0000 - 43.75KiB
                                                                [neo4j/ee2c6c64]           69.tx:
                                                                [neo4j/ee2c6c64]           - Total: 2026-05-21 07:40:19.879+0000 - 0B
                                                                [neo4j/ee2c6c64]           failure-message: 2026-05-21 07:40:19.445+0000 - 16.00KiB
                                                                [neo4j/ee2c6c64]         - Total: 2026-05-21 07:40:19.879+0000 - 59.75KiB
                                                                [neo4j/ee2c6c64]       - Total: 2026-05-21 07:40:19.442+0000 - 1.390MiB
                                                                [neo4j/ee2c6c64]       range-1.0:
                                                                [neo4j/ee2c6c64]         11:
                                                                [neo4j/ee2c6c64]           index-11: 2026-05-21 07:52:32.675+0000 - 64.00KiB
                                                                [neo4j/ee2c6c64]         - Total: 2026-05-21 07:40:13.923+0000 - 64.00KiB
                                                                [neo4j/ee2c6c64]         13:
                                                                [neo4j/ee2c6c64]           index-13: 2026-05-21 07:52:32.689+0000 - 48.00KiB
                                                                [neo4j/ee2c6c64]         - Total: 2026-05-21 07:40:14.062+0000 - 48.00KiB
                                                                [neo4j/ee2c6c64]         15:
                                                                [neo4j/ee2c6c64]           index-15: 2026-05-21 07:52:32.700+0000 - 136.0KiB
                                                                [neo4j/ee2c6c64]         - Total: 2026-05-21 07:40:14.201+0000 - 136.0KiB
                                                                [neo4j/ee2c6c64]         17:
                                                                [neo4j/ee2c6c64]           index-17: 2026-05-21 07:52:32.714+0000 - 264.0KiB
                                                                [neo4j/ee2c6c64]         - Total: 2026-05-21 07:40:14.348+0000 - 264.0KiB
                                                                [neo4j/ee2c6c64]         19:
                                                                [neo4j/ee2c6c64]           index-19: 2026-05-21 07:52:32.725+0000 - 48.00KiB
                                                                [neo4j/ee2c6c64]         - Total: 2026-05-21 07:40:14.488+0000 - 48.00KiB
                                                                [neo4j/ee2c6c64]         21:
                                                                [neo4j/ee2c6c64]           index-21: 2026-05-21 07:52:32.748+0000 - 352.0KiB
                                                                [neo4j/ee2c6c64]         - Total: 2026-05-21 07:40:14.618+0000 - 352.0KiB
                                                                [neo4j/ee2c6c64]         23:
                                                                [neo4j/ee2c6c64]           index-23: 2026-05-21 07:52:32.769+0000 - 440.0KiB
                                                                [neo4j/ee2c6c64]         - Total: 2026-05-21 07:40:14.745+0000 - 440.0KiB
                                                                [neo4j/ee2c6c64]         25:
                                                                [neo4j/ee2c6c64]           index-25: 2026-05-21 07:52:32.781+0000 - 176.0KiB
                                                                [neo4j/ee2c6c64]         - Total: 2026-05-21 07:40:14.852+0000 - 176.0KiB
                                                                [neo4j/ee2c6c64]         27:
                                                                [neo4j/ee2c6c64]           index-27: 2026-05-21 07:52:32.795+0000 - 216.0KiB
                                                                [neo4j/ee2c6c64]         - Total: 2026-05-21 07:40:14.978+0000 - 216.0KiB
                                                                [neo4j/ee2c6c64]         29:
                                                                [neo4j/ee2c6c64]           index-29: 2026-05-21 07:52:32.803+0000 - 48.00KiB
                                                                [neo4j/ee2c6c64]         - Total: 2026-05-21 07:40:15.120+0000 - 48.00KiB
                                                                [neo4j/ee2c6c64]         3:
                                                                [neo4j/ee2c6c64]           index-3: 2026-05-21 07:52:32.630+0000 - 48.00KiB
                                                                [neo4j/ee2c6c64]         - Total: 2026-05-21 07:40:13.388+0000 - 48.00KiB
                                                                [neo4j/ee2c6c64]         31:
                                                                [neo4j/ee2c6c64]           index-31: 2026-05-21 07:52:32.811+0000 - 48.00KiB
                                                                [neo4j/ee2c6c64]         - Total: 2026-05-21 07:40:15.257+0000 - 48.00KiB
                                                                [neo4j/ee2c6c64]         33:
                                                                [neo4j/ee2c6c64]           index-33: 2026-05-21 07:52:32.823+0000 - 48.00KiB
                                                                [neo4j/ee2c6c64]         - Total: 2026-05-21 07:40:15.398+0000 - 48.00KiB
                                                                [neo4j/ee2c6c64]         35:
                                                                [neo4j/ee2c6c64]           index-35: 2026-05-21 07:52:32.838+0000 - 160.0KiB
                                                                [neo4j/ee2c6c64]         - Total: 2026-05-21 07:40:15.534+0000 - 160.0KiB
                                                                [neo4j/ee2c6c64]         37:
                                                                [neo4j/ee2c6c64]           index-37: 2026-05-21 07:52:32.851+0000 - 112.0KiB
                                                                [neo4j/ee2c6c64]         - Total: 2026-05-21 07:40:15.641+0000 - 112.0KiB
                                                                [neo4j/ee2c6c64]         39:
                                                                [neo4j/ee2c6c64]           index-39: 2026-05-21 07:52:32.869+0000 - 104.0KiB
                                                                [neo4j/ee2c6c64]         - Total: 2026-05-21 07:40:15.759+0000 - 104.0KiB
                                                                [neo4j/ee2c6c64]         41:
                                                                [neo4j/ee2c6c64]           index-41: 2026-05-21 07:52:32.884+0000 - 144.0KiB
                                                                [neo4j/ee2c6c64]         - Total: 2026-05-21 07:40:15.877+0000 - 144.0KiB
                                                                [neo4j/ee2c6c64]         43:
                                                                [neo4j/ee2c6c64]           index-43: 2026-05-21 07:52:32.917+0000 - 800.0KiB
                                                                [neo4j/ee2c6c64]         - Total: 2026-05-21 07:40:16.013+0000 - 800.0KiB
                                                                [neo4j/ee2c6c64]         45:
                                                                [neo4j/ee2c6c64]           index-45: 2026-05-21 07:52:32.928+0000 - 64.00KiB
                                                                [neo4j/ee2c6c64]         - Total: 2026-05-21 07:40:16.181+0000 - 64.00KiB
                                                                [neo4j/ee2c6c64]         47:
                                                                [neo4j/ee2c6c64]           index-47: 2026-05-21 07:52:32.941+0000 - 72.00KiB
                                                                [neo4j/ee2c6c64]         - Total: 2026-05-21 07:40:16.308+0000 - 72.00KiB
                                                                [neo4j/ee2c6c64]         49:
                                                                [neo4j/ee2c6c64]           index-49: 2026-05-21 07:52:32.954+0000 - 48.00KiB
                                                                [neo4j/ee2c6c64]         - Total: 2026-05-21 07:40:16.436+0000 - 48.00KiB
                                                                [neo4j/ee2c6c64]         5:
                                                                [neo4j/ee2c6c64]           index-5: 2026-05-21 07:52:32.643+0000 - 48.00KiB
                                                                [neo4j/ee2c6c64]         - Total: 2026-05-21 07:40:13.517+0000 - 48.00KiB
                                                                [neo4j/ee2c6c64]         51:
                                                                [neo4j/ee2c6c64]           index-51: 2026-05-21 07:52:32.968+0000 - 48.00KiB
                                                                [neo4j/ee2c6c64]         - Total: 2026-05-21 07:40:16.565+0000 - 48.00KiB
                                                                [neo4j/ee2c6c64]         53:
                                                                [neo4j/ee2c6c64]           index-53: 2026-05-21 07:52:32.980+0000 - 48.00KiB
                                                                [neo4j/ee2c6c64]         - Total: 2026-05-21 07:40:16.692+0000 - 48.00KiB
                                                                [neo4j/ee2c6c64]         55:
                                                                [neo4j/ee2c6c64]           index-55: 2026-05-21 07:52:32.993+0000 - 48.00KiB
                                                                [neo4j/ee2c6c64]         - Total: 2026-05-21 07:40:16.810+0000 - 48.00KiB
                                                                [neo4j/ee2c6c64]         57:
                                                                [neo4j/ee2c6c64]           index-57: 2026-05-21 07:52:33.004+0000 - 48.00KiB
                                                                [neo4j/ee2c6c64]         - Total: 2026-05-21 07:40:16.932+0000 - 48.00KiB
                                                                [neo4j/ee2c6c64]         59:
                                                                [neo4j/ee2c6c64]           index-59: 2026-05-21 07:52:33.018+0000 - 48.00KiB
                                                                [neo4j/ee2c6c64]         - Total: 2026-05-21 07:40:17.076+0000 - 48.00KiB
                                                                [neo4j/ee2c6c64]         61:
                                                                [neo4j/ee2c6c64]           index-61: 2026-05-21 07:52:33.025+0000 - 40.00KiB
                                                                [neo4j/ee2c6c64]         - Total: 2026-05-21 07:40:17.211+0000 - 40.00KiB
                                                                [neo4j/ee2c6c64]         63:
                                                                [neo4j/ee2c6c64]           index-63: 2026-05-21 07:52:33.032+0000 - 40.00KiB
                                                                [neo4j/ee2c6c64]         - Total: 2026-05-21 07:40:17.333+0000 - 40.00KiB
                                                                [neo4j/ee2c6c64]         7:
                                                                [neo4j/ee2c6c64]           index-7: 2026-05-21 07:52:32.654+0000 - 48.00KiB
                                                                [neo4j/ee2c6c64]         - Total: 2026-05-21 07:40:13.662+0000 - 48.00KiB
                                                                [neo4j/ee2c6c64]         9:
                                                                [neo4j/ee2c6c64]           index-9: 2026-05-21 07:52:32.666+0000 - 48.00KiB
                                                                [neo4j/ee2c6c64]         - Total: 2026-05-21 07:40:13.793+0000 - 48.00KiB
                                                                [neo4j/ee2c6c64]       - Total: 2026-05-21 07:40:17.324+0000 - 3.813MiB
                                                                [neo4j/ee2c6c64]       token-lookup-1.0:
                                                                [neo4j/ee2c6c64]         1:
                                                                [neo4j/ee2c6c64]           index-1: 2026-05-21 07:52:32.610+0000 - 48.00KiB
                                                                [neo4j/ee2c6c64]         - Total: 2026-05-21 07:37:22.630+0000 - 48.00KiB
                                                                [neo4j/ee2c6c64]         2:
                                                                [neo4j/ee2c6c64]           index-2: 2026-05-21 07:52:32.620+0000 - 64.00KiB
                                                                [neo4j/ee2c6c64]         - Total: 2026-05-21 07:37:22.720+0000 - 64.00KiB
                                                                [neo4j/ee2c6c64]       - Total: 2026-05-21 07:37:22.716+0000 - 112.0KiB
                                                                [neo4j/ee2c6c64]     - Total: 2026-05-21 07:40:17.495+0000 - 5.312MiB
                                                                [neo4j/ee2c6c64]   - Total: 2026-05-21 07:37:22.612+0000 - 5.312MiB
                                                                [neo4j/ee2c6c64] Storage summary: 
                                                                [neo4j/ee2c6c64]   Total size of store: 20.09MiB
                                                                [neo4j/ee2c6c64]   Total size of mapped files: 17.98MiB
                                                                [neo4j/ee2c6c64] 
                                                                [neo4j/ee2c6c64] --------------------------------------------------------------------------------
                                                                [neo4j/ee2c6c64]                               [ Transaction log ]                               
                                                                [neo4j/ee2c6c64] --------------------------------------------------------------------------------
                                                                [neo4j/ee2c6c64] Transaction log files stored on file store: 9p
                                                                [neo4j/ee2c6c64] Transaction log metadata:
                                                                [neo4j/ee2c6c64]  - current kernel version used in transactions: V5_22
                                                                [neo4j/ee2c6c64]  - last committed transaction id: 213
                                                                [neo4j/ee2c6c64] Transaction log files:
                                                                [neo4j/ee2c6c64]  - existing transaction log versions: 0-0
                                                                [neo4j/ee2c6c64]  - oldest append index 2 found in log with version 0
                                                                [neo4j/ee2c6c64]  - files: (filename : creation date - size)
                                                                [neo4j/ee2c6c64]      neostore.transaction.db.0: 1970-01-01 00:00:00.000+0000 - 256.0MiB
                                                                [neo4j/ee2c6c64]  - total size of files: 256.0MiB
                                                                [neo4j/ee2c6c64] Checkpoint log files:
                                                                [neo4j/ee2c6c64]  - existing checkpoint log versions: 0-0
                                                                [neo4j/ee2c6c64]  - last checkpoint: CheckpointInfo[oldestNotVisibleTransactionLogPosition=LogPosition{logVersion=0, byteOffset=21294568}, transactionLogPosition=LogPosition{logVersion=0, byteOffset=21294568}, storeId=StoreId{creationTime=1779349025160, random=9212634199176957917, storageEngineName='record', formatName='aligned', majorVersion=1, minorVersion=1}, checkpointEntryPosition=LogPosition{logVersion=0, byteOffset=360}, channelPositionAfterCheckpoint=LogPosition{logVersion=0, byteOffset=592}, checkpointFilePostReadPosition=LogPosition{logVersion=0, byteOffset=592}, kernelVersion=KernelVersion{V5_22,version=18}, kernelVersionByte=18, transactionId=TransactionId[id=213, appendIndex=213, kernelVersion=KernelVersion{V5_22,version=18}, checksum=-1591782459, commitTimestamp=1779349232317, consensusIndex=-1], appendIndex=213, reason=Checkpoint triggered by "Scheduled checkpoint for every 15 minutes threshol, consensusIndexInCheckpoint=true]
                                                                [neo4j/ee2c6c64] 
                                                                [neo4j/ee2c6c64] --------------------------------------------------------------------------------
                                                                [neo4j/ee2c6c64]                                   [ Id usage ]                                  
                                                                [neo4j/ee2c6c64] --------------------------------------------------------------------------------
                                                                [neo4j/ee2c6c64] ArrayPropertyStore[neostore.nodestore.db.labels]: used=1 high=0
                                                                [neo4j/ee2c6c64] NodeStore[neostore.nodestore.db]: used=24176 high=24175
                                                                [neo4j/ee2c6c64] StringPropertyStore[neostore.propertystore.db.index.keys]: used=85 high=84
                                                                [neo4j/ee2c6c64] PropertyIndexStore[neostore.propertystore.db.index]: used=68 high=67
                                                                [neo4j/ee2c6c64] StringPropertyStore[neostore.propertystore.db.strings]: used=79927 high=79926
                                                                [neo4j/ee2c6c64] ArrayPropertyStore[neostore.propertystore.db.arrays]: used=1 high=0
                                                                [neo4j/ee2c6c64] PropertyStore[neostore.propertystore.db]: used=72522 high=72521
                                                                [neo4j/ee2c6c64] RelationshipStore[neostore.relationshipstore.db]: used=31062 high=31061
                                                                [neo4j/ee2c6c64] StringPropertyStore[neostore.relationshiptypestore.db.names]: used=30 high=29
                                                                [neo4j/ee2c6c64] RelationshipTypeStore[neostore.relationshiptypestore.db]: used=29 high=28
                                                                [neo4j/ee2c6c64] StringPropertyStore[neostore.labeltokenstore.db.names]: used=31 high=30
                                                                [neo4j/ee2c6c64] LabelTokenStore[neostore.labeltokenstore.db]: used=30 high=29
                                                                [neo4j/ee2c6c64] SchemaStore[neostore.schemastore.db]: used=70 high=69
                                                                [neo4j/ee2c6c64] RelationshipGroupStore[neostore.relationshipgroupstore.db]: used=226 high=225
                                                                [neo4j/ee2c6c64] NeoStore[neostore]: used=-1 high=-1
                                                                [neo4j/ee2c6c64] 
                                                                [neo4j/ee2c6c64] --------------------------------------------------------------------------------
                                                                [neo4j/ee2c6c64]                                   [ Metadata ]                                  
                                                                [neo4j/ee2c6c64] --------------------------------------------------------------------------------
                                                                [neo4j/ee2c6c64] EXTERNAL_STORE_UUID (Database identifier exposed as external store identity. Generated on creation and never updated): fb9cb197-adf9-4d45-bebc-a3b73f417717
                                                                [neo4j/ee2c6c64] DATABASE_ID (The last used DatabaseId for this database): null
                                                                [neo4j/ee2c6c64] LEGACY_STORE_VERSION (Legacy store format version. This field is used from 5.0 onwards only to distinguish non-migrated pre 5.0 metadata stores.): -3523014627327384477
                                                                [neo4j/ee2c6c64] STORE_ID (Store ID): StoreId{creationTime=1779349025160, random=9212634199176957917, storageEngineName='record', formatName='aligned', majorVersion=1, minorVersion=1}
                                                                [neo4j/ee2c6c64] 
2026-05-21 19:58:18.301+0000 INFO  [o.n.k.i.i.s.TokenIndexProvider] [neo4j/ee2c6c64] Schema index cleanup job registered: descriptor=Index( id=1, name='index_343aff4e', type='LOOKUP', schema=(:<any-labels>), indexProvider='token-lookup-1.0' ), indexFile=/data/databases/neo4j/schema/index/token-lookup-1.0/1/index-1
2026-05-21 19:58:18.302+0000 INFO  [o.n.k.i.i.s.TokenIndexProvider] [neo4j/ee2c6c64] Schema index cleanup job started: descriptor=Index( id=1, name='index_343aff4e', type='LOOKUP', schema=(:<any-labels>), indexProvider='token-lookup-1.0' ), indexFile=/data/databases/neo4j/schema/index/token-lookup-1.0/1/index-1
2026-05-21 19:58:18.305+0000 INFO  [o.n.k.i.i.s.TokenIndexProvider] [neo4j/ee2c6c64] Schema index cleanup job finished: descriptor=Index( id=1, name='index_343aff4e', type='LOOKUP', schema=(:<any-labels>), indexProvider='token-lookup-1.0' ), indexFile=/data/databases/neo4j/schema/index/token-lookup-1.0/1/index-1 Number of pages visited: 3, Number of tree nodes: 2, Number of cleaned crashed pointers: 0, Time spent: 1ms
2026-05-21 19:58:18.307+0000 INFO  [o.n.k.i.i.s.TokenIndexProvider] [neo4j/ee2c6c64] Schema index cleanup job closed: descriptor=Index( id=1, name='index_343aff4e', type='LOOKUP', schema=(:<any-labels>), indexProvider='token-lookup-1.0' ), indexFile=/data/databases/neo4j/schema/index/token-lookup-1.0/1/index-1
2026-05-21 19:58:18.354+0000 INFO  [o.n.k.i.i.s.TokenIndexProvider] [neo4j/ee2c6c64] Schema index cleanup job registered: descriptor=Index( id=2, name='index_f7700477', type='LOOKUP', schema=()-[:<any-types>]-(), indexProvider='token-lookup-1.0' ), indexFile=/data/databases/neo4j/schema/index/token-lookup-1.0/2/index-2
2026-05-21 19:58:18.355+0000 INFO  [o.n.k.i.i.s.TokenIndexProvider] [neo4j/ee2c6c64] Schema index cleanup job started: descriptor=Index( id=2, name='index_f7700477', type='LOOKUP', schema=()-[:<any-types>]-(), indexProvider='token-lookup-1.0' ), indexFile=/data/databases/neo4j/schema/index/token-lookup-1.0/2/index-2
2026-05-21 19:58:18.363+0000 INFO  [o.n.k.i.i.s.TokenIndexProvider] [neo4j/ee2c6c64] Schema index cleanup job finished: descriptor=Index( id=2, name='index_f7700477', type='LOOKUP', schema=()-[:<any-types>]-(), indexProvider='token-lookup-1.0' ), indexFile=/data/databases/neo4j/schema/index/token-lookup-1.0/2/index-2 Number of pages visited: 5, Number of tree nodes: 4, Number of cleaned crashed pointers: 0, Time spent: 5ms
2026-05-21 19:58:18.364+0000 INFO  [o.n.k.i.i.s.TokenIndexProvider] [neo4j/ee2c6c64] Schema index cleanup job closed: descriptor=Index( id=2, name='index_f7700477', type='LOOKUP', schema=()-[:<any-types>]-(), indexProvider='token-lookup-1.0' ), indexFile=/data/databases/neo4j/schema/index/token-lookup-1.0/2/index-2
2026-05-21 19:58:18.421+0000 INFO  [o.n.k.i.i.s.RangeIndexProvider] [neo4j/ee2c6c64] Schema index cleanup job registered: descriptor=Index( id=3, name='law_id', type='RANGE', schema=(:Label[0] {PropertyKey[10]}), indexProvider='range-1.0', owningConstraint=4 ), indexFile=/data/databases/neo4j/schema/index/range-1.0/3/index-3
2026-05-21 19:58:18.423+0000 INFO  [o.n.k.i.i.s.RangeIndexProvider] [neo4j/ee2c6c64] Schema index cleanup job started: descriptor=Index( id=3, name='law_id', type='RANGE', schema=(:Label[0] {PropertyKey[10]}), indexProvider='range-1.0', owningConstraint=4 ), indexFile=/data/databases/neo4j/schema/index/range-1.0/3/index-3
2026-05-21 19:58:18.425+0000 INFO  [o.n.k.i.i.s.RangeIndexProvider] [neo4j/ee2c6c64] Schema index cleanup job finished: descriptor=Index( id=3, name='law_id', type='RANGE', schema=(:Label[0] {PropertyKey[10]}), indexProvider='range-1.0', owningConstraint=4 ), indexFile=/data/databases/neo4j/schema/index/range-1.0/3/index-3 Number of pages visited: 3, Number of tree nodes: 2, Number of cleaned crashed pointers: 0, Time spent: 1ms
2026-05-21 19:58:18.426+0000 INFO  [o.n.k.i.i.s.RangeIndexProvider] [neo4j/ee2c6c64] Schema index cleanup job closed: descriptor=Index( id=3, name='law_id', type='RANGE', schema=(:Label[0] {PropertyKey[10]}), indexProvider='range-1.0', owningConstraint=4 ), indexFile=/data/databases/neo4j/schema/index/range-1.0/3/index-3
2026-05-21 19:58:18.475+0000 INFO  [o.n.k.i.i.s.RangeIndexProvider] [neo4j/ee2c6c64] Schema index cleanup job registered: descriptor=Index( id=5, name='part_id', type='RANGE', schema=(:Label[1] {PropertyKey[10]}), indexProvider='range-1.0', owningConstraint=6 ), indexFile=/data/databases/neo4j/schema/index/range-1.0/5/index-5
2026-05-21 19:58:18.476+0000 INFO  [o.n.k.i.i.s.RangeIndexProvider] [neo4j/ee2c6c64] Schema index cleanup job started: descriptor=Index( id=5, name='part_id', type='RANGE', schema=(:Label[1] {PropertyKey[10]}), indexProvider='range-1.0', owningConstraint=6 ), indexFile=/data/databases/neo4j/schema/index/range-1.0/5/index-5
2026-05-21 19:58:18.481+0000 INFO  [o.n.k.i.i.s.RangeIndexProvider] [neo4j/ee2c6c64] Schema index cleanup job finished: descriptor=Index( id=5, name='part_id', type='RANGE', schema=(:Label[1] {PropertyKey[10]}), indexProvider='range-1.0', owningConstraint=6 ), indexFile=/data/databases/neo4j/schema/index/range-1.0/5/index-5 Number of pages visited: 3, Number of tree nodes: 2, Number of cleaned crashed pointers: 0, Time spent: 3ms
2026-05-21 19:58:18.481+0000 INFO  [o.n.k.i.i.s.RangeIndexProvider] [neo4j/ee2c6c64] Schema index cleanup job closed: descriptor=Index( id=5, name='part_id', type='RANGE', schema=(:Label[1] {PropertyKey[10]}), indexProvider='range-1.0', owningConstraint=6 ), indexFile=/data/databases/neo4j/schema/index/range-1.0/5/index-5
2026-05-21 19:58:18.524+0000 INFO  [o.n.k.i.i.s.RangeIndexProvider] [neo4j/ee2c6c64] Schema index cleanup job registered: descriptor=Index( id=7, name='chapter_id', type='RANGE', schema=(:Label[2] {PropertyKey[10]}), indexProvider='range-1.0', owningConstraint=8 ), indexFile=/data/databases/neo4j/schema/index/range-1.0/7/index-7
2026-05-21 19:58:18.525+0000 INFO  [o.n.k.i.i.s.RangeIndexProvider] [neo4j/ee2c6c64] Schema index cleanup job started: descriptor=Index( id=7, name='chapter_id', type='RANGE', schema=(:Label[2] {PropertyKey[10]}), indexProvider='range-1.0', owningConstraint=8 ), indexFile=/data/databases/neo4j/schema/index/range-1.0/7/index-7
2026-05-21 19:58:18.529+0000 INFO  [o.n.k.i.i.s.RangeIndexProvider] [neo4j/ee2c6c64] Schema index cleanup job finished: descriptor=Index( id=7, name='chapter_id', type='RANGE', schema=(:Label[2] {PropertyKey[10]}), indexProvider='range-1.0', owningConstraint=8 ), indexFile=/data/databases/neo4j/schema/index/range-1.0/7/index-7 Number of pages visited: 3, Number of tree nodes: 2, Number of cleaned crashed pointers: 0, Time spent: 1ms
2026-05-21 19:58:18.532+0000 INFO  [o.n.k.i.i.s.RangeIndexProvider] [neo4j/ee2c6c64] Schema index cleanup job closed: descriptor=Index( id=7, name='chapter_id', type='RANGE', schema=(:Label[2] {PropertyKey[10]}), indexProvider='range-1.0', owningConstraint=8 ), indexFile=/data/databases/neo4j/schema/index/range-1.0/7/index-7
2026-05-21 19:58:18.579+0000 INFO  [o.n.k.i.i.s.RangeIndexProvider] [neo4j/ee2c6c64] Schema index cleanup job registered: descriptor=Index( id=9, name='section_id', type='RANGE', schema=(:Label[3] {PropertyKey[10]}), indexProvider='range-1.0', owningConstraint=10 ), indexFile=/data/databases/neo4j/schema/index/range-1.0/9/index-9
2026-05-21 19:58:18.581+0000 INFO  [o.n.k.i.i.s.RangeIndexProvider] [neo4j/ee2c6c64] Schema index cleanup job started: descriptor=Index( id=9, name='section_id', type='RANGE', schema=(:Label[3] {PropertyKey[10]}), indexProvider='range-1.0', owningConstraint=10 ), indexFile=/data/databases/neo4j/schema/index/range-1.0/9/index-9
2026-05-21 19:58:18.587+0000 INFO  [o.n.k.i.i.s.RangeIndexProvider] [neo4j/ee2c6c64] Schema index cleanup job finished: descriptor=Index( id=9, name='section_id', type='RANGE', schema=(:Label[3] {PropertyKey[10]}), indexProvider='range-1.0', owningConstraint=10 ), indexFile=/data/databases/neo4j/schema/index/range-1.0/9/index-9 Number of pages visited: 3, Number of tree nodes: 2, Number of cleaned crashed pointers: 0, Time spent: 4ms
2026-05-21 19:58:18.588+0000 INFO  [o.n.k.i.i.s.RangeIndexProvider] [neo4j/ee2c6c64] Schema index cleanup job closed: descriptor=Index( id=9, name='section_id', type='RANGE', schema=(:Label[3] {PropertyKey[10]}), indexProvider='range-1.0', owningConstraint=10 ), indexFile=/data/databases/neo4j/schema/index/range-1.0/9/index-9
2026-05-21 19:58:18.625+0000 INFO  [o.n.k.i.i.s.RangeIndexProvider] [neo4j/ee2c6c64] Schema index cleanup job registered: descriptor=Index( id=11, name='article_id', type='RANGE', schema=(:Label[4] {PropertyKey[10]}), indexProvider='range-1.0', owningConstraint=12 ), indexFile=/data/databases/neo4j/schema/index/range-1.0/11/index-11
2026-05-21 19:58:18.627+0000 INFO  [o.n.k.i.i.s.RangeIndexProvider] [neo4j/ee2c6c64] Schema index cleanup job started: descriptor=Index( id=11, name='article_id', type='RANGE', schema=(:Label[4] {PropertyKey[10]}), indexProvider='range-1.0', owningConstraint=12 ), indexFile=/data/databases/neo4j/schema/index/range-1.0/11/index-11
2026-05-21 19:58:18.632+0000 INFO  [o.n.k.i.i.s.RangeIndexProvider] [neo4j/ee2c6c64] Schema index cleanup job finished: descriptor=Index( id=11, name='article_id', type='RANGE', schema=(:Label[4] {PropertyKey[10]}), indexProvider='range-1.0', owningConstraint=12 ), indexFile=/data/databases/neo4j/schema/index/range-1.0/11/index-11 Number of pages visited: 5, Number of tree nodes: 4, Number of cleaned crashed pointers: 0, Time spent: 3ms
2026-05-21 19:58:18.632+0000 INFO  [o.n.k.i.i.s.RangeIndexProvider] [neo4j/ee2c6c64] Schema index cleanup job closed: descriptor=Index( id=11, name='article_id', type='RANGE', schema=(:Label[4] {PropertyKey[10]}), indexProvider='range-1.0', owningConstraint=12 ), indexFile=/data/databases/neo4j/schema/index/range-1.0/11/index-11
2026-05-21 19:58:18.673+0000 INFO  [o.n.k.i.i.s.RangeIndexProvider] [neo4j/ee2c6c64] Schema index cleanup job registered: descriptor=Index( id=13, name='article_code', type='RANGE', schema=(:Label[4] {PropertyKey[15]}), indexProvider='range-1.0', owningConstraint=14 ), indexFile=/data/databases/neo4j/schema/index/range-1.0/13/index-13
2026-05-21 19:58:18.675+0000 INFO  [o.n.k.i.i.s.RangeIndexProvider] [neo4j/ee2c6c64] Schema index cleanup job started: descriptor=Index( id=13, name='article_code', type='RANGE', schema=(:Label[4] {PropertyKey[15]}), indexProvider='range-1.0', owningConstraint=14 ), indexFile=/data/databases/neo4j/schema/index/range-1.0/13/index-13
2026-05-21 19:58:18.679+0000 INFO  [o.n.k.i.i.s.RangeIndexProvider] [neo4j/ee2c6c64] Schema index cleanup job finished: descriptor=Index( id=13, name='article_code', type='RANGE', schema=(:Label[4] {PropertyKey[15]}), indexProvider='range-1.0', owningConstraint=14 ), indexFile=/data/databases/neo4j/schema/index/range-1.0/13/index-13 Number of pages visited: 3, Number of tree nodes: 2, Number of cleaned crashed pointers: 0, Time spent: 2ms
2026-05-21 19:58:18.680+0000 INFO  [o.n.k.i.i.s.RangeIndexProvider] [neo4j/ee2c6c64] Schema index cleanup job closed: descriptor=Index( id=13, name='article_code', type='RANGE', schema=(:Label[4] {PropertyKey[15]}), indexProvider='range-1.0', owningConstraint=14 ), indexFile=/data/databases/neo4j/schema/index/range-1.0/13/index-13
2026-05-21 19:58:18.726+0000 INFO  [o.n.k.i.i.s.RangeIndexProvider] [neo4j/ee2c6c64] Schema index cleanup job registered: descriptor=Index( id=15, name='clause_id', type='RANGE', schema=(:Label[5] {PropertyKey[10]}), indexProvider='range-1.0', owningConstraint=16 ), indexFile=/data/databases/neo4j/schema/index/range-1.0/15/index-15
2026-05-21 19:58:18.729+0000 INFO  [o.n.k.i.i.s.RangeIndexProvider] [neo4j/ee2c6c64] Schema index cleanup job started: descriptor=Index( id=15, name='clause_id', type='RANGE', schema=(:Label[5] {PropertyKey[10]}), indexProvider='range-1.0', owningConstraint=16 ), indexFile=/data/databases/neo4j/schema/index/range-1.0/15/index-15
2026-05-21 19:58:18.738+0000 INFO  [o.n.k.i.i.s.RangeIndexProvider] [neo4j/ee2c6c64] Schema index cleanup job finished: descriptor=Index( id=15, name='clause_id', type='RANGE', schema=(:Label[5] {PropertyKey[10]}), indexProvider='range-1.0', owningConstraint=16 ), indexFile=/data/databases/neo4j/schema/index/range-1.0/15/index-15 Number of pages visited: 14, Number of tree nodes: 13, Number of cleaned crashed pointers: 0, Time spent: 7ms
2026-05-21 19:58:18.740+0000 INFO  [o.n.k.i.i.s.RangeIndexProvider] [neo4j/ee2c6c64] Schema index cleanup job closed: descriptor=Index( id=15, name='clause_id', type='RANGE', schema=(:Label[5] {PropertyKey[10]}), indexProvider='range-1.0', owningConstraint=16 ), indexFile=/data/databases/neo4j/schema/index/range-1.0/15/index-15
2026-05-21 19:58:18.776+0000 INFO  [o.n.k.i.i.s.RangeIndexProvider] [neo4j/ee2c6c64] Schema index cleanup job registered: descriptor=Index( id=17, name='point_id', type='RANGE', schema=(:Label[6] {PropertyKey[10]}), indexProvider='range-1.0', owningConstraint=18 ), indexFile=/data/databases/neo4j/schema/index/range-1.0/17/index-17
2026-05-21 19:58:18.778+0000 INFO  [o.n.k.i.i.s.RangeIndexProvider] [neo4j/ee2c6c64] Schema index cleanup job started: descriptor=Index( id=17, name='point_id', type='RANGE', schema=(:Label[6] {PropertyKey[10]}), indexProvider='range-1.0', owningConstraint=18 ), indexFile=/data/databases/neo4j/schema/index/range-1.0/17/index-17
2026-05-21 19:58:18.794+0000 INFO  [o.n.k.i.i.s.RangeIndexProvider] [neo4j/ee2c6c64] Schema index cleanup job finished: descriptor=Index( id=17, name='point_id', type='RANGE', schema=(:Label[6] {PropertyKey[10]}), indexProvider='range-1.0', owningConstraint=18 ), indexFile=/data/databases/neo4j/schema/index/range-1.0/17/index-17 Number of pages visited: 30, Number of tree nodes: 29, Number of cleaned crashed pointers: 0, Time spent: 14ms
2026-05-21 19:58:18.795+0000 INFO  [o.n.k.i.i.s.RangeIndexProvider] [neo4j/ee2c6c64] Schema index cleanup job closed: descriptor=Index( id=17, name='point_id', type='RANGE', schema=(:Label[6] {PropertyKey[10]}), indexProvider='range-1.0', owningConstraint=18 ), indexFile=/data/databases/neo4j/schema/index/range-1.0/17/index-17
2026-05-21 19:58:18.838+0000 INFO  [o.n.k.i.i.s.RangeIndexProvider] [neo4j/ee2c6c64] Schema index cleanup job registered: descriptor=Index( id=19, name='crime_id', type='RANGE', schema=(:Label[7] {PropertyKey[10]}), indexProvider='range-1.0', owningConstraint=20 ), indexFile=/data/databases/neo4j/schema/index/range-1.0/19/index-19
2026-05-21 19:58:18.840+0000 INFO  [o.n.k.i.i.s.RangeIndexProvider] [neo4j/ee2c6c64] Schema index cleanup job started: descriptor=Index( id=19, name='crime_id', type='RANGE', schema=(:Label[7] {PropertyKey[10]}), indexProvider='range-1.0', owningConstraint=20 ), indexFile=/data/databases/neo4j/schema/index/range-1.0/19/index-19
2026-05-21 19:58:18.843+0000 INFO  [o.n.k.i.i.s.RangeIndexProvider] [neo4j/ee2c6c64] Schema index cleanup job finished: descriptor=Index( id=19, name='crime_id', type='RANGE', schema=(:Label[7] {PropertyKey[10]}), indexProvider='range-1.0', owningConstraint=20 ), indexFile=/data/databases/neo4j/schema/index/range-1.0/19/index-19 Number of pages visited: 3, Number of tree nodes: 2, Number of cleaned crashed pointers: 0, Time spent: 1ms
2026-05-21 19:58:18.844+0000 INFO  [o.n.k.i.i.s.RangeIndexProvider] [neo4j/ee2c6c64] Schema index cleanup job closed: descriptor=Index( id=19, name='crime_id', type='RANGE', schema=(:Label[7] {PropertyKey[10]}), indexProvider='range-1.0', owningConstraint=20 ), indexFile=/data/databases/neo4j/schema/index/range-1.0/19/index-19
2026-05-21 19:58:18.897+0000 INFO  [o.n.k.i.i.s.RangeIndexProvider] [neo4j/ee2c6c64] Schema index cleanup job registered: descriptor=Index( id=21, name='rule_id', type='RANGE', schema=(:Label[8] {PropertyKey[10]}), indexProvider='range-1.0', owningConstraint=22 ), indexFile=/data/databases/neo4j/schema/index/range-1.0/21/index-21
2026-05-21 19:58:18.900+0000 INFO  [o.n.k.i.i.s.RangeIndexProvider] [neo4j/ee2c6c64] Schema index cleanup job started: descriptor=Index( id=21, name='rule_id', type='RANGE', schema=(:Label[8] {PropertyKey[10]}), indexProvider='range-1.0', owningConstraint=22 ), indexFile=/data/databases/neo4j/schema/index/range-1.0/21/index-21
2026-05-21 19:58:18.911+0000 INFO  [o.n.k.i.i.s.RangeIndexProvider] [neo4j/ee2c6c64] Schema index cleanup job finished: descriptor=Index( id=21, name='rule_id', type='RANGE', schema=(:Label[8] {PropertyKey[10]}), indexProvider='range-1.0', owningConstraint=22 ), indexFile=/data/databases/neo4j/schema/index/range-1.0/21/index-21 Number of pages visited: 41, Number of tree nodes: 40, Number of cleaned crashed pointers: 0, Time spent: 8ms
2026-05-21 19:58:18.911+0000 INFO  [o.n.k.i.i.s.RangeIndexProvider] [neo4j/ee2c6c64] Schema index cleanup job closed: descriptor=Index( id=21, name='rule_id', type='RANGE', schema=(:Label[8] {PropertyKey[10]}), indexProvider='range-1.0', owningConstraint=22 ), indexFile=/data/databases/neo4j/schema/index/range-1.0/21/index-21
2026-05-21 19:58:18.947+0000 INFO  [o.n.k.i.i.s.RangeIndexProvider] [neo4j/ee2c6c64] Schema index cleanup job registered: descriptor=Index( id=23, name='condition_id', type='RANGE', schema=(:Label[9] {PropertyKey[10]}), indexProvider='range-1.0', owningConstraint=24 ), indexFile=/data/databases/neo4j/schema/index/range-1.0/23/index-23
2026-05-21 19:58:18.949+0000 INFO  [o.n.k.i.i.s.RangeIndexProvider] [neo4j/ee2c6c64] Schema index cleanup job started: descriptor=Index( id=23, name='condition_id', type='RANGE', schema=(:Label[9] {PropertyKey[10]}), indexProvider='range-1.0', owningConstraint=24 ), indexFile=/data/databases/neo4j/schema/index/range-1.0/23/index-23
2026-05-21 19:58:18.957+0000 INFO  [o.n.k.i.i.s.RangeIndexProvider] [neo4j/ee2c6c64] Schema index cleanup job finished: descriptor=Index( id=23, name='condition_id', type='RANGE', schema=(:Label[9] {PropertyKey[10]}), indexProvider='range-1.0', owningConstraint=24 ), indexFile=/data/databases/neo4j/schema/index/range-1.0/23/index-23 Number of pages visited: 52, Number of tree nodes: 51, Number of cleaned crashed pointers: 0, Time spent: 6ms
2026-05-21 19:58:18.958+0000 INFO  [o.n.k.i.i.s.RangeIndexProvider] [neo4j/ee2c6c64] Schema index cleanup job closed: descriptor=Index( id=23, name='condition_id', type='RANGE', schema=(:Label[9] {PropertyKey[10]}), indexProvider='range-1.0', owningConstraint=24 ), indexFile=/data/databases/neo4j/schema/index/range-1.0/23/index-23
2026-05-21 19:58:18.977+0000 INFO  [o.n.k.i.i.s.RangeIndexProvider] [neo4j/ee2c6c64] Schema index cleanup job registered: descriptor=Index( id=25, name='penalty_frame_id', type='RANGE', schema=(:Label[10] {PropertyKey[10]}), indexProvider='range-1.0', owningConstraint=26 ), indexFile=/data/databases/neo4j/schema/index/range-1.0/25/index-25
2026-05-21 19:58:18.978+0000 INFO  [o.n.k.i.i.s.RangeIndexProvider] [neo4j/ee2c6c64] Schema index cleanup job started: descriptor=Index( id=25, name='penalty_frame_id', type='RANGE', schema=(:Label[10] {PropertyKey[10]}), indexProvider='range-1.0', owningConstraint=26 ), indexFile=/data/databases/neo4j/schema/index/range-1.0/25/index-25
2026-05-21 19:58:18.983+0000 INFO  [o.n.k.i.i.s.RangeIndexProvider] [neo4j/ee2c6c64] Schema index cleanup job finished: descriptor=Index( id=25, name='penalty_frame_id', type='RANGE', schema=(:Label[10] {PropertyKey[10]}), indexProvider='range-1.0', owningConstraint=26 ), indexFile=/data/databases/neo4j/schema/index/range-1.0/25/index-25 Number of pages visited: 19, Number of tree nodes: 18, Number of cleaned crashed pointers: 0, Time spent: 4ms
2026-05-21 19:58:18.984+0000 INFO  [o.n.k.i.i.s.RangeIndexProvider] [neo4j/ee2c6c64] Schema index cleanup job closed: descriptor=Index( id=25, name='penalty_frame_id', type='RANGE', schema=(:Label[10] {PropertyKey[10]}), indexProvider='range-1.0', owningConstraint=26 ), indexFile=/data/databases/neo4j/schema/index/range-1.0/25/index-25
2026-05-21 19:58:19.010+0000 INFO  [o.n.k.i.i.s.RangeIndexProvider] [neo4j/ee2c6c64] Schema index cleanup job registered: descriptor=Index( id=27, name='penalty_id', type='RANGE', schema=(:Label[11] {PropertyKey[10]}), indexProvider='range-1.0', owningConstraint=28 ), indexFile=/data/databases/neo4j/schema/index/range-1.0/27/index-27
2026-05-21 19:58:19.011+0000 INFO  [o.n.k.i.i.s.RangeIndexProvider] [neo4j/ee2c6c64] Schema index cleanup job started: descriptor=Index( id=27, name='penalty_id', type='RANGE', schema=(:Label[11] {PropertyKey[10]}), indexProvider='range-1.0', owningConstraint=28 ), indexFile=/data/databases/neo4j/schema/index/range-1.0/27/index-27
2026-05-21 19:58:19.018+0000 INFO  [o.n.k.i.i.s.RangeIndexProvider] [neo4j/ee2c6c64] Schema index cleanup job finished: descriptor=Index( id=27, name='penalty_id', type='RANGE', schema=(:Label[11] {PropertyKey[10]}), indexProvider='range-1.0', owningConstraint=28 ), indexFile=/data/databases/neo4j/schema/index/range-1.0/27/index-27 Number of pages visited: 24, Number of tree nodes: 23, Number of cleaned crashed pointers: 0, Time spent: 6ms
2026-05-21 19:58:19.019+0000 INFO  [o.n.k.i.i.s.RangeIndexProvider] [neo4j/ee2c6c64] Schema index cleanup job closed: descriptor=Index( id=27, name='penalty_id', type='RANGE', schema=(:Label[11] {PropertyKey[10]}), indexProvider='range-1.0', owningConstraint=28 ), indexFile=/data/databases/neo4j/schema/index/range-1.0/27/index-27
2026-05-21 19:58:19.040+0000 INFO  [o.n.k.i.i.s.RangeIndexProvider] [neo4j/ee2c6c64] Schema index cleanup job registered: descriptor=Index( id=29, name='legal_concept_id', type='RANGE', schema=(:Label[12] {PropertyKey[10]}), indexProvider='range-1.0', owningConstraint=30 ), indexFile=/data/databases/neo4j/schema/index/range-1.0/29/index-29
2026-05-21 19:58:19.041+0000 INFO  [o.n.k.i.i.s.RangeIndexProvider] [neo4j/ee2c6c64] Schema index cleanup job started: descriptor=Index( id=29, name='legal_concept_id', type='RANGE', schema=(:Label[12] {PropertyKey[10]}), indexProvider='range-1.0', owningConstraint=30 ), indexFile=/data/databases/neo4j/schema/index/range-1.0/29/index-29
2026-05-21 19:58:19.043+0000 INFO  [o.n.k.i.i.s.RangeIndexProvider] [neo4j/ee2c6c64] Schema index cleanup job finished: descriptor=Index( id=29, name='legal_concept_id', type='RANGE', schema=(:Label[12] {PropertyKey[10]}), indexProvider='range-1.0', owningConstraint=30 ), indexFile=/data/databases/neo4j/schema/index/range-1.0/29/index-29 Number of pages visited: 3, Number of tree nodes: 2, Number of cleaned crashed pointers: 0, Time spent: 1ms
2026-05-21 19:58:19.044+0000 INFO  [o.n.k.i.i.s.RangeIndexProvider] [neo4j/ee2c6c64] Schema index cleanup job closed: descriptor=Index( id=29, name='legal_concept_id', type='RANGE', schema=(:Label[12] {PropertyKey[10]}), indexProvider='range-1.0', owningConstraint=30 ), indexFile=/data/databases/neo4j/schema/index/range-1.0/29/index-29
2026-05-21 19:58:19.073+0000 INFO  [o.n.k.i.i.s.RangeIndexProvider] [neo4j/ee2c6c64] Schema index cleanup job registered: descriptor=Index( id=31, name='aggravating_id', type='RANGE', schema=(:Label[13] {PropertyKey[10]}), indexProvider='range-1.0', owningConstraint=32 ), indexFile=/data/databases/neo4j/schema/index/range-1.0/31/index-31
2026-05-21 19:58:19.074+0000 INFO  [o.n.k.i.i.s.RangeIndexProvider] [neo4j/ee2c6c64] Schema index cleanup job started: descriptor=Index( id=31, name='aggravating_id', type='RANGE', schema=(:Label[13] {PropertyKey[10]}), indexProvider='range-1.0', owningConstraint=32 ), indexFile=/data/databases/neo4j/schema/index/range-1.0/31/index-31
2026-05-21 19:58:19.077+0000 INFO  [o.n.k.i.i.s.RangeIndexProvider] [neo4j/ee2c6c64] Schema index cleanup job finished: descriptor=Index( id=31, name='aggravating_id', type='RANGE', schema=(:Label[13] {PropertyKey[10]}), indexProvider='range-1.0', owningConstraint=32 ), indexFile=/data/databases/neo4j/schema/index/range-1.0/31/index-31 Number of pages visited: 3, Number of tree nodes: 2, Number of cleaned crashed pointers: 0, Time spent: 1ms
2026-05-21 19:58:19.078+0000 INFO  [o.n.k.i.i.s.RangeIndexProvider] [neo4j/ee2c6c64] Schema index cleanup job closed: descriptor=Index( id=31, name='aggravating_id', type='RANGE', schema=(:Label[13] {PropertyKey[10]}), indexProvider='range-1.0', owningConstraint=32 ), indexFile=/data/databases/neo4j/schema/index/range-1.0/31/index-31
2026-05-21 19:58:19.103+0000 INFO  [o.n.k.i.i.s.RangeIndexProvider] [neo4j/ee2c6c64] Schema index cleanup job registered: descriptor=Index( id=33, name='mitigating_id', type='RANGE', schema=(:Label[14] {PropertyKey[10]}), indexProvider='range-1.0', owningConstraint=34 ), indexFile=/data/databases/neo4j/schema/index/range-1.0/33/index-33
2026-05-21 19:58:19.104+0000 INFO  [o.n.k.i.i.s.RangeIndexProvider] [neo4j/ee2c6c64] Schema index cleanup job started: descriptor=Index( id=33, name='mitigating_id', type='RANGE', schema=(:Label[14] {PropertyKey[10]}), indexProvider='range-1.0', owningConstraint=34 ), indexFile=/data/databases/neo4j/schema/index/range-1.0/33/index-33
2026-05-21 19:58:19.107+0000 INFO  [o.n.k.i.i.s.RangeIndexProvider] [neo4j/ee2c6c64] Schema index cleanup job finished: descriptor=Index( id=33, name='mitigating_id', type='RANGE', schema=(:Label[14] {PropertyKey[10]}), indexProvider='range-1.0', owningConstraint=34 ), indexFile=/data/databases/neo4j/schema/index/range-1.0/33/index-33 Number of pages visited: 3, Number of tree nodes: 2, Number of cleaned crashed pointers: 0, Time spent: 1ms
2026-05-21 19:58:19.108+0000 INFO  [o.n.k.i.i.s.RangeIndexProvider] [neo4j/ee2c6c64] Schema index cleanup job closed: descriptor=Index( id=33, name='mitigating_id', type='RANGE', schema=(:Label[14] {PropertyKey[10]}), indexProvider='range-1.0', owningConstraint=34 ), indexFile=/data/databases/neo4j/schema/index/range-1.0/33/index-33
2026-05-21 19:58:19.142+0000 INFO  [o.n.k.i.i.s.RangeIndexProvider] [neo4j/ee2c6c64] Schema index cleanup job registered: descriptor=Index( id=35, name='subject_req_id', type='RANGE', schema=(:Label[15] {PropertyKey[10]}), indexProvider='range-1.0', owningConstraint=36 ), indexFile=/data/databases/neo4j/schema/index/range-1.0/35/index-35
2026-05-21 19:58:19.143+0000 INFO  [o.n.k.i.i.s.RangeIndexProvider] [neo4j/ee2c6c64] Schema index cleanup job started: descriptor=Index( id=35, name='subject_req_id', type='RANGE', schema=(:Label[15] {PropertyKey[10]}), indexProvider='range-1.0', owningConstraint=36 ), indexFile=/data/databases/neo4j/schema/index/range-1.0/35/index-35
2026-05-21 19:58:19.151+0000 INFO  [o.n.k.i.i.s.RangeIndexProvider] [neo4j/ee2c6c64] Schema index cleanup job finished: descriptor=Index( id=35, name='subject_req_id', type='RANGE', schema=(:Label[15] {PropertyKey[10]}), indexProvider='range-1.0', owningConstraint=36 ), indexFile=/data/databases/neo4j/schema/index/range-1.0/35/index-35 Number of pages visited: 17, Number of tree nodes: 16, Number of cleaned crashed pointers: 0, Time spent: 6ms
2026-05-21 19:58:19.152+0000 INFO  [o.n.k.i.i.s.RangeIndexProvider] [neo4j/ee2c6c64] Schema index cleanup job closed: descriptor=Index( id=35, name='subject_req_id', type='RANGE', schema=(:Label[15] {PropertyKey[10]}), indexProvider='range-1.0', owningConstraint=36 ), indexFile=/data/databases/neo4j/schema/index/range-1.0/35/index-35
2026-05-21 19:58:19.181+0000 INFO  [o.n.k.i.i.s.RangeIndexProvider] [neo4j/ee2c6c64] Schema index cleanup job registered: descriptor=Index( id=37, name='object_req_id', type='RANGE', schema=(:Label[16] {PropertyKey[10]}), indexProvider='range-1.0', owningConstraint=38 ), indexFile=/data/databases/neo4j/schema/index/range-1.0/37/index-37
2026-05-21 19:58:19.182+0000 INFO  [o.n.k.i.i.s.RangeIndexProvider] [neo4j/ee2c6c64] Schema index cleanup job started: descriptor=Index( id=37, name='object_req_id', type='RANGE', schema=(:Label[16] {PropertyKey[10]}), indexProvider='range-1.0', owningConstraint=38 ), indexFile=/data/databases/neo4j/schema/index/range-1.0/37/index-37
2026-05-21 19:58:19.191+0000 INFO  [o.n.k.i.i.s.RangeIndexProvider] [neo4j/ee2c6c64] Schema index cleanup job finished: descriptor=Index( id=37, name='object_req_id', type='RANGE', schema=(:Label[16] {PropertyKey[10]}), indexProvider='range-1.0', owningConstraint=38 ), indexFile=/data/databases/neo4j/schema/index/range-1.0/37/index-37 Number of pages visited: 11, Number of tree nodes: 10, Number of cleaned crashed pointers: 0, Time spent: 7ms
2026-05-21 19:58:19.192+0000 INFO  [o.n.k.i.i.s.RangeIndexProvider] [neo4j/ee2c6c64] Schema index cleanup job closed: descriptor=Index( id=37, name='object_req_id', type='RANGE', schema=(:Label[16] {PropertyKey[10]}), indexProvider='range-1.0', owningConstraint=38 ), indexFile=/data/databases/neo4j/schema/index/range-1.0/37/index-37
2026-05-21 19:58:19.229+0000 INFO  [o.n.k.i.i.s.RangeIndexProvider] [neo4j/ee2c6c64] Schema index cleanup job registered: descriptor=Index( id=39, name='act_req_id', type='RANGE', schema=(:Label[17] {PropertyKey[10]}), indexProvider='range-1.0', owningConstraint=40 ), indexFile=/data/databases/neo4j/schema/index/range-1.0/39/index-39
2026-05-21 19:58:19.231+0000 INFO  [o.n.k.i.i.s.RangeIndexProvider] [neo4j/ee2c6c64] Schema index cleanup job started: descriptor=Index( id=39, name='act_req_id', type='RANGE', schema=(:Label[17] {PropertyKey[10]}), indexProvider='range-1.0', owningConstraint=40 ), indexFile=/data/databases/neo4j/schema/index/range-1.0/39/index-39
2026-05-21 19:58:19.243+0000 INFO  [o.n.k.i.i.s.RangeIndexProvider] [neo4j/ee2c6c64] Schema index cleanup job finished: descriptor=Index( id=39, name='act_req_id', type='RANGE', schema=(:Label[17] {PropertyKey[10]}), indexProvider='range-1.0', owningConstraint=40 ), indexFile=/data/databases/neo4j/schema/index/range-1.0/39/index-39 Number of pages visited: 10, Number of tree nodes: 9, Number of cleaned crashed pointers: 0, Time spent: 10ms
2026-05-21 19:58:19.244+0000 INFO  [o.n.k.i.i.s.RangeIndexProvider] [neo4j/ee2c6c64] Schema index cleanup job closed: descriptor=Index( id=39, name='act_req_id', type='RANGE', schema=(:Label[17] {PropertyKey[10]}), indexProvider='range-1.0', owningConstraint=40 ), indexFile=/data/databases/neo4j/schema/index/range-1.0/39/index-39
2026-05-21 19:58:19.297+0000 INFO  [o.n.k.i.i.s.RangeIndexProvider] [neo4j/ee2c6c64] Schema index cleanup job registered: descriptor=Index( id=41, name='consequence_req_id', type='RANGE', schema=(:Label[18] {PropertyKey[10]}), indexProvider='range-1.0', owningConstraint=42 ), indexFile=/data/databases/neo4j/schema/index/range-1.0/41/index-41
2026-05-21 19:58:19.298+0000 INFO  [o.n.k.i.i.s.RangeIndexProvider] [neo4j/ee2c6c64] Schema index cleanup job started: descriptor=Index( id=41, name='consequence_req_id', type='RANGE', schema=(:Label[18] {PropertyKey[10]}), indexProvider='range-1.0', owningConstraint=42 ), indexFile=/data/databases/neo4j/schema/index/range-1.0/41/index-41
2026-05-21 19:58:19.313+0000 INFO  [o.n.k.i.i.s.RangeIndexProvider] [neo4j/ee2c6c64] Schema index cleanup job finished: descriptor=Index( id=41, name='consequence_req_id', type='RANGE', schema=(:Label[18] {PropertyKey[10]}), indexProvider='range-1.0', owningConstraint=42 ), indexFile=/data/databases/neo4j/schema/index/range-1.0/41/index-41 Number of pages visited: 15, Number of tree nodes: 14, Number of cleaned crashed pointers: 0, Time spent: 12ms
2026-05-21 19:58:19.314+0000 INFO  [o.n.k.i.i.s.RangeIndexProvider] [neo4j/ee2c6c64] Schema index cleanup job closed: descriptor=Index( id=41, name='consequence_req_id', type='RANGE', schema=(:Label[18] {PropertyKey[10]}), indexProvider='range-1.0', owningConstraint=42 ), indexFile=/data/databases/neo4j/schema/index/range-1.0/41/index-41
2026-05-21 19:58:19.347+0000 INFO  [o.n.k.i.i.s.RangeIndexProvider] [neo4j/ee2c6c64] Schema index cleanup job registered: descriptor=Index( id=43, name='quantity_threshold_id', type='RANGE', schema=(:Label[19] {PropertyKey[10]}), indexProvider='range-1.0', owningConstraint=44 ), indexFile=/data/databases/neo4j/schema/index/range-1.0/43/index-43
2026-05-21 19:58:19.349+0000 INFO  [o.n.k.i.i.s.RangeIndexProvider] [neo4j/ee2c6c64] Schema index cleanup job started: descriptor=Index( id=43, name='quantity_threshold_id', type='RANGE', schema=(:Label[19] {PropertyKey[10]}), indexProvider='range-1.0', owningConstraint=44 ), indexFile=/data/databases/neo4j/schema/index/range-1.0/43/index-43
2026-05-21 19:58:19.367+0000 INFO  [o.n.k.i.i.s.RangeIndexProvider] [neo4j/ee2c6c64] Schema index cleanup job finished: descriptor=Index( id=43, name='quantity_threshold_id', type='RANGE', schema=(:Label[19] {PropertyKey[10]}), indexProvider='range-1.0', owningConstraint=44 ), indexFile=/data/databases/neo4j/schema/index/range-1.0/43/index-43 Number of pages visited: 97, Number of tree nodes: 96, Number of cleaned crashed pointers: 0, Time spent: 16ms
2026-05-21 19:58:19.368+0000 INFO  [o.n.k.i.i.s.RangeIndexProvider] [neo4j/ee2c6c64] Schema index cleanup job closed: descriptor=Index( id=43, name='quantity_threshold_id', type='RANGE', schema=(:Label[19] {PropertyKey[10]}), indexProvider='range-1.0', owningConstraint=44 ), indexFile=/data/databases/neo4j/schema/index/range-1.0/43/index-43
2026-05-21 19:58:19.390+0000 INFO  [o.n.k.i.i.s.RangeIndexProvider] [neo4j/ee2c6c64] Schema index cleanup job registered: descriptor=Index( id=45, name='exception_id', type='RANGE', schema=(:Label[20] {PropertyKey[10]}), indexProvider='range-1.0', owningConstraint=46 ), indexFile=/data/databases/neo4j/schema/index/range-1.0/45/index-45
2026-05-21 19:58:19.391+0000 INFO  [o.n.k.i.i.s.RangeIndexProvider] [neo4j/ee2c6c64] Schema index cleanup job started: descriptor=Index( id=45, name='exception_id', type='RANGE', schema=(:Label[20] {PropertyKey[10]}), indexProvider='range-1.0', owningConstraint=46 ), indexFile=/data/databases/neo4j/schema/index/range-1.0/45/index-45
2026-05-21 19:58:19.394+0000 INFO  [o.n.k.i.i.s.RangeIndexProvider] [neo4j/ee2c6c64] Schema index cleanup job finished: descriptor=Index( id=45, name='exception_id', type='RANGE', schema=(:Label[20] {PropertyKey[10]}), indexProvider='range-1.0', owningConstraint=46 ), indexFile=/data/databases/neo4j/schema/index/range-1.0/45/index-45 Number of pages visited: 5, Number of tree nodes: 4, Number of cleaned crashed pointers: 0, Time spent: 2ms
2026-05-21 19:58:19.395+0000 INFO  [o.n.k.i.i.s.RangeIndexProvider] [neo4j/ee2c6c64] Schema index cleanup job closed: descriptor=Index( id=45, name='exception_id', type='RANGE', schema=(:Label[20] {PropertyKey[10]}), indexProvider='range-1.0', owningConstraint=46 ), indexFile=/data/databases/neo4j/schema/index/range-1.0/45/index-45
2026-05-21 19:58:19.427+0000 INFO  [o.n.k.i.i.s.RangeIndexProvider] [neo4j/ee2c6c64] Schema index cleanup job registered: descriptor=Index( id=47, name='reference_id', type='RANGE', schema=(:Label[21] {PropertyKey[10]}), indexProvider='range-1.0', owningConstraint=48 ), indexFile=/data/databases/neo4j/schema/index/range-1.0/47/index-47
2026-05-21 19:58:19.429+0000 INFO  [o.n.k.i.i.s.RangeIndexProvider] [neo4j/ee2c6c64] Schema index cleanup job started: descriptor=Index( id=47, name='reference_id', type='RANGE', schema=(:Label[21] {PropertyKey[10]}), indexProvider='range-1.0', owningConstraint=48 ), indexFile=/data/databases/neo4j/schema/index/range-1.0/47/index-47
2026-05-21 19:58:19.435+0000 INFO  [o.n.k.i.i.s.RangeIndexProvider] [neo4j/ee2c6c64] Schema index cleanup job finished: descriptor=Index( id=47, name='reference_id', type='RANGE', schema=(:Label[21] {PropertyKey[10]}), indexProvider='range-1.0', owningConstraint=48 ), indexFile=/data/databases/neo4j/schema/index/range-1.0/47/index-47 Number of pages visited: 6, Number of tree nodes: 5, Number of cleaned crashed pointers: 0, Time spent: 5ms
2026-05-21 19:58:19.437+0000 INFO  [o.n.k.i.i.s.RangeIndexProvider] [neo4j/ee2c6c64] Schema index cleanup job closed: descriptor=Index( id=47, name='reference_id', type='RANGE', schema=(:Label[21] {PropertyKey[10]}), indexProvider='range-1.0', owningConstraint=48 ), indexFile=/data/databases/neo4j/schema/index/range-1.0/47/index-47
2026-05-21 19:58:19.480+0000 INFO  [o.n.k.i.i.s.RangeIndexProvider] [neo4j/ee2c6c64] Schema index cleanup job registered: descriptor=Index( id=49, name='judicial_measure_id', type='RANGE', schema=(:Label[22] {PropertyKey[10]}), indexProvider='range-1.0', owningConstraint=50 ), indexFile=/data/databases/neo4j/schema/index/range-1.0/49/index-49
2026-05-21 19:58:19.482+0000 INFO  [o.n.k.i.i.s.RangeIndexProvider] [neo4j/ee2c6c64] Schema index cleanup job started: descriptor=Index( id=49, name='judicial_measure_id', type='RANGE', schema=(:Label[22] {PropertyKey[10]}), indexProvider='range-1.0', owningConstraint=50 ), indexFile=/data/databases/neo4j/schema/index/range-1.0/49/index-49
2026-05-21 19:58:19.485+0000 INFO  [o.n.k.i.i.s.RangeIndexProvider] [neo4j/ee2c6c64] Schema index cleanup job finished: descriptor=Index( id=49, name='judicial_measure_id', type='RANGE', schema=(:Label[22] {PropertyKey[10]}), indexProvider='range-1.0', owningConstraint=50 ), indexFile=/data/databases/neo4j/schema/index/range-1.0/49/index-49 Number of pages visited: 3, Number of tree nodes: 2, Number of cleaned crashed pointers: 0, Time spent: 2ms
2026-05-21 19:58:19.487+0000 INFO  [o.n.k.i.i.s.RangeIndexProvider] [neo4j/ee2c6c64] Schema index cleanup job closed: descriptor=Index( id=49, name='judicial_measure_id', type='RANGE', schema=(:Label[22] {PropertyKey[10]}), indexProvider='range-1.0', owningConstraint=50 ), indexFile=/data/databases/neo4j/schema/index/range-1.0/49/index-49
2026-05-21 19:58:19.525+0000 INFO  [o.n.k.i.i.s.RangeIndexProvider] [neo4j/ee2c6c64] Schema index cleanup job registered: descriptor=Index( id=51, name='slang_id', type='RANGE', schema=(:Label[23] {PropertyKey[10]}), indexProvider='range-1.0', owningConstraint=52 ), indexFile=/data/databases/neo4j/schema/index/range-1.0/51/index-51
2026-05-21 19:58:19.527+0000 INFO  [o.n.k.i.i.s.RangeIndexProvider] [neo4j/ee2c6c64] Schema index cleanup job started: descriptor=Index( id=51, name='slang_id', type='RANGE', schema=(:Label[23] {PropertyKey[10]}), indexProvider='range-1.0', owningConstraint=52 ), indexFile=/data/databases/neo4j/schema/index/range-1.0/51/index-51
2026-05-21 19:58:19.534+0000 INFO  [o.n.k.i.i.s.RangeIndexProvider] [neo4j/ee2c6c64] Schema index cleanup job finished: descriptor=Index( id=51, name='slang_id', type='RANGE', schema=(:Label[23] {PropertyKey[10]}), indexProvider='range-1.0', owningConstraint=52 ), indexFile=/data/databases/neo4j/schema/index/range-1.0/51/index-51 Number of pages visited: 3, Number of tree nodes: 2, Number of cleaned crashed pointers: 0, Time spent: 5ms
2026-05-21 19:58:19.535+0000 INFO  [o.n.k.i.i.s.RangeIndexProvider] [neo4j/ee2c6c64] Schema index cleanup job closed: descriptor=Index( id=51, name='slang_id', type='RANGE', schema=(:Label[23] {PropertyKey[10]}), indexProvider='range-1.0', owningConstraint=52 ), indexFile=/data/databases/neo4j/schema/index/range-1.0/51/index-51
2026-05-21 19:58:19.582+0000 INFO  [o.n.k.i.i.s.RangeIndexProvider] [neo4j/ee2c6c64] Schema index cleanup job registered: descriptor=Index( id=53, name='legal_signal_id', type='RANGE', schema=(:Label[24] {PropertyKey[10]}), indexProvider='range-1.0', owningConstraint=54 ), indexFile=/data/databases/neo4j/schema/index/range-1.0/53/index-53
2026-05-21 19:58:19.583+0000 INFO  [o.n.k.i.i.s.RangeIndexProvider] [neo4j/ee2c6c64] Schema index cleanup job started: descriptor=Index( id=53, name='legal_signal_id', type='RANGE', schema=(:Label[24] {PropertyKey[10]}), indexProvider='range-1.0', owningConstraint=54 ), indexFile=/data/databases/neo4j/schema/index/range-1.0/53/index-53
2026-05-21 19:58:19.587+0000 INFO  [o.n.k.i.i.s.RangeIndexProvider] [neo4j/ee2c6c64] Schema index cleanup job finished: descriptor=Index( id=53, name='legal_signal_id', type='RANGE', schema=(:Label[24] {PropertyKey[10]}), indexProvider='range-1.0', owningConstraint=54 ), indexFile=/data/databases/neo4j/schema/index/range-1.0/53/index-53 Number of pages visited: 3, Number of tree nodes: 2, Number of cleaned crashed pointers: 0, Time spent: 3ms
2026-05-21 19:58:19.589+0000 INFO  [o.n.k.i.i.s.RangeIndexProvider] [neo4j/ee2c6c64] Schema index cleanup job closed: descriptor=Index( id=53, name='legal_signal_id', type='RANGE', schema=(:Label[24] {PropertyKey[10]}), indexProvider='range-1.0', owningConstraint=54 ), indexFile=/data/databases/neo4j/schema/index/range-1.0/53/index-53
2026-05-21 19:58:19.641+0000 INFO  [o.n.k.i.i.s.RangeIndexProvider] [neo4j/ee2c6c64] Schema index cleanup job registered: descriptor=Index( id=55, name='action_alias_id', type='RANGE', schema=(:Label[25] {PropertyKey[10]}), indexProvider='range-1.0', owningConstraint=56 ), indexFile=/data/databases/neo4j/schema/index/range-1.0/55/index-55
2026-05-21 19:58:19.644+0000 INFO  [o.n.k.i.i.s.RangeIndexProvider] [neo4j/ee2c6c64] Schema index cleanup job started: descriptor=Index( id=55, name='action_alias_id', type='RANGE', schema=(:Label[25] {PropertyKey[10]}), indexProvider='range-1.0', owningConstraint=56 ), indexFile=/data/databases/neo4j/schema/index/range-1.0/55/index-55
2026-05-21 19:58:19.647+0000 INFO  [o.n.k.i.i.s.RangeIndexProvider] [neo4j/ee2c6c64] Schema index cleanup job finished: descriptor=Index( id=55, name='action_alias_id', type='RANGE', schema=(:Label[25] {PropertyKey[10]}), indexProvider='range-1.0', owningConstraint=56 ), indexFile=/data/databases/neo4j/schema/index/range-1.0/55/index-55 Number of pages visited: 3, Number of tree nodes: 2, Number of cleaned crashed pointers: 0, Time spent: 2ms
2026-05-21 19:58:19.647+0000 INFO  [o.n.k.i.i.s.RangeIndexProvider] [neo4j/ee2c6c64] Schema index cleanup job closed: descriptor=Index( id=55, name='action_alias_id', type='RANGE', schema=(:Label[25] {PropertyKey[10]}), indexProvider='range-1.0', owningConstraint=56 ), indexFile=/data/databases/neo4j/schema/index/range-1.0/55/index-55
2026-05-21 19:58:19.676+0000 INFO  [o.n.k.i.i.s.RangeIndexProvider] [neo4j/ee2c6c64] Schema index cleanup job registered: descriptor=Index( id=57, name='substance_id', type='RANGE', schema=(:Label[26] {PropertyKey[10]}), indexProvider='range-1.0', owningConstraint=58 ), indexFile=/data/databases/neo4j/schema/index/range-1.0/57/index-57
2026-05-21 19:58:19.677+0000 INFO  [o.n.k.i.i.s.RangeIndexProvider] [neo4j/ee2c6c64] Schema index cleanup job started: descriptor=Index( id=57, name='substance_id', type='RANGE', schema=(:Label[26] {PropertyKey[10]}), indexProvider='range-1.0', owningConstraint=58 ), indexFile=/data/databases/neo4j/schema/index/range-1.0/57/index-57
2026-05-21 19:58:19.681+0000 INFO  [o.n.k.i.i.s.RangeIndexProvider] [neo4j/ee2c6c64] Schema index cleanup job finished: descriptor=Index( id=57, name='substance_id', type='RANGE', schema=(:Label[26] {PropertyKey[10]}), indexProvider='range-1.0', owningConstraint=58 ), indexFile=/data/databases/neo4j/schema/index/range-1.0/57/index-57 Number of pages visited: 3, Number of tree nodes: 2, Number of cleaned crashed pointers: 0, Time spent: 2ms
2026-05-21 19:58:19.682+0000 INFO  [o.n.k.i.i.s.RangeIndexProvider] [neo4j/ee2c6c64] Schema index cleanup job closed: descriptor=Index( id=57, name='substance_id', type='RANGE', schema=(:Label[26] {PropertyKey[10]}), indexProvider='range-1.0', owningConstraint=58 ), indexFile=/data/databases/neo4j/schema/index/range-1.0/57/index-57
2026-05-21 19:58:19.734+0000 INFO  [o.n.k.i.i.s.RangeIndexProvider] [neo4j/ee2c6c64] Schema index cleanup job registered: descriptor=Index( id=59, name='substance_alias_id', type='RANGE', schema=(:Label[27] {PropertyKey[10]}), indexProvider='range-1.0', owningConstraint=60 ), indexFile=/data/databases/neo4j/schema/index/range-1.0/59/index-59
2026-05-21 19:58:19.735+0000 INFO  [o.n.k.i.i.s.RangeIndexProvider] [neo4j/ee2c6c64] Schema index cleanup job started: descriptor=Index( id=59, name='substance_alias_id', type='RANGE', schema=(:Label[27] {PropertyKey[10]}), indexProvider='range-1.0', owningConstraint=60 ), indexFile=/data/databases/neo4j/schema/index/range-1.0/59/index-59
2026-05-21 19:58:19.738+0000 INFO  [o.n.k.i.i.s.RangeIndexProvider] [neo4j/ee2c6c64] Schema index cleanup job finished: descriptor=Index( id=59, name='substance_alias_id', type='RANGE', schema=(:Label[27] {PropertyKey[10]}), indexProvider='range-1.0', owningConstraint=60 ), indexFile=/data/databases/neo4j/schema/index/range-1.0/59/index-59 Number of pages visited: 3, Number of tree nodes: 2, Number of cleaned crashed pointers: 0, Time spent: 1ms
2026-05-21 19:58:19.739+0000 INFO  [o.n.k.i.i.s.RangeIndexProvider] [neo4j/ee2c6c64] Schema index cleanup job closed: descriptor=Index( id=59, name='substance_alias_id', type='RANGE', schema=(:Label[27] {PropertyKey[10]}), indexProvider='range-1.0', owningConstraint=60 ), indexFile=/data/databases/neo4j/schema/index/range-1.0/59/index-59
2026-05-21 19:58:19.782+0000 INFO  [o.n.k.i.i.s.RangeIndexProvider] [neo4j/ee2c6c64] Schema index cleanup job registered: descriptor=Index( id=61, name='scenario_fact_id', type='RANGE', schema=(:Label[28] {PropertyKey[10]}), indexProvider='range-1.0', owningConstraint=62 ), indexFile=/data/databases/neo4j/schema/index/range-1.0/61/index-61
2026-05-21 19:58:19.783+0000 INFO  [o.n.k.i.i.s.RangeIndexProvider] [neo4j/ee2c6c64] Schema index cleanup job started: descriptor=Index( id=61, name='scenario_fact_id', type='RANGE', schema=(:Label[28] {PropertyKey[10]}), indexProvider='range-1.0', owningConstraint=62 ), indexFile=/data/databases/neo4j/schema/index/range-1.0/61/index-61
2026-05-21 19:58:19.785+0000 INFO  [o.n.k.i.i.s.RangeIndexProvider] [neo4j/ee2c6c64] Schema index cleanup job finished: descriptor=Index( id=61, name='scenario_fact_id', type='RANGE', schema=(:Label[28] {PropertyKey[10]}), indexProvider='range-1.0', owningConstraint=62 ), indexFile=/data/databases/neo4j/schema/index/range-1.0/61/index-61 Number of pages visited: 2, Number of tree nodes: 1, Number of cleaned crashed pointers: 0, Time spent: 0ms
2026-05-21 19:58:19.786+0000 INFO  [o.n.k.i.i.s.RangeIndexProvider] [neo4j/ee2c6c64] Schema index cleanup job closed: descriptor=Index( id=61, name='scenario_fact_id', type='RANGE', schema=(:Label[28] {PropertyKey[10]}), indexProvider='range-1.0', owningConstraint=62 ), indexFile=/data/databases/neo4j/schema/index/range-1.0/61/index-61
2026-05-21 19:58:19.821+0000 INFO  [o.n.k.i.i.s.RangeIndexProvider] [neo4j/ee2c6c64] Schema index cleanup job registered: descriptor=Index( id=63, name='matched_condition_id', type='RANGE', schema=(:Label[29] {PropertyKey[10]}), indexProvider='range-1.0', owningConstraint=64 ), indexFile=/data/databases/neo4j/schema/index/range-1.0/63/index-63
2026-05-21 19:58:19.823+0000 INFO  [o.n.k.i.i.s.RangeIndexProvider] [neo4j/ee2c6c64] Schema index cleanup job started: descriptor=Index( id=63, name='matched_condition_id', type='RANGE', schema=(:Label[29] {PropertyKey[10]}), indexProvider='range-1.0', owningConstraint=64 ), indexFile=/data/databases/neo4j/schema/index/range-1.0/63/index-63
2026-05-21 19:58:19.825+0000 INFO  [o.n.k.i.i.s.RangeIndexProvider] [neo4j/ee2c6c64] Schema index cleanup job finished: descriptor=Index( id=63, name='matched_condition_id', type='RANGE', schema=(:Label[29] {PropertyKey[10]}), indexProvider='range-1.0', owningConstraint=64 ), indexFile=/data/databases/neo4j/schema/index/range-1.0/63/index-63 Number of pages visited: 2, Number of tree nodes: 1, Number of cleaned crashed pointers: 0, Time spent: 1ms
2026-05-21 19:58:19.825+0000 INFO  [o.n.k.i.i.s.RangeIndexProvider] [neo4j/ee2c6c64] Schema index cleanup job closed: descriptor=Index( id=63, name='matched_condition_id', type='RANGE', schema=(:Label[29] {PropertyKey[10]}), indexProvider='range-1.0', owningConstraint=64 ), indexFile=/data/databases/neo4j/schema/index/range-1.0/63/index-63
2026-05-21 19:58:23.224+0000 INFO  [o.n.k.i.a.i.IndexingService] [neo4j/ee2c6c64] IndexingService.init: indexes not specifically mentioned above are ONLINE. Total 38 indexes. Processed in 5s 27ms
2026-05-21 19:58:23.303+0000 INFO  [o.n.k.a.DatabaseAvailabilityGuard] [neo4j/ee2c6c64] Requirement `Database unavailable` makes database neo4j unavailable.
2026-05-21 19:58:23.304+0000 INFO  [o.n.k.a.DatabaseAvailabilityGuard] [neo4j/ee2c6c64] DatabaseId{ee2c6c64[neo4j]} is unavailable.
2026-05-21 19:58:23.361+0000 INFO  [o.n.k.d.Database] [neo4j/ee2c6c64] Starting transaction log [/data/transactions/neo4j/neostore.transaction.db.0] at version=0
2026-05-21 19:58:23.380+0000 INFO  [o.n.k.d.Database] [neo4j/ee2c6c64] Starting transaction log [/data/transactions/neo4j/checkpoint.0] at version=0
2026-05-21 19:58:23.406+0000 INFO  [o.n.k.i.t.l.f.c.CheckpointLogFile] [neo4j/ee2c6c64] Scanning log file with version 0 for checkpoint entries
2026-05-21 19:58:23.462+0000 INFO  [o.n.k.i.a.i.IndexingService] [neo4j/ee2c6c64] IndexingService.start: indexes not specifically mentioned above are ONLINE. Total 38 indexes. Processed in 0ms
2026-05-21 19:58:23.492+0000 INFO  [o.n.k.a.DatabaseAvailabilityGuard] [neo4j/ee2c6c64] Fulfilling of requirement 'Database unavailable' makes database neo4j available.
2026-05-21 19:58:23.493+0000 INFO  [o.n.k.a.DatabaseAvailabilityGuard] [neo4j/ee2c6c64] DatabaseId{ee2c6c64[neo4j]} is ready.
2026-05-21 19:58:23.496+0000 INFO  [o.n.u.UserDataCollector] Anonymous Usage Data is being sent to Neo4j, see https://neo4j.com/docs/usage-data/
2026-05-21 19:58:23.614+0000 INFO  [o.n.b.p.c.c.n.SocketNettyConnector] Bolt enabled on 0.0.0.0:7687.
2026-05-21 19:58:23.617+0000 WARN  [i.n.b.ServerBootstrap] Unknown channel option 'SO_REUSEADDR' for channel '[id: 0x94406209]'
2026-05-21 19:58:23.625+0000 INFO  [o.n.b.BoltServer] Bolt server started
2026-05-21 19:58:23.626+0000 INFO  [o.n.s.A.ServerComponentsLifecycleAdapter] Starting web server
2026-05-21 19:58:24.842+0000 INFO  [o.n.s.CommunityNeoWebServer] HTTP enabled on 0.0.0.0:7474.
2026-05-21 19:58:24.846+0000 INFO  [o.n.s.CommunityNeoWebServer] Remote interface available at http://localhost:7474/
2026-05-21 19:58:24.847+0000 INFO  [o.n.s.A.ServerComponentsLifecycleAdapter] Web server started.
2026-05-21 19:58:24.852+0000 INFO  [o.n.g.f.DatabaseManagementServiceFactory] id: 83BDB0D22A0CD64C330004A0D6D0D88D5E5D9DE3B9C6312625383D2898ABE29B
2026-05-21 19:58:24.854+0000 INFO  [o.n.g.f.DatabaseManagementServiceFactory] name: system
2026-05-21 19:58:24.855+0000 INFO  [o.n.g.f.DatabaseManagementServiceFactory] creationDate: 2026-05-21T07:36:42.456Z
2026-05-21 20:24:39.079+0000 INFO  [o.n.g.f.DatabaseManagementServiceFactory] Shutdown started
2026-05-21 20:24:39.130+0000 INFO  [o.n.b.BoltServer] Requested Bolt server shutdown
2026-05-21 20:24:39.133+0000 INFO  [o.n.b.p.c.c.ConnectionRegistry] Stopping remaining idle connections for connector bolt-local
2026-05-21 20:24:39.137+0000 INFO  [o.n.b.p.c.c.ConnectionRegistry] Stopped 0 idling connections for connector bolt-local
2026-05-21 20:24:39.140+0000 INFO  [o.n.b.p.c.c.ConnectionRegistry] Stopping remaining idle connections for connector bolt
2026-05-21 20:24:39.141+0000 INFO  [o.n.b.p.c.c.ConnectionRegistry] Stopped 0 idling connections for connector bolt
2026-05-21 20:24:39.144+0000 INFO  [o.n.d.d.DatabaseLifecycles] Stopping 'DatabaseId{ee2c6c64[neo4j]}'.
2026-05-21 20:24:39.166+0000 INFO  [o.n.k.a.DatabaseAvailabilityGuard] [neo4j/ee2c6c64] Requirement `Database unavailable` makes database neo4j unavailable.
2026-05-21 20:24:39.167+0000 INFO  [o.n.k.a.DatabaseAvailabilityGuard] [neo4j/ee2c6c64] DatabaseId{ee2c6c64[neo4j]} is unavailable.
2026-05-21 20:24:39.176+0000 INFO  [o.n.k.d.Database] [neo4j/ee2c6c64] Waiting for closing transactions.
2026-05-21 20:24:39.181+0000 INFO  [o.n.k.d.Database] [neo4j/ee2c6c64] All transactions are closed.
2026-05-21 20:24:39.186+0000 INFO  [o.n.k.i.t.l.c.CheckPointerImpl] [neo4j/ee2c6c64] Checkpoint triggered by "Database shutdown" @ txId: 213 checkpoint started...
2026-05-21 20:24:39.932+0000 INFO  [o.n.k.i.t.l.c.CheckPointerImpl] [neo4j/ee2c6c64] Checkpoint triggered by "Database shutdown" @ txId: 213 checkpoint completed in 744ms. Checkpoint flushed 66 pages (0% of total available pages), in 59 IOs. Checkpoint performed with IO limit: unlimited, paused in total 0 times( 0 millis).
2026-05-21 20:24:39.939+0000 INFO  [o.n.k.i.t.l.p.LogPruningImpl] [neo4j/ee2c6c64] No log version pruned. The strategy used was '2 days 2147483648 size'. 
2026-05-22 18:30:35.919+0000 INFO  [o.n.g.f.m.GlobalModule] Logging config in use: File '/var/lib/neo4j/conf/server-logs.xml'
2026-05-22 18:30:36.283+0000 INFO  [o.n.i.d.DiagnosticsManager] 
                                                                ********************************************************************************
                                                                                             [ System diagnostics ]                             
                                                                ********************************************************************************
                                                                --------------------------------------------------------------------------------
                                                                                         [ System memory information ]                          
                                                                --------------------------------------------------------------------------------
                                                                Total Physical memory: 11.54GiB
                                                                Free Physical memory: 9.481GiB
                                                                Committed virtual memory: 6.070GiB
                                                                Total swap space: 3.000GiB
                                                                Free swap space: 3.000GiB
                                                                
                                                                --------------------------------------------------------------------------------
                                                                                           [ JVM memory information ]                           
                                                                --------------------------------------------------------------------------------
                                                                Free  memory: 996.3MiB
                                                                Total memory: 1.000GiB
                                                                Max   memory: 2.000GiB
                                                                Garbage Collector: G1 Young Generation: [G1 Eden Space, G1 Survivor Space, G1 Old Gen]
                                                                Garbage Collector: G1 Old Generation: [G1 Eden Space, G1 Survivor Space, G1 Old Gen]
                                                                Memory Pool: CodeHeap 'non-nmethods' (Non-heap memory): committed=2.438MiB, used=1.223MiB, max=5.570MiB, threshold=0B
                                                                Memory Pool: Metaspace (Non-heap memory): committed=21.69MiB, used=21.44MiB, max=-1B, threshold=0B
                                                                Memory Pool: CodeHeap 'profiled nmethods' (Non-heap memory): committed=5.625MiB, used=5.569MiB, max=117.2MiB, threshold=0B
                                                                Memory Pool: Compressed Class Space (Non-heap memory): committed=2.438MiB, used=2.310MiB, max=1.000GiB, threshold=0B
                                                                Memory Pool: G1 Eden Space (Heap memory): committed=642.0MiB, used=2.000MiB, max=-1B, threshold=?
                                                                Memory Pool: G1 Old Gen (Heap memory): committed=379.0MiB, used=22.44MiB, max=2.000GiB, threshold=0B
                                                                Memory Pool: G1 Survivor Space (Heap memory): committed=3.000MiB, used=2.215MiB, max=-1B, threshold=?
                                                                Memory Pool: CodeHeap 'non-profiled nmethods' (Non-heap memory): committed=2.438MiB, used=1.712MiB, max=117.2MiB, threshold=0B
                                                                
                                                                --------------------------------------------------------------------------------
                                                                                        [ Operating system information ]                        
                                                                --------------------------------------------------------------------------------
                                                                Operating System: Linux; version: 6.6.87.2-microsoft-standard-WSL2; arch: amd64; cpus: 12
                                                                Max number of file descriptors: 1048576
                                                                Number of open file descriptors: 246
                                                                Process id: 7
                                                                Byte order: LITTLE_ENDIAN
                                                                Local timezone: Etc/UTC
                                                                Memory page size: 4096
                                                                Unaligned memory access allowed: true
                                                                
                                                                --------------------------------------------------------------------------------
                                                                                              [ JVM information ]                               
                                                                --------------------------------------------------------------------------------
                                                                VM Name: OpenJDK 64-Bit Server VM
                                                                VM Vendor: Eclipse Adoptium
                                                                VM Version: 17.0.12+7
                                                                JIT compiler: HotSpot 64-Bit Tiered Compilers
                                                                VM Arguments: [-XX:+UseG1GC, -XX:-OmitStackTraceInFastThrow, -XX:+AlwaysPreTouch, -XX:+UnlockExperimentalVMOptions, -XX:+TrustFinalNonStaticFields, -XX:+DisableExplicitGC, -Djdk.nio.maxCachedBufferSize=1024, -Dio.netty.tryReflectionSetAccessible=true, -Djdk.tls.ephemeralDHKeySize=2048, -Djdk.tls.rejectClientInitiatedRenegotiation=true, -XX:FlightRecorderOptions=stackdepth=256, -XX:+UnlockDiagnosticVMOptions, -XX:+DebugNonSafepoints, --add-opens=java.base/java.nio=ALL-UNNAMED, --add-opens=java.base/java.io=ALL-UNNAMED, --add-opens=java.base/sun.nio.ch=ALL-UNNAMED, -Dlog4j2.disable.jmx=true, -Dfile.encoding=UTF-8, -Xms1048576k, -Xmx2097152k]
                                                                
                                                                --------------------------------------------------------------------------------
                                                                                               [ Java classpath ]                               
                                                                --------------------------------------------------------------------------------
                                                                 [classpath] /var/lib/neo4j/lib/neo4j-cypher-planner-5.22.0.jar
                                                                 [classpath] /var/lib/neo4j/lib/neo4j-procedure-api-5.22.0.jar
                                                                 [classpath] /var/lib/neo4j/lib/neo4j-5.22.0.jar
                                                                 [classpath] /var/lib/neo4j/lib/arrow-format-16.1.0.jar
                                                                 [classpath] /var/lib/neo4j/lib/neo4j-values-5.22.0.jar
                                                                 [classpath] /var/lib/neo4j/lib/jetty-alpn-server-10.0.20.jar
                                                                 [classpath] /var/lib/neo4j/lib/neo4j-resource-5.22.0.jar
                                                                 [classpath] /var/lib/neo4j/lib/jaxb-runtime-2.3.2.jar
                                                                 [classpath] /var/lib/neo4j/lib/neo4j-procedure-5.22.0.jar
                                                                 [classpath] /var/lib/neo4j/lib/cypher-antlr-ast-common-5.22.0.jar
                                                                 [classpath] /var/lib/neo4j/lib/jersey-container-servlet-2.34.jar
                                                                 [classpath] /var/lib/neo4j/lib/caffeine-3.1.8.jar
                                                                 [classpath] /var/lib/neo4j/lib/magnolia_2.13-1.1.8.jar
                                                                 [classpath] /var/lib/neo4j/lib/scala-library-2.13.11.jar
                                                                 [classpath] /var/lib/neo4j/lib/netty-transport-classes-epoll-4.1.111.Final.jar
                                                                 [classpath] /var/lib/neo4j/lib/neo4j-browser-5.21.0.jar
                                                                 [classpath] /var/lib/neo4j/lib/jackson-datatype-jsr310-2.17.0.jar
                                                                 [classpath] /var/lib/neo4j/lib/grpc-netty-1.65.0.jar
                                                                 [classpath] /var/lib/neo4j/lib/jetty-io-10.0.20.jar
                                                                 [classpath] /var/lib/neo4j/lib/jetty-servlet-10.0.20.jar
                                                                 [classpath] /var/lib/neo4j/lib/netty-tcnative-2.0.65.Final-linux-aarch_64.jar
                                                                 [classpath] /var/lib/neo4j/conf/*
                                                                 [classpath] /var/lib/neo4j/lib/WMI4Java-1.6.3.jar
                                                                 [classpath] /var/lib/neo4j/lib/jakarta.xml.bind-api-2.3.2.jar
                                                                 [classpath] /var/lib/neo4j/lib/jProcesses-1.6.5.jar
                                                                 [classpath] /var/lib/neo4j/lib/neo4j-import-util-5.22.0.jar
                                                                 [classpath] /var/lib/neo4j/lib/hk2-locator-2.6.1.jar
                                                                 [classpath] /var/lib/neo4j/lib/neo4j-cypher-logical-plans-5.22.0.jar
                                                                 [classpath] /var/lib/neo4j/lib/neo4j-front-end-5.22.0.jar
                                                                 [classpath] /var/lib/neo4j/lib/neo4j-spatial-index-5.22.0.jar
                                                                 [classpath] /var/lib/neo4j/lib/eclipse-collections-api-11.1.0.jar
                                                                 [classpath] /var/lib/neo4j/lib/neo4j-ast-5.22.0.jar
                                                                 [classpath] /var/lib/neo4j/lib/netty-resolver-4.1.111.Final.jar
                                                                 [classpath] /var/lib/neo4j/lib/jersey-container-servlet-core-2.34.jar
                                                                 [classpath] /var/lib/neo4j/lib/netty-handler-proxy-4.1.111.Final.jar
                                                                 [classpath] /var/lib/neo4j/lib/jansi-2.4.0.jar
                                                                 [classpath] /var/lib/neo4j/lib/jetty-xml-10.0.20.jar
                                                                 [classpath] /var/lib/neo4j/lib/jline-terminal-3.21.0.jar
                                                                 [classpath] /var/lib/neo4j/lib/grpc-protobuf-lite-1.62.2.jar
                                                                 [classpath] /var/lib/neo4j/lib/cypher-v6-parser-listener-5.22.0.jar
                                                                 [classpath] /var/lib/neo4j/lib/netty-codec-4.1.111.Final.jar
                                                                 [classpath] /var/lib/neo4j/lib/netty-tcnative-2.0.65.Final-linux-aarch_64-fedora.jar
                                                                 [classpath] /var/lib/neo4j/lib/neo4j-cypher-ast-factory-5.22.0.jar
                                                                 [classpath] /var/lib/neo4j/lib/neo4j-java-driver-5.22.0.jar
                                                                 [classpath] /var/lib/neo4j/lib/netty-transport-native-epoll-4.1.111.Final-linux-x86_64.jar
                                                                 [classpath] /var/lib/neo4j/lib/neo4j-cypher-rendering-5.22.0.jar
                                                                 [classpath] /var/lib/neo4j/lib/cypher-v6-ast-factory-5.22.0.jar
                                                                 [classpath] /var/lib/neo4j/lib/cypher-shell-5.22.0.jar
                                                                 [classpath] /var/lib/neo4j/lib/netty-handler-4.1.111.Final.jar
                                                                 [classpath] /var/lib/neo4j/lib/kiama_2.13-2.5.1.jar
                                                                 [classpath] /var/lib/neo4j/lib/jakarta.ws.rs-api-2.1.6.jar
                                                                 [classpath] /var/lib/neo4j/lib/netty-transport-native-kqueue-4.1.111.Final-osx-aarch_64.jar
                                                                 [classpath] /var/lib/neo4j/lib/neo4j-cypher-ir-5.22.0.jar
                                                                 [classpath] /var/lib/neo4j/lib/jackson-core-2.17.1.jar
                                                                 [classpath] /var/lib/neo4j/lib/istack-commons-runtime-3.0.8.jar
                                                                 [classpath] /var/lib/neo4j/lib/neo4j-cloud-5.22.0.jar
                                                                 [classpath] /var/lib/neo4j/lib/jetty-servlet-api-4.0.6.jar
                                                                 [classpath] /var/lib/neo4j/lib/neo4j-cypher-javacc-parser-5.22.0.jar
                                                                 [classpath] /var/lib/neo4j/lib/eclipse-collections-11.1.0.jar
                                                                 [classpath] /var/lib/neo4j/lib/guava-33.2.1-jre.jar
                                                                 [classpath] /var/lib/neo4j/lib/shiro-cache-2.0.0.jar
                                                                 [classpath] /var/lib/neo4j/lib/cypher-v5-literal-interpreter-5.22.0.jar
                                                                 [classpath] /var/lib/neo4j/lib/netty-common-4.1.111.Final.jar
                                                                 [classpath] /var/lib/neo4j/lib/commons-text-1.12.0.jar
                                                                 [classpath] /var/lib/neo4j/lib/arrow-memory-netty-16.1.0.jar
                                                                 [classpath] /var/lib/neo4j/lib/neo4j-index-5.22.0.jar
                                                                 [classpath] /var/lib/neo4j/lib/neo4j-slf4j-provider-5.22.0.jar
                                                                 [classpath] /var/lib/neo4j/lib/reactor-core-3.6.7.jar
                                                                 [classpath] /var/lib/neo4j/lib/jakarta.validation-api-2.0.2.jar
                                                                 [classpath] /var/lib/neo4j/lib/picocli-4.7.6.jar
                                                                 [classpath] /var/lib/neo4j/lib/shiro-crypto-hash-2.0.0.jar
                                                                 [classpath] /var/lib/neo4j/lib/neo4j-exceptions-5.22.0.jar
                                                                 [classpath] /var/lib/neo4j/lib/shiro-hashes-argon2-2.0.0.jar
                                                                 [classpath] /var/lib/neo4j/lib/neo4j-wal-5.22.0.jar
                                                                 [classpath] /var/lib/neo4j/lib/antlr4-runtime-4.13.1.jar
                                                                 [classpath] /var/lib/neo4j/lib/hk2-utils-2.6.1.jar
                                                                 [classpath] /var/lib/neo4j/lib/stax-ex-1.8.1.jar
                                                                 [classpath] /var/lib/neo4j/lib/http2-common-10.0.20.jar
                                                                 [classpath] /var/lib/neo4j/lib/neo4j-query-router-5.22.0.jar
                                                                 [classpath] /var/lib/neo4j/lib/netty-transport-native-unix-common-4.1.111.Final.jar
                                                                 [classpath] /var/lib/neo4j/lib/txw2-2.3.2.jar
                                                                 [classpath] /var/lib/neo4j/lib/jetty-webapp-10.0.20.jar
                                                                 [classpath] /var/lib/neo4j/lib/commons-lang3-3.14.0.jar
                                                                 [classpath] /var/lib/neo4j/lib/log4j-api-2.20.0.jar
                                                                 [classpath] /var/lib/neo4j/lib/neo4j-gql-status-5.22.0.jar
                                                                 [classpath] /var/lib/neo4j/lib/argparse4j-0.9.0.jar
                                                                 [classpath] /var/lib/neo4j/lib/cypher-parser-ast-common-5.22.0.jar
                                                                 [classpath] /var/lib/neo4j/lib/ipaddress-5.5.0.jar
                                                                 [classpath] /var/lib/neo4j/lib/neo4j-cypher-physical-planning-5.22.0.jar
                                                                 [classpath] /var/lib/neo4j/lib/log4j-core-2.20.0.jar
                                                                 [classpath] /var/lib/neo4j/lib/jetty-http-10.0.20.jar
                                                                 [classpath] /var/lib/neo4j/lib/commons-compress-1.26.2.jar
                                                                 [classpath] /var/lib/neo4j/lib/protobuf-java-util-3.25.3.jar
                                                                 [classpath] /var/lib/neo4j/lib/neo4j-util-5.22.0.jar
                                                                 [classpath] /var/lib/neo4j/lib/jetty-util-10.0.20.jar
                                                                 [classpath] /var/lib/neo4j/lib/lucene-analysis-common-9.11.0.jar
                                                                 [classpath] /var/lib/neo4j/lib/cypher-v5-parser-listener-5.22.0.jar
                                                                 [classpath] /var/lib/neo4j/lib/neo4j-collections-5.22.0.jar
                                                                 [classpath] /var/lib/neo4j/lib/neo4j-storage-engine-util-5.22.0.jar
                                                                 [classpath] /var/lib/neo4j/lib/arrow-memory-netty-buffer-patch-16.1.0.jar
                                                                 [classpath] /var/lib/neo4j/lib/neo4j-bolt-5.22.0.jar
                                                                 [classpath] /var/lib/neo4j/lib/neo4j-native-5.22.0.jar
                                                                 [classpath] /var/lib/neo4j/lib/jetty-server-10.0.20.jar
                                                                 [classpath] /var/lib/neo4j/lib/zstd-jni-1.5.6-3.jar
                                                                 [classpath] /var/lib/neo4j/lib/neo4j-concurrent-5.22.0.jar
                                                                 [classpath] /var/lib/neo4j/lib/cypher-antlr-common-5.22.0.jar
                                                                 [classpath] /var/lib/neo4j/lib/neo4j-token-api-5.22.0.jar
                                                                 [classpath] /var/lib/neo4j/lib/scala-collection-contrib_2.13-0.3.0.jar
                                                                 [classpath] /var/lib/neo4j/lib/animal-sniffer-annotations-1.23.jar
                                                                 [classpath] /var/lib/neo4j/lib/netty-codec-socks-4.1.111.Final.jar
                                                                 [classpath] /var/lib/neo4j/lib/cypher-v5-antlr-parser-5.22.0.jar
                                                                 [classpath] /var/lib/neo4j/lib/jersey-client-2.34.jar
                                                                 [classpath] /var/lib/neo4j/lib/jersey-hk2-2.34.jar
                                                                 [classpath] /var/lib/neo4j/lib/neo4j-cypher-5.22.0.jar
                                                                 [classpath] /var/lib/neo4j/lib/jetty-security-10.0.20.jar
                                                                 [classpath] /var/lib/neo4j/lib/neo4j-cypher-planner-spi-5.22.0.jar
                                                                 [classpath] /var/lib/neo4j/lib/zstd-proxy-5.22.0.jar
                                                                 [classpath] /var/lib/neo4j/lib/neo4j-udc-5.22.0.jar
                                                                 [classpath] /var/lib/neo4j/lib/grpc-core-1.65.0.jar
                                                                 [classpath] /var/lib/neo4j/lib/neo4j-monitoring-5.22.0.jar
                                                                 [classpath] /var/lib/neo4j/lib/jPowerShell-3.0.jar
                                                                 [classpath] /var/lib/neo4j/lib/neo4j-import-tool-5.22.0.jar
                                                                 [classpath] /var/lib/neo4j/lib/jackson-databind-2.17.1.jar
                                                                 [classpath] /var/lib/neo4j/lib/server-api-5.22.0.jar
                                                                 [classpath] /var/lib/neo4j/lib/reactive-streams-1.0.4.jar
                                                                 [classpath] /var/lib/neo4j/lib/arrow-memory-core-16.1.0.jar
                                                                 [classpath] /var/lib/neo4j/lib/neo4j-cypher-runtime-util-5.22.0.jar
                                                                 [classpath] /var/lib/neo4j/lib/neo4j-command-line-5.22.0.jar
                                                                 [classpath] /var/lib/neo4j/lib/netty-transport-native-epoll-4.1.111.Final-linux-aarch_64.jar
                                                                 [classpath] /var/lib/neo4j/lib/neo4j-record-storage-engine-5.22.0.jar
                                                                 [classpath] /var/lib/neo4j/lib/javassist-3.25.0-GA.jar
                                                                 [classpath] /var/lib/neo4j/lib/jackson-module-jaxb-annotations-2.17.1.jar
                                                                 [classpath] /var/lib/neo4j/lib/netty-tcnative-2.0.65.Final-linux-x86_64.jar
                                                                 [classpath] /var/lib/neo4j/lib/neo4j-id-generator-5.22.0.jar
                                                                 [classpath] /var/lib/neo4j/lib/neo4j-notifications-5.22.0.jar
                                                                 [classpath] /var/lib/neo4j/lib/cypher-v6-antlr-parser-5.22.0.jar
                                                                 [classpath] /var/lib/neo4j/lib/listenablefuture-9999.0-empty-to-avoid-conflict-with-guava.jar
                                                                 [classpath] /var/lib/neo4j/lib/failureaccess-1.0.2.jar
                                                                 [classpath] /var/lib/neo4j/lib/http2-hpack-10.0.20.jar
                                                                 [classpath] /var/lib/neo4j/lib/netty-codec-http-4.1.111.Final.jar
                                                                 [classpath] /var/lib/neo4j/lib/cypher-parser-factory-5.22.0.jar
                                                                 [classpath] /var/lib/neo4j/lib/neo4j-layout-5.22.0.jar
                                                                 [classpath] /var/lib/neo4j/lib/neo4j-kernel-5.22.0.jar
                                                                 [classpath] /var/lib/neo4j/lib/neo4j-unsafe-5.22.0.jar
                                                                 [classpath] /var/lib/neo4j/lib/grpc-stub-1.65.0.jar
                                                                 [classpath] /var/lib/neo4j/lib/jersey-common-2.34.jar
                                                                 [classpath] /var/lib/neo4j/lib/cypher-v5-ast-factory-5.22.0.jar
                                                                 [classpath] /var/lib/neo4j/lib/lucene-backward-codecs-9.11.0.jar
                                                                 [classpath] /var/lib/neo4j/lib/neo4j-lock-5.22.0.jar
                                                                 [classpath] /var/lib/neo4j/lib/neo4j-configuration-5.22.0.jar
                                                                 [classpath] /var/lib/neo4j/lib/neo4j-data-collector-5.22.0.jar
                                                                 [classpath] /var/lib/neo4j/lib/http2-server-10.0.20.jar
                                                                 [classpath] /var/lib/neo4j/lib/neo4j-logging-5.22.0.jar
                                                                 [classpath] /var/lib/neo4j/lib/neo4j-schema-5.22.0.jar
                                                                 [classpath] /var/lib/neo4j/lib/jackson-jaxrs-base-2.17.1.jar
                                                                 [classpath] /var/lib/neo4j/lib/neo4j-bootcheck-5.22.0.jar
                                                                 [classpath] /var/lib/neo4j/lib/neo4j-cypher-cache-5.22.0.jar
                                                                 [classpath] /var/lib/neo4j/lib/shiro-crypto-core-2.0.0.jar
                                                                 [classpath] /var/lib/neo4j/lib/neo4j-cypher-interpreted-runtime-5.22.0.jar
                                                                 [classpath] /var/lib/neo4j/lib/jna-5.14.0.jar
                                                                 [classpath] /var/lib/neo4j/lib/neo4j-common-5.22.0.jar
                                                                 [classpath] /var/lib/neo4j/lib/commons-configuration2-2.11.0.jar
                                                                 [classpath] /var/lib/neo4j/lib/neo4j-csv-5.22.0.jar
                                                                 [classpath] /var/lib/neo4j/lib/netty-transport-4.1.111.Final.jar
                                                                 [classpath] /var/lib/neo4j/lib/protobuf-java-3.25.2.jar
                                                                 [classpath] /var/lib/neo4j/lib/jline-terminal-jansi-3.21.0.jar
                                                                 [classpath] /var/lib/neo4j/lib/hk2-api-2.6.1.jar
                                                                 [classpath] /var/lib/neo4j/lib/commons-logging-1.3.2.jar
                                                                 [classpath] /var/lib/neo4j/lib/neo4j-kernel-api-5.22.0.jar
                                                                 [classpath] /var/lib/neo4j/lib/grpc-api-1.65.0.jar
                                                                 [classpath] /var/lib/neo4j/lib/cypher-parser-common-5.22.0.jar
                                                                 [classpath] /var/lib/neo4j/lib/neo4j-graphdb-api-5.22.0.jar
                                                                 [classpath] /var/lib/neo4j/lib/neo4j-graph-algo-5.22.0.jar
                                                                 [classpath] /var/lib/neo4j/lib/neo4j-cypher-config-5.22.0.jar
                                                                 [classpath] /var/lib/neo4j/lib/lucene-core-9.11.0.jar
                                                                 [classpath] /var/lib/neo4j/lib/jackson-annotations-2.17.1.jar
                                                                 [classpath] /var/lib/neo4j/lib/shiro-core-2.0.0.jar
                                                                 [classpath] /var/lib/neo4j/lib/neo4j-fabric-5.22.0.jar
                                                                 [classpath] /var/lib/neo4j/lib/jsr305-3.0.2.jar
                                                                 [classpath] /var/lib/neo4j/lib/grpc-protobuf-1.65.0.jar
                                                                 [classpath] /var/lib/neo4j/lib/shiro-lang-2.0.0.jar
                                                                 [classpath] /var/lib/neo4j/lib/commons-codec-1.17.0.jar
                                                                 [classpath] /var/lib/neo4j/lib/jakarta.activation-api-1.2.2.jar
                                                                 [classpath] /var/lib/neo4j/lib/neo4j-cypher-macros-5.22.0.jar
                                                                 [classpath] /var/lib/neo4j/lib/grpc-util-1.62.2.jar
                                                                 [classpath] /var/lib/neo4j/lib/neo4j-diagnostics-5.22.0.jar
                                                                 [classpath] /var/lib/neo4j/lib/jetty-alpn-java-server-10.0.20.jar
                                                                 [classpath] /var/lib/neo4j/lib/neo4j-fulltext-index-5.22.0.jar
                                                                 [classpath] /var/lib/neo4j/lib/jettison-1.5.4.jar
                                                                 [classpath] /var/lib/neo4j/lib/jakarta.inject-2.6.1.jar
                                                                 [classpath] /var/lib/neo4j/lib/neo4j-cypher-slotted-runtime-5.22.0.jar
                                                                 [classpath] /var/lib/neo4j/lib/netty-tcnative-classes-2.0.65.Final.jar
                                                                 [classpath] /var/lib/neo4j/lib/slf4j-api-2.0.9.jar
                                                                 [classpath] /var/lib/neo4j/lib/perfmark-api-0.26.0.jar
                                                                 [classpath] /var/lib/neo4j/lib/arrow-vector-16.1.0.jar
                                                                 [classpath] /var/lib/neo4j/lib/gson-2.11.0.jar
                                                                 [classpath] /var/lib/neo4j/lib/jline-reader-3.21.0.jar
                                                                 [classpath] /var/lib/neo4j/lib/FastInfoset-1.2.16.jar
                                                                 [classpath] /var/lib/neo4j/lib/shiro-crypto-cipher-2.0.0.jar
                                                                 [classpath] /var/lib/neo4j/lib/neo4j-ssl-5.22.0.jar
                                                                 [classpath] /var/lib/neo4j/lib/cypher-ast-factory-5.22.0.jar
                                                                 [classpath] /var/lib/neo4j/lib/jackson-jaxrs-json-provider-2.17.1.jar
                                                                 [classpath] /var/lib/neo4j/lib/netty-tcnative-2.0.65.Final-linux-x86_64-fedora.jar
                                                                 [classpath] /var/lib/neo4j/lib/netty-codec-http2-4.1.111.Final.jar
                                                                 [classpath] /var/lib/neo4j/lib/neo4j-cypher-expression-evaluator-5.22.0.jar
                                                                 [classpath] /var/lib/neo4j/lib/neo4j-rewriting-5.22.0.jar
                                                                 [classpath] /var/lib/neo4j/lib/flatbuffers-java-23.5.26.jar
                                                                 [classpath] /var/lib/neo4j/lib/lucene-queryparser-9.11.0.jar
                                                                 [classpath] /var/lib/neo4j/lib/neo4j-expressions-5.22.0.jar
                                                                 [classpath] /var/lib/neo4j/lib/neo4j-lucene-index-5.22.0.jar
                                                                 [classpath] /var/lib/neo4j/lib/proto-google-common-protos-2.40.0.jar
                                                                 [classpath] /var/lib/neo4j/lib/netty-transport-classes-kqueue-4.1.111.Final.jar
                                                                 [classpath] /var/lib/neo4j/lib/annotations-5.22.0.jar
                                                                 [classpath] /var/lib/neo4j/lib/neo4j-codegen-5.22.0.jar
                                                                 [classpath] /var/lib/neo4j/lib/scala-reflect-2.13.11.jar
                                                                 [classpath] /var/lib/neo4j/plugins/apoc.jar
                                                                 [classpath] /var/lib/neo4j/lib/commons-io-2.16.1.jar
                                                                 [classpath] /var/lib/neo4j/lib/jakarta.annotation-api-1.3.5.jar
                                                                 [classpath] /var/lib/neo4j/lib/jctools-core-4.0.5.jar
                                                                 [classpath] /var/lib/neo4j/lib/grpc-context-1.65.0.jar
                                                                 [classpath] /var/lib/neo4j/lib/netty-transport-native-kqueue-4.1.111.Final-osx-x86_64.jar
                                                                 [classpath] /var/lib/neo4j/lib/neo4j-io-5.22.0.jar
                                                                 [classpath] /var/lib/neo4j/lib/flight-core-16.1.0.jar
                                                                 [classpath] /var/lib/neo4j/lib/neo4j-dbms-5.22.0.jar
                                                                 [classpath] /var/lib/neo4j/lib/neo4j-server-5.22.0.jar
                                                                 [classpath] /var/lib/neo4j/lib/neo4j-push-to-cloud-5.22.0.jar
                                                                 [classpath] /var/lib/neo4j/lib/neo4j-security-5.22.0.jar
                                                                 [classpath] /var/lib/neo4j/lib/log4j-layout-template-json-2.20.0.jar
                                                                 [classpath] /var/lib/neo4j/lib/netty-buffer-4.1.111.Final.jar
                                                                 [classpath] /var/lib/neo4j/lib/shiro-hashes-bcrypt-2.0.0.jar
                                                                 [classpath] /var/lib/neo4j/lib/jersey-server-2.34.jar
                                                                 [classpath] /var/lib/neo4j/lib/neo4j-consistency-check-5.22.0.jar
                                                                 [classpath] /var/lib/neo4j/lib/neo4j-capabilities-5.22.0.jar
                                                                 [classpath] /var/lib/neo4j/lib/shiro-config-core-2.0.0.jar
                                                                 [classpath] /var/lib/neo4j/lib/neo4j-cypher-dsl-2024.0.0.jar
                                                                 [classpath] /var/lib/neo4j/lib/shiro-event-2.0.0.jar
                                                                
                                                                --------------------------------------------------------------------------------
                                                                                                [ Library path ]                                
                                                                --------------------------------------------------------------------------------
                                                                /usr/java/packages/lib
                                                                /usr/lib64
                                                                /lib64
                                                                /lib
                                                                /usr/lib
                                                                
                                                                --------------------------------------------------------------------------------
                                                                                             [ System properties ]                              
                                                                --------------------------------------------------------------------------------
                                                                jdk.tls.rejectClientInitiatedRenegotiation = true
                                                                sun.jnu.encoding = UTF-8
                                                                sun.arch.data.model = 64
                                                                user.timezone = Etc/UTC
                                                                sun.java.launcher = SUN_STANDARD
                                                                sun.boot.library.path = /opt/java/openjdk/lib
                                                                sun.java.command = org.neo4j.server.CommunityEntryPoint --home-dir=/var/lib/neo4j --config-dir=/var/lib/neo4j/conf --console-mode
                                                                jdk.debug = release
                                                                io.netty.tryReflectionSetAccessible = true
                                                                sun.cpu.endian = little
                                                                user.home = /var/lib/neo4j
                                                                user.language = en
                                                                file.separator = /
                                                                jdk.tls.ephemeralDHKeySize = 2048
                                                                sun.management.compiler = HotSpot 64-Bit Tiered Compilers
                                                                user.name = neo4j
                                                                jdk.nio.maxCachedBufferSize = 1024
                                                                path.separator = :
                                                                file.encoding = UTF-8
                                                                jnidispatch.path = /var/lib/neo4j/.cache/JNA/temp/jna7255984522563359800.tmp
                                                                jna.loaded = true
                                                                user.dir = /var/lib/neo4j
                                                                native.encoding = UTF-8
                                                                sun.io.unicode.encoding = UnicodeLittle
                                                                log4j2.disable.jmx = true
                                                                
                                                                --------------------------------------------------------------------------------
                                                                                      [ (IANA) TimeZone database version ]                      
                                                                --------------------------------------------------------------------------------
                                                                  TimeZone version: 2024a (available for 603 zone identifiers)
                                                                
                                                                --------------------------------------------------------------------------------
                                                                                            [ Network information ]                             
                                                                --------------------------------------------------------------------------------
                                                                Interface eth0:
                                                                    address: 172.18.0.2
                                                                Interface lo:
                                                                    address: 0:0:0:0:0:0:0:1%lo
                                                                    address: 127.0.0.1
                                                                
                                                                --------------------------------------------------------------------------------
                                                                                         [ Native access information ]                          
                                                                --------------------------------------------------------------------------------
                                                                Native access details: Linux native access is available.
                                                                
                                                                --------------------------------------------------------------------------------
                                                                                                [ DBMS config ]                                 
                                                                --------------------------------------------------------------------------------
                                                                DBMS provided settings:
                                                                db.tx_log.rotation.retention_policy=2 days 2G
                                                                dbms.security.procedures.unrestricted=apoc.*
                                                                server.bolt.enabled=true
                                                                server.default_listen_address=0.0.0.0
                                                                server.directories.import=/var/lib/neo4j/import
                                                                server.directories.logs=/logs
                                                                server.directories.neo4j_home=/var/lib/neo4j
                                                                server.http.enabled=true
                                                                server.https.enabled=false
                                                                server.jvm.additional=-XX:+UseG1GC
-XX:-OmitStackTraceInFastThrow
-XX:+AlwaysPreTouch
-XX:+UnlockExperimentalVMOptions
-XX:+TrustFinalNonStaticFields
-XX:+DisableExplicitGC
-Djdk.nio.maxCachedBufferSize=1024
-Dio.netty.tryReflectionSetAccessible=true
-Djdk.tls.ephemeralDHKeySize=2048
-Djdk.tls.rejectClientInitiatedRenegotiation=true
-XX:FlightRecorderOptions=stackdepth=256
-XX:+UnlockDiagnosticVMOptions
-XX:+DebugNonSafepoints
--add-opens=java.base/java.nio=ALL-UNNAMED
--add-opens=java.base/java.io=ALL-UNNAMED
--add-opens=java.base/sun.nio.ch=ALL-UNNAMED
-Dlog4j2.disable.jmx=true
                                                                server.memory.heap.initial_size=1.00GiB
                                                                server.memory.heap.max_size=2.00GiB
                                                                server.memory.pagecache.size=1.00GiB
                                                                server.windows_service_name=neo4j
                                                                Directories in use:
                                                                server.directories.data=/var/lib/neo4j/data
                                                                server.directories.dumps.root=/var/lib/neo4j/data/dumps
                                                                server.directories.import=/var/lib/neo4j/import
                                                                server.directories.lib=/var/lib/neo4j/lib
                                                                server.directories.licenses=/var/lib/neo4j/licenses
                                                                server.directories.logs=/logs
                                                                server.directories.neo4j_home=/var/lib/neo4j
                                                                server.directories.plugins=/var/lib/neo4j/plugins
                                                                server.directories.run=/var/lib/neo4j/run
                                                                server.directories.script.root=/var/lib/neo4j/data/scripts
                                                                server.directories.transaction.logs.root=/var/lib/neo4j/data/transactions
                                                                
                                                                --------------------------------------------------------------------------------
                                                                                                 [ Packaging ]                                  
                                                                --------------------------------------------------------------------------------
                                                                Edition: Community
                                                                Package Type: docker bullseye
                                                                
2026-05-22 18:30:36.382+0000 INFO  [o.n.d.i.DefaultIdentityModule] Found ServerId on disk: ServerId{3a5aed81} (3a5aed81-2449-4cf2-a314-72ebf6e03408)
2026-05-22 18:30:36.385+0000 INFO  [o.n.d.i.DefaultIdentityModule] This instance is ServerId{3a5aed81} (3a5aed81-2449-4cf2-a314-72ebf6e03408)
2026-05-22 18:30:37.791+0000 INFO  [o.n.s.CommunityNeoWebServer] ======== Neo4j 5.22.0 ========
2026-05-22 18:30:37.815+0000 INFO  [o.n.d.d.DatabaseLifecycles] Creating 'DatabaseId{00000000[system]}'.
2026-05-22 18:30:37.896+0000 INFO  [a.ApocConfig] successfully registered ApocConfig for @Context
2026-05-22 18:30:37.898+0000 INFO  [a.Pools] successfully registered Pools for @Context
2026-05-22 18:30:38.041+0000 INFO  [a.ApocConfig] cannot determine conf folder from sys property org.neo4j.server.CommunityEntryPoint --home-dir=/var/lib/neo4j --config-dir=/var/lib/neo4j/conf --console-mode, assuming /var/lib/neo4j/conf
2026-05-22 18:30:38.041+0000 INFO  [a.ApocConfig] system property NEO4J_CONF set to /var/lib/neo4j/conf
2026-05-22 18:30:38.140+0000 INFO  [a.ApocConfig] setting APOC config to default value: apoc.trigger.enabled=false
2026-05-22 18:30:38.142+0000 INFO  [a.ApocConfig] setting APOC config to default value: apoc.import.file.enabled=false
2026-05-22 18:30:38.143+0000 INFO  [a.ApocConfig] setting APOC config to default value: apoc.export.file.enabled=false
2026-05-22 18:30:38.143+0000 INFO  [a.ApocConfig] setting APOC config to default value: apoc.import.file.use_neo4j_config=true
2026-05-22 18:30:38.225+0000 INFO  [o.n.b.BoltServer] Using connector transport epoll
2026-05-22 18:30:38.320+0000 INFO  [o.n.b.BoltServer] Configured external Bolt connector with listener address /0.0.0.0:7687
2026-05-22 18:30:38.322+0000 INFO  [o.n.b.BoltServer] Bolt server loaded
2026-05-22 18:30:38.370+0000 INFO  [o.n.d.d.DatabaseLifecycles] Starting 'DatabaseId{00000000[system]}'.
2026-05-22 18:30:38.768+0000 INFO  [o.n.k.i.t.l.f.c.CheckpointLogFile] [system/00000000] Scanning log file with version 0 for checkpoint entries
2026-05-22 18:30:38.877+0000 INFO  [o.n.k.i.s.f.RecordFormatSelector] [system/00000000] Selected RecordFormat:PageAlignedV5_0[aligned-1.1] record format from store /data/databases/system
2026-05-22 18:30:38.877+0000 INFO  [o.n.k.i.s.f.RecordFormatSelector] [system/00000000] Selected format from the store files: RecordFormat:PageAlignedV5_0[aligned-1.1]
2026-05-22 18:30:40.889+0000 INFO  [o.n.i.d.DiagnosticsManager] [system/00000000] 
                                                                [system/00000000] ********************************************************************************
                                                                [system/00000000]                               [ Database: system ]                              
                                                                [system/00000000] ********************************************************************************
                                                                [system/00000000] --------------------------------------------------------------------------------
                                                                [system/00000000]                                   [ Version ]                                   
                                                                [system/00000000] --------------------------------------------------------------------------------
                                                                [system/00000000] DBMS: community record-aligned-1.1
                                                                [system/00000000] Kernel version: 5.22.0
                                                                [system/00000000] 
                                                                [system/00000000] --------------------------------------------------------------------------------
                                                                [system/00000000]                                 [ Store files ]                                 
                                                                [system/00000000] --------------------------------------------------------------------------------
                                                                [system/00000000] Disk space on partition (Total / Free / Free %): 511048675328 / 141597847552 / 27
                                                                [system/00000000] Storage files stored on file store: 9p
                                                                [system/00000000] Storage files: (filename : modification date - size)
                                                                [system/00000000]   database_lock: 2026-05-21 07:36:42.853+0000 - 0B
                                                                [system/00000000]   id-buffer.tmp.0: 2026-05-21 19:58:09.071+0000 - 0B
                                                                [system/00000000]   neostore: 2026-05-21 07:36:42.465+0000 - 8.000KiB
                                                                [system/00000000]   neostore.counts.db: 2026-05-22 18:30:40.220+0000 - 48.00KiB
                                                                [system/00000000]   neostore.indexstats.db: 2026-05-22 18:30:40.332+0000 - 48.00KiB
                                                                [system/00000000]   neostore.labeltokenstore.db: 2026-05-21 07:52:12.500+0000 - 8.000KiB
                                                                [system/00000000]   neostore.labeltokenstore.db.id: 2026-05-22 18:30:39.951+0000 - 40.00KiB
                                                                [system/00000000]   neostore.labeltokenstore.db.names: 2026-05-21 07:52:12.520+0000 - 8.000KiB
                                                                [system/00000000]   neostore.labeltokenstore.db.names.id: 2026-05-22 18:30:39.849+0000 - 40.00KiB
                                                                [system/00000000]   neostore.nodestore.db: 2026-05-21 07:52:12.529+0000 - 8.000KiB
                                                                [system/00000000]   neostore.nodestore.db.id: 2026-05-22 18:30:39.135+0000 - 40.00KiB
                                                                [system/00000000]   neostore.nodestore.db.labels: 2026-05-21 07:36:42.232+0000 - 8.000KiB
                                                                [system/00000000]   neostore.nodestore.db.labels.id: 2026-05-22 18:30:39.069+0000 - 40.00KiB
                                                                [system/00000000]   neostore.propertystore.db: 2026-05-21 07:52:12.504+0000 - 8.000KiB
                                                                [system/00000000]   neostore.propertystore.db.arrays: 2026-05-21 07:36:42.339+0000 - 8.000KiB
                                                                [system/00000000]   neostore.propertystore.db.arrays.id: 2026-05-22 18:30:39.472+0000 - 40.00KiB
                                                                [system/00000000]   neostore.propertystore.db.id: 2026-05-22 18:30:39.537+0000 - 40.00KiB
                                                                [system/00000000]   neostore.propertystore.db.index: 2026-05-21 07:52:12.509+0000 - 8.000KiB
                                                                [system/00000000]   neostore.propertystore.db.index.id: 2026-05-22 18:30:39.315+0000 - 40.00KiB
                                                                [system/00000000]   neostore.propertystore.db.index.keys: 2026-05-21 07:52:12.540+0000 - 8.000KiB
                                                                [system/00000000]   neostore.propertystore.db.index.keys.id: 2026-05-22 18:30:39.219+0000 - 40.00KiB
                                                                [system/00000000]   neostore.propertystore.db.strings: 2026-05-21 07:52:12.536+0000 - 8.000KiB
                                                                [system/00000000]   neostore.propertystore.db.strings.id: 2026-05-22 18:30:39.413+0000 - 40.00KiB
                                                                [system/00000000]   neostore.relationshipgroupstore.db: 2026-05-21 07:36:42.442+0000 - 8.000KiB
                                                                [system/00000000]   neostore.relationshipgroupstore.db.id: 2026-05-22 18:30:40.111+0000 - 40.00KiB
                                                                [system/00000000]   neostore.relationshipgroupstore.degrees.db: 2026-05-22 18:30:40.291+0000 - 40.00KiB
                                                                [system/00000000]   neostore.relationshipstore.db: 2026-05-21 07:52:12.525+0000 - 8.000KiB
                                                                [system/00000000]   neostore.relationshipstore.db.id: 2026-05-22 18:30:39.614+0000 - 40.00KiB
                                                                [system/00000000]   neostore.relationshiptypestore.db: 2026-05-21 07:52:12.544+0000 - 8.000KiB
                                                                [system/00000000]   neostore.relationshiptypestore.db.id: 2026-05-22 18:30:39.768+0000 - 40.00KiB
                                                                [system/00000000]   neostore.relationshiptypestore.db.names: 2026-05-21 07:52:12.493+0000 - 8.000KiB
                                                                [system/00000000]   neostore.relationshiptypestore.db.names.id: 2026-05-22 18:30:39.694+0000 - 40.00KiB
                                                                [system/00000000]   neostore.schemastore.db: 2026-05-21 07:52:12.513+0000 - 8.000KiB
                                                                [system/00000000]   neostore.schemastore.db.id: 2026-05-22 18:30:40.021+0000 - 40.00KiB
                                                                [system/00000000]   schema:
                                                                [system/00000000]     index:
                                                                [system/00000000]       range-1.0:
                                                                [system/00000000]         3:
                                                                [system/00000000]           index-3: 2026-05-21 19:58:08.783+0000 - 48.00KiB
                                                                [system/00000000]         - Total: 2026-05-21 07:37:04.278+0000 - 48.00KiB
                                                                [system/00000000]         4:
                                                                [system/00000000]           index-4: 2026-05-21 19:58:08.840+0000 - 48.00KiB
                                                                [system/00000000]         - Total: 2026-05-21 07:37:04.375+0000 - 48.00KiB
                                                                [system/00000000]         7:
                                                                [system/00000000]           index-7: 2026-05-21 19:58:08.896+0000 - 48.00KiB
                                                                [system/00000000]         - Total: 2026-05-21 07:37:04.687+0000 - 48.00KiB
                                                                [system/00000000]         8:
                                                                [system/00000000]           index-8: 2026-05-21 19:58:08.943+0000 - 48.00KiB
                                                                [system/00000000]         - Total: 2026-05-21 07:37:04.761+0000 - 48.00KiB
                                                                [system/00000000]         9:
                                                                [system/00000000]           index-9: 2026-05-21 19:58:09.001+0000 - 48.00KiB
                                                                [system/00000000]         - Total: 2026-05-21 07:37:04.825+0000 - 48.00KiB
                                                                [system/00000000]       - Total: 2026-05-21 07:37:04.821+0000 - 240.0KiB
                                                                [system/00000000]       token-lookup-1.0:
                                                                [system/00000000]         1:
                                                                [system/00000000]           index-1: 2026-05-21 19:58:08.648+0000 - 48.00KiB
                                                                [system/00000000]         - Total: 2026-05-21 07:37:02.482+0000 - 48.00KiB
                                                                [system/00000000]         2:
                                                                [system/00000000]           index-2: 2026-05-21 19:58:08.686+0000 - 48.00KiB
                                                                [system/00000000]         - Total: 2026-05-21 07:37:02.563+0000 - 48.00KiB
                                                                [system/00000000]       - Total: 2026-05-21 07:37:02.558+0000 - 96.00KiB
                                                                [system/00000000]     - Total: 2026-05-21 07:37:04.270+0000 - 336.0KiB
                                                                [system/00000000]   - Total: 2026-05-21 07:37:02.462+0000 - 336.0KiB
                                                                [system/00000000] Storage summary: 
                                                                [system/00000000]   Total size of store: 1.125MiB
                                                                [system/00000000]   Total size of mapped files: 456.0KiB
                                                                [system/00000000] 
                                                                [system/00000000] --------------------------------------------------------------------------------
                                                                [system/00000000]                               [ Transaction log ]                               
                                                                [system/00000000] --------------------------------------------------------------------------------
                                                                [system/00000000] Transaction log files stored on file store: 9p
                                                                [system/00000000] Transaction log metadata:
                                                                [system/00000000]  - current kernel version used in transactions: V5_22
                                                                [system/00000000]  - last committed transaction id: 41
                                                                [system/00000000] Transaction log files:
                                                                [system/00000000]  - existing transaction log versions: 0-0
                                                                [system/00000000]  - oldest append index 2 found in log with version 0
                                                                [system/00000000]  - files: (filename : creation date - size)
                                                                [system/00000000]      neostore.transaction.db.0: 1970-01-01 00:00:00.000+0000 - 256.0MiB
                                                                [system/00000000]  - total size of files: 256.0MiB
                                                                [system/00000000] Checkpoint log files:
                                                                [system/00000000]  - existing checkpoint log versions: 0-0
                                                                [system/00000000]  - last checkpoint: CheckpointInfo[oldestNotVisibleTransactionLogPosition=LogPosition{logVersion=0, byteOffset=24028}, transactionLogPosition=LogPosition{logVersion=0, byteOffset=24028}, storeId=StoreId{creationTime=1779349002456, random=4238966160222628559, storageEngineName='record', formatName='aligned', majorVersion=1, minorVersion=1}, checkpointEntryPosition=LogPosition{logVersion=0, byteOffset=360}, channelPositionAfterCheckpoint=LogPosition{logVersion=0, byteOffset=592}, checkpointFilePostReadPosition=LogPosition{logVersion=0, byteOffset=592}, kernelVersion=KernelVersion{V5_22,version=18}, kernelVersionByte=18, transactionId=TransactionId[id=41, appendIndex=41, kernelVersion=KernelVersion{V5_22,version=18}, checksum=-1897652207, commitTimestamp=1779349024933, consensusIndex=-1], appendIndex=41, reason=Checkpoint triggered by "Scheduled checkpoint for every 15 minutes threshol, consensusIndexInCheckpoint=true]
                                                                [system/00000000] 
                                                                [system/00000000] --------------------------------------------------------------------------------
                                                                [system/00000000]                                   [ Id usage ]                                  
                                                                [system/00000000] --------------------------------------------------------------------------------
                                                                [system/00000000] ArrayPropertyStore[neostore.nodestore.db.labels]: used=1 high=0
                                                                [system/00000000] NodeStore[neostore.nodestore.db]: used=7 high=6
                                                                [system/00000000] StringPropertyStore[neostore.propertystore.db.index.keys]: used=47 high=46
                                                                [system/00000000] PropertyIndexStore[neostore.propertystore.db.index]: used=33 high=32
                                                                [system/00000000] StringPropertyStore[neostore.propertystore.db.strings]: used=3 high=2
                                                                [system/00000000] ArrayPropertyStore[neostore.propertystore.db.arrays]: used=1 high=0
                                                                [system/00000000] PropertyStore[neostore.propertystore.db]: used=73 high=72
                                                                [system/00000000] RelationshipStore[neostore.relationshipstore.db]: used=3 high=2
                                                                [system/00000000] StringPropertyStore[neostore.relationshiptypestore.db.names]: used=3 high=2
                                                                [system/00000000] RelationshipTypeStore[neostore.relationshiptypestore.db]: used=2 high=1
                                                                [system/00000000] StringPropertyStore[neostore.labeltokenstore.db.names]: used=6 high=5
                                                                [system/00000000] LabelTokenStore[neostore.labeltokenstore.db]: used=5 high=4
                                                                [system/00000000] SchemaStore[neostore.schemastore.db]: used=13 high=12
                                                                [system/00000000] RelationshipGroupStore[neostore.relationshipgroupstore.db]: used=1 high=0
                                                                [system/00000000] NeoStore[neostore]: used=-1 high=-1
                                                                [system/00000000] 
                                                                [system/00000000] --------------------------------------------------------------------------------
                                                                [system/00000000]                                   [ Metadata ]                                  
                                                                [system/00000000] --------------------------------------------------------------------------------
                                                                [system/00000000] EXTERNAL_STORE_UUID (Database identifier exposed as external store identity. Generated on creation and never updated): 727e3ad5-fa91-4c4a-bb93-2f28b9759626
                                                                [system/00000000] DATABASE_ID (The last used DatabaseId for this database): null
                                                                [system/00000000] LEGACY_STORE_VERSION (Legacy store format version. This field is used from 5.0 onwards only to distinguish non-migrated pre 5.0 metadata stores.): -3523014627327384477
                                                                [system/00000000] STORE_ID (Store ID): StoreId{creationTime=1779349002456, random=4238966160222628559, storageEngineName='record', formatName='aligned', majorVersion=1, minorVersion=1}
                                                                [system/00000000] 
2026-05-22 18:30:41.019+0000 INFO  [o.n.k.i.i.s.TokenIndexProvider] [system/00000000] Schema index cleanup job registered: descriptor=Index( id=1, name='index_343aff4e', type='LOOKUP', schema=(:<any-labels>), indexProvider='token-lookup-1.0' ), indexFile=/data/databases/system/schema/index/token-lookup-1.0/1/index-1
2026-05-22 18:30:41.020+0000 INFO  [o.n.k.i.i.s.TokenIndexProvider] [system/00000000] Schema index cleanup job started: descriptor=Index( id=1, name='index_343aff4e', type='LOOKUP', schema=(:<any-labels>), indexProvider='token-lookup-1.0' ), indexFile=/data/databases/system/schema/index/token-lookup-1.0/1/index-1
2026-05-22 18:30:41.028+0000 INFO  [o.n.k.i.i.s.TokenIndexProvider] [system/00000000] Schema index cleanup job finished: descriptor=Index( id=1, name='index_343aff4e', type='LOOKUP', schema=(:<any-labels>), indexProvider='token-lookup-1.0' ), indexFile=/data/databases/system/schema/index/token-lookup-1.0/1/index-1 Number of pages visited: 3, Number of tree nodes: 2, Number of cleaned crashed pointers: 0, Time spent: 6ms
2026-05-22 18:30:41.028+0000 INFO  [o.n.k.i.i.s.TokenIndexProvider] [system/00000000] Schema index cleanup job closed: descriptor=Index( id=1, name='index_343aff4e', type='LOOKUP', schema=(:<any-labels>), indexProvider='token-lookup-1.0' ), indexFile=/data/databases/system/schema/index/token-lookup-1.0/1/index-1
2026-05-22 18:30:41.080+0000 INFO  [o.n.k.i.i.s.TokenIndexProvider] [system/00000000] Schema index cleanup job registered: descriptor=Index( id=2, name='index_f7700477', type='LOOKUP', schema=()-[:<any-types>]-(), indexProvider='token-lookup-1.0' ), indexFile=/data/databases/system/schema/index/token-lookup-1.0/2/index-2
2026-05-22 18:30:41.081+0000 INFO  [o.n.k.i.i.s.TokenIndexProvider] [system/00000000] Schema index cleanup job started: descriptor=Index( id=2, name='index_f7700477', type='LOOKUP', schema=()-[:<any-types>]-(), indexProvider='token-lookup-1.0' ), indexFile=/data/databases/system/schema/index/token-lookup-1.0/2/index-2
2026-05-22 18:30:41.084+0000 INFO  [o.n.k.i.i.s.TokenIndexProvider] [system/00000000] Schema index cleanup job finished: descriptor=Index( id=2, name='index_f7700477', type='LOOKUP', schema=()-[:<any-types>]-(), indexProvider='token-lookup-1.0' ), indexFile=/data/databases/system/schema/index/token-lookup-1.0/2/index-2 Number of pages visited: 3, Number of tree nodes: 2, Number of cleaned crashed pointers: 0, Time spent: 2ms
2026-05-22 18:30:41.085+0000 INFO  [o.n.k.i.i.s.TokenIndexProvider] [system/00000000] Schema index cleanup job closed: descriptor=Index( id=2, name='index_f7700477', type='LOOKUP', schema=()-[:<any-types>]-(), indexProvider='token-lookup-1.0' ), indexFile=/data/databases/system/schema/index/token-lookup-1.0/2/index-2
2026-05-22 18:30:41.167+0000 INFO  [o.n.k.i.i.s.RangeIndexProvider] [system/00000000] Schema index cleanup job registered: descriptor=Index( id=3, name='constraint_798238d6', type='RANGE', schema=(:Label[1] {PropertyKey[11], PropertyKey[12]}), indexProvider='range-1.0', owningConstraint=6 ), indexFile=/data/databases/system/schema/index/range-1.0/3/index-3
2026-05-22 18:30:41.168+0000 INFO  [o.n.k.i.i.s.RangeIndexProvider] [system/00000000] Schema index cleanup job started: descriptor=Index( id=3, name='constraint_798238d6', type='RANGE', schema=(:Label[1] {PropertyKey[11], PropertyKey[12]}), indexProvider='range-1.0', owningConstraint=6 ), indexFile=/data/databases/system/schema/index/range-1.0/3/index-3
2026-05-22 18:30:41.172+0000 INFO  [o.n.k.i.i.s.RangeIndexProvider] [system/00000000] Schema index cleanup job finished: descriptor=Index( id=3, name='constraint_798238d6', type='RANGE', schema=(:Label[1] {PropertyKey[11], PropertyKey[12]}), indexProvider='range-1.0', owningConstraint=6 ), indexFile=/data/databases/system/schema/index/range-1.0/3/index-3 Number of pages visited: 3, Number of tree nodes: 2, Number of cleaned crashed pointers: 0, Time spent: 2ms
2026-05-22 18:30:41.172+0000 INFO  [o.n.k.i.i.s.RangeIndexProvider] [system/00000000] Schema index cleanup job closed: descriptor=Index( id=3, name='constraint_798238d6', type='RANGE', schema=(:Label[1] {PropertyKey[11], PropertyKey[12]}), indexProvider='range-1.0', owningConstraint=6 ), indexFile=/data/databases/system/schema/index/range-1.0/3/index-3
2026-05-22 18:30:41.235+0000 INFO  [o.n.k.i.i.s.RangeIndexProvider] [system/00000000] Schema index cleanup job registered: descriptor=Index( id=4, name='constraint_8014b60a', type='RANGE', schema=(:Label[2] {PropertyKey[11]}), indexProvider='range-1.0', owningConstraint=5 ), indexFile=/data/databases/system/schema/index/range-1.0/4/index-4
2026-05-22 18:30:41.236+0000 INFO  [o.n.k.i.i.s.RangeIndexProvider] [system/00000000] Schema index cleanup job started: descriptor=Index( id=4, name='constraint_8014b60a', type='RANGE', schema=(:Label[2] {PropertyKey[11]}), indexProvider='range-1.0', owningConstraint=5 ), indexFile=/data/databases/system/schema/index/range-1.0/4/index-4
2026-05-22 18:30:41.239+0000 INFO  [o.n.k.i.i.s.RangeIndexProvider] [system/00000000] Schema index cleanup job finished: descriptor=Index( id=4, name='constraint_8014b60a', type='RANGE', schema=(:Label[2] {PropertyKey[11]}), indexProvider='range-1.0', owningConstraint=5 ), indexFile=/data/databases/system/schema/index/range-1.0/4/index-4 Number of pages visited: 3, Number of tree nodes: 2, Number of cleaned crashed pointers: 0, Time spent: 1ms
2026-05-22 18:30:41.239+0000 INFO  [o.n.k.i.i.s.RangeIndexProvider] [system/00000000] Schema index cleanup job closed: descriptor=Index( id=4, name='constraint_8014b60a', type='RANGE', schema=(:Label[2] {PropertyKey[11]}), indexProvider='range-1.0', owningConstraint=5 ), indexFile=/data/databases/system/schema/index/range-1.0/4/index-4
2026-05-22 18:30:41.295+0000 INFO  [o.n.k.i.i.s.RangeIndexProvider] [system/00000000] Schema index cleanup job registered: descriptor=Index( id=7, name='constraint_5789ae3', type='RANGE', schema=(:Label[3] {PropertyKey[11]}), indexProvider='range-1.0', owningConstraint=12 ), indexFile=/data/databases/system/schema/index/range-1.0/7/index-7
2026-05-22 18:30:41.295+0000 INFO  [o.n.k.i.i.s.RangeIndexProvider] [system/00000000] Schema index cleanup job started: descriptor=Index( id=7, name='constraint_5789ae3', type='RANGE', schema=(:Label[3] {PropertyKey[11]}), indexProvider='range-1.0', owningConstraint=12 ), indexFile=/data/databases/system/schema/index/range-1.0/7/index-7
2026-05-22 18:30:41.298+0000 INFO  [o.n.k.i.i.s.RangeIndexProvider] [system/00000000] Schema index cleanup job finished: descriptor=Index( id=7, name='constraint_5789ae3', type='RANGE', schema=(:Label[3] {PropertyKey[11]}), indexProvider='range-1.0', owningConstraint=12 ), indexFile=/data/databases/system/schema/index/range-1.0/7/index-7 Number of pages visited: 3, Number of tree nodes: 2, Number of cleaned crashed pointers: 0, Time spent: 2ms
2026-05-22 18:30:41.299+0000 INFO  [o.n.k.i.i.s.RangeIndexProvider] [system/00000000] Schema index cleanup job closed: descriptor=Index( id=7, name='constraint_5789ae3', type='RANGE', schema=(:Label[3] {PropertyKey[11]}), indexProvider='range-1.0', owningConstraint=12 ), indexFile=/data/databases/system/schema/index/range-1.0/7/index-7
2026-05-22 18:30:41.359+0000 INFO  [o.n.k.i.i.s.RangeIndexProvider] [system/00000000] Schema index cleanup job registered: descriptor=Index( id=8, name='constraint_74fad970', type='RANGE', schema=(:Label[3] {PropertyKey[27]}), indexProvider='range-1.0', owningConstraint=11 ), indexFile=/data/databases/system/schema/index/range-1.0/8/index-8
2026-05-22 18:30:41.361+0000 INFO  [o.n.k.i.i.s.RangeIndexProvider] [system/00000000] Schema index cleanup job started: descriptor=Index( id=8, name='constraint_74fad970', type='RANGE', schema=(:Label[3] {PropertyKey[27]}), indexProvider='range-1.0', owningConstraint=11 ), indexFile=/data/databases/system/schema/index/range-1.0/8/index-8
2026-05-22 18:30:41.362+0000 INFO  [o.n.k.i.i.s.RangeIndexProvider] [system/00000000] Schema index cleanup job finished: descriptor=Index( id=8, name='constraint_74fad970', type='RANGE', schema=(:Label[3] {PropertyKey[27]}), indexProvider='range-1.0', owningConstraint=11 ), indexFile=/data/databases/system/schema/index/range-1.0/8/index-8 Number of pages visited: 3, Number of tree nodes: 2, Number of cleaned crashed pointers: 0, Time spent: 1ms
2026-05-22 18:30:41.363+0000 INFO  [o.n.k.i.i.s.RangeIndexProvider] [system/00000000] Schema index cleanup job closed: descriptor=Index( id=8, name='constraint_74fad970', type='RANGE', schema=(:Label[3] {PropertyKey[27]}), indexProvider='range-1.0', owningConstraint=11 ), indexFile=/data/databases/system/schema/index/range-1.0/8/index-8
2026-05-22 18:30:41.406+0000 INFO  [o.n.k.i.i.s.RangeIndexProvider] [system/00000000] Schema index cleanup job registered: descriptor=Index( id=9, name='auth-constraint', type='RANGE', schema=(:Label[4] {PropertyKey[28], PropertyKey[27]}), indexProvider='range-1.0', owningConstraint=10 ), indexFile=/data/databases/system/schema/index/range-1.0/9/index-9
2026-05-22 18:30:41.407+0000 INFO  [o.n.k.i.i.s.RangeIndexProvider] [system/00000000] Schema index cleanup job started: descriptor=Index( id=9, name='auth-constraint', type='RANGE', schema=(:Label[4] {PropertyKey[28], PropertyKey[27]}), indexProvider='range-1.0', owningConstraint=10 ), indexFile=/data/databases/system/schema/index/range-1.0/9/index-9
2026-05-22 18:30:41.408+0000 INFO  [o.n.k.i.a.i.IndexingService] [system/00000000] IndexingService.init: indexes not specifically mentioned above are ONLINE. Total 7 indexes. Processed in 471ms
2026-05-22 18:30:41.409+0000 INFO  [o.n.k.i.i.s.RangeIndexProvider] [system/00000000] Schema index cleanup job finished: descriptor=Index( id=9, name='auth-constraint', type='RANGE', schema=(:Label[4] {PropertyKey[28], PropertyKey[27]}), indexProvider='range-1.0', owningConstraint=10 ), indexFile=/data/databases/system/schema/index/range-1.0/9/index-9 Number of pages visited: 3, Number of tree nodes: 2, Number of cleaned crashed pointers: 0, Time spent: 1ms
2026-05-22 18:30:41.410+0000 INFO  [o.n.k.i.i.s.RangeIndexProvider] [system/00000000] Schema index cleanup job closed: descriptor=Index( id=9, name='auth-constraint', type='RANGE', schema=(:Label[4] {PropertyKey[28], PropertyKey[27]}), indexProvider='range-1.0', owningConstraint=10 ), indexFile=/data/databases/system/schema/index/range-1.0/9/index-9
2026-05-22 18:30:41.423+0000 INFO  [o.n.k.a.DatabaseAvailabilityGuard] [system/00000000] Requirement `Database unavailable` makes database system unavailable.
2026-05-22 18:30:41.423+0000 INFO  [o.n.k.a.DatabaseAvailabilityGuard] [system/00000000] DatabaseId{00000000[system]} is unavailable.
2026-05-22 18:30:41.501+0000 INFO  [o.n.k.d.Database] [system/00000000] Starting transaction log [/data/transactions/system/neostore.transaction.db.0] at version=0
2026-05-22 18:30:41.514+0000 INFO  [o.n.k.d.Database] [system/00000000] Starting transaction log [/data/transactions/system/checkpoint.0] at version=0
2026-05-22 18:30:41.531+0000 INFO  [o.n.k.i.t.l.f.c.CheckpointLogFile] [system/00000000] Scanning log file with version 0 for checkpoint entries
2026-05-22 18:30:41.561+0000 INFO  [o.n.k.i.a.i.IndexingService] [system/00000000] IndexingService.start: indexes not specifically mentioned above are ONLINE. Total 7 indexes. Processed in 0ms
2026-05-22 18:30:41.570+0000 INFO  [o.n.k.a.DatabaseAvailabilityGuard] [system/00000000] Fulfilling of requirement 'Database unavailable' makes database system available.
2026-05-22 18:30:41.572+0000 INFO  [o.n.k.a.DatabaseAvailabilityGuard] [system/00000000] DatabaseId{00000000[system]} is ready.
2026-05-22 18:30:41.603+0000 WARN  [o.n.k.a.p.GlobalProcedures] Failed to load `com.opencsv.bean.BeanFieldJoinStringIndex` from plugin jar `/var/lib/neo4j/plugins/apoc.jar`: java.lang.NoClassDefFoundError: org/apache/commons/collections4/MultiValuedMap
2026-05-22 18:30:41.606+0000 WARN  [o.n.k.a.p.GlobalProcedures] Failed to load `com.jayway.jsonpath.spi.mapper.JakartaMappingProvider` from plugin jar `/var/lib/neo4j/plugins/apoc.jar`: java.lang.NoClassDefFoundError: jakarta/json/stream/JsonParser
2026-05-22 18:30:41.648+0000 WARN  [o.n.k.a.p.GlobalProcedures] Failed to load `com.opencsv.bean.AbstractMappingStrategy` from plugin jar `/var/lib/neo4j/plugins/apoc.jar`: java.lang.NoClassDefFoundError: org/apache/commons/collections4/MultiValuedMap
2026-05-22 18:30:41.657+0000 WARN  [o.n.k.a.p.GlobalProcedures] Failed to load `com.opencsv.bean.concurrent.BeanExecutor` from plugin jar `/var/lib/neo4j/plugins/apoc.jar`: java.lang.NoClassDefFoundError: org/apache/commons/collections4/ListValuedMap
2026-05-22 18:30:41.680+0000 WARN  [o.n.k.a.p.GlobalProcedures] Failed to load `com.opencsv.bean.HeaderIndex` from plugin jar `/var/lib/neo4j/plugins/apoc.jar`: java.lang.NoClassDefFoundError: org/apache/commons/collections4/MultiValuedMap
2026-05-22 18:30:41.682+0000 WARN  [o.n.k.a.p.GlobalProcedures] Failed to load `com.opencsv.bean.FuzzyMappingStrategy` from plugin jar `/var/lib/neo4j/plugins/apoc.jar`: java.lang.NoClassDefFoundError: org/apache/commons/collections4/MultiValuedMap
2026-05-22 18:30:41.685+0000 WARN  [o.n.k.a.p.GlobalProcedures] Failed to load `net.minidev.asm.ASMUtil` from plugin jar `/var/lib/neo4j/plugins/apoc.jar`: java.lang.NoClassDefFoundError: org/objectweb/asm/MethodVisitor
2026-05-22 18:30:41.686+0000 WARN  [o.n.k.a.p.GlobalProcedures] Failed to load `apoc.util.hdfs.HDFSUtils$1` from plugin jar `/var/lib/neo4j/plugins/apoc.jar`: java.lang.NoClassDefFoundError: org/apache/hadoop/fs/FSDataInputStream
2026-05-22 18:30:41.688+0000 WARN  [o.n.k.a.p.GlobalProcedures] Failed to load `com.opencsv.bean.BeanFieldJoin` from plugin jar `/var/lib/neo4j/plugins/apoc.jar`: java.lang.NoClassDefFoundError: org/apache/commons/collections4/MultiValuedMap
2026-05-22 18:30:41.691+0000 WARN  [o.n.k.a.p.GlobalProcedures] Failed to load `META-INF.versions.9.module-info` from plugin jar `/var/lib/neo4j/plugins/apoc.jar`: java.lang.NoClassDefFoundError: META-INF/versions/9/module-info is not a class because access_flag ACC_MODULE is set
2026-05-22 18:30:41.703+0000 WARN  [o.n.k.a.p.GlobalProcedures] Failed to load `com.jayway.jsonpath.spi.json.JakartaJsonProvider$JsonObjectProxy$1` from plugin jar `/var/lib/neo4j/plugins/apoc.jar`: java.lang.NoClassDefFoundError: jakarta/json/JsonObject
2026-05-22 18:30:41.707+0000 WARN  [o.n.k.a.p.GlobalProcedures] Failed to load `com.opencsv.bean.customconverter.ConvertGermanToBoolean` from plugin jar `/var/lib/neo4j/plugins/apoc.jar`: java.lang.NoClassDefFoundError: org/apache/commons/beanutils/ConversionException
2026-05-22 18:30:41.714+0000 WARN  [o.n.k.a.p.GlobalProcedures] Failed to load `com.opencsv.bean.StatefulBeanToCsv` from plugin jar `/var/lib/neo4j/plugins/apoc.jar`: java.lang.NoClassDefFoundError: org/apache/commons/collections4/MultiValuedMap
2026-05-22 18:30:41.716+0000 WARN  [o.n.k.a.p.GlobalProcedures] Failed to load `com.opencsv.bean.HeaderNameBaseMappingStrategy` from plugin jar `/var/lib/neo4j/plugins/apoc.jar`: java.lang.NoClassDefFoundError: org/apache/commons/collections4/MultiValuedMap
2026-05-22 18:30:41.718+0000 WARN  [o.n.k.a.p.GlobalProcedures] Failed to load `com.jayway.jsonpath.spi.mapper.JakartaMappingProvider$JsonStructureScope` from plugin jar `/var/lib/neo4j/plugins/apoc.jar`: java.lang.NoClassDefFoundError: jakarta/json/JsonValue
2026-05-22 18:30:41.720+0000 WARN  [o.n.k.a.p.GlobalProcedures] Failed to load `com.opencsv.bean.concurrent.IntolerantThreadPoolExecutor` from plugin jar `/var/lib/neo4j/plugins/apoc.jar`: java.lang.NoClassDefFoundError: org/apache/commons/collections4/ListValuedMap
2026-05-22 18:30:41.738+0000 WARN  [o.n.k.a.p.GlobalProcedures] Failed to load `com.opencsv.bean.customconverter.ConverterLanguageToBoolean` from plugin jar `/var/lib/neo4j/plugins/apoc.jar`: java.lang.NoClassDefFoundError: org/apache/commons/beanutils/ConversionException
2026-05-22 18:30:41.764+0000 WARN  [o.n.k.a.p.GlobalProcedures] Failed to load `com.opencsv.bean.customconverter.ConvertFrenchToBoolean` from plugin jar `/var/lib/neo4j/plugins/apoc.jar`: java.lang.NoClassDefFoundError: org/apache/commons/beanutils/ConversionException
2026-05-22 18:30:41.766+0000 WARN  [o.n.k.a.p.GlobalProcedures] Failed to load `com.opencsv.bean.ColumnPositionMappingStrategy` from plugin jar `/var/lib/neo4j/plugins/apoc.jar`: java.lang.NoClassDefFoundError: org/apache/commons/collections4/MultiValuedMap
2026-05-22 18:30:41.771+0000 WARN  [o.n.k.a.p.GlobalProcedures] Failed to load `com.jayway.jsonpath.spi.mapper.JakartaMappingProvider$JsonObjectScope` from plugin jar `/var/lib/neo4j/plugins/apoc.jar`: java.lang.NoClassDefFoundError: jakarta/json/JsonValue
2026-05-22 18:30:41.775+0000 WARN  [o.n.k.a.p.GlobalProcedures] Failed to load `apoc.util.google.cloud.GCStorageURLConnection` from plugin jar `/var/lib/neo4j/plugins/apoc.jar`: java.lang.NoClassDefFoundError: com/google/cloud/storage/Storage
2026-05-22 18:30:41.780+0000 WARN  [o.n.k.a.p.GlobalProcedures] Failed to load `com.jayway.jsonpath.spi.json.JakartaJsonProvider` from plugin jar `/var/lib/neo4j/plugins/apoc.jar`: java.lang.NoClassDefFoundError: jakarta/json/JsonObject
2026-05-22 18:30:41.787+0000 WARN  [o.n.k.a.p.GlobalProcedures] Failed to load `com.opencsv.bean.CsvToBeanBuilder` from plugin jar `/var/lib/neo4j/plugins/apoc.jar`: java.lang.NoClassDefFoundError: org/apache/commons/collections4/ListValuedMap
2026-05-22 18:30:41.799+0000 WARN  [o.n.k.a.p.GlobalProcedures] Failed to load `com.jayway.jsonpath.spi.json.JakartaJsonProvider$JsonArrayProxy` from plugin jar `/var/lib/neo4j/plugins/apoc.jar`: java.lang.NoClassDefFoundError: jakarta/json/JsonArray
2026-05-22 18:30:41.810+0000 WARN  [o.n.k.a.p.GlobalProcedures] Failed to load `com.opencsv.bean.FieldMapByPosition$1` from plugin jar `/var/lib/neo4j/plugins/apoc.jar`: java.lang.NoClassDefFoundError: org/apache/commons/collections4/iterators/LazyIteratorChain
2026-05-22 18:30:41.812+0000 WARN  [o.n.k.a.p.GlobalProcedures] Failed to load `com.opencsv.bean.HeaderColumnNameMappingStrategy` from plugin jar `/var/lib/neo4j/plugins/apoc.jar`: java.lang.NoClassDefFoundError: org/apache/commons/collections4/MultiValuedMap
2026-05-22 18:30:41.814+0000 WARN  [o.n.k.a.p.GlobalProcedures] Failed to load `apoc.util.hdfs.HDFSUtils` from plugin jar `/var/lib/neo4j/plugins/apoc.jar`: java.lang.NoClassDefFoundError: org/apache/hadoop/fs/FSDataOutputStream
2026-05-22 18:30:41.829+0000 WARN  [o.n.k.a.p.GlobalProcedures] Failed to load `com.jayway.jsonpath.spi.json.JakartaJsonProvider$JsonArrayProxy$1` from plugin jar `/var/lib/neo4j/plugins/apoc.jar`: java.lang.NoClassDefFoundError: jakarta/json/JsonValue
2026-05-22 18:30:41.832+0000 WARN  [o.n.k.a.p.GlobalProcedures] Failed to load `com.jayway.jsonpath.spi.json.JakartaJsonProvider$JsonArrayProxy$2` from plugin jar `/var/lib/neo4j/plugins/apoc.jar`: java.lang.NoClassDefFoundError: jakarta/json/JsonValue
2026-05-22 18:30:41.840+0000 WARN  [o.n.k.a.p.GlobalProcedures] Failed to load `com.opencsv.bean.StatefulBeanToCsvBuilder` from plugin jar `/var/lib/neo4j/plugins/apoc.jar`: java.lang.NoClassDefFoundError: org/apache/commons/collections4/ListValuedMap
2026-05-22 18:30:41.842+0000 WARN  [o.n.k.a.p.GlobalProcedures] Failed to load `com.opencsv.bean.HeaderColumnNameTranslateMappingStrategy` from plugin jar `/var/lib/neo4j/plugins/apoc.jar`: java.lang.NoClassDefFoundError: org/apache/commons/collections4/MultiValuedMap
2026-05-22 18:30:41.848+0000 WARN  [o.n.k.a.p.GlobalProcedures] Failed to load `apoc.util.s3.S3URLConnection` from plugin jar `/var/lib/neo4j/plugins/apoc.jar`: java.lang.NoClassDefFoundError: com/amazonaws/ClientConfiguration
2026-05-22 18:30:41.850+0000 WARN  [o.n.k.a.p.GlobalProcedures] Failed to load `com.opencsv.bean.BeanFieldJoinIntegerIndex` from plugin jar `/var/lib/neo4j/plugins/apoc.jar`: java.lang.NoClassDefFoundError: org/apache/commons/collections4/MultiValuedMap
2026-05-22 18:30:41.850+0000 WARN  [o.n.k.a.p.GlobalProcedures] Failed to load `com.jayway.jsonpath.spi.json.JsonOrgJsonProvider` from plugin jar `/var/lib/neo4j/plugins/apoc.jar`: java.lang.NoClassDefFoundError: org/json/JSONException
2026-05-22 18:30:41.852+0000 WARN  [o.n.k.a.p.GlobalProcedures] Failed to load `com.opencsv.bean.concurrent.LineExecutor` from plugin jar `/var/lib/neo4j/plugins/apoc.jar`: java.lang.NoClassDefFoundError: org/apache/commons/collections4/ListValuedMap
2026-05-22 18:30:41.865+0000 WARN  [o.n.k.a.p.GlobalProcedures] Failed to load `net.minidev.asm.BeansAccessBuilder` from plugin jar `/var/lib/neo4j/plugins/apoc.jar`: java.lang.NoClassDefFoundError: org/objectweb/asm/MethodVisitor
2026-05-22 18:30:41.868+0000 WARN  [o.n.k.a.p.GlobalProcedures] Failed to load `com.jayway.jsonpath.spi.json.JakartaJsonProvider$JsonObjectProxy` from plugin jar `/var/lib/neo4j/plugins/apoc.jar`: java.lang.NoClassDefFoundError: jakarta/json/JsonObject
2026-05-22 18:30:41.870+0000 WARN  [o.n.k.a.p.GlobalProcedures] Failed to load `com.opencsv.bean.MappingStrategy` from plugin jar `/var/lib/neo4j/plugins/apoc.jar`: java.lang.NoClassDefFoundError: org/apache/commons/collections4/MultiValuedMap
2026-05-22 18:30:41.900+0000 WARN  [o.n.k.a.p.GlobalProcedures] Failed to load `apoc.util.s3.S3OutputStream$S3UploadManager` from plugin jar `/var/lib/neo4j/plugins/apoc.jar`: java.lang.NoClassDefFoundError: com/amazonaws/services/s3/AmazonS3
2026-05-22 18:30:41.910+0000 WARN  [o.n.k.a.p.GlobalProcedures] Failed to load `com.jayway.jsonpath.spi.mapper.JakartaMappingProvider$JsonArrayScope` from plugin jar `/var/lib/neo4j/plugins/apoc.jar`: java.lang.NoClassDefFoundError: jakarta/json/JsonValue
2026-05-22 18:30:41.912+0000 WARN  [o.n.k.a.p.GlobalProcedures] Failed to load `com.opencsv.bean.ConverterPrimitiveTypes` from plugin jar `/var/lib/neo4j/plugins/apoc.jar`: java.lang.NoClassDefFoundError: org/apache/commons/beanutils/ConversionException
2026-05-22 18:30:41.914+0000 WARN  [o.n.k.a.p.GlobalProcedures] Failed to load `apoc.util.s3.S3Aws` from plugin jar `/var/lib/neo4j/plugins/apoc.jar`: java.lang.NoClassDefFoundError: com/amazonaws/auth/AWSCredentials
2026-05-22 18:30:41.916+0000 WARN  [o.n.k.a.p.GlobalProcedures] Failed to load `com.jayway.jsonpath.spi.mapper.JakartaMappingProvider$JsonStructureToParserAdapter` from plugin jar `/var/lib/neo4j/plugins/apoc.jar`: java.lang.NoClassDefFoundError: jakarta/json/stream/JsonParser
2026-05-22 18:30:41.921+0000 WARN  [o.n.k.a.p.GlobalProcedures] Failed to load `com.opencsv.bean.concurrent.AccumulateCsvResults` from plugin jar `/var/lib/neo4j/plugins/apoc.jar`: java.lang.NoClassDefFoundError: org/apache/commons/collections4/ListValuedMap
2026-05-22 18:30:41.924+0000 WARN  [o.n.k.a.p.GlobalProcedures] Failed to load `apoc.util.s3.S3Aws$1` from plugin jar `/var/lib/neo4j/plugins/apoc.jar`: java.lang.NoClassDefFoundError: com/amazonaws/services/s3/model/S3ObjectInputStream
2026-05-22 18:30:42.445+0000 WARN  [o.n.k.a.p.GlobalProcedures] Use of @Procedure(deprecatedBy) without @Deprecated in apoc.convert.toTree
2026-05-22 18:30:42.567+0000 INFO  [o.n.s.s.s.UserSecurityGraphComponent] Performing postInitialization step for component 'security-users' with version 5 and status CURRENT
2026-05-22 18:30:42.568+0000 INFO  [o.n.s.s.s.UserSecurityGraphComponent] Updating the initial password in component 'security-users'
2026-05-22 18:30:42.591+0000 INFO  [o.n.d.d.DatabaseLifecycles] Creating 'DatabaseId{ee2c6c64[neo4j]}'.
2026-05-22 18:30:42.595+0000 INFO  [o.n.d.d.DatabaseLifecycles] Starting 'DatabaseId{ee2c6c64[neo4j]}'.
2026-05-22 18:30:42.729+0000 INFO  [o.n.k.i.t.l.f.c.CheckpointLogFile] [neo4j/ee2c6c64] Scanning log file with version 0 for checkpoint entries
2026-05-22 18:30:42.887+0000 INFO  [o.n.k.i.s.f.RecordFormatSelector] [neo4j/ee2c6c64] Selected RecordFormat:PageAlignedV5_0[aligned-1.1] record format from store /data/databases/neo4j
2026-05-22 18:30:42.887+0000 INFO  [o.n.k.i.s.f.RecordFormatSelector] [neo4j/ee2c6c64] Selected format from the store files: RecordFormat:PageAlignedV5_0[aligned-1.1]
2026-05-22 18:30:45.031+0000 INFO  [o.n.i.d.DiagnosticsManager] [neo4j/ee2c6c64] 
                                                                [neo4j/ee2c6c64] ********************************************************************************
                                                                [neo4j/ee2c6c64]                               [ Database: neo4j ]                               
                                                                [neo4j/ee2c6c64] ********************************************************************************
                                                                [neo4j/ee2c6c64] --------------------------------------------------------------------------------
                                                                [neo4j/ee2c6c64]                                   [ Version ]                                   
                                                                [neo4j/ee2c6c64] --------------------------------------------------------------------------------
                                                                [neo4j/ee2c6c64] DBMS: community record-aligned-1.1
                                                                [neo4j/ee2c6c64] Kernel version: 5.22.0
                                                                [neo4j/ee2c6c64] 
                                                                [neo4j/ee2c6c64] --------------------------------------------------------------------------------
                                                                [neo4j/ee2c6c64]                                 [ Store files ]                                 
                                                                [neo4j/ee2c6c64] --------------------------------------------------------------------------------
                                                                [neo4j/ee2c6c64] Disk space on partition (Total / Free / Free %): 511048675328 / 141594550272 / 27
                                                                [neo4j/ee2c6c64] Storage files stored on file store: 9p
                                                                [neo4j/ee2c6c64] Storage files: (filename : modification date - size)
                                                                [neo4j/ee2c6c64]   database_lock: 2026-05-21 07:37:05.306+0000 - 0B
                                                                [neo4j/ee2c6c64]   neostore: 2026-05-21 07:37:05.160+0000 - 8.000KiB
                                                                [neo4j/ee2c6c64]   neostore.counts.db: 2026-05-22 18:30:43.841+0000 - 48.00KiB
                                                                [neo4j/ee2c6c64]   neostore.indexstats.db: 2026-05-22 18:30:43.918+0000 - 144.0KiB
                                                                [neo4j/ee2c6c64]   neostore.labeltokenstore.db: 2026-05-21 07:52:34.224+0000 - 8.000KiB
                                                                [neo4j/ee2c6c64]   neostore.labeltokenstore.db.id: 2026-05-22 18:30:43.609+0000 - 40.00KiB
                                                                [neo4j/ee2c6c64]   neostore.labeltokenstore.db.names: 2026-05-21 07:52:34.612+0000 - 8.000KiB
                                                                [neo4j/ee2c6c64]   neostore.labeltokenstore.db.names.id: 2026-05-22 18:30:43.530+0000 - 40.00KiB
                                                                [neo4j/ee2c6c64]   neostore.nodestore.db: 2026-05-21 07:52:34.209+0000 - 360.0KiB
                                                                [neo4j/ee2c6c64]   neostore.nodestore.db.id: 2026-05-22 18:30:42.989+0000 - 40.00KiB
                                                                [neo4j/ee2c6c64]   neostore.nodestore.db.labels: 2026-05-21 07:37:05.016+0000 - 8.000KiB
                                                                [neo4j/ee2c6c64]   neostore.nodestore.db.labels.id: 2026-05-22 18:30:42.934+0000 - 40.00KiB
                                                                [neo4j/ee2c6c64]   neostore.propertystore.db: 2026-05-21 07:52:33.941+0000 - 2.852MiB
                                                                [neo4j/ee2c6c64]   neostore.propertystore.db.arrays: 2026-05-21 07:37:05.073+0000 - 8.000KiB
                                                                [neo4j/ee2c6c64]   neostore.propertystore.db.arrays.id: 2026-05-22 18:30:43.224+0000 - 40.00KiB
                                                                [neo4j/ee2c6c64]   neostore.propertystore.db.id: 2026-05-22 18:30:43.269+0000 - 40.00KiB
                                                                [neo4j/ee2c6c64]   neostore.propertystore.db.index: 2026-05-21 07:52:34.602+0000 - 8.000KiB
                                                                [neo4j/ee2c6c64]   neostore.propertystore.db.index.id: 2026-05-22 18:30:43.123+0000 - 40.00KiB
                                                                [neo4j/ee2c6c64]   neostore.propertystore.db.index.keys: 2026-05-21 07:52:34.218+0000 - 8.000KiB
                                                                [neo4j/ee2c6c64]   neostore.propertystore.db.index.keys.id: 2026-05-22 18:30:43.069+0000 - 40.00KiB
                                                                [neo4j/ee2c6c64]   neostore.propertystore.db.strings: 2026-05-21 07:52:34.554+0000 - 9.758MiB
                                                                [neo4j/ee2c6c64]   neostore.propertystore.db.strings.id: 2026-05-22 18:30:43.180+0000 - 40.00KiB
                                                                [neo4j/ee2c6c64]   neostore.relationshipgroupstore.db: 2026-05-21 07:52:34.607+0000 - 8.000KiB
                                                                [neo4j/ee2c6c64]   neostore.relationshipgroupstore.db.id: 2026-05-22 18:30:43.787+0000 - 40.00KiB
                                                                [neo4j/ee2c6c64]   neostore.relationshipgroupstore.degrees.db: 2026-05-22 18:30:43.880+0000 - 48.00KiB
                                                                [neo4j/ee2c6c64]   neostore.relationshipstore.db: 2026-05-21 07:52:34.086+0000 - 1.016MiB
                                                                [neo4j/ee2c6c64]   neostore.relationshipstore.db.id: 2026-05-22 18:30:43.337+0000 - 40.00KiB
                                                                [neo4j/ee2c6c64]   neostore.relationshiptypestore.db: 2026-05-21 07:52:34.592+0000 - 8.000KiB
                                                                [neo4j/ee2c6c64]   neostore.relationshiptypestore.db.id: 2026-05-22 18:30:43.449+0000 - 40.00KiB
                                                                [neo4j/ee2c6c64]   neostore.relationshiptypestore.db.names: 2026-05-21 07:52:34.598+0000 - 8.000KiB
                                                                [neo4j/ee2c6c64]   neostore.relationshiptypestore.db.names.id: 2026-05-22 18:30:43.385+0000 - 40.00KiB
                                                                [neo4j/ee2c6c64]   neostore.schemastore.db: 2026-05-21 07:52:34.587+0000 - 8.000KiB
                                                                [neo4j/ee2c6c64]   neostore.schemastore.db.id: 2026-05-22 18:30:43.697+0000 - 40.00KiB
                                                                [neo4j/ee2c6c64]   schema:
                                                                [neo4j/ee2c6c64]     index:
                                                                [neo4j/ee2c6c64]       fulltext-1.0:
                                                                [neo4j/ee2c6c64]         65:
                                                                [neo4j/ee2c6c64]           1:
                                                                [neo4j/ee2c6c64]             _0.cfe: 2026-05-21 07:52:33.103+0000 - 416B
                                                                [neo4j/ee2c6c64]             _0.cfs: 2026-05-21 07:52:33.175+0000 - 419.6KiB
                                                                [neo4j/ee2c6c64]             _0.si: 2026-05-21 07:52:33.112+0000 - 345B
                                                                [neo4j/ee2c6c64]             segments_3: 2026-05-21 20:24:39.416+0000 - 168B
                                                                [neo4j/ee2c6c64]             write.lock: 2026-05-21 07:40:17.718+0000 - 0B
                                                                [neo4j/ee2c6c64]           - Total: 2026-05-21 20:24:39.487+0000 - 420.5KiB
                                                                [neo4j/ee2c6c64]           65.tx:
                                                                [neo4j/ee2c6c64]           - Total: 2026-05-21 19:58:20.911+0000 - 0B
                                                                [neo4j/ee2c6c64]           failure-message: 2026-05-21 07:40:17.515+0000 - 16.00KiB
                                                                [neo4j/ee2c6c64]         - Total: 2026-05-21 19:58:20.911+0000 - 436.5KiB
                                                                [neo4j/ee2c6c64]         66:
                                                                [neo4j/ee2c6c64]           1:
                                                                [neo4j/ee2c6c64]             _0.cfe: 2026-05-21 07:52:33.257+0000 - 416B
                                                                [neo4j/ee2c6c64]             _0.cfs: 2026-05-21 07:52:33.312+0000 - 423.7KiB
                                                                [neo4j/ee2c6c64]             _0.si: 2026-05-21 07:52:33.262+0000 - 345B
                                                                [neo4j/ee2c6c64]             segments_3: 2026-05-21 20:24:39.503+0000 - 168B
                                                                [neo4j/ee2c6c64]             write.lock: 2026-05-21 07:40:18.391+0000 - 0B
                                                                [neo4j/ee2c6c64]           - Total: 2026-05-21 20:24:39.567+0000 - 424.6KiB
                                                                [neo4j/ee2c6c64]           66.tx:
                                                                [neo4j/ee2c6c64]           - Total: 2026-05-21 19:58:21.557+0000 - 0B
                                                                [neo4j/ee2c6c64]           failure-message: 2026-05-21 07:40:18.303+0000 - 16.00KiB
                                                                [neo4j/ee2c6c64]         - Total: 2026-05-21 19:58:21.558+0000 - 440.6KiB
                                                                [neo4j/ee2c6c64]         67:
                                                                [neo4j/ee2c6c64]           1:
                                                                [neo4j/ee2c6c64]             _0.cfe: 2026-05-21 07:52:33.423+0000 - 416B
                                                                [neo4j/ee2c6c64]             _0.cfs: 2026-05-21 07:52:33.499+0000 - 422.3KiB
                                                                [neo4j/ee2c6c64]             _0.si: 2026-05-21 07:52:33.433+0000 - 345B
                                                                [neo4j/ee2c6c64]             segments_3: 2026-05-21 20:24:39.581+0000 - 168B
                                                                [neo4j/ee2c6c64]             write.lock: 2026-05-21 07:40:18.858+0000 - 0B
                                                                [neo4j/ee2c6c64]           - Total: 2026-05-21 20:24:39.645+0000 - 423.2KiB
                                                                [neo4j/ee2c6c64]           67.tx:
                                                                [neo4j/ee2c6c64]           - Total: 2026-05-21 19:58:22.129+0000 - 0B
                                                                [neo4j/ee2c6c64]           failure-message: 2026-05-21 07:40:18.780+0000 - 16.00KiB
                                                                [neo4j/ee2c6c64]         - Total: 2026-05-21 19:58:22.129+0000 - 439.2KiB
                                                                [neo4j/ee2c6c64]         68:
                                                                [neo4j/ee2c6c64]           1:
                                                                [neo4j/ee2c6c64]             _0.cfe: 2026-05-21 07:52:33.587+0000 - 416B
                                                                [neo4j/ee2c6c64]             _0.cfs: 2026-05-21 07:52:33.605+0000 - 30.24KiB
                                                                [neo4j/ee2c6c64]             _0.si: 2026-05-21 07:52:33.591+0000 - 345B
                                                                [neo4j/ee2c6c64]             segments_3: 2026-05-21 20:24:39.657+0000 - 168B
                                                                [neo4j/ee2c6c64]             write.lock: 2026-05-21 07:40:19.270+0000 - 0B
                                                                [neo4j/ee2c6c64]           - Total: 2026-05-21 20:24:39.713+0000 - 31.15KiB
                                                                [neo4j/ee2c6c64]           68.tx:
                                                                [neo4j/ee2c6c64]           - Total: 2026-05-21 19:58:22.656+0000 - 0B
                                                                [neo4j/ee2c6c64]           failure-message: 2026-05-21 07:40:19.214+0000 - 16.00KiB
                                                                [neo4j/ee2c6c64]         - Total: 2026-05-21 19:58:22.656+0000 - 47.15KiB
                                                                [neo4j/ee2c6c64]         69:
                                                                [neo4j/ee2c6c64]           1:
                                                                [neo4j/ee2c6c64]             _0.cfe: 2026-05-21 07:52:33.710+0000 - 416B
                                                                [neo4j/ee2c6c64]             _0.cfs: 2026-05-21 07:52:33.748+0000 - 42.84KiB
                                                                [neo4j/ee2c6c64]             _0.si: 2026-05-21 07:52:33.727+0000 - 345B
                                                                [neo4j/ee2c6c64]             segments_3: 2026-05-21 20:24:39.729+0000 - 168B
                                                                [neo4j/ee2c6c64]             write.lock: 2026-05-21 07:40:19.513+0000 - 0B
                                                                [neo4j/ee2c6c64]           - Total: 2026-05-21 20:24:39.793+0000 - 43.75KiB
                                                                [neo4j/ee2c6c64]           69.tx:
                                                                [neo4j/ee2c6c64]           - Total: 2026-05-21 19:58:23.220+0000 - 0B
                                                                [neo4j/ee2c6c64]           failure-message: 2026-05-21 07:40:19.445+0000 - 16.00KiB
                                                                [neo4j/ee2c6c64]         - Total: 2026-05-21 19:58:23.220+0000 - 59.75KiB
                                                                [neo4j/ee2c6c64]       - Total: 2026-05-21 07:40:19.442+0000 - 1.390MiB
                                                                [neo4j/ee2c6c64]       range-1.0:
                                                                [neo4j/ee2c6c64]         11:
                                                                [neo4j/ee2c6c64]           index-11: 2026-05-21 20:24:40.077+0000 - 64.00KiB
                                                                [neo4j/ee2c6c64]         - Total: 2026-05-21 07:40:13.923+0000 - 64.00KiB
                                                                [neo4j/ee2c6c64]         13:
                                                                [neo4j/ee2c6c64]           index-13: 2026-05-21 20:24:40.096+0000 - 48.00KiB
                                                                [neo4j/ee2c6c64]         - Total: 2026-05-21 07:40:14.062+0000 - 48.00KiB
                                                                [neo4j/ee2c6c64]         15:
                                                                [neo4j/ee2c6c64]           index-15: 2026-05-21 20:24:40.107+0000 - 136.0KiB
                                                                [neo4j/ee2c6c64]         - Total: 2026-05-21 07:40:14.201+0000 - 136.0KiB
                                                                [neo4j/ee2c6c64]         17:
                                                                [neo4j/ee2c6c64]           index-17: 2026-05-21 20:24:39.276+0000 - 264.0KiB
                                                                [neo4j/ee2c6c64]         - Total: 2026-05-21 07:40:14.348+0000 - 264.0KiB
                                                                [neo4j/ee2c6c64]         19:
                                                                [neo4j/ee2c6c64]           index-19: 2026-05-21 20:24:39.281+0000 - 48.00KiB
                                                                [neo4j/ee2c6c64]         - Total: 2026-05-21 07:40:14.488+0000 - 48.00KiB
                                                                [neo4j/ee2c6c64]         21:
                                                                [neo4j/ee2c6c64]           index-21: 2026-05-21 20:24:39.287+0000 - 352.0KiB
                                                                [neo4j/ee2c6c64]         - Total: 2026-05-21 07:40:14.618+0000 - 352.0KiB
                                                                [neo4j/ee2c6c64]         23:
                                                                [neo4j/ee2c6c64]           index-23: 2026-05-21 20:24:39.293+0000 - 440.0KiB
                                                                [neo4j/ee2c6c64]         - Total: 2026-05-21 07:40:14.745+0000 - 440.0KiB
                                                                [neo4j/ee2c6c64]         25:
                                                                [neo4j/ee2c6c64]           index-25: 2026-05-21 20:24:39.299+0000 - 176.0KiB
                                                                [neo4j/ee2c6c64]         - Total: 2026-05-21 07:40:14.852+0000 - 176.0KiB
                                                                [neo4j/ee2c6c64]         27:
                                                                [neo4j/ee2c6c64]           index-27: 2026-05-21 20:24:39.304+0000 - 216.0KiB
                                                                [neo4j/ee2c6c64]         - Total: 2026-05-21 07:40:14.978+0000 - 216.0KiB
                                                                [neo4j/ee2c6c64]         29:
                                                                [neo4j/ee2c6c64]           index-29: 2026-05-21 20:24:39.309+0000 - 48.00KiB
                                                                [neo4j/ee2c6c64]         - Total: 2026-05-21 07:40:15.120+0000 - 48.00KiB
                                                                [neo4j/ee2c6c64]         3:
                                                                [neo4j/ee2c6c64]           index-3: 2026-05-21 20:24:40.020+0000 - 48.00KiB
                                                                [neo4j/ee2c6c64]         - Total: 2026-05-21 07:40:13.388+0000 - 48.00KiB
                                                                [neo4j/ee2c6c64]         31:
                                                                [neo4j/ee2c6c64]           index-31: 2026-05-21 20:24:39.314+0000 - 48.00KiB
                                                                [neo4j/ee2c6c64]         - Total: 2026-05-21 07:40:15.257+0000 - 48.00KiB
                                                                [neo4j/ee2c6c64]         33:
                                                                [neo4j/ee2c6c64]           index-33: 2026-05-21 20:24:39.319+0000 - 48.00KiB
                                                                [neo4j/ee2c6c64]         - Total: 2026-05-21 07:40:15.398+0000 - 48.00KiB
                                                                [neo4j/ee2c6c64]         35:
                                                                [neo4j/ee2c6c64]           index-35: 2026-05-21 20:24:39.323+0000 - 160.0KiB
                                                                [neo4j/ee2c6c64]         - Total: 2026-05-21 07:40:15.534+0000 - 160.0KiB
                                                                [neo4j/ee2c6c64]         37:
                                                                [neo4j/ee2c6c64]           index-37: 2026-05-21 20:24:39.328+0000 - 112.0KiB
                                                                [neo4j/ee2c6c64]         - Total: 2026-05-21 07:40:15.641+0000 - 112.0KiB
                                                                [neo4j/ee2c6c64]         39:
                                                                [neo4j/ee2c6c64]           index-39: 2026-05-21 20:24:39.332+0000 - 104.0KiB
                                                                [neo4j/ee2c6c64]         - Total: 2026-05-21 07:40:15.759+0000 - 104.0KiB
                                                                [neo4j/ee2c6c64]         41:
                                                                [neo4j/ee2c6c64]           index-41: 2026-05-21 20:24:39.337+0000 - 144.0KiB
                                                                [neo4j/ee2c6c64]         - Total: 2026-05-21 07:40:15.877+0000 - 144.0KiB
                                                                [neo4j/ee2c6c64]         43:
                                                                [neo4j/ee2c6c64]           index-43: 2026-05-21 20:24:39.343+0000 - 800.0KiB
                                                                [neo4j/ee2c6c64]         - Total: 2026-05-21 07:40:16.013+0000 - 800.0KiB
                                                                [neo4j/ee2c6c64]         45:
                                                                [neo4j/ee2c6c64]           index-45: 2026-05-21 20:24:39.349+0000 - 64.00KiB
                                                                [neo4j/ee2c6c64]         - Total: 2026-05-21 07:40:16.181+0000 - 64.00KiB
                                                                [neo4j/ee2c6c64]         47:
                                                                [neo4j/ee2c6c64]           index-47: 2026-05-21 20:24:39.354+0000 - 72.00KiB
                                                                [neo4j/ee2c6c64]         - Total: 2026-05-21 07:40:16.308+0000 - 72.00KiB
                                                                [neo4j/ee2c6c64]         49:
                                                                [neo4j/ee2c6c64]           index-49: 2026-05-21 20:24:39.360+0000 - 48.00KiB
                                                                [neo4j/ee2c6c64]         - Total: 2026-05-21 07:40:16.436+0000 - 48.00KiB
                                                                [neo4j/ee2c6c64]         5:
                                                                [neo4j/ee2c6c64]           index-5: 2026-05-21 20:24:40.032+0000 - 48.00KiB
                                                                [neo4j/ee2c6c64]         - Total: 2026-05-21 07:40:13.517+0000 - 48.00KiB
                                                                [neo4j/ee2c6c64]         51:
                                                                [neo4j/ee2c6c64]           index-51: 2026-05-21 20:24:39.364+0000 - 48.00KiB
                                                                [neo4j/ee2c6c64]         - Total: 2026-05-21 07:40:16.565+0000 - 48.00KiB
                                                                [neo4j/ee2c6c64]         53:
                                                                [neo4j/ee2c6c64]           index-53: 2026-05-21 20:24:39.370+0000 - 48.00KiB
                                                                [neo4j/ee2c6c64]         - Total: 2026-05-21 07:40:16.692+0000 - 48.00KiB
                                                                [neo4j/ee2c6c64]         55:
                                                                [neo4j/ee2c6c64]           index-55: 2026-05-21 20:24:39.376+0000 - 48.00KiB
                                                                [neo4j/ee2c6c64]         - Total: 2026-05-21 07:40:16.810+0000 - 48.00KiB
                                                                [neo4j/ee2c6c64]         57:
                                                                [neo4j/ee2c6c64]           index-57: 2026-05-21 20:24:39.380+0000 - 48.00KiB
                                                                [neo4j/ee2c6c64]         - Total: 2026-05-21 07:40:16.932+0000 - 48.00KiB
                                                                [neo4j/ee2c6c64]         59:
                                                                [neo4j/ee2c6c64]           index-59: 2026-05-21 20:24:39.385+0000 - 48.00KiB
                                                                [neo4j/ee2c6c64]         - Total: 2026-05-21 07:40:17.076+0000 - 48.00KiB
                                                                [neo4j/ee2c6c64]         61:
                                                                [neo4j/ee2c6c64]           index-61: 2026-05-21 20:24:39.391+0000 - 40.00KiB
                                                                [neo4j/ee2c6c64]         - Total: 2026-05-21 07:40:17.211+0000 - 40.00KiB
                                                                [neo4j/ee2c6c64]         63:
                                                                [neo4j/ee2c6c64]           index-63: 2026-05-21 20:24:39.396+0000 - 40.00KiB
                                                                [neo4j/ee2c6c64]         - Total: 2026-05-21 07:40:17.333+0000 - 40.00KiB
                                                                [neo4j/ee2c6c64]         7:
                                                                [neo4j/ee2c6c64]           index-7: 2026-05-21 20:24:40.046+0000 - 48.00KiB
                                                                [neo4j/ee2c6c64]         - Total: 2026-05-21 07:40:13.662+0000 - 48.00KiB
                                                                [neo4j/ee2c6c64]         9:
                                                                [neo4j/ee2c6c64]           index-9: 2026-05-21 20:24:40.061+0000 - 48.00KiB
                                                                [neo4j/ee2c6c64]         - Total: 2026-05-21 07:40:13.793+0000 - 48.00KiB
                                                                [neo4j/ee2c6c64]       - Total: 2026-05-21 07:40:17.324+0000 - 3.813MiB
                                                                [neo4j/ee2c6c64]       token-lookup-1.0:
                                                                [neo4j/ee2c6c64]         1:
                                                                [neo4j/ee2c6c64]           index-1: 2026-05-21 20:24:40.002+0000 - 48.00KiB
                                                                [neo4j/ee2c6c64]         - Total: 2026-05-21 07:37:22.630+0000 - 48.00KiB
                                                                [neo4j/ee2c6c64]         2:
                                                                [neo4j/ee2c6c64]           index-2: 2026-05-21 20:24:40.010+0000 - 64.00KiB
                                                                [neo4j/ee2c6c64]         - Total: 2026-05-21 07:37:22.720+0000 - 64.00KiB
                                                                [neo4j/ee2c6c64]       - Total: 2026-05-21 07:37:22.716+0000 - 112.0KiB
                                                                [neo4j/ee2c6c64]     - Total: 2026-05-21 07:40:17.495+0000 - 5.312MiB
                                                                [neo4j/ee2c6c64]   - Total: 2026-05-21 07:37:22.612+0000 - 5.312MiB
                                                                [neo4j/ee2c6c64] Storage summary: 
                                                                [neo4j/ee2c6c64]   Total size of store: 20.16MiB
                                                                [neo4j/ee2c6c64]   Total size of mapped files: 17.98MiB
                                                                [neo4j/ee2c6c64] 
                                                                [neo4j/ee2c6c64] --------------------------------------------------------------------------------
                                                                [neo4j/ee2c6c64]                               [ Transaction log ]                               
                                                                [neo4j/ee2c6c64] --------------------------------------------------------------------------------
                                                                [neo4j/ee2c6c64] Transaction log files stored on file store: 9p
                                                                [neo4j/ee2c6c64] Transaction log metadata:
                                                                [neo4j/ee2c6c64]  - current kernel version used in transactions: V5_22
                                                                [neo4j/ee2c6c64]  - last committed transaction id: 213
                                                                [neo4j/ee2c6c64] Transaction log files:
                                                                [neo4j/ee2c6c64]  - existing transaction log versions: 0-0
                                                                [neo4j/ee2c6c64]  - oldest append index 2 found in log with version 0
                                                                [neo4j/ee2c6c64]  - files: (filename : creation date - size)
                                                                [neo4j/ee2c6c64]      neostore.transaction.db.0: 1970-01-01 00:00:00.000+0000 - 256.0MiB
                                                                [neo4j/ee2c6c64]  - total size of files: 256.0MiB
                                                                [neo4j/ee2c6c64] Checkpoint log files:
                                                                [neo4j/ee2c6c64]  - existing checkpoint log versions: 0-0
                                                                [neo4j/ee2c6c64]  - last checkpoint: CheckpointInfo[oldestNotVisibleTransactionLogPosition=LogPosition{logVersion=0, byteOffset=21294568}, transactionLogPosition=LogPosition{logVersion=0, byteOffset=21294568}, storeId=StoreId{creationTime=1779349025160, random=9212634199176957917, storageEngineName='record', formatName='aligned', majorVersion=1, minorVersion=1}, checkpointEntryPosition=LogPosition{logVersion=0, byteOffset=592}, channelPositionAfterCheckpoint=LogPosition{logVersion=0, byteOffset=824}, checkpointFilePostReadPosition=LogPosition{logVersion=0, byteOffset=824}, kernelVersion=KernelVersion{V5_22,version=18}, kernelVersionByte=18, transactionId=TransactionId[id=213, appendIndex=213, kernelVersion=KernelVersion{V5_22,version=18}, checksum=-1591782459, commitTimestamp=1779349232317, consensusIndex=-1], appendIndex=213, reason=Checkpoint triggered by "Database shutdown" @ txId: 213, consensusIndexInCheckpoint=true]
                                                                [neo4j/ee2c6c64] 
                                                                [neo4j/ee2c6c64] --------------------------------------------------------------------------------
                                                                [neo4j/ee2c6c64]                                   [ Id usage ]                                  
                                                                [neo4j/ee2c6c64] --------------------------------------------------------------------------------
                                                                [neo4j/ee2c6c64] ArrayPropertyStore[neostore.nodestore.db.labels]: used=1 high=0
                                                                [neo4j/ee2c6c64] NodeStore[neostore.nodestore.db]: used=24176 high=24175
                                                                [neo4j/ee2c6c64] StringPropertyStore[neostore.propertystore.db.index.keys]: used=85 high=84
                                                                [neo4j/ee2c6c64] PropertyIndexStore[neostore.propertystore.db.index]: used=68 high=67
                                                                [neo4j/ee2c6c64] StringPropertyStore[neostore.propertystore.db.strings]: used=79927 high=79926
                                                                [neo4j/ee2c6c64] ArrayPropertyStore[neostore.propertystore.db.arrays]: used=1 high=0
                                                                [neo4j/ee2c6c64] PropertyStore[neostore.propertystore.db]: used=72522 high=72521
                                                                [neo4j/ee2c6c64] RelationshipStore[neostore.relationshipstore.db]: used=31062 high=31061
                                                                [neo4j/ee2c6c64] StringPropertyStore[neostore.relationshiptypestore.db.names]: used=30 high=29
                                                                [neo4j/ee2c6c64] RelationshipTypeStore[neostore.relationshiptypestore.db]: used=29 high=28
                                                                [neo4j/ee2c6c64] StringPropertyStore[neostore.labeltokenstore.db.names]: used=31 high=30
                                                                [neo4j/ee2c6c64] LabelTokenStore[neostore.labeltokenstore.db]: used=30 high=29
                                                                [neo4j/ee2c6c64] SchemaStore[neostore.schemastore.db]: used=70 high=69
                                                                [neo4j/ee2c6c64] RelationshipGroupStore[neostore.relationshipgroupstore.db]: used=226 high=225
                                                                [neo4j/ee2c6c64] NeoStore[neostore]: used=-1 high=-1
                                                                [neo4j/ee2c6c64] 
                                                                [neo4j/ee2c6c64] --------------------------------------------------------------------------------
                                                                [neo4j/ee2c6c64]                                   [ Metadata ]                                  
                                                                [neo4j/ee2c6c64] --------------------------------------------------------------------------------
                                                                [neo4j/ee2c6c64] EXTERNAL_STORE_UUID (Database identifier exposed as external store identity. Generated on creation and never updated): fb9cb197-adf9-4d45-bebc-a3b73f417717
                                                                [neo4j/ee2c6c64] DATABASE_ID (The last used DatabaseId for this database): null
                                                                [neo4j/ee2c6c64] LEGACY_STORE_VERSION (Legacy store format version. This field is used from 5.0 onwards only to distinguish non-migrated pre 5.0 metadata stores.): -3523014627327384477
                                                                [neo4j/ee2c6c64] STORE_ID (Store ID): StoreId{creationTime=1779349025160, random=9212634199176957917, storageEngineName='record', formatName='aligned', majorVersion=1, minorVersion=1}
                                                                [neo4j/ee2c6c64] 
2026-05-22 18:30:45.821+0000 INFO  [o.n.k.i.i.s.RangeIndexProvider] [neo4j/ee2c6c64] Schema index cleanup job registered: descriptor=Index( id=17, name='point_id', type='RANGE', schema=(:Label[6] {PropertyKey[10]}), indexProvider='range-1.0', owningConstraint=18 ), indexFile=/data/databases/neo4j/schema/index/range-1.0/17/index-17
2026-05-22 18:30:45.822+0000 INFO  [o.n.k.i.i.s.RangeIndexProvider] [neo4j/ee2c6c64] Schema index cleanup job started: descriptor=Index( id=17, name='point_id', type='RANGE', schema=(:Label[6] {PropertyKey[10]}), indexProvider='range-1.0', owningConstraint=18 ), indexFile=/data/databases/neo4j/schema/index/range-1.0/17/index-17
2026-05-22 18:30:45.831+0000 INFO  [o.n.k.i.i.s.RangeIndexProvider] [neo4j/ee2c6c64] Schema index cleanup job finished: descriptor=Index( id=17, name='point_id', type='RANGE', schema=(:Label[6] {PropertyKey[10]}), indexProvider='range-1.0', owningConstraint=18 ), indexFile=/data/databases/neo4j/schema/index/range-1.0/17/index-17 Number of pages visited: 30, Number of tree nodes: 29, Number of cleaned crashed pointers: 0, Time spent: 7ms
2026-05-22 18:30:45.832+0000 INFO  [o.n.k.i.i.s.RangeIndexProvider] [neo4j/ee2c6c64] Schema index cleanup job closed: descriptor=Index( id=17, name='point_id', type='RANGE', schema=(:Label[6] {PropertyKey[10]}), indexProvider='range-1.0', owningConstraint=18 ), indexFile=/data/databases/neo4j/schema/index/range-1.0/17/index-17
2026-05-22 18:30:45.898+0000 INFO  [o.n.k.i.i.s.RangeIndexProvider] [neo4j/ee2c6c64] Schema index cleanup job registered: descriptor=Index( id=19, name='crime_id', type='RANGE', schema=(:Label[7] {PropertyKey[10]}), indexProvider='range-1.0', owningConstraint=20 ), indexFile=/data/databases/neo4j/schema/index/range-1.0/19/index-19
2026-05-22 18:30:45.900+0000 INFO  [o.n.k.i.i.s.RangeIndexProvider] [neo4j/ee2c6c64] Schema index cleanup job started: descriptor=Index( id=19, name='crime_id', type='RANGE', schema=(:Label[7] {PropertyKey[10]}), indexProvider='range-1.0', owningConstraint=20 ), indexFile=/data/databases/neo4j/schema/index/range-1.0/19/index-19
2026-05-22 18:30:45.903+0000 INFO  [o.n.k.i.i.s.RangeIndexProvider] [neo4j/ee2c6c64] Schema index cleanup job finished: descriptor=Index( id=19, name='crime_id', type='RANGE', schema=(:Label[7] {PropertyKey[10]}), indexProvider='range-1.0', owningConstraint=20 ), indexFile=/data/databases/neo4j/schema/index/range-1.0/19/index-19 Number of pages visited: 3, Number of tree nodes: 2, Number of cleaned crashed pointers: 0, Time spent: 1ms
2026-05-22 18:30:45.904+0000 INFO  [o.n.k.i.i.s.RangeIndexProvider] [neo4j/ee2c6c64] Schema index cleanup job closed: descriptor=Index( id=19, name='crime_id', type='RANGE', schema=(:Label[7] {PropertyKey[10]}), indexProvider='range-1.0', owningConstraint=20 ), indexFile=/data/databases/neo4j/schema/index/range-1.0/19/index-19
2026-05-22 18:30:45.973+0000 INFO  [o.n.k.i.i.s.RangeIndexProvider] [neo4j/ee2c6c64] Schema index cleanup job registered: descriptor=Index( id=21, name='rule_id', type='RANGE', schema=(:Label[8] {PropertyKey[10]}), indexProvider='range-1.0', owningConstraint=22 ), indexFile=/data/databases/neo4j/schema/index/range-1.0/21/index-21
2026-05-22 18:30:45.974+0000 INFO  [o.n.k.i.i.s.RangeIndexProvider] [neo4j/ee2c6c64] Schema index cleanup job started: descriptor=Index( id=21, name='rule_id', type='RANGE', schema=(:Label[8] {PropertyKey[10]}), indexProvider='range-1.0', owningConstraint=22 ), indexFile=/data/databases/neo4j/schema/index/range-1.0/21/index-21
2026-05-22 18:30:45.983+0000 INFO  [o.n.k.i.i.s.RangeIndexProvider] [neo4j/ee2c6c64] Schema index cleanup job finished: descriptor=Index( id=21, name='rule_id', type='RANGE', schema=(:Label[8] {PropertyKey[10]}), indexProvider='range-1.0', owningConstraint=22 ), indexFile=/data/databases/neo4j/schema/index/range-1.0/21/index-21 Number of pages visited: 41, Number of tree nodes: 40, Number of cleaned crashed pointers: 0, Time spent: 7ms
2026-05-22 18:30:45.984+0000 INFO  [o.n.k.i.i.s.RangeIndexProvider] [neo4j/ee2c6c64] Schema index cleanup job closed: descriptor=Index( id=21, name='rule_id', type='RANGE', schema=(:Label[8] {PropertyKey[10]}), indexProvider='range-1.0', owningConstraint=22 ), indexFile=/data/databases/neo4j/schema/index/range-1.0/21/index-21
2026-05-22 18:30:46.062+0000 INFO  [o.n.k.i.i.s.RangeIndexProvider] [neo4j/ee2c6c64] Schema index cleanup job registered: descriptor=Index( id=23, name='condition_id', type='RANGE', schema=(:Label[9] {PropertyKey[10]}), indexProvider='range-1.0', owningConstraint=24 ), indexFile=/data/databases/neo4j/schema/index/range-1.0/23/index-23
2026-05-22 18:30:46.063+0000 INFO  [o.n.k.i.i.s.RangeIndexProvider] [neo4j/ee2c6c64] Schema index cleanup job started: descriptor=Index( id=23, name='condition_id', type='RANGE', schema=(:Label[9] {PropertyKey[10]}), indexProvider='range-1.0', owningConstraint=24 ), indexFile=/data/databases/neo4j/schema/index/range-1.0/23/index-23
2026-05-22 18:30:46.071+0000 INFO  [o.n.k.i.i.s.RangeIndexProvider] [neo4j/ee2c6c64] Schema index cleanup job finished: descriptor=Index( id=23, name='condition_id', type='RANGE', schema=(:Label[9] {PropertyKey[10]}), indexProvider='range-1.0', owningConstraint=24 ), indexFile=/data/databases/neo4j/schema/index/range-1.0/23/index-23 Number of pages visited: 52, Number of tree nodes: 51, Number of cleaned crashed pointers: 0, Time spent: 5ms
2026-05-22 18:30:46.071+0000 INFO  [o.n.k.i.i.s.RangeIndexProvider] [neo4j/ee2c6c64] Schema index cleanup job closed: descriptor=Index( id=23, name='condition_id', type='RANGE', schema=(:Label[9] {PropertyKey[10]}), indexProvider='range-1.0', owningConstraint=24 ), indexFile=/data/databases/neo4j/schema/index/range-1.0/23/index-23
2026-05-22 18:30:46.141+0000 INFO  [o.n.k.i.i.s.RangeIndexProvider] [neo4j/ee2c6c64] Schema index cleanup job registered: descriptor=Index( id=25, name='penalty_frame_id', type='RANGE', schema=(:Label[10] {PropertyKey[10]}), indexProvider='range-1.0', owningConstraint=26 ), indexFile=/data/databases/neo4j/schema/index/range-1.0/25/index-25
2026-05-22 18:30:46.148+0000 INFO  [o.n.k.i.i.s.RangeIndexProvider] [neo4j/ee2c6c64] Schema index cleanup job started: descriptor=Index( id=25, name='penalty_frame_id', type='RANGE', schema=(:Label[10] {PropertyKey[10]}), indexProvider='range-1.0', owningConstraint=26 ), indexFile=/data/databases/neo4j/schema/index/range-1.0/25/index-25
2026-05-22 18:30:46.163+0000 INFO  [o.n.k.i.i.s.RangeIndexProvider] [neo4j/ee2c6c64] Schema index cleanup job finished: descriptor=Index( id=25, name='penalty_frame_id', type='RANGE', schema=(:Label[10] {PropertyKey[10]}), indexProvider='range-1.0', owningConstraint=26 ), indexFile=/data/databases/neo4j/schema/index/range-1.0/25/index-25 Number of pages visited: 19, Number of tree nodes: 18, Number of cleaned crashed pointers: 0, Time spent: 9ms
2026-05-22 18:30:46.167+0000 INFO  [o.n.k.i.i.s.RangeIndexProvider] [neo4j/ee2c6c64] Schema index cleanup job closed: descriptor=Index( id=25, name='penalty_frame_id', type='RANGE', schema=(:Label[10] {PropertyKey[10]}), indexProvider='range-1.0', owningConstraint=26 ), indexFile=/data/databases/neo4j/schema/index/range-1.0/25/index-25
2026-05-22 18:30:46.265+0000 INFO  [o.n.k.i.i.s.RangeIndexProvider] [neo4j/ee2c6c64] Schema index cleanup job registered: descriptor=Index( id=27, name='penalty_id', type='RANGE', schema=(:Label[11] {PropertyKey[10]}), indexProvider='range-1.0', owningConstraint=28 ), indexFile=/data/databases/neo4j/schema/index/range-1.0/27/index-27
2026-05-22 18:30:46.268+0000 INFO  [o.n.k.i.i.s.RangeIndexProvider] [neo4j/ee2c6c64] Schema index cleanup job started: descriptor=Index( id=27, name='penalty_id', type='RANGE', schema=(:Label[11] {PropertyKey[10]}), indexProvider='range-1.0', owningConstraint=28 ), indexFile=/data/databases/neo4j/schema/index/range-1.0/27/index-27
2026-05-22 18:30:46.284+0000 INFO  [o.n.k.i.i.s.RangeIndexProvider] [neo4j/ee2c6c64] Schema index cleanup job finished: descriptor=Index( id=27, name='penalty_id', type='RANGE', schema=(:Label[11] {PropertyKey[10]}), indexProvider='range-1.0', owningConstraint=28 ), indexFile=/data/databases/neo4j/schema/index/range-1.0/27/index-27 Number of pages visited: 24, Number of tree nodes: 23, Number of cleaned crashed pointers: 0, Time spent: 11ms
2026-05-22 18:30:46.286+0000 INFO  [o.n.k.i.i.s.RangeIndexProvider] [neo4j/ee2c6c64] Schema index cleanup job closed: descriptor=Index( id=27, name='penalty_id', type='RANGE', schema=(:Label[11] {PropertyKey[10]}), indexProvider='range-1.0', owningConstraint=28 ), indexFile=/data/databases/neo4j/schema/index/range-1.0/27/index-27
2026-05-22 18:30:46.351+0000 INFO  [o.n.k.i.i.s.RangeIndexProvider] [neo4j/ee2c6c64] Schema index cleanup job registered: descriptor=Index( id=29, name='legal_concept_id', type='RANGE', schema=(:Label[12] {PropertyKey[10]}), indexProvider='range-1.0', owningConstraint=30 ), indexFile=/data/databases/neo4j/schema/index/range-1.0/29/index-29
2026-05-22 18:30:46.352+0000 INFO  [o.n.k.i.i.s.RangeIndexProvider] [neo4j/ee2c6c64] Schema index cleanup job started: descriptor=Index( id=29, name='legal_concept_id', type='RANGE', schema=(:Label[12] {PropertyKey[10]}), indexProvider='range-1.0', owningConstraint=30 ), indexFile=/data/databases/neo4j/schema/index/range-1.0/29/index-29
2026-05-22 18:30:46.354+0000 INFO  [o.n.k.i.i.s.RangeIndexProvider] [neo4j/ee2c6c64] Schema index cleanup job finished: descriptor=Index( id=29, name='legal_concept_id', type='RANGE', schema=(:Label[12] {PropertyKey[10]}), indexProvider='range-1.0', owningConstraint=30 ), indexFile=/data/databases/neo4j/schema/index/range-1.0/29/index-29 Number of pages visited: 3, Number of tree nodes: 2, Number of cleaned crashed pointers: 0, Time spent: 1ms
2026-05-22 18:30:46.355+0000 INFO  [o.n.k.i.i.s.RangeIndexProvider] [neo4j/ee2c6c64] Schema index cleanup job closed: descriptor=Index( id=29, name='legal_concept_id', type='RANGE', schema=(:Label[12] {PropertyKey[10]}), indexProvider='range-1.0', owningConstraint=30 ), indexFile=/data/databases/neo4j/schema/index/range-1.0/29/index-29
2026-05-22 18:30:46.420+0000 INFO  [o.n.k.i.i.s.RangeIndexProvider] [neo4j/ee2c6c64] Schema index cleanup job registered: descriptor=Index( id=31, name='aggravating_id', type='RANGE', schema=(:Label[13] {PropertyKey[10]}), indexProvider='range-1.0', owningConstraint=32 ), indexFile=/data/databases/neo4j/schema/index/range-1.0/31/index-31
2026-05-22 18:30:46.421+0000 INFO  [o.n.k.i.i.s.RangeIndexProvider] [neo4j/ee2c6c64] Schema index cleanup job started: descriptor=Index( id=31, name='aggravating_id', type='RANGE', schema=(:Label[13] {PropertyKey[10]}), indexProvider='range-1.0', owningConstraint=32 ), indexFile=/data/databases/neo4j/schema/index/range-1.0/31/index-31
2026-05-22 18:30:46.424+0000 INFO  [o.n.k.i.i.s.RangeIndexProvider] [neo4j/ee2c6c64] Schema index cleanup job finished: descriptor=Index( id=31, name='aggravating_id', type='RANGE', schema=(:Label[13] {PropertyKey[10]}), indexProvider='range-1.0', owningConstraint=32 ), indexFile=/data/databases/neo4j/schema/index/range-1.0/31/index-31 Number of pages visited: 3, Number of tree nodes: 2, Number of cleaned crashed pointers: 0, Time spent: 1ms
2026-05-22 18:30:46.424+0000 INFO  [o.n.k.i.i.s.RangeIndexProvider] [neo4j/ee2c6c64] Schema index cleanup job closed: descriptor=Index( id=31, name='aggravating_id', type='RANGE', schema=(:Label[13] {PropertyKey[10]}), indexProvider='range-1.0', owningConstraint=32 ), indexFile=/data/databases/neo4j/schema/index/range-1.0/31/index-31
2026-05-22 18:30:46.495+0000 INFO  [o.n.k.i.i.s.RangeIndexProvider] [neo4j/ee2c6c64] Schema index cleanup job registered: descriptor=Index( id=33, name='mitigating_id', type='RANGE', schema=(:Label[14] {PropertyKey[10]}), indexProvider='range-1.0', owningConstraint=34 ), indexFile=/data/databases/neo4j/schema/index/range-1.0/33/index-33
2026-05-22 18:30:46.497+0000 INFO  [o.n.k.i.i.s.RangeIndexProvider] [neo4j/ee2c6c64] Schema index cleanup job started: descriptor=Index( id=33, name='mitigating_id', type='RANGE', schema=(:Label[14] {PropertyKey[10]}), indexProvider='range-1.0', owningConstraint=34 ), indexFile=/data/databases/neo4j/schema/index/range-1.0/33/index-33
2026-05-22 18:30:46.499+0000 INFO  [o.n.k.i.i.s.RangeIndexProvider] [neo4j/ee2c6c64] Schema index cleanup job finished: descriptor=Index( id=33, name='mitigating_id', type='RANGE', schema=(:Label[14] {PropertyKey[10]}), indexProvider='range-1.0', owningConstraint=34 ), indexFile=/data/databases/neo4j/schema/index/range-1.0/33/index-33 Number of pages visited: 3, Number of tree nodes: 2, Number of cleaned crashed pointers: 0, Time spent: 1ms
2026-05-22 18:30:46.501+0000 INFO  [o.n.k.i.i.s.RangeIndexProvider] [neo4j/ee2c6c64] Schema index cleanup job closed: descriptor=Index( id=33, name='mitigating_id', type='RANGE', schema=(:Label[14] {PropertyKey[10]}), indexProvider='range-1.0', owningConstraint=34 ), indexFile=/data/databases/neo4j/schema/index/range-1.0/33/index-33
2026-05-22 18:30:46.624+0000 INFO  [o.n.k.i.i.s.RangeIndexProvider] [neo4j/ee2c6c64] Schema index cleanup job registered: descriptor=Index( id=35, name='subject_req_id', type='RANGE', schema=(:Label[15] {PropertyKey[10]}), indexProvider='range-1.0', owningConstraint=36 ), indexFile=/data/databases/neo4j/schema/index/range-1.0/35/index-35
2026-05-22 18:30:46.626+0000 INFO  [o.n.k.i.i.s.RangeIndexProvider] [neo4j/ee2c6c64] Schema index cleanup job started: descriptor=Index( id=35, name='subject_req_id', type='RANGE', schema=(:Label[15] {PropertyKey[10]}), indexProvider='range-1.0', owningConstraint=36 ), indexFile=/data/databases/neo4j/schema/index/range-1.0/35/index-35
2026-05-22 18:30:46.647+0000 INFO  [o.n.k.i.i.s.RangeIndexProvider] [neo4j/ee2c6c64] Schema index cleanup job finished: descriptor=Index( id=35, name='subject_req_id', type='RANGE', schema=(:Label[15] {PropertyKey[10]}), indexProvider='range-1.0', owningConstraint=36 ), indexFile=/data/databases/neo4j/schema/index/range-1.0/35/index-35 Number of pages visited: 17, Number of tree nodes: 16, Number of cleaned crashed pointers: 0, Time spent: 17ms
2026-05-22 18:30:46.648+0000 INFO  [o.n.k.i.i.s.RangeIndexProvider] [neo4j/ee2c6c64] Schema index cleanup job closed: descriptor=Index( id=35, name='subject_req_id', type='RANGE', schema=(:Label[15] {PropertyKey[10]}), indexProvider='range-1.0', owningConstraint=36 ), indexFile=/data/databases/neo4j/schema/index/range-1.0/35/index-35
2026-05-22 18:30:46.755+0000 INFO  [o.n.k.i.i.s.RangeIndexProvider] [neo4j/ee2c6c64] Schema index cleanup job registered: descriptor=Index( id=37, name='object_req_id', type='RANGE', schema=(:Label[16] {PropertyKey[10]}), indexProvider='range-1.0', owningConstraint=38 ), indexFile=/data/databases/neo4j/schema/index/range-1.0/37/index-37
2026-05-22 18:30:46.756+0000 INFO  [o.n.k.i.i.s.RangeIndexProvider] [neo4j/ee2c6c64] Schema index cleanup job started: descriptor=Index( id=37, name='object_req_id', type='RANGE', schema=(:Label[16] {PropertyKey[10]}), indexProvider='range-1.0', owningConstraint=38 ), indexFile=/data/databases/neo4j/schema/index/range-1.0/37/index-37
2026-05-22 18:30:46.769+0000 INFO  [o.n.k.i.i.s.RangeIndexProvider] [neo4j/ee2c6c64] Schema index cleanup job finished: descriptor=Index( id=37, name='object_req_id', type='RANGE', schema=(:Label[16] {PropertyKey[10]}), indexProvider='range-1.0', owningConstraint=38 ), indexFile=/data/databases/neo4j/schema/index/range-1.0/37/index-37 Number of pages visited: 11, Number of tree nodes: 10, Number of cleaned crashed pointers: 0, Time spent: 11ms
2026-05-22 18:30:46.771+0000 INFO  [o.n.k.i.i.s.RangeIndexProvider] [neo4j/ee2c6c64] Schema index cleanup job closed: descriptor=Index( id=37, name='object_req_id', type='RANGE', schema=(:Label[16] {PropertyKey[10]}), indexProvider='range-1.0', owningConstraint=38 ), indexFile=/data/databases/neo4j/schema/index/range-1.0/37/index-37
2026-05-22 18:30:46.853+0000 INFO  [o.n.k.i.i.s.RangeIndexProvider] [neo4j/ee2c6c64] Schema index cleanup job registered: descriptor=Index( id=39, name='act_req_id', type='RANGE', schema=(:Label[17] {PropertyKey[10]}), indexProvider='range-1.0', owningConstraint=40 ), indexFile=/data/databases/neo4j/schema/index/range-1.0/39/index-39
2026-05-22 18:30:46.854+0000 INFO  [o.n.k.i.i.s.RangeIndexProvider] [neo4j/ee2c6c64] Schema index cleanup job started: descriptor=Index( id=39, name='act_req_id', type='RANGE', schema=(:Label[17] {PropertyKey[10]}), indexProvider='range-1.0', owningConstraint=40 ), indexFile=/data/databases/neo4j/schema/index/range-1.0/39/index-39
2026-05-22 18:30:46.866+0000 INFO  [o.n.k.i.i.s.RangeIndexProvider] [neo4j/ee2c6c64] Schema index cleanup job finished: descriptor=Index( id=39, name='act_req_id', type='RANGE', schema=(:Label[17] {PropertyKey[10]}), indexProvider='range-1.0', owningConstraint=40 ), indexFile=/data/databases/neo4j/schema/index/range-1.0/39/index-39 Number of pages visited: 10, Number of tree nodes: 9, Number of cleaned crashed pointers: 0, Time spent: 10ms
2026-05-22 18:30:46.868+0000 INFO  [o.n.k.i.i.s.RangeIndexProvider] [neo4j/ee2c6c64] Schema index cleanup job closed: descriptor=Index( id=39, name='act_req_id', type='RANGE', schema=(:Label[17] {PropertyKey[10]}), indexProvider='range-1.0', owningConstraint=40 ), indexFile=/data/databases/neo4j/schema/index/range-1.0/39/index-39
2026-05-22 18:30:46.941+0000 INFO  [o.n.k.i.i.s.RangeIndexProvider] [neo4j/ee2c6c64] Schema index cleanup job registered: descriptor=Index( id=41, name='consequence_req_id', type='RANGE', schema=(:Label[18] {PropertyKey[10]}), indexProvider='range-1.0', owningConstraint=42 ), indexFile=/data/databases/neo4j/schema/index/range-1.0/41/index-41
2026-05-22 18:30:46.943+0000 INFO  [o.n.k.i.i.s.RangeIndexProvider] [neo4j/ee2c6c64] Schema index cleanup job started: descriptor=Index( id=41, name='consequence_req_id', type='RANGE', schema=(:Label[18] {PropertyKey[10]}), indexProvider='range-1.0', owningConstraint=42 ), indexFile=/data/databases/neo4j/schema/index/range-1.0/41/index-41
2026-05-22 18:30:46.952+0000 INFO  [o.n.k.i.i.s.RangeIndexProvider] [neo4j/ee2c6c64] Schema index cleanup job finished: descriptor=Index( id=41, name='consequence_req_id', type='RANGE', schema=(:Label[18] {PropertyKey[10]}), indexProvider='range-1.0', owningConstraint=42 ), indexFile=/data/databases/neo4j/schema/index/range-1.0/41/index-41 Number of pages visited: 15, Number of tree nodes: 14, Number of cleaned crashed pointers: 0, Time spent: 8ms
2026-05-22 18:30:46.954+0000 INFO  [o.n.k.i.i.s.RangeIndexProvider] [neo4j/ee2c6c64] Schema index cleanup job closed: descriptor=Index( id=41, name='consequence_req_id', type='RANGE', schema=(:Label[18] {PropertyKey[10]}), indexProvider='range-1.0', owningConstraint=42 ), indexFile=/data/databases/neo4j/schema/index/range-1.0/41/index-41
2026-05-22 18:30:47.012+0000 INFO  [o.n.k.i.i.s.RangeIndexProvider] [neo4j/ee2c6c64] Schema index cleanup job registered: descriptor=Index( id=43, name='quantity_threshold_id', type='RANGE', schema=(:Label[19] {PropertyKey[10]}), indexProvider='range-1.0', owningConstraint=44 ), indexFile=/data/databases/neo4j/schema/index/range-1.0/43/index-43
2026-05-22 18:30:47.015+0000 INFO  [o.n.k.i.i.s.RangeIndexProvider] [neo4j/ee2c6c64] Schema index cleanup job started: descriptor=Index( id=43, name='quantity_threshold_id', type='RANGE', schema=(:Label[19] {PropertyKey[10]}), indexProvider='range-1.0', owningConstraint=44 ), indexFile=/data/databases/neo4j/schema/index/range-1.0/43/index-43
2026-05-22 18:30:47.031+0000 INFO  [o.n.k.i.i.s.RangeIndexProvider] [neo4j/ee2c6c64] Schema index cleanup job finished: descriptor=Index( id=43, name='quantity_threshold_id', type='RANGE', schema=(:Label[19] {PropertyKey[10]}), indexProvider='range-1.0', owningConstraint=44 ), indexFile=/data/databases/neo4j/schema/index/range-1.0/43/index-43 Number of pages visited: 97, Number of tree nodes: 96, Number of cleaned crashed pointers: 0, Time spent: 14ms
2026-05-22 18:30:47.032+0000 INFO  [o.n.k.i.i.s.RangeIndexProvider] [neo4j/ee2c6c64] Schema index cleanup job closed: descriptor=Index( id=43, name='quantity_threshold_id', type='RANGE', schema=(:Label[19] {PropertyKey[10]}), indexProvider='range-1.0', owningConstraint=44 ), indexFile=/data/databases/neo4j/schema/index/range-1.0/43/index-43
2026-05-22 18:30:47.100+0000 INFO  [o.n.k.i.i.s.RangeIndexProvider] [neo4j/ee2c6c64] Schema index cleanup job registered: descriptor=Index( id=45, name='exception_id', type='RANGE', schema=(:Label[20] {PropertyKey[10]}), indexProvider='range-1.0', owningConstraint=46 ), indexFile=/data/databases/neo4j/schema/index/range-1.0/45/index-45
2026-05-22 18:30:47.101+0000 INFO  [o.n.k.i.i.s.RangeIndexProvider] [neo4j/ee2c6c64] Schema index cleanup job started: descriptor=Index( id=45, name='exception_id', type='RANGE', schema=(:Label[20] {PropertyKey[10]}), indexProvider='range-1.0', owningConstraint=46 ), indexFile=/data/databases/neo4j/schema/index/range-1.0/45/index-45
2026-05-22 18:30:47.105+0000 INFO  [o.n.k.i.i.s.RangeIndexProvider] [neo4j/ee2c6c64] Schema index cleanup job finished: descriptor=Index( id=45, name='exception_id', type='RANGE', schema=(:Label[20] {PropertyKey[10]}), indexProvider='range-1.0', owningConstraint=46 ), indexFile=/data/databases/neo4j/schema/index/range-1.0/45/index-45 Number of pages visited: 5, Number of tree nodes: 4, Number of cleaned crashed pointers: 0, Time spent: 3ms
2026-05-22 18:30:47.106+0000 INFO  [o.n.k.i.i.s.RangeIndexProvider] [neo4j/ee2c6c64] Schema index cleanup job closed: descriptor=Index( id=45, name='exception_id', type='RANGE', schema=(:Label[20] {PropertyKey[10]}), indexProvider='range-1.0', owningConstraint=46 ), indexFile=/data/databases/neo4j/schema/index/range-1.0/45/index-45
2026-05-22 18:30:47.201+0000 INFO  [o.n.k.i.i.s.RangeIndexProvider] [neo4j/ee2c6c64] Schema index cleanup job registered: descriptor=Index( id=47, name='reference_id', type='RANGE', schema=(:Label[21] {PropertyKey[10]}), indexProvider='range-1.0', owningConstraint=48 ), indexFile=/data/databases/neo4j/schema/index/range-1.0/47/index-47
2026-05-22 18:30:47.202+0000 INFO  [o.n.k.i.i.s.RangeIndexProvider] [neo4j/ee2c6c64] Schema index cleanup job started: descriptor=Index( id=47, name='reference_id', type='RANGE', schema=(:Label[21] {PropertyKey[10]}), indexProvider='range-1.0', owningConstraint=48 ), indexFile=/data/databases/neo4j/schema/index/range-1.0/47/index-47
2026-05-22 18:30:47.214+0000 INFO  [o.n.k.i.i.s.RangeIndexProvider] [neo4j/ee2c6c64] Schema index cleanup job finished: descriptor=Index( id=47, name='reference_id', type='RANGE', schema=(:Label[21] {PropertyKey[10]}), indexProvider='range-1.0', owningConstraint=48 ), indexFile=/data/databases/neo4j/schema/index/range-1.0/47/index-47 Number of pages visited: 6, Number of tree nodes: 5, Number of cleaned crashed pointers: 0, Time spent: 10ms
2026-05-22 18:30:47.215+0000 INFO  [o.n.k.i.i.s.RangeIndexProvider] [neo4j/ee2c6c64] Schema index cleanup job closed: descriptor=Index( id=47, name='reference_id', type='RANGE', schema=(:Label[21] {PropertyKey[10]}), indexProvider='range-1.0', owningConstraint=48 ), indexFile=/data/databases/neo4j/schema/index/range-1.0/47/index-47
2026-05-22 18:30:47.306+0000 INFO  [o.n.k.i.i.s.RangeIndexProvider] [neo4j/ee2c6c64] Schema index cleanup job registered: descriptor=Index( id=49, name='judicial_measure_id', type='RANGE', schema=(:Label[22] {PropertyKey[10]}), indexProvider='range-1.0', owningConstraint=50 ), indexFile=/data/databases/neo4j/schema/index/range-1.0/49/index-49
2026-05-22 18:30:47.304+0000 INFO  [o.n.k.i.i.s.RangeIndexProvider] [neo4j/ee2c6c64] Schema index cleanup job started: descriptor=Index( id=49, name='judicial_measure_id', type='RANGE', schema=(:Label[22] {PropertyKey[10]}), indexProvider='range-1.0', owningConstraint=50 ), indexFile=/data/databases/neo4j/schema/index/range-1.0/49/index-49
2026-05-22 18:30:47.313+0000 INFO  [o.n.k.i.i.s.RangeIndexProvider] [neo4j/ee2c6c64] Schema index cleanup job finished: descriptor=Index( id=49, name='judicial_measure_id', type='RANGE', schema=(:Label[22] {PropertyKey[10]}), indexProvider='range-1.0', owningConstraint=50 ), indexFile=/data/databases/neo4j/schema/index/range-1.0/49/index-49 Number of pages visited: 3, Number of tree nodes: 2, Number of cleaned crashed pointers: 0, Time spent: 7ms
2026-05-22 18:30:47.315+0000 INFO  [o.n.k.i.i.s.RangeIndexProvider] [neo4j/ee2c6c64] Schema index cleanup job closed: descriptor=Index( id=49, name='judicial_measure_id', type='RANGE', schema=(:Label[22] {PropertyKey[10]}), indexProvider='range-1.0', owningConstraint=50 ), indexFile=/data/databases/neo4j/schema/index/range-1.0/49/index-49
2026-05-22 18:30:47.382+0000 INFO  [o.n.k.i.i.s.RangeIndexProvider] [neo4j/ee2c6c64] Schema index cleanup job registered: descriptor=Index( id=51, name='slang_id', type='RANGE', schema=(:Label[23] {PropertyKey[10]}), indexProvider='range-1.0', owningConstraint=52 ), indexFile=/data/databases/neo4j/schema/index/range-1.0/51/index-51
2026-05-22 18:30:47.383+0000 INFO  [o.n.k.i.i.s.RangeIndexProvider] [neo4j/ee2c6c64] Schema index cleanup job started: descriptor=Index( id=51, name='slang_id', type='RANGE', schema=(:Label[23] {PropertyKey[10]}), indexProvider='range-1.0', owningConstraint=52 ), indexFile=/data/databases/neo4j/schema/index/range-1.0/51/index-51
2026-05-22 18:30:47.387+0000 INFO  [o.n.k.i.i.s.RangeIndexProvider] [neo4j/ee2c6c64] Schema index cleanup job finished: descriptor=Index( id=51, name='slang_id', type='RANGE', schema=(:Label[23] {PropertyKey[10]}), indexProvider='range-1.0', owningConstraint=52 ), indexFile=/data/databases/neo4j/schema/index/range-1.0/51/index-51 Number of pages visited: 3, Number of tree nodes: 2, Number of cleaned crashed pointers: 0, Time spent: 2ms
2026-05-22 18:30:47.388+0000 INFO  [o.n.k.i.i.s.RangeIndexProvider] [neo4j/ee2c6c64] Schema index cleanup job closed: descriptor=Index( id=51, name='slang_id', type='RANGE', schema=(:Label[23] {PropertyKey[10]}), indexProvider='range-1.0', owningConstraint=52 ), indexFile=/data/databases/neo4j/schema/index/range-1.0/51/index-51
2026-05-22 18:30:47.459+0000 INFO  [o.n.k.i.i.s.RangeIndexProvider] [neo4j/ee2c6c64] Schema index cleanup job registered: descriptor=Index( id=53, name='legal_signal_id', type='RANGE', schema=(:Label[24] {PropertyKey[10]}), indexProvider='range-1.0', owningConstraint=54 ), indexFile=/data/databases/neo4j/schema/index/range-1.0/53/index-53
2026-05-22 18:30:47.460+0000 INFO  [o.n.k.i.i.s.RangeIndexProvider] [neo4j/ee2c6c64] Schema index cleanup job started: descriptor=Index( id=53, name='legal_signal_id', type='RANGE', schema=(:Label[24] {PropertyKey[10]}), indexProvider='range-1.0', owningConstraint=54 ), indexFile=/data/databases/neo4j/schema/index/range-1.0/53/index-53
2026-05-22 18:30:47.463+0000 INFO  [o.n.k.i.i.s.RangeIndexProvider] [neo4j/ee2c6c64] Schema index cleanup job finished: descriptor=Index( id=53, name='legal_signal_id', type='RANGE', schema=(:Label[24] {PropertyKey[10]}), indexProvider='range-1.0', owningConstraint=54 ), indexFile=/data/databases/neo4j/schema/index/range-1.0/53/index-53 Number of pages visited: 3, Number of tree nodes: 2, Number of cleaned crashed pointers: 0, Time spent: 1ms
2026-05-22 18:30:47.464+0000 INFO  [o.n.k.i.i.s.RangeIndexProvider] [neo4j/ee2c6c64] Schema index cleanup job closed: descriptor=Index( id=53, name='legal_signal_id', type='RANGE', schema=(:Label[24] {PropertyKey[10]}), indexProvider='range-1.0', owningConstraint=54 ), indexFile=/data/databases/neo4j/schema/index/range-1.0/53/index-53
2026-05-22 18:30:47.536+0000 INFO  [o.n.k.i.i.s.RangeIndexProvider] [neo4j/ee2c6c64] Schema index cleanup job registered: descriptor=Index( id=55, name='action_alias_id', type='RANGE', schema=(:Label[25] {PropertyKey[10]}), indexProvider='range-1.0', owningConstraint=56 ), indexFile=/data/databases/neo4j/schema/index/range-1.0/55/index-55
2026-05-22 18:30:47.537+0000 INFO  [o.n.k.i.i.s.RangeIndexProvider] [neo4j/ee2c6c64] Schema index cleanup job started: descriptor=Index( id=55, name='action_alias_id', type='RANGE', schema=(:Label[25] {PropertyKey[10]}), indexProvider='range-1.0', owningConstraint=56 ), indexFile=/data/databases/neo4j/schema/index/range-1.0/55/index-55
2026-05-22 18:30:47.541+0000 INFO  [o.n.k.i.i.s.RangeIndexProvider] [neo4j/ee2c6c64] Schema index cleanup job finished: descriptor=Index( id=55, name='action_alias_id', type='RANGE', schema=(:Label[25] {PropertyKey[10]}), indexProvider='range-1.0', owningConstraint=56 ), indexFile=/data/databases/neo4j/schema/index/range-1.0/55/index-55 Number of pages visited: 3, Number of tree nodes: 2, Number of cleaned crashed pointers: 0, Time spent: 3ms
2026-05-22 18:30:47.542+0000 INFO  [o.n.k.i.i.s.RangeIndexProvider] [neo4j/ee2c6c64] Schema index cleanup job closed: descriptor=Index( id=55, name='action_alias_id', type='RANGE', schema=(:Label[25] {PropertyKey[10]}), indexProvider='range-1.0', owningConstraint=56 ), indexFile=/data/databases/neo4j/schema/index/range-1.0/55/index-55
2026-05-22 18:30:47.626+0000 INFO  [o.n.k.i.i.s.RangeIndexProvider] [neo4j/ee2c6c64] Schema index cleanup job registered: descriptor=Index( id=57, name='substance_id', type='RANGE', schema=(:Label[26] {PropertyKey[10]}), indexProvider='range-1.0', owningConstraint=58 ), indexFile=/data/databases/neo4j/schema/index/range-1.0/57/index-57
2026-05-22 18:30:47.627+0000 INFO  [o.n.k.i.i.s.RangeIndexProvider] [neo4j/ee2c6c64] Schema index cleanup job started: descriptor=Index( id=57, name='substance_id', type='RANGE', schema=(:Label[26] {PropertyKey[10]}), indexProvider='range-1.0', owningConstraint=58 ), indexFile=/data/databases/neo4j/schema/index/range-1.0/57/index-57
2026-05-22 18:30:47.629+0000 INFO  [o.n.k.i.i.s.RangeIndexProvider] [neo4j/ee2c6c64] Schema index cleanup job finished: descriptor=Index( id=57, name='substance_id', type='RANGE', schema=(:Label[26] {PropertyKey[10]}), indexProvider='range-1.0', owningConstraint=58 ), indexFile=/data/databases/neo4j/schema/index/range-1.0/57/index-57 Number of pages visited: 3, Number of tree nodes: 2, Number of cleaned crashed pointers: 0, Time spent: 1ms
2026-05-22 18:30:47.630+0000 INFO  [o.n.k.i.i.s.RangeIndexProvider] [neo4j/ee2c6c64] Schema index cleanup job closed: descriptor=Index( id=57, name='substance_id', type='RANGE', schema=(:Label[26] {PropertyKey[10]}), indexProvider='range-1.0', owningConstraint=58 ), indexFile=/data/databases/neo4j/schema/index/range-1.0/57/index-57
2026-05-22 18:30:47.684+0000 INFO  [o.n.k.i.i.s.RangeIndexProvider] [neo4j/ee2c6c64] Schema index cleanup job registered: descriptor=Index( id=59, name='substance_alias_id', type='RANGE', schema=(:Label[27] {PropertyKey[10]}), indexProvider='range-1.0', owningConstraint=60 ), indexFile=/data/databases/neo4j/schema/index/range-1.0/59/index-59
2026-05-22 18:30:47.685+0000 INFO  [o.n.k.i.i.s.RangeIndexProvider] [neo4j/ee2c6c64] Schema index cleanup job started: descriptor=Index( id=59, name='substance_alias_id', type='RANGE', schema=(:Label[27] {PropertyKey[10]}), indexProvider='range-1.0', owningConstraint=60 ), indexFile=/data/databases/neo4j/schema/index/range-1.0/59/index-59
2026-05-22 18:30:47.687+0000 INFO  [o.n.k.i.i.s.RangeIndexProvider] [neo4j/ee2c6c64] Schema index cleanup job finished: descriptor=Index( id=59, name='substance_alias_id', type='RANGE', schema=(:Label[27] {PropertyKey[10]}), indexProvider='range-1.0', owningConstraint=60 ), indexFile=/data/databases/neo4j/schema/index/range-1.0/59/index-59 Number of pages visited: 3, Number of tree nodes: 2, Number of cleaned crashed pointers: 0, Time spent: 1ms
2026-05-22 18:30:47.688+0000 INFO  [o.n.k.i.i.s.RangeIndexProvider] [neo4j/ee2c6c64] Schema index cleanup job closed: descriptor=Index( id=59, name='substance_alias_id', type='RANGE', schema=(:Label[27] {PropertyKey[10]}), indexProvider='range-1.0', owningConstraint=60 ), indexFile=/data/databases/neo4j/schema/index/range-1.0/59/index-59
2026-05-22 18:30:47.737+0000 INFO  [o.n.k.i.i.s.RangeIndexProvider] [neo4j/ee2c6c64] Schema index cleanup job registered: descriptor=Index( id=61, name='scenario_fact_id', type='RANGE', schema=(:Label[28] {PropertyKey[10]}), indexProvider='range-1.0', owningConstraint=62 ), indexFile=/data/databases/neo4j/schema/index/range-1.0/61/index-61
2026-05-22 18:30:47.738+0000 INFO  [o.n.k.i.i.s.RangeIndexProvider] [neo4j/ee2c6c64] Schema index cleanup job started: descriptor=Index( id=61, name='scenario_fact_id', type='RANGE', schema=(:Label[28] {PropertyKey[10]}), indexProvider='range-1.0', owningConstraint=62 ), indexFile=/data/databases/neo4j/schema/index/range-1.0/61/index-61
2026-05-22 18:30:47.741+0000 INFO  [o.n.k.i.i.s.RangeIndexProvider] [neo4j/ee2c6c64] Schema index cleanup job finished: descriptor=Index( id=61, name='scenario_fact_id', type='RANGE', schema=(:Label[28] {PropertyKey[10]}), indexProvider='range-1.0', owningConstraint=62 ), indexFile=/data/databases/neo4j/schema/index/range-1.0/61/index-61 Number of pages visited: 2, Number of tree nodes: 1, Number of cleaned crashed pointers: 0, Time spent: 1ms
2026-05-22 18:30:47.742+0000 INFO  [o.n.k.i.i.s.RangeIndexProvider] [neo4j/ee2c6c64] Schema index cleanup job closed: descriptor=Index( id=61, name='scenario_fact_id', type='RANGE', schema=(:Label[28] {PropertyKey[10]}), indexProvider='range-1.0', owningConstraint=62 ), indexFile=/data/databases/neo4j/schema/index/range-1.0/61/index-61
2026-05-22 18:30:47.803+0000 INFO  [o.n.k.i.i.s.RangeIndexProvider] [neo4j/ee2c6c64] Schema index cleanup job registered: descriptor=Index( id=63, name='matched_condition_id', type='RANGE', schema=(:Label[29] {PropertyKey[10]}), indexProvider='range-1.0', owningConstraint=64 ), indexFile=/data/databases/neo4j/schema/index/range-1.0/63/index-63
2026-05-22 18:30:47.804+0000 INFO  [o.n.k.i.i.s.RangeIndexProvider] [neo4j/ee2c6c64] Schema index cleanup job started: descriptor=Index( id=63, name='matched_condition_id', type='RANGE', schema=(:Label[29] {PropertyKey[10]}), indexProvider='range-1.0', owningConstraint=64 ), indexFile=/data/databases/neo4j/schema/index/range-1.0/63/index-63
2026-05-22 18:30:47.807+0000 INFO  [o.n.k.i.i.s.RangeIndexProvider] [neo4j/ee2c6c64] Schema index cleanup job finished: descriptor=Index( id=63, name='matched_condition_id', type='RANGE', schema=(:Label[29] {PropertyKey[10]}), indexProvider='range-1.0', owningConstraint=64 ), indexFile=/data/databases/neo4j/schema/index/range-1.0/63/index-63 Number of pages visited: 2, Number of tree nodes: 1, Number of cleaned crashed pointers: 0, Time spent: 2ms
2026-05-22 18:30:47.808+0000 INFO  [o.n.k.i.i.s.RangeIndexProvider] [neo4j/ee2c6c64] Schema index cleanup job closed: descriptor=Index( id=63, name='matched_condition_id', type='RANGE', schema=(:Label[29] {PropertyKey[10]}), indexProvider='range-1.0', owningConstraint=64 ), indexFile=/data/databases/neo4j/schema/index/range-1.0/63/index-63
2026-05-22 18:30:50.436+0000 INFO  [o.n.k.i.a.i.IndexingService] [neo4j/ee2c6c64] IndexingService.init: indexes not specifically mentioned above are ONLINE. Total 38 indexes. Processed in 5s 392ms
2026-05-22 18:30:50.468+0000 INFO  [o.n.k.a.DatabaseAvailabilityGuard] [neo4j/ee2c6c64] Requirement `Database unavailable` makes database neo4j unavailable.
2026-05-22 18:30:50.469+0000 INFO  [o.n.k.a.DatabaseAvailabilityGuard] [neo4j/ee2c6c64] DatabaseId{ee2c6c64[neo4j]} is unavailable.
2026-05-22 18:30:50.504+0000 INFO  [o.n.k.d.Database] [neo4j/ee2c6c64] Starting transaction log [/data/transactions/neo4j/neostore.transaction.db.0] at version=0
2026-05-22 18:30:50.515+0000 INFO  [o.n.k.d.Database] [neo4j/ee2c6c64] Starting transaction log [/data/transactions/neo4j/checkpoint.0] at version=0
2026-05-22 18:30:50.530+0000 INFO  [o.n.k.i.t.l.f.c.CheckpointLogFile] [neo4j/ee2c6c64] Scanning log file with version 0 for checkpoint entries
2026-05-22 18:30:50.553+0000 INFO  [o.n.k.i.a.i.IndexingService] [neo4j/ee2c6c64] IndexingService.start: indexes not specifically mentioned above are ONLINE. Total 38 indexes. Processed in 0ms
2026-05-22 18:30:50.570+0000 INFO  [o.n.k.a.DatabaseAvailabilityGuard] [neo4j/ee2c6c64] Fulfilling of requirement 'Database unavailable' makes database neo4j available.
2026-05-22 18:30:50.571+0000 INFO  [o.n.k.a.DatabaseAvailabilityGuard] [neo4j/ee2c6c64] DatabaseId{ee2c6c64[neo4j]} is ready.
2026-05-22 18:30:50.572+0000 INFO  [o.n.u.UserDataCollector] Anonymous Usage Data is being sent to Neo4j, see https://neo4j.com/docs/usage-data/
2026-05-22 18:30:50.635+0000 INFO  [o.n.b.p.c.c.n.SocketNettyConnector] Bolt enabled on 0.0.0.0:7687.
2026-05-22 18:30:50.637+0000 WARN  [i.n.b.ServerBootstrap] Unknown channel option 'SO_REUSEADDR' for channel '[id: 0x2a614987]'
2026-05-22 18:30:50.647+0000 INFO  [o.n.b.BoltServer] Bolt server started
2026-05-22 18:30:50.648+0000 INFO  [o.n.s.A.ServerComponentsLifecycleAdapter] Starting web server
2026-05-22 18:30:51.307+0000 INFO  [o.n.s.CommunityNeoWebServer] HTTP enabled on 0.0.0.0:7474.
2026-05-22 18:30:51.309+0000 INFO  [o.n.s.CommunityNeoWebServer] Remote interface available at http://localhost:7474/
2026-05-22 18:30:51.309+0000 INFO  [o.n.s.A.ServerComponentsLifecycleAdapter] Web server started.
2026-05-22 18:30:51.313+0000 INFO  [o.n.g.f.DatabaseManagementServiceFactory] id: 83BDB0D22A0CD64C330004A0D6D0D88D5E5D9DE3B9C6312625383D2898ABE29B
2026-05-22 18:30:51.314+0000 INFO  [o.n.g.f.DatabaseManagementServiceFactory] name: system
2026-05-22 18:30:51.315+0000 INFO  [o.n.g.f.DatabaseManagementServiceFactory] creationDate: 2026-05-21T07:36:42.456Z
2026-05-22 19:32:11.510+0000 INFO  [o.n.g.f.DatabaseManagementServiceFactory] Shutdown started
2026-05-22 19:32:11.601+0000 INFO  [o.n.b.BoltServer] Requested Bolt server shutdown
2026-05-22 19:32:11.604+0000 INFO  [o.n.b.p.c.c.ConnectionRegistry] Stopping remaining idle connections for connector bolt-local
2026-05-22 19:32:11.608+0000 INFO  [o.n.b.p.c.c.ConnectionRegistry] Stopped 0 idling connections for connector bolt-local
2026-05-22 19:32:11.612+0000 INFO  [o.n.b.p.c.c.ConnectionRegistry] Stopping remaining idle connections for connector bolt
2026-05-22 19:32:11.613+0000 INFO  [o.n.b.p.c.c.ConnectionRegistry] Stopped 0 idling connections for connector bolt
2026-05-22 19:32:11.617+0000 INFO  [o.n.d.d.DatabaseLifecycles] Stopping 'DatabaseId{ee2c6c64[neo4j]}'.
2026-05-22 19:32:11.684+0000 INFO  [o.n.k.a.DatabaseAvailabilityGuard] [neo4j/ee2c6c64] Requirement `Database unavailable` makes database neo4j unavailable.
2026-05-22 19:32:11.685+0000 INFO  [o.n.k.a.DatabaseAvailabilityGuard] [neo4j/ee2c6c64] DatabaseId{ee2c6c64[neo4j]} is unavailable.
2026-05-22 19:32:11.693+0000 INFO  [o.n.k.d.Database] [neo4j/ee2c6c64] Waiting for closing transactions.
2026-05-22 19:32:11.697+0000 INFO  [o.n.k.d.Database] [neo4j/ee2c6c64] All transactions are closed.
2026-05-22 19:32:11.702+0000 INFO  [o.n.k.i.t.l.c.CheckPointerImpl] [neo4j/ee2c6c64] Checkpoint triggered by "Database shutdown" @ txId: 213 checkpoint started...
2026-05-22 19:32:12.348+0000 INFO  [o.n.k.i.t.l.c.CheckPointerImpl] [neo4j/ee2c6c64] Checkpoint triggered by "Database shutdown" @ txId: 213 checkpoint completed in 644ms. Checkpoint flushed 66 pages (0% of total available pages), in 59 IOs. Checkpoint performed with IO limit: unlimited, paused in total 0 times( 0 millis).
2026-05-22 19:32:12.355+0000 INFO  [o.n.k.i.t.l.p.LogPruningImpl] [neo4j/ee2c6c64] No log version pruned. The strategy used was '2 days 2147483648 size'. 
