id,crime_id,article_id,article_code,requirement_type,text,normalized_text
consreq_crime_109_consequence_hau_qua_nghiem_trong_thi_bi_phat_tu_tu_12_nam_den_20_nam_hoac_tu_chung_than,crime_109,article_109,109,consequence,"hậu quả nghiêm trọng, thì bị phạt tù từ 12 năm đến 20 năm hoặc tù chung thân",hau qua nghiem trong thi bi phat tu tu 12 nam den 20 nam hoac tu chung than
consreq_crime_111_consequence_hau_qua_nghiem_trong_thi_bi_phat_tu_tu_12_nam_den_20_nam_hoac_tu_chung_than,crime_111,article_111,111,consequence,"hậu quả nghiêm trọng, thì bị phạt tù từ 12 năm đến 20 năm hoặc tù chung thân",hau qua nghiem trong thi bi phat tu tu 12 nam den 20 nam hoac tu chung than
consreq_crime_112_consequence_hau_qua_nghiem_trong_thi_bi_phat_tu_tu_12_nam_den_20_nam_tu_chung_than_hoac_tu_hinh,crime_112,article_112,112,consequence,"hậu quả nghiêm trọng, thì bị phạt tù từ 12 năm đến 20 năm, tù chung thân hoặc tử hình",hau qua nghiem trong thi bi phat tu tu 12 nam den 20 nam tu chung than hoac tu hinh
consreq_crime_123_consequence_lam_chet_nhieu_nguoi,crime_123,article_123,123,consequence,làm chết nhiều người,lam chet nhieu nguoi
consreq_crime_124_consequence_hau_qua_dua_tre_chet_thi_bi_phat_cai_tao_khong_giam_giu_den_02_nam_hoac_bi_phat_tu_tu_03_thang_den,crime_124,article_124,124,consequence,"hậu quả đứa trẻ chết, thì bị phạt cải tạo không giam giữ đến 02 năm hoặc bị phạt tù từ 03 tháng đến 02 năm",hau qua dua tre chet thi bi phat cai tao khong giam giu den 02 nam hoac bi phat tu tu 03 thang den 02 nam
consreq_crime_127_consequence_lam_chet_nguoi_do_dung_vu_luc_ngoai_nhung_truong_hop_phap_luat_cho_phep_thi_bi_phat_tu_tu_05_nam_d,crime_127,article_127,127,consequence,"làm chết người do dùng vũ lực ngoài những trường hợp pháp luật cho phép, thì bị phạt tù từ 05 năm đến 10 năm",lam chet nguoi do dung vu luc ngoai nhung truong hop phap luat cho phep thi bi phat tu tu 05 nam den 10 nam
consreq_crime_127_consequence_lam_chet_02_nguoi_tro_len,crime_127,article_127,127,consequence,Làm chết 02 người trở lên,lam chet 02 nguoi tro len
consreq_crime_128_consequence_lam_chet_nguoi_thi_bi_phat_cai_tao_khong_giam_giu_den_03_nam_hoac_phat_tu_tu_01_nam_den_05_nam,crime_128,article_128,128,consequence,"làm chết người, thì bị phạt cải tạo không giam giữ đến 03 năm hoặc phạt tù từ 01 năm đến 05 năm",lam chet nguoi thi bi phat cai tao khong giam giu den 03 nam hoac phat tu tu 01 nam den 05 nam
consreq_crime_128_consequence_lam_chet_02_nguoi_tro_len_thi_bi_phat_tu_tu_03_nam_den_10_nam,crime_128,article_128,128,consequence,"làm chết 02 người trở lên, thì bị phạt tù từ 03 năm đến 10 năm",lam chet 02 nguoi tro len thi bi phat tu tu 03 nam den 10 nam
consreq_crime_129_consequence_lam_chet_nguoi_do_vi_pham_quy_tac_nghe_nghiep_hoac_quy_tac_hanh_chinh_thi_bi_phat_tu_tu_01_nam_den,crime_129,article_129,129,consequence,"làm chết người do vi phạm quy tắc nghề nghiệp hoặc quy tắc hành chính, thì bị phạt tù từ 01 năm đến 05 năm",lam chet nguoi do vi pham quy tac nghe nghiep hoac quy tac hanh chinh thi bi phat tu tu 01 nam den 05 nam
consreq_crime_129_consequence_lam_chet_02_nguoi_tro_len_thi_bi_phat_tu_tu_05_nam_den_12_nam,crime_129,article_129,129,consequence,"làm chết 02 người trở lên, thì bị phạt tù từ 05 năm đến 12 năm",lam chet 02 nguoi tro len thi bi phat tu tu 05 nam den 12 nam
consreq_crime_132_consequence_hau_qua_nguoi_do_chet_thi_bi_phat_canh_cao_phat_cai_tao_khong_giam_giu_den_02_nam_hoac_phat_tu_tu_,crime_132,article_132,132,consequence,"hậu quả người đó chết, thì bị phạt cảnh cáo, phạt cải tạo không giam giữ đến 02 năm hoặc phạt tù từ 03 tháng đến 02 năm",hau qua nguoi do chet thi bi phat canh cao phat cai tao khong giam giu den 02 nam hoac phat tu tu 03 thang den 02 nam
consreq_crime_132_consequence_hau_qua_02_nguoi_tro_len_chet_thi_bi_phat_tu_tu_03_nam_den_07_nam,crime_132,article_132,132,consequence,"hậu quả 02 người trở lên chết, thì bị phạt tù từ 03 năm đến 07 năm",hau qua 02 nguoi tro len chet thi bi phat tu tu 03 nam den 07 nam
consreq_crime_134_consequence_lam_chet_nguoi,crime_134,article_134,134,consequence,Làm chết người,lam chet nguoi
consreq_crime_134_consequence_lam_chet_02_nguoi_tro_len,crime_134,article_134,134,consequence,Làm chết 02 người trở lên,lam chet 02 nguoi tro len
consreq_crime_134_consequence_gay_thuong_tich_hoac_gay_ton_hai_cho_suc_khoe_cua_nguoi_khac_ma_ty_le_ton_thuong_co_the_tu_11_den_,crime_134,article_134,134,consequence,"gây thương tích hoặc gây tổn hại cho sức khỏe của người khác mà tỷ lệ tổn thương cơ thể từ 11% đến 30% hoặc dưới 11% nhưng thuộc một trong các trường hợp sau đây, thì bị phạt cải tạo không giam giữ đến 03 năm hoặc phạt tù từ 06 tháng đến 03 năm: a) Dùng vũ khí, vật liệu nổ, hung khí nguy hiểm hoặc thủ đoạn có khả năng gây nguy hại cho nhiều người",gay thuong tich hoac gay ton hai cho suc khoe cua nguoi khac ma ty le ton thuong co the tu 11 den 30 hoac duoi 11 nhung thuoc mot trong cac truong hop sau day thi bi phat cai tao khong giam giu den 03 nam hoac phat tu tu 06 thang den 03 nam a dung vu khi vat lieu no hung khi nguy hiem hoac thu doan co kha nang gay nguy hai cho nhieu nguoi
consreq_crime_134_consequence_gay_thuong_tich_hoac_gay_ton_hai_cho_suc_khoe_cua_nguoi_khac_hoac_gay_thuong_tich_hoac_gay_ton_hai,crime_134,article_134,134,consequence,gây thương tích hoặc gây tổn hại cho sức khỏe của người khác hoặc gây thương tích hoặc gây tổn hại cho sức khỏe của người khác do được thuê,gay thuong tich hoac gay ton hai cho suc khoe cua nguoi khac hoac gay thuong tich hoac gay ton hai cho suc khoe cua nguoi khac do duoc thue
consreq_crime_134_consequence_gay_thuong_tich_hoac_gay_ton_hai_cho_suc_khoe_cua_nguoi_khac_ma_ty_le_ton_thuong_co_the_tu_31_den_,crime_134,article_134,134,consequence,Gây thương tích hoặc gây tổn hại cho sức khỏe của người khác mà tỷ lệ tổn thương cơ thể từ 31% đến 60%,gay thuong tich hoac gay ton hai cho suc khoe cua nguoi khac ma ty le ton thuong co the tu 31 den 60
consreq_crime_135_consequence_gay_thuong_tich_hoac_gay_ton_hai_cho_suc_khoe_cua_nguoi_khac_ma_ty_le_ton_thuong_co_the_tu_31_den_,crime_135,article_135,135,consequence,"gây thương tích hoặc gây tổn hại cho sức khỏe của người khác mà tỷ lệ tổn thương cơ thể từ 31% đến 60% trong trạng thái tinh thần bị kích động mạnh do hành vi trái pháp luật nghiêm trọng của nạn nhân đối với người đó hoặc đối với người thân thích của người đó, thì bị phạt tiền từ 10",gay thuong tich hoac gay ton hai cho suc khoe cua nguoi khac ma ty le ton thuong co the tu 31 den 60 trong trang thai tinh than bi kich dong manh do hanh vi trai phap luat nghiem trong cua nan nhan doi voi nguoi do hoac doi voi nguoi than thich cua nguoi do thi bi phat tien tu 10
consreq_crime_135_consequence_gay_thuong_tich_hoac_gay_ton_hai_cho_suc_khoe_cua_02_nguoi_tro_len_ma_ty_le_ton_thuong_co_the_cua_,crime_135,article_135,135,consequence,Gây thương tích hoặc gây tổn hại cho sức khỏe của 02 người trở lên mà tỷ lệ tổn thương cơ thể của mỗi người 31% trở lên,gay thuong tich hoac gay ton hai cho suc khoe cua 02 nguoi tro len ma ty le ton thuong co the cua moi nguoi 31 tro len
consreq_crime_135_consequence_gay_thuong_tich_hoac_gay_ton_hai_cho_suc_khoe_cua_nguoi_khac_ma_ty_le_ton_thuong_co_the_61_tro_len,crime_135,article_135,135,consequence,Gây thương tích hoặc gây tổn hại cho sức khỏe của người khác mà tỷ lệ tổn thương cơ thể 61% trở lên hoặc dẫn đến chết người,gay thuong tich hoac gay ton hai cho suc khoe cua nguoi khac ma ty le ton thuong co the 61 tro len hoac dan den chet nguoi
consreq_crime_135_consequence_ton_hai_cho_suc_khoe_cua_nguoi_khac_ma_ty_le_ton_thuong_co_the_tu_31_den_60_trong_trang_thai_tinh_,crime_135,article_135,135,consequence,"tổn hại cho sức khỏe của người khác mà tỷ lệ tổn thương cơ thể từ 31% đến 60% trong trạng thái tinh thần bị kích động mạnh do hành vi trái pháp luật nghiêm trọng của nạn nhân đối với người đó hoặc đối với người thân thích của người đó, thì bị phạt tiền từ 10",ton hai cho suc khoe cua nguoi khac ma ty le ton thuong co the tu 31 den 60 trong trang thai tinh than bi kich dong manh do hanh vi trai phap luat nghiem trong cua nan nhan doi voi nguoi do hoac doi voi nguoi than thich cua nguoi do thi bi phat tien tu 10
consreq_crime_135_consequence_ton_hai_cho_suc_khoe_cua_02_nguoi_tro_len_ma_ty_le_ton_thuong_co_the_cua_moi_nguoi_31_tro_len,crime_135,article_135,135,consequence,tổn hại cho sức khỏe của 02 người trở lên mà tỷ lệ tổn thương cơ thể của mỗi người 31% trở lên,ton hai cho suc khoe cua 02 nguoi tro len ma ty le ton thuong co the cua moi nguoi 31 tro len
consreq_crime_136_consequence_gay_thuong_tich_hoac_gay_ton_hai_cho_suc_khoe_cua_nguoi_khac_ma_ty_le_ton_thuong_co_the_tu_31_den_,crime_136,article_136,136,consequence,"gây thương tích hoặc gây tổn hại cho sức khỏe của người khác mà tỷ lệ tổn thương cơ thể từ 31% đến 60% do vượt quá giới hạn phòng vệ chính đáng hoặc do vượt quá mức cần thiết khi bắt giữ người phạm tội, thì bị phạt tiền từ 5",gay thuong tich hoac gay ton hai cho suc khoe cua nguoi khac ma ty le ton thuong co the tu 31 den 60 do vuot qua gioi han phong ve chinh dang hoac do vuot qua muc can thiet khi bat giu nguoi pham toi thi bi phat tien tu 5
consreq_crime_136_consequence_gay_thuong_tich_hoac_gay_ton_hai_cho_suc_khoe_cua_nguoi_khac_ma_ty_le_ton_thuong_co_the_61_tro_len,crime_136,article_136,136,consequence,Gây thương tích hoặc gây tổn hại cho sức khỏe của người khác mà tỷ lệ tổn thương cơ thể 61% trở lên,gay thuong tich hoac gay ton hai cho suc khoe cua nguoi khac ma ty le ton thuong co the 61 tro len
consreq_crime_136_consequence_gay_thuong_tich_hoac_gay_ton_hai_suc_khoe_cho_02_nguoi_tro_len_ma_ty_le_ton_thuong_co_the_cua_moi_,crime_136,article_136,136,consequence,"gây thương tích hoặc gây tổn hại sức khỏe cho 02 người trở lên mà tỷ lệ tổn thương cơ thể của mỗi người 61% trở lên, thì bị phạt tù từ 01 năm đến 03 năm",gay thuong tich hoac gay ton hai suc khoe cho 02 nguoi tro len ma ty le ton thuong co the cua moi nguoi 61 tro len thi bi phat tu tu 01 nam den 03 nam
consreq_crime_136_consequence_ton_hai_cho_suc_khoe_cua_nguoi_khac_ma_ty_le_ton_thuong_co_the_tu_31_den_60_do_vuot_qua_gioi_han_p,crime_136,article_136,136,consequence,"tổn hại cho sức khỏe của người khác mà tỷ lệ tổn thương cơ thể từ 31% đến 60% do vượt quá giới hạn phòng vệ chính đáng hoặc do vượt quá mức cần thiết khi bắt giữ người phạm tội, thì bị phạt tiền từ 5",ton hai cho suc khoe cua nguoi khac ma ty le ton thuong co the tu 31 den 60 do vuot qua gioi han phong ve chinh dang hoac do vuot qua muc can thiet khi bat giu nguoi pham toi thi bi phat tien tu 5
consreq_crime_136_consequence_ton_hai_cho_suc_khoe_cua_nguoi_khac_ma_ty_le_ton_thuong_co_the_61_tro_len,crime_136,article_136,136,consequence,tổn hại cho sức khỏe của người khác mà tỷ lệ tổn thương cơ thể 61% trở lên,ton hai cho suc khoe cua nguoi khac ma ty le ton thuong co the 61 tro len
consreq_crime_137_consequence_gay_thuong_tich_hoac_gay_ton_hai_cho_suc_khoe_cua_nguoi_khac_ma_ty_le_ton_thuong_co_the_tu_31_den_,crime_137,article_137,137,consequence,"gây thương tích hoặc gây tổn hại cho sức khỏe của người khác mà tỷ lệ tổn thương cơ thể từ 31% đến 60%, thì bị phạt cải tạo không giam giữ đến 03 năm hoặc bị phạt tù từ 06 tháng đến 03 năm",gay thuong tich hoac gay ton hai cho suc khoe cua nguoi khac ma ty le ton thuong co the tu 31 den 60 thi bi phat cai tao khong giam giu den 03 nam hoac bi phat tu tu 06 thang den 03 nam
consreq_crime_137_consequence_gay_thuong_tich_hoac_gay_ton_hai_cho_suc_khoe_cua_nguoi_khac_ma_ty_le_ton_thuong_co_the_61_tro_len,crime_137,article_137,137,consequence,Gây thương tích hoặc gây tổn hại cho sức khỏe của người khác mà tỷ lệ tổn thương cơ thể 61% trở lên,gay thuong tich hoac gay ton hai cho suc khoe cua nguoi khac ma ty le ton thuong co the 61 tro len
consreq_crime_137_consequence_ton_hai_cho_suc_khoe_cua_nguoi_khac_ma_ty_le_ton_thuong_co_the_tu_31_den_60_thi_bi_phat_cai_tao_kh,crime_137,article_137,137,consequence,"tổn hại cho sức khỏe của người khác mà tỷ lệ tổn thương cơ thể từ 31% đến 60%, thì bị phạt cải tạo không giam giữ đến 03 năm hoặc bị phạt tù từ 06 tháng đến 03 năm",ton hai cho suc khoe cua nguoi khac ma ty le ton thuong co the tu 31 den 60 thi bi phat cai tao khong giam giu den 03 nam hoac bi phat tu tu 06 thang den 03 nam
consreq_crime_137_consequence_ton_hai_cho_suc_khoe_cua_nguoi_khac_ma_ty_le_ton_thuong_co_the_61_tro_len,crime_137,article_137,137,consequence,tổn hại cho sức khỏe của người khác mà tỷ lệ tổn thương cơ thể 61% trở lên,ton hai cho suc khoe cua nguoi khac ma ty le ton thuong co the 61 tro len
consreq_crime_138_consequence_gay_thuong_tich_hoac_gay_ton_hai_cho_suc_khoe_cua_nguoi_khac_ma_ty_le_ton_thuong_co_the_tu_31_den_,crime_138,article_138,138,consequence,"gây thương tích hoặc gây tổn hại cho sức khỏe của người khác mà tỷ lệ tổn thương cơ thể từ 31% đến 60%, thì bị phạt cảnh cáo, phạt tiền từ 5",gay thuong tich hoac gay ton hai cho suc khoe cua nguoi khac ma ty le ton thuong co the tu 31 den 60 thi bi phat canh cao phat tien tu 5
consreq_crime_138_consequence_gay_thuong_tich_hoac_gay_ton_hai_cho_suc_khoe_cua_nguoi_khac_ma_ty_le_ton_thuong_co_the_61_tro_len,crime_138,article_138,138,consequence,Gây thương tích hoặc gây tổn hại cho sức khỏe của người khác mà tỷ lệ tổn thương cơ thể 61% trở lên,gay thuong tich hoac gay ton hai cho suc khoe cua nguoi khac ma ty le ton thuong co the 61 tro len
consreq_crime_138_consequence_ton_hai_cho_suc_khoe_cua_nguoi_khac_ma_ty_le_ton_thuong_co_the_tu_31_den_60_thi_bi_phat_canh_cao_p,crime_138,article_138,138,consequence,"tổn hại cho sức khỏe của người khác mà tỷ lệ tổn thương cơ thể từ 31% đến 60%, thì bị phạt cảnh cáo, phạt tiền từ 5",ton hai cho suc khoe cua nguoi khac ma ty le ton thuong co the tu 31 den 60 thi bi phat canh cao phat tien tu 5
consreq_crime_138_consequence_ton_hai_cho_suc_khoe_cua_nguoi_khac_ma_ty_le_ton_thuong_co_the_61_tro_len,crime_138,article_138,138,consequence,tổn hại cho sức khỏe của người khác mà tỷ lệ tổn thương cơ thể 61% trở lên,ton hai cho suc khoe cua nguoi khac ma ty le ton thuong co the 61 tro len
consreq_crime_139_consequence_gay_thuong_tich_hoac_gay_ton_hai_cho_suc_khoe_cua_nguoi_khac_do_vi_pham_quy_tac_nghe_nghiep_hoac_q,crime_139,article_139,139,consequence,"gây thương tích hoặc gây tổn hại cho sức khỏe của người khác do vi phạm quy tắc nghề nghiệp hoặc quy tắc hành chính mà tỷ lệ tổn thương cơ thể từ 31% đến 60%, thì bị phạt tiền từ 20",gay thuong tich hoac gay ton hai cho suc khoe cua nguoi khac do vi pham quy tac nghe nghiep hoac quy tac hanh chinh ma ty le ton thuong co the tu 31 den 60 thi bi phat tien tu 20
consreq_crime_139_consequence_gay_thuong_tich_hoac_gay_ton_hai_cho_suc_khoe_cua_nguoi_khac_ma_ty_le_ton_thuong_co_the_61_tro_len,crime_139,article_139,139,consequence,Gây thương tích hoặc gây tổn hại cho sức khỏe của người khác mà tỷ lệ tổn thương cơ thể 61% trở lên,gay thuong tich hoac gay ton hai cho suc khoe cua nguoi khac ma ty le ton thuong co the 61 tro len
consreq_crime_139_consequence_ton_hai_cho_suc_khoe_cua_nguoi_khac_do_vi_pham_quy_tac_nghe_nghiep_hoac_quy_tac_hanh_chinh_ma_ty_l,crime_139,article_139,139,consequence,"tổn hại cho sức khỏe của người khác do vi phạm quy tắc nghề nghiệp hoặc quy tắc hành chính mà tỷ lệ tổn thương cơ thể từ 31% đến 60%, thì bị phạt tiền từ 20",ton hai cho suc khoe cua nguoi khac do vi pham quy tac nghe nghiep hoac quy tac hanh chinh ma ty le ton thuong co the tu 31 den 60 thi bi phat tien tu 20
consreq_crime_139_consequence_ton_hai_cho_suc_khoe_cua_nguoi_khac_ma_ty_le_ton_thuong_co_the_61_tro_len,crime_139,article_139,139,consequence,tổn hại cho sức khỏe của người khác mà tỷ lệ tổn thương cơ thể 61% trở lên,ton hai cho suc khoe cua nguoi khac ma ty le ton thuong co the 61 tro len
consreq_crime_141_consequence_gay_thuong_tich_gay_ton_hai_cho_suc_khoe_hoac_gay_roi_loan_tam_than_va_hanh_vi_cua_nan_nhan_ma_ty_,crime_141,article_141,141,consequence,"Gây thương tích, gây tổn hại cho sức khỏe hoặc gây rối loạn tâm thần và hành vi của nạn nhân mà tỷ lệ tổn thương cơ thể từ 31% đến 60%",gay thuong tich gay ton hai cho suc khoe hoac gay roi loan tam than va hanh vi cua nan nhan ma ty le ton thuong co the tu 31 den 60
consreq_crime_141_consequence_gay_thuong_tich_gay_ton_hai_cho_suc_khoe_hoac_gay_roi_loan_tam_than_va_hanh_vi_cua_nan_nhan_ma_ty_,crime_141,article_141,141,consequence,"Gây thương tích, gây tổn hại cho sức khỏe hoặc gây rối loạn tâm thần và hành vi của nạn nhân mà tỷ lệ tổn thương cơ thể 61% trở lên",gay thuong tich gay ton hai cho suc khoe hoac gay roi loan tam than va hanh vi cua nan nhan ma ty le ton thuong co the 61 tro len
consreq_crime_141_consequence_ton_hai_cho_suc_khoe_hoac_gay_roi_loan_tam_than_va_hanh_vi_cua_nan_nhan_ma_ty_le_ton_thuong_co_the,crime_141,article_141,141,consequence,tổn hại cho sức khỏe hoặc gây rối loạn tâm thần và hành vi của nạn nhân mà tỷ lệ tổn thương cơ thể từ 31% đến 60%,ton hai cho suc khoe hoac gay roi loan tam than va hanh vi cua nan nhan ma ty le ton thuong co the tu 31 den 60
consreq_crime_141_consequence_ton_hai_cho_suc_khoe_hoac_gay_roi_loan_tam_than_va_hanh_vi_cua_nan_nhan_ma_ty_le_ton_thuong_co_the,crime_141,article_141,141,consequence,tổn hại cho sức khỏe hoặc gây rối loạn tâm thần và hành vi của nạn nhân mà tỷ lệ tổn thương cơ thể 61% trở lên,ton hai cho suc khoe hoac gay roi loan tam than va hanh vi cua nan nhan ma ty le ton thuong co the 61 tro len
consreq_crime_142_consequence_gay_thuong_tich_gay_ton_hai_cho_suc_khoe_hoac_gay_roi_loan_tam_than_va_hanh_vi_cua_nan_nhan_ma_ty_,crime_142,article_142,142,consequence,"Gây thương tích, gây tổn hại cho sức khỏe hoặc gây rối loạn tâm thần và hành vi của nạn nhân mà tỷ lệ tổn thương cơ thể từ 31% đến 60%",gay thuong tich gay ton hai cho suc khoe hoac gay roi loan tam than va hanh vi cua nan nhan ma ty le ton thuong co the tu 31 den 60
consreq_crime_142_consequence_gay_thuong_tich_gay_ton_hai_cho_suc_khoe_hoac_gay_roi_loan_tam_than_va_hanh_vi_cua_nan_nhan_ma_ty_,crime_142,article_142,142,consequence,"Gây thương tích, gây tổn hại cho sức khỏe hoặc gây rối loạn tâm thần và hành vi của nạn nhân mà tỷ lệ tổn thương cơ thể 61% trở lên",gay thuong tich gay ton hai cho suc khoe hoac gay roi loan tam than va hanh vi cua nan nhan ma ty le ton thuong co the 61 tro len
consreq_crime_142_consequence_ton_hai_cho_suc_khoe_hoac_gay_roi_loan_tam_than_va_hanh_vi_cua_nan_nhan_ma_ty_le_ton_thuong_co_the,crime_142,article_142,142,consequence,tổn hại cho sức khỏe hoặc gây rối loạn tâm thần và hành vi của nạn nhân mà tỷ lệ tổn thương cơ thể từ 31% đến 60%,ton hai cho suc khoe hoac gay roi loan tam than va hanh vi cua nan nhan ma ty le ton thuong co the tu 31 den 60
consreq_crime_142_consequence_ton_hai_cho_suc_khoe_hoac_gay_roi_loan_tam_than_va_hanh_vi_cua_nan_nhan_ma_ty_le_ton_thuong_co_the,crime_142,article_142,142,consequence,tổn hại cho sức khỏe hoặc gây rối loạn tâm thần và hành vi của nạn nhân mà tỷ lệ tổn thương cơ thể 61% trở lên,ton hai cho suc khoe hoac gay roi loan tam than va hanh vi cua nan nhan ma ty le ton thuong co the 61 tro len
consreq_crime_143_consequence_gay_thuong_tich_gay_ton_hai_cho_suc_khoe_hoac_gay_roi_loan_tam_than_va_hanh_vi_cua_nan_nhan_ma_ty_,crime_143,article_143,143,consequence,"Gây thương tích, gây tổn hại cho sức khỏe hoặc gây rối loạn tâm thần và hành vi của nạn nhân mà tỷ lệ tổn thương cơ thể từ 31% đến 60%",gay thuong tich gay ton hai cho suc khoe hoac gay roi loan tam than va hanh vi cua nan nhan ma ty le ton thuong co the tu 31 den 60
consreq_crime_143_consequence_gay_thuong_tich_gay_ton_hai_cho_suc_khoe_hoac_gay_roi_loan_tam_than_va_hanh_vi_cua_nan_nhan_ma_ty_,crime_143,article_143,143,consequence,"Gây thương tích, gây tổn hại cho sức khỏe hoặc gây rối loạn tâm thần và hành vi của nạn nhân mà tỷ lệ tổn thương cơ thể 61% trở lên",gay thuong tich gay ton hai cho suc khoe hoac gay roi loan tam than va hanh vi cua nan nhan ma ty le ton thuong co the 61 tro len
consreq_crime_143_consequence_ton_hai_cho_suc_khoe_hoac_gay_roi_loan_tam_than_va_hanh_vi_cua_nan_nhan_ma_ty_le_ton_thuong_co_the,crime_143,article_143,143,consequence,tổn hại cho sức khỏe hoặc gây rối loạn tâm thần và hành vi của nạn nhân mà tỷ lệ tổn thương cơ thể từ 31% đến 60%,ton hai cho suc khoe hoac gay roi loan tam than va hanh vi cua nan nhan ma ty le ton thuong co the tu 31 den 60
consreq_crime_143_consequence_ton_hai_cho_suc_khoe_hoac_gay_roi_loan_tam_than_va_hanh_vi_cua_nan_nhan_ma_ty_le_ton_thuong_co_the,crime_143,article_143,143,consequence,tổn hại cho sức khỏe hoặc gây rối loạn tâm thần và hành vi của nạn nhân mà tỷ lệ tổn thương cơ thể 61% trở lên,ton hai cho suc khoe hoac gay roi loan tam than va hanh vi cua nan nhan ma ty le ton thuong co the 61 tro len
consreq_crime_144_consequence_gay_thuong_tich_gay_ton_hai_cho_suc_khoe_hoac_gay_roi_loan_tam_than_va_hanh_vi_cua_nan_nhan_ma_ty_,crime_144,article_144,144,consequence,"Gây thương tích, gây tổn hại cho sức khỏe hoặc gây rối loạn tâm thần và hành vi của nạn nhân mà tỷ lệ tổn thương cơ thể từ 31% đến 60%",gay thuong tich gay ton hai cho suc khoe hoac gay roi loan tam than va hanh vi cua nan nhan ma ty le ton thuong co the tu 31 den 60
consreq_crime_144_consequence_gay_thuong_tich_gay_ton_hai_cho_suc_khoe_hoac_gay_roi_loan_tam_than_va_hanh_vi_cua_nan_nhan_ma_ty_,crime_144,article_144,144,consequence,"Gây thương tích, gây tổn hại cho sức khỏe hoặc gây rối loạn tâm thần và hành vi của nạn nhân mà tỷ lệ tổn thương cơ thể 61% trở lên",gay thuong tich gay ton hai cho suc khoe hoac gay roi loan tam than va hanh vi cua nan nhan ma ty le ton thuong co the 61 tro len
consreq_crime_144_consequence_ton_hai_cho_suc_khoe_hoac_gay_roi_loan_tam_than_va_hanh_vi_cua_nan_nhan_ma_ty_le_ton_thuong_co_the,crime_144,article_144,144,consequence,tổn hại cho sức khỏe hoặc gây rối loạn tâm thần và hành vi của nạn nhân mà tỷ lệ tổn thương cơ thể từ 31% đến 60%,ton hai cho suc khoe hoac gay roi loan tam than va hanh vi cua nan nhan ma ty le ton thuong co the tu 31 den 60
consreq_crime_144_consequence_ton_hai_cho_suc_khoe_hoac_gay_roi_loan_tam_than_va_hanh_vi_cua_nan_nhan_ma_ty_le_ton_thuong_co_the,crime_144,article_144,144,consequence,tổn hại cho sức khỏe hoặc gây rối loạn tâm thần và hành vi của nạn nhân mà tỷ lệ tổn thương cơ thể 61% trở lên,ton hai cho suc khoe hoac gay roi loan tam than va hanh vi cua nan nhan ma ty le ton thuong co the 61 tro len
consreq_crime_145_consequence_gay_thuong_tich_hoac_gay_ton_hai_cho_suc_khoe_cua_nan_nhan_ma_ty_le_ton_thuong_co_the_tu_31_den_60,crime_145,article_145,145,consequence,Gây thương tích hoặc gây tổn hại cho sức khỏe của nạn nhân mà tỷ lệ tổn thương cơ thể từ 31% đến 60%,gay thuong tich hoac gay ton hai cho suc khoe cua nan nhan ma ty le ton thuong co the tu 31 den 60
consreq_crime_145_consequence_gay_thuong_tich_hoac_gay_ton_hai_cho_suc_khoe_cua_nan_nhan_ma_ty_le_ton_thuong_co_the_61_tro_len,crime_145,article_145,145,consequence,Gây thương tích hoặc gây tổn hại cho sức khỏe của nạn nhân mà tỷ lệ tổn thương cơ thể 61% trở lên,gay thuong tich hoac gay ton hai cho suc khoe cua nan nhan ma ty le ton thuong co the 61 tro len
consreq_crime_145_consequence_ton_hai_cho_suc_khoe_cua_nan_nhan_ma_ty_le_ton_thuong_co_the_tu_31_den_60,crime_145,article_145,145,consequence,tổn hại cho sức khỏe của nạn nhân mà tỷ lệ tổn thương cơ thể từ 31% đến 60%,ton hai cho suc khoe cua nan nhan ma ty le ton thuong co the tu 31 den 60
consreq_crime_145_consequence_ton_hai_cho_suc_khoe_cua_nan_nhan_ma_ty_le_ton_thuong_co_the_61_tro_len,crime_145,article_145,145,consequence,tổn hại cho sức khỏe của nạn nhân mà tỷ lệ tổn thương cơ thể 61% trở lên,ton hai cho suc khoe cua nan nhan ma ty le ton thuong co the 61 tro len
consreq_crime_150_consequence_gay_thuong_tich_gay_ton_hai_cho_suc_khoe_hoac_gay_roi_loan_tam_than_va_hanh_vi_cua_nan_nhan_ma_ty_,crime_150,article_150,150,consequence,"Gây thương tích, gây tổn hại cho sức khỏe hoặc gây rối loạn tâm thần và hành vi của nạn nhân mà tỷ lệ tổn thương cơ thể từ 31% đến 60%, nếu không thuộc trường hợp quy định tại điểm b khoản 3 Điều này",gay thuong tich gay ton hai cho suc khoe hoac gay roi loan tam than va hanh vi cua nan nhan ma ty le ton thuong co the tu 31 den 60 neu khong thuoc truong hop quy dinh tai diem b khoan 3 dieu nay
consreq_crime_150_consequence_gay_thuong_tich_gay_ton_hai_cho_suc_khoe_hoac_gay_roi_loan_tam_than_va_hanh_vi_cua_nan_nhan_ma_ty_,crime_150,article_150,150,consequence,"Gây thương tích, gây tổn hại cho sức khỏe hoặc gây rối loạn tâm thần và hành vi của nạn nhân mà tỷ lệ tổn thương cơ thể 61% trở lên",gay thuong tich gay ton hai cho suc khoe hoac gay roi loan tam than va hanh vi cua nan nhan ma ty le ton thuong co the 61 tro len
consreq_crime_150_consequence_ton_hai_cho_suc_khoe_hoac_gay_roi_loan_tam_than_va_hanh_vi_cua_nan_nhan_ma_ty_le_ton_thuong_co_the,crime_150,article_150,150,consequence,"tổn hại cho sức khỏe hoặc gây rối loạn tâm thần và hành vi của nạn nhân mà tỷ lệ tổn thương cơ thể từ 31% đến 60%, nếu không thuộc trường hợp quy định tại điểm b khoản 3 Điều này",ton hai cho suc khoe hoac gay roi loan tam than va hanh vi cua nan nhan ma ty le ton thuong co the tu 31 den 60 neu khong thuoc truong hop quy dinh tai diem b khoan 3 dieu nay
consreq_crime_150_consequence_ton_hai_cho_suc_khoe_hoac_gay_roi_loan_tam_than_va_hanh_vi_cua_nan_nhan_ma_ty_le_ton_thuong_co_the,crime_150,article_150,150,consequence,tổn hại cho sức khỏe hoặc gây rối loạn tâm thần và hành vi của nạn nhân mà tỷ lệ tổn thương cơ thể 61% trở lên,ton hai cho suc khoe hoac gay roi loan tam than va hanh vi cua nan nhan ma ty le ton thuong co the 61 tro len
consreq_crime_151_consequence_gay_thuong_tich_gay_ton_hai_cho_suc_khoe_hoac_gay_roi_loan_tam_than_va_hanh_vi_cua_nan_nhan_ma_ty_,crime_151,article_151,151,consequence,"Gây thương tích, gây tổn hại cho sức khỏe hoặc gây rối loạn tâm thần và hành vi của nạn nhân mà tỷ lệ tổn thương cơ thể từ 31% đến 60%, nếu không thuộc trường hợp quy định tại điểm d khoản 3 Điều này",gay thuong tich gay ton hai cho suc khoe hoac gay roi loan tam than va hanh vi cua nan nhan ma ty le ton thuong co the tu 31 den 60 neu khong thuoc truong hop quy dinh tai diem d khoan 3 dieu nay
consreq_crime_151_consequence_gay_thuong_tich_gay_ton_hai_cho_suc_khoe_hoac_gay_roi_loan_tam_than_va_hanh_vi_cua_nan_nhan_ma_ty_,crime_151,article_151,151,consequence,"Gây thương tích, gây tổn hại cho sức khỏe hoặc gây rối loạn tâm thần và hành vi của nạn nhân mà tỷ lệ tổn thương cơ thể 61% trở lên",gay thuong tich gay ton hai cho suc khoe hoac gay roi loan tam than va hanh vi cua nan nhan ma ty le ton thuong co the 61 tro len
consreq_crime_151_consequence_ton_hai_cho_suc_khoe_hoac_gay_roi_loan_tam_than_va_hanh_vi_cua_nan_nhan_ma_ty_le_ton_thuong_co_the,crime_151,article_151,151,consequence,"tổn hại cho sức khỏe hoặc gây rối loạn tâm thần và hành vi của nạn nhân mà tỷ lệ tổn thương cơ thể từ 31% đến 60%, nếu không thuộc trường hợp quy định tại điểm d khoản 3 Điều này",ton hai cho suc khoe hoac gay roi loan tam than va hanh vi cua nan nhan ma ty le ton thuong co the tu 31 den 60 neu khong thuoc truong hop quy dinh tai diem d khoan 3 dieu nay
consreq_crime_151_consequence_ton_hai_cho_suc_khoe_hoac_gay_roi_loan_tam_than_va_hanh_vi_cua_nan_nhan_ma_ty_le_ton_thuong_co_the,crime_151,article_151,151,consequence,tổn hại cho sức khỏe hoặc gây rối loạn tâm thần và hành vi của nạn nhân mà tỷ lệ tổn thương cơ thể 61% trở lên,ton hai cho suc khoe hoac gay roi loan tam than va hanh vi cua nan nhan ma ty le ton thuong co the 61 tro len
consreq_crime_153_consequence_gay_thuong_tich_gay_ton_hai_cho_suc_khoe_hoac_gay_roi_loan_tam_than_va_hanh_vi_cua_nan_nhan_ma_ty_,crime_153,article_153,153,consequence,"Gây thương tích, gây tổn hại cho sức khỏe hoặc gây rối loạn tâm thần và hành vi của nạn nhân mà tỷ lệ tổn thương cơ thể từ 31% đến 60%",gay thuong tich gay ton hai cho suc khoe hoac gay roi loan tam than va hanh vi cua nan nhan ma ty le ton thuong co the tu 31 den 60
consreq_crime_153_consequence_gay_thuong_tich_gay_ton_hai_cho_suc_khoe_hoac_gay_roi_loan_tam_than_va_hanh_vi_cua_nan_nhan_ma_ty_,crime_153,article_153,153,consequence,"Gây thương tích, gây tổn hại cho sức khỏe hoặc gây rối loạn tâm thần và hành vi của nạn nhân mà tỷ lệ tổn thương cơ thể 61% trở lên",gay thuong tich gay ton hai cho suc khoe hoac gay roi loan tam than va hanh vi cua nan nhan ma ty le ton thuong co the 61 tro len
consreq_crime_153_consequence_ton_hai_cho_suc_khoe_hoac_gay_roi_loan_tam_than_va_hanh_vi_cua_nan_nhan_ma_ty_le_ton_thuong_co_the,crime_153,article_153,153,consequence,tổn hại cho sức khỏe hoặc gây rối loạn tâm thần và hành vi của nạn nhân mà tỷ lệ tổn thương cơ thể từ 31% đến 60%,ton hai cho suc khoe hoac gay roi loan tam than va hanh vi cua nan nhan ma ty le ton thuong co the tu 31 den 60
consreq_crime_153_consequence_ton_hai_cho_suc_khoe_hoac_gay_roi_loan_tam_than_va_hanh_vi_cua_nan_nhan_ma_ty_le_ton_thuong_co_the,crime_153,article_153,153,consequence,tổn hại cho sức khỏe hoặc gây rối loạn tâm thần và hành vi của nạn nhân mà tỷ lệ tổn thương cơ thể 61% trở lên,ton hai cho suc khoe hoac gay roi loan tam than va hanh vi cua nan nhan ma ty le ton thuong co the 61 tro len
consreq_crime_154_consequence_gay_thuong_tich_hoac_gay_ton_hai_cho_suc_khoe_cua_nguoi_khac_voi_ty_le_ton_thuong_co_the_tu_31_den,crime_154,article_154,154,consequence,Gây thương tích hoặc gây tổn hại cho sức khỏe của người khác với tỷ lệ tổn thương cơ thể từ 31% đến 60%,gay thuong tich hoac gay ton hai cho suc khoe cua nguoi khac voi ty le ton thuong co the tu 31 den 60
consreq_crime_154_consequence_gay_thuong_tich_hoac_gay_ton_hai_cho_suc_khoe_cua_nguoi_khac_voi_ty_le_ton_thuong_co_the_61_tro_le,crime_154,article_154,154,consequence,Gây thương tích hoặc gây tổn hại cho sức khỏe của người khác với tỷ lệ tổn thương cơ thể 61% trở lên,gay thuong tich hoac gay ton hai cho suc khoe cua nguoi khac voi ty le ton thuong co the 61 tro len
consreq_crime_154_consequence_ton_hai_cho_suc_khoe_cua_nguoi_khac_voi_ty_le_ton_thuong_co_the_tu_31_den_60,crime_154,article_154,154,consequence,tổn hại cho sức khỏe của người khác với tỷ lệ tổn thương cơ thể từ 31% đến 60%,ton hai cho suc khoe cua nguoi khac voi ty le ton thuong co the tu 31 den 60
consreq_crime_154_consequence_ton_hai_cho_suc_khoe_cua_nguoi_khac_voi_ty_le_ton_thuong_co_the_61_tro_len,crime_154,article_154,154,consequence,tổn hại cho sức khỏe của người khác với tỷ lệ tổn thương cơ thể 61% trở lên,ton hai cho suc khoe cua nguoi khac voi ty le ton thuong co the 61 tro len
consreq_crime_156_consequence_gay_thiet_hai_den_quyen_loi_ich_hop_phap_cua_nguoi_khac,crime_156,article_156,156,consequence,"gây thiệt hại đến quyền, lợi ích hợp pháp của người khác",gay thiet hai den quyen loi ich hop phap cua nguoi khac
consreq_crime_157_consequence_gay_thuong_tich_gay_ton_hai_cho_suc_khoe_hoac_gay_roi_loan_tam_than_va_hanh_vi_cua_nguoi_bi_bat_gi,crime_157,article_157,157,consequence,"Gây thương tích, gây tổn hại cho sức khỏe hoặc gây rối loạn tâm thần và hành vi của người bị bắt, giữ, giam mà tỷ lệ tổn thương cơ thể từ 31% đến 60%",gay thuong tich gay ton hai cho suc khoe hoac gay roi loan tam than va hanh vi cua nguoi bi bat giu giam ma ty le ton thuong co the tu 31 den 60
consreq_crime_157_consequence_gay_thuong_tich_gay_ton_hai_cho_suc_khoe_hoac_gay_roi_loan_tam_than_va_hanh_vi_cua_nguoi_bi_bat_gi,crime_157,article_157,157,consequence,"Gây thương tích, gây tổn hại cho sức khỏe hoặc gây rối loạn tâm thần và hành vi của người bị bắt, giữ, giam mà tỷ lệ tổn thương cơ thể 61% trở lên",gay thuong tich gay ton hai cho suc khoe hoac gay roi loan tam than va hanh vi cua nguoi bi bat giu giam ma ty le ton thuong co the 61 tro len
consreq_crime_157_consequence_ton_hai_cho_suc_khoe_hoac_gay_roi_loan_tam_than_va_hanh_vi_cua_nguoi_bi_bat_giu_giam_ma_ty_le_ton_,crime_157,article_157,157,consequence,"tổn hại cho sức khỏe hoặc gây rối loạn tâm thần và hành vi của người bị bắt, giữ, giam mà tỷ lệ tổn thương cơ thể từ 31% đến 60%",ton hai cho suc khoe hoac gay roi loan tam than va hanh vi cua nguoi bi bat giu giam ma ty le ton thuong co the tu 31 den 60
consreq_crime_157_consequence_ton_hai_cho_suc_khoe_hoac_gay_roi_loan_tam_than_va_hanh_vi_cua_nguoi_bi_bat_giu_giam_ma_ty_le_ton_,crime_157,article_157,157,consequence,"tổn hại cho sức khỏe hoặc gây rối loạn tâm thần và hành vi của người bị bắt, giữ, giam mà tỷ lệ tổn thương cơ thể 61% trở lên",ton hai cho suc khoe hoac gay roi loan tam than va hanh vi cua nguoi bi bat giu giam ma ty le ton thuong co the 61 tro len
consreq_crime_162_consequence_hau_qua_nghiem_trong_thi_bi_phat_tien_tu_10,crime_162,article_162,162,consequence,"hậu quả nghiêm trọng, thì bị phạt tiền từ 10",hau qua nghiem trong thi bi phat tien tu 10
consreq_crime_162_consequence_hau_qua_rat_nghiem_trong_hoac_dac_biet_nghiem_trong_khac,crime_162,article_162,162,consequence,hậu quả rất nghiêm trọng hoặc đặc biệt nghiêm trọng khác,hau qua rat nghiem trong hoac dac biet nghiem trong khac
consreq_crime_166_consequence_gay_thiet_hai_cho_nguoi_khieu_nai_to_cao,crime_166,article_166,166,consequence,"gây thiệt hại cho người khiếu nại, tố cáo",gay thiet hai cho nguoi khieu nai to cao
consreq_crime_168_consequence_lam_chet_nguoi,crime_168,article_168,168,consequence,Làm chết người,lam chet nguoi
consreq_crime_168_consequence_gay_thuong_tich_hoac_gay_ton_hai_cho_suc_khoe_cua_nguoi_khac_ma_ty_le_ton_thuong_co_the_tu_11_den_,crime_168,article_168,168,consequence,Gây thương tích hoặc gây tổn hại cho sức khỏe của người khác mà tỷ lệ tổn thương cơ thể từ 11% đến 30%,gay thuong tich hoac gay ton hai cho suc khoe cua nguoi khac ma ty le ton thuong co the tu 11 den 30
consreq_crime_168_consequence_gay_thuong_tich_hoac_gay_ton_hai_cho_suc_khoe_cua_nguoi_khac_ma_ty_le_ton_thuong_co_the_tu_31_den_,crime_168,article_168,168,consequence,Gây thương tích hoặc gây tổn hại cho sức khỏe của người khác mà tỷ lệ tổn thương cơ thể từ 31% đến 60%,gay thuong tich hoac gay ton hai cho suc khoe cua nguoi khac ma ty le ton thuong co the tu 31 den 60
consreq_crime_168_consequence_gay_thuong_tich_hoac_gay_ton_hai_cho_suc_khoe_cua_01_nguoi_ma_ty_le_ton_thuong_co_the_61_tro_len_h,crime_168,article_168,168,consequence,Gây thương tích hoặc gây tổn hại cho sức khỏe của 01 người mà tỷ lệ tổn thương cơ thể 61% trở lên hoặc gây thương tích hoặc gây tổn hại cho sức khỏe của 02 người trở lên mà tỷ lệ tổn thương cơ thể của mỗi người 31% trở lên,gay thuong tich hoac gay ton hai cho suc khoe cua 01 nguoi ma ty le ton thuong co the 61 tro len hoac gay thuong tich hoac gay ton hai cho suc khoe cua 02 nguoi tro len ma ty le ton thuong co the cua moi nguoi 31 tro len
consreq_crime_168_consequence_ton_hai_cho_suc_khoe_cua_nguoi_khac_ma_ty_le_ton_thuong_co_the_tu_11_den_30,crime_168,article_168,168,consequence,tổn hại cho sức khỏe của người khác mà tỷ lệ tổn thương cơ thể từ 11% đến 30%,ton hai cho suc khoe cua nguoi khac ma ty le ton thuong co the tu 11 den 30
consreq_crime_169_consequence_lam_chet_nguoi,crime_169,article_169,169,consequence,Làm chết người,lam chet nguoi
consreq_crime_169_consequence_gay_thuong_tich_gay_ton_hai_cho_suc_khoe_hoac_gay_roi_loan_tam_than_va_hanh_vi_cua_nan_nhan_ma_ty_,crime_169,article_169,169,consequence,"Gây thương tích, gây tổn hại cho sức khỏe hoặc gây rối loạn tâm thần và hành vi của nạn nhân mà tỷ lệ tổn thương cơ thể từ 11% đến 30%",gay thuong tich gay ton hai cho suc khoe hoac gay roi loan tam than va hanh vi cua nan nhan ma ty le ton thuong co the tu 11 den 30
consreq_crime_169_consequence_gay_thuong_tich_gay_ton_hai_cho_suc_khoe_hoac_gay_roi_loan_tam_than_va_hanh_vi_cua_nan_nhan_ma_ty_,crime_169,article_169,169,consequence,"Gây thương tích, gây tổn hại cho sức khỏe hoặc gây rối loạn tâm thần và hành vi của nạn nhân mà tỷ lệ tổn thương cơ thể từ 31% đến 60%",gay thuong tich gay ton hai cho suc khoe hoac gay roi loan tam than va hanh vi cua nan nhan ma ty le ton thuong co the tu 31 den 60
consreq_crime_169_consequence_gay_thuong_tich_gay_ton_hai_cho_suc_khoe_hoac_gay_roi_loan_tam_than_va_hanh_vi_cua_nan_nhan_ma_ty_,crime_169,article_169,169,consequence,"Gây thương tích, gây tổn hại cho sức khỏe hoặc gây rối loạn tâm thần và hành vi của nạn nhân mà tỷ lệ tổn thương cơ thể 61% trở lên",gay thuong tich gay ton hai cho suc khoe hoac gay roi loan tam than va hanh vi cua nan nhan ma ty le ton thuong co the 61 tro len
consreq_crime_169_consequence_ton_hai_cho_suc_khoe_hoac_gay_roi_loan_tam_than_va_hanh_vi_cua_nan_nhan_ma_ty_le_ton_thuong_co_the,crime_169,article_169,169,consequence,tổn hại cho sức khỏe hoặc gây rối loạn tâm thần và hành vi của nạn nhân mà tỷ lệ tổn thương cơ thể từ 11% đến 30%,ton hai cho suc khoe hoac gay roi loan tam than va hanh vi cua nan nhan ma ty le ton thuong co the tu 11 den 30
consreq_crime_171_consequence_lam_chet_nguoi,crime_171,article_171,171,consequence,Làm chết người,lam chet nguoi
consreq_crime_171_consequence_gay_thuong_tich_hoac_gay_ton_hai_cho_suc_khoe_cua_nguoi_khac_ma_ty_le_ton_thuong_co_the_tu_11_den_,crime_171,article_171,171,consequence,Gây thương tích hoặc gây tổn hại cho sức khỏe của người khác mà tỷ lệ tổn thương cơ thể từ 11% đến 30%,gay thuong tich hoac gay ton hai cho suc khoe cua nguoi khac ma ty le ton thuong co the tu 11 den 30
consreq_crime_171_consequence_gay_thuong_tich_hoac_gay_ton_hai_cho_suc_khoe_cua_nguoi_khac_ma_ty_le_ton_thuong_co_the_tu_31_den_,crime_171,article_171,171,consequence,Gây thương tích hoặc gây tổn hại cho sức khỏe của người khác mà tỷ lệ tổn thương cơ thể từ 31% đến 60%,gay thuong tich hoac gay ton hai cho suc khoe cua nguoi khac ma ty le ton thuong co the tu 31 den 60
consreq_crime_171_consequence_gay_thuong_tich_hoac_gay_ton_hai_cho_suc_khoe_cua_01_nguoi_ma_ty_le_ton_thuong_co_the_61_tro_len_h,crime_171,article_171,171,consequence,Gây thương tích hoặc gây tổn hại cho sức khỏe của 01 người mà tỷ lệ tổn thương cơ thể 61% trở lên hoặc gây thương tích hoặc gây tổn hại cho sức khỏe của 02 người trở lên mà tỷ lệ tổn thương cơ thể của mỗi người 31% trở lên,gay thuong tich hoac gay ton hai cho suc khoe cua 01 nguoi ma ty le ton thuong co the 61 tro len hoac gay thuong tich hoac gay ton hai cho suc khoe cua 02 nguoi tro len ma ty le ton thuong co the cua moi nguoi 31 tro len
consreq_crime_171_consequence_ton_hai_cho_suc_khoe_cua_nguoi_khac_ma_ty_le_ton_thuong_co_the_tu_11_den_30,crime_171,article_171,171,consequence,tổn hại cho sức khỏe của người khác mà tỷ lệ tổn thương cơ thể từ 11% đến 30%,ton hai cho suc khoe cua nguoi khac ma ty le ton thuong co the tu 11 den 30
consreq_crime_178_consequence_gay_thiet_hai_cho_tai_san_tri_gia_tu_50,crime_178,article_178,178,consequence,Gây thiệt hại cho tài sản trị giá từ 50,gay thiet hai cho tai san tri gia tu 50
consreq_crime_178_consequence_gay_thiet_hai_cho_tai_san_tri_gia_tu_200,crime_178,article_178,178,consequence,gây thiệt hại cho tài sản trị giá từ 200,gay thiet hai cho tai san tri gia tu 200
consreq_crime_178_consequence_gay_thiet_hai_cho_tai_san_tri_gia_500,crime_178,article_178,178,consequence,gây thiệt hại cho tài sản trị giá 500,gay thiet hai cho tai san tri gia 500
consreq_crime_179_consequence_gay_thiet_hai_cho_tai_san_cua_nha_nuoc_co_quan_to_chuc_doanh_nghiep_tu_100,crime_179,article_179,179,consequence,"gây thiệt hại cho tài sản của Nhà nước, cơ quan, tổ chức, doanh nghiệp từ 100",gay thiet hai cho tai san cua nha nuoc co quan to chuc doanh nghiep tu 100
consreq_crime_179_consequence_gay_thiet_hai_cho_tai_san_cua_nha_nuoc_co_quan_to_chuc_doanh_nghiep_tri_gia_tu_500,crime_179,article_179,179,consequence,"gây thiệt hại cho tài sản của Nhà nước, cơ quan, tổ chức, doanh nghiệp trị giá từ 500",gay thiet hai cho tai san cua nha nuoc co quan to chuc doanh nghiep tri gia tu 500
consreq_crime_179_consequence_gay_thiet_hai_cho_tai_san_cua_nha_nuoc_co_quan_to_chuc_doanh_nghiep_tri_gia_2,crime_179,article_179,179,consequence,"gây thiệt hại cho tài sản của Nhà nước, cơ quan, tổ chức, doanh nghiệp trị giá 2",gay thiet hai cho tai san cua nha nuoc co quan to chuc doanh nghiep tri gia 2
consreq_crime_180_consequence_gay_thiet_hai_cho_tai_san_cua_nguoi_khac_tri_gia_tu_100,crime_180,article_180,180,consequence,gây thiệt hại cho tài sản của người khác trị giá từ 100,gay thiet hai cho tai san cua nguoi khac tri gia tu 100
consreq_crime_180_consequence_gay_thiet_hai_cho_tai_san_cua_nguoi_khac_tri_gia_500,crime_180,article_180,180,consequence,gây thiệt hại cho tài sản của người khác trị giá 500,gay thiet hai cho tai san cua nguoi khac tri gia 500
consreq_crime_192_consequence_gay_thiet_hai_ve_tai_san_tu_100,crime_192,article_192,192,consequence,Gây thiệt hại về tài sản từ 100,gay thiet hai ve tai san tu 100
consreq_crime_192_consequence_gay_thiet_hai_ve_tai_san_tu_500,crime_192,article_192,192,consequence,Gây thiệt hại về tài sản từ 500,gay thiet hai ve tai san tu 500
consreq_crime_192_consequence_gay_thiet_hai_ve_tai_san_1,crime_192,article_192,192,consequence,Gây thiệt hại về tài sản 1,gay thiet hai ve tai san 1
consreq_crime_192_consequence_lam_chet_nguoi,crime_192,article_192,192,consequence,Làm chết người,lam chet nguoi
consreq_crime_192_consequence_lam_chet_02_nguoi_tro_len,crime_192,article_192,192,consequence,Làm chết 02 người trở lên,lam chet 02 nguoi tro len
consreq_crime_193_consequence_gay_thiet_hai_ve_tai_san_tu_100,crime_193,article_193,193,consequence,Gây thiệt hại về tài sản từ 100,gay thiet hai ve tai san tu 100
consreq_crime_193_consequence_gay_thiet_hai_ve_tai_san_tu_500,crime_193,article_193,193,consequence,Gây thiệt hại về tài sản từ 500,gay thiet hai ve tai san tu 500
consreq_crime_193_consequence_gay_thiet_hai_ve_tai_san_1,crime_193,article_193,193,consequence,Gây thiệt hại về tài sản 1,gay thiet hai ve tai san 1
consreq_crime_193_consequence_lam_chet_nguoi,crime_193,article_193,193,consequence,Làm chết người,lam chet nguoi
consreq_crime_193_consequence_lam_chet_02_nguoi_tro_len,crime_193,article_193,193,consequence,Làm chết 02 người trở lên,lam chet 02 nguoi tro len
consreq_crime_194_consequence_gay_thiet_hai_ve_tai_san_tu_100,crime_194,article_194,194,consequence,Gây thiệt hại về tài sản từ 100,gay thiet hai ve tai san tu 100
consreq_crime_194_consequence_gay_thiet_hai_ve_tai_san_tu_500,crime_194,article_194,194,consequence,Gây thiệt hại về tài sản từ 500,gay thiet hai ve tai san tu 500
consreq_crime_194_consequence_gay_thiet_hai_ve_tai_san_1,crime_194,article_194,194,consequence,Gây thiệt hại về tài sản 1,gay thiet hai ve tai san 1
consreq_crime_194_consequence_lam_chet_nguoi,crime_194,article_194,194,consequence,Làm chết người,lam chet nguoi
consreq_crime_194_consequence_lam_chet_02_nguoi_tro_len,crime_194,article_194,194,consequence,Làm chết 02 người trở lên,lam chet 02 nguoi tro len
consreq_crime_195_consequence_gay_thiet_hai_ve_tai_san_tu_100,crime_195,article_195,195,consequence,Gây thiệt hại về tài sản từ 100,gay thiet hai ve tai san tu 100
consreq_crime_195_consequence_gay_thiet_hai_ve_tai_san_tu_500,crime_195,article_195,195,consequence,Gây thiệt hại về tài sản từ 500,gay thiet hai ve tai san tu 500
consreq_crime_195_consequence_gay_thiet_hai_ve_tai_san_tu_1,crime_195,article_195,195,consequence,Gây thiệt hại về tài sản từ 1,gay thiet hai ve tai san tu 1
consreq_crime_195_consequence_gay_thiet_hai_ve_tai_san_3,crime_195,article_195,195,consequence,Gây thiệt hại về tài sản 3,gay thiet hai ve tai san 3
consreq_crime_199_consequence_gay_thiet_hai_ve_tai_san_tu_200,crime_199,article_199,199,consequence,Gây thiệt hại về tài sản từ 200,gay thiet hai ve tai san tu 200
consreq_crime_199_consequence_gay_thiet_hai_ve_tai_san_tu_500,crime_199,article_199,199,consequence,Gây thiệt hại về tài sản từ 500,gay thiet hai ve tai san tu 500
consreq_crime_199_consequence_gay_thiet_hai_ve_tai_san_1,crime_199,article_199,199,consequence,Gây thiệt hại về tài sản 1,gay thiet hai ve tai san 1
consreq_crime_199_consequence_lam_chet_nguoi,crime_199,article_199,199,consequence,Làm chết người,lam chet nguoi
consreq_crime_199_consequence_lam_chet_02_nguoi_tro_len,crime_199,article_199,199,consequence,Làm chết 02 người trở lên,lam chet 02 nguoi tro len
consreq_crime_203_consequence_gay_thiet_hai_cho_ngan_sach_nha_nuoc_100,crime_203,article_203,203,consequence,Gây thiệt hại cho ngân sách nhà nước 100,gay thiet hai cho ngan sach nha nuoc 100
consreq_crime_204_consequence_gay_thiet_hai_cho_ngan_sach_nha_nuoc_hoac_cho_nguoi_khac_tu_100,crime_204,article_204,204,consequence,gây thiệt hại cho ngân sách Nhà nước hoặc cho người khác từ 100,gay thiet hai cho ngan sach nha nuoc hoac cho nguoi khac tu 100
consreq_crime_204_consequence_gay_thiet_hai_500,crime_204,article_204,204,consequence,Gây thiệt hại 500,gay thiet hai 500
consreq_crime_205_consequence_gay_thiet_hai_cho_tai_san_cua_nha_nuoc_tu_50,crime_205,article_205,205,consequence,gây thiệt hại cho tài sản của Nhà nước từ 50,gay thiet hai cho tai san cua nha nuoc tu 50
consreq_crime_205_consequence_gay_thiet_hai_cho_tai_san_cua_nha_nuoc_tu_200,crime_205,article_205,205,consequence,Gây thiệt hại cho tài sản của Nhà nước từ 200,gay thiet hai cho tai san cua nha nuoc tu 200
consreq_crime_205_consequence_gay_thiet_hai_cho_tai_san_cua_nha_nuoc_tu_1,crime_205,article_205,205,consequence,gây thiệt hại cho tài sản của Nhà nước từ 1,gay thiet hai cho tai san cua nha nuoc tu 1
consreq_crime_206_consequence_gay_thiet_hai_cho_nguoi_khac_ve_tai_san_tu_100,crime_206,article_206,206,consequence,gây thiệt hại cho người khác về tài sản từ 100,gay thiet hai cho nguoi khac ve tai san tu 100
consreq_crime_206_consequence_gay_thiet_hai_ve_tai_san_tu_300,crime_206,article_206,206,consequence,gây thiệt hại về tài sản từ 300,gay thiet hai ve tai san tu 300
consreq_crime_206_consequence_gay_thiet_hai_ve_tai_san_tu_1,crime_206,article_206,206,consequence,gây thiệt hại về tài sản từ 1,gay thiet hai ve tai san tu 1
consreq_crime_206_consequence_gay_thiet_hai_ve_tai_san_3,crime_206,article_206,206,consequence,gây thiệt hại về tài sản 3,gay thiet hai ve tai san 3
consreq_crime_209_consequence_gay_thiet_hai_cho_nha_dau_tu_tu_1,crime_209,article_209,209,consequence,Gây thiệt hại cho nhà đầu tư từ 1,gay thiet hai cho nha dau tu tu 1
consreq_crime_209_consequence_gay_thiet_hai_cho_nha_dau_tu_3,crime_209,article_209,209,consequence,Gây thiệt hại cho nhà đầu tư 3,gay thiet hai cho nha dau tu 3
consreq_crime_210_consequence_gay_thiet_hai_cho_nha_dau_tu_tu_500,crime_210,article_210,210,consequence,gây thiệt hại cho nhà đầu tư từ 500,gay thiet hai cho nha dau tu tu 500
consreq_crime_210_consequence_gay_thiet_hai_cho_nha_dau_tu_1,crime_210,article_210,210,consequence,Gây thiệt hại cho nhà đầu tư 1,gay thiet hai cho nha dau tu 1
consreq_crime_211_consequence_gay_thiet_hai_cho_nha_dau_tu_tu_1,crime_211,article_211,211,consequence,gây thiệt hại cho nhà đầu tư từ 1,gay thiet hai cho nha dau tu tu 1
consreq_crime_211_consequence_gay_thiet_hai_cho_nha_dau_tu_3,crime_211,article_211,211,consequence,Gây thiệt hại cho nhà đầu tư 3,gay thiet hai cho nha dau tu 3
consreq_crime_212_consequence_gay_thiet_hai_cho_nha_dau_tu_tu_1,crime_212,article_212,212,consequence,gây thiệt hại cho nhà đầu tư từ 1,gay thiet hai cho nha dau tu tu 1
consreq_crime_212_consequence_gay_thiet_hai_cho_nha_dau_tu_3,crime_212,article_212,212,consequence,Gây thiệt hại cho nhà đầu tư 3,gay thiet hai cho nha dau tu 3
consreq_crime_213_consequence_gay_thiet_hai_tu_50,crime_213,article_213,213,consequence,gây thiệt hại từ 50,gay thiet hai tu 50
consreq_crime_213_consequence_gay_thiet_hai_ve_tai_san_suc_khoe_cua_minh_de_huong_quyen_loi_bao_hiem_tru_truong_hop_luat_co_quy_,crime_213,article_213,213,consequence,"gây thiệt hại về tài sản, sức khỏe của mình để hưởng quyền lợi bảo hiểm, trừ trường hợp luật có quy định khác",gay thiet hai ve tai san suc khoe cua minh de huong quyen loi bao hiem tru truong hop luat co quy dinh khac
consreq_crime_213_consequence_gay_thiet_hai_tu_200,crime_213,article_213,213,consequence,Gây thiệt hại từ 200,gay thiet hai tu 200
consreq_crime_213_consequence_gay_thiet_hai_1,crime_213,article_213,213,consequence,Gây thiệt hại 1,gay thiet hai 1
consreq_crime_213_consequence_gay_thiet_hai_tu_400,crime_213,article_213,213,consequence,gây thiệt hại từ 400,gay thiet hai tu 400
consreq_crime_214_consequence_gay_thiet_hai_tu_20,crime_214,article_214,214,consequence,gây thiệt hại từ 20,gay thiet hai tu 20
consreq_crime_214_consequence_gay_thiet_hai_tu_200,crime_214,article_214,214,consequence,Gây thiệt hại từ 200,gay thiet hai tu 200
consreq_crime_214_consequence_gay_thiet_hai_500,crime_214,article_214,214,consequence,Gây thiệt hại 500,gay thiet hai 500
consreq_crime_215_consequence_gay_thiet_hai_tu_20,crime_215,article_215,215,consequence,gây thiệt hại từ 20,gay thiet hai tu 20
consreq_crime_215_consequence_gay_thiet_hai_tu_200,crime_215,article_215,215,consequence,Gây thiệt hại từ 200,gay thiet hai tu 200
consreq_crime_215_consequence_gay_thiet_hai_500,crime_215,article_215,215,consequence,Gây thiệt hại 500,gay thiet hai 500
consreq_crime_217_consequence_gay_thiet_hai_cho_nguoi_khac_tu_1,crime_217,article_217,217,consequence,gây thiệt hại cho người khác từ 1,gay thiet hai cho nguoi khac tu 1
consreq_crime_217_consequence_gay_thiet_hai_cho_nguoi_khac_5,crime_217,article_217,217,consequence,Gây thiệt hại cho người khác 5,gay thiet hai cho nguoi khac 5
consreq_crime_217a_consequence_gay_thiet_hai_cho_nguoi_khac_tu_500,crime_217a,article_217a,217a,consequence,Gây thiệt hại cho người khác từ 500,gay thiet hai cho nguoi khac tu 500
consreq_crime_217a_consequence_gay_thiet_hai_cho_nguoi_khac_1,crime_217a,article_217a,217a,consequence,Gây thiệt hại cho người khác 1,gay thiet hai cho nguoi khac 1
consreq_crime_218_consequence_gay_thiet_hai_cho_nguoi_khac_tu_50,crime_218,article_218,218,consequence,gây thiệt hại cho người khác từ 50,gay thiet hai cho nguoi khac tu 50
consreq_crime_218_consequence_gay_thiet_hai_cho_nguoi_khac_300,crime_218,article_218,218,consequence,Gây thiệt hại cho người khác 300,gay thiet hai cho nguoi khac 300
consreq_crime_220_consequence_gay_thiet_hai_tu_100,crime_220,article_220,220,consequence,gây thiệt hại từ 100,gay thiet hai tu 100
consreq_crime_220_consequence_gay_thiet_hai_tu_300,crime_220,article_220,220,consequence,Gây thiệt hại từ 300,gay thiet hai tu 300
consreq_crime_220_consequence_gay_thiet_hai_1,crime_220,article_220,220,consequence,gây thiệt hại 1,gay thiet hai 1
consreq_crime_221_consequence_gay_thiet_hai_tu_100,crime_221,article_221,221,consequence,gây thiệt hại từ 100,gay thiet hai tu 100
consreq_crime_221_consequence_gay_thiet_hai_tu_300,crime_221,article_221,221,consequence,Gây thiệt hại từ 300,gay thiet hai tu 300
consreq_crime_221_consequence_gay_thiet_hai_1,crime_221,article_221,221,consequence,gây thiệt hại 1,gay thiet hai 1
consreq_crime_222_consequence_gay_thiet_hai_tu_100,crime_222,article_222,222,consequence,gây thiệt hại từ 100,gay thiet hai tu 100
consreq_crime_222_consequence_gay_thiet_hai_tu_300,crime_222,article_222,222,consequence,Gây thiệt hại từ 300,gay thiet hai tu 300
consreq_crime_222_consequence_gay_thiet_hai_1,crime_222,article_222,222,consequence,gây thiệt hại 1,gay thiet hai 1
consreq_crime_224_consequence_gay_thiet_hai_tu_100,crime_224,article_224,224,consequence,gây thiệt hại từ 100,gay thiet hai tu 100
consreq_crime_224_consequence_gay_thiet_hai_tu_300,crime_224,article_224,224,consequence,Gây thiệt hại từ 300,gay thiet hai tu 300
consreq_crime_224_consequence_gay_thiet_hai_1,crime_224,article_224,224,consequence,gây thiệt hại 1,gay thiet hai 1
consreq_crime_225_consequence_gay_thiet_hai_cho_chu_the_quyen_tac_gia_quyen_lien_quan_tu_100,crime_225,article_225,225,consequence,"gây thiệt hại cho chủ thể quyền tác giả, quyền liên quan từ 100",gay thiet hai cho chu the quyen tac gia quyen lien quan tu 100
consreq_crime_225_consequence_gay_thiet_hai_cho_chu_the_quyen_tac_gia_quyen_lien_quan_500,crime_225,article_225,225,consequence,"Gây thiệt hại cho chủ thể quyền tác giả, quyền liên quan 500",gay thiet hai cho chu the quyen tac gia quyen lien quan 500
consreq_crime_225_consequence_gay_thiet_hai_cho_chu_the_quyen_tac_gia_quyen_lien_quan_tu_300,crime_225,article_225,225,consequence,"gây thiệt hại cho chủ thể quyền tác giả, quyền liên quan từ 300",gay thiet hai cho chu the quyen tac gia quyen lien quan tu 300
consreq_crime_226_consequence_gay_thiet_hai_cho_chu_so_huu_nhan_hieu_hoac_chi_dan_dia_ly_tu_200,crime_226,article_226,226,consequence,gây thiệt hại cho chủ sở hữu nhãn hiệu hoặc chỉ dẫn địa lý từ 200,gay thiet hai cho chu so huu nhan hieu hoac chi dan dia ly tu 200
consreq_crime_226_consequence_gay_thiet_hai_cho_chu_so_huu_nhan_hieu_hoac_chi_dan_dia_ly_500,crime_226,article_226,226,consequence,Gây thiệt hại cho chủ sở hữu nhãn hiệu hoặc chỉ dẫn địa lý 500,gay thiet hai cho chu so huu nhan hieu hoac chi dan dia ly 500
consreq_crime_226_consequence_gay_thiet_hai_cho_chu_so_huu_nhan_hieu_hoac_chi_dan_dia_ly_tu_300,crime_226,article_226,226,consequence,gây thiệt hại cho chủ sở hữu nhãn hiệu hoặc chỉ dẫn địa lý từ 300,gay thiet hai cho chu so huu nhan hieu hoac chi dan dia ly tu 300
consreq_crime_226_consequence_gay_thiet_hai_cho_chu_so_huu_nhan_hieu_hoac_chi_dan_dia_ly_tu_100,crime_226,article_226,226,consequence,gây thiệt hại cho chủ sở hữu nhãn hiệu hoặc chỉ dẫn địa lý từ 100,gay thiet hai cho chu so huu nhan hieu hoac chi dan dia ly tu 100
consreq_crime_227_consequence_lam_chet_nguoi,crime_227,article_227,227,consequence,Làm chết người,lam chet nguoi
consreq_crime_227_consequence_gay_thuong_tich_hoac_gay_ton_hai_cho_suc_khoe_cua_nguoi_khac_ma_ty_le_ton_thuong_co_the_61_tro_len,crime_227,article_227,227,consequence,Gây thương tích hoặc gây tổn hại cho sức khỏe của người khác mà tỷ lệ tổn thương cơ thể 61% trở lên,gay thuong tich hoac gay ton hai cho suc khoe cua nguoi khac ma ty le ton thuong co the 61 tro len
consreq_crime_227_consequence_gay_thuong_tich_hoac_gay_ton_hai_cho_suc_khoe_cua_02_nguoi_tro_len_ma_tong_ty_le_ton_thuong_co_the,crime_227,article_227,227,consequence,Gây thương tích hoặc gây tổn hại cho sức khỏe của 02 người trở lên mà tổng tỷ lệ tổn thương cơ thể của những người này từ 61% đến 121%,gay thuong tich hoac gay ton hai cho suc khoe cua 02 nguoi tro len ma tong ty le ton thuong co the cua nhung nguoi nay tu 61 den 121
consreq_crime_227_consequence_gay_thuong_tich_hoac_gay_ton_hai_cho_suc_khoe_cua_02_nguoi_tro_len_ma_tong_ty_le_ton_thuong_co_the,crime_227,article_227,227,consequence,Gây thương tích hoặc gây tổn hại cho sức khỏe của 02 người trở lên mà tổng tỷ lệ tổn thương cơ thể của những người này 122% trở lên,gay thuong tich hoac gay ton hai cho suc khoe cua 02 nguoi tro len ma tong ty le ton thuong co the cua nhung nguoi nay 122 tro len
consreq_crime_227_consequence_gay_thuong_tich_hoac_gay_ton_hai_cho_suc_khoe_cua_nguoi_khac_ma_ty_le_ton_thuong_co_the_61_tro_len,crime_227,article_227,227,consequence,gây thương tích hoặc gây tổn hại cho sức khỏe của người khác mà tỷ lệ tổn thương cơ thể 61% trở lên hoặc gây thương tích hoặc gây tổn hại cho sức khỏe của 02 người trở lên mà tổng tỷ lệ tổn thương cơ thể của những người này từ 61% đến 121%,gay thuong tich hoac gay ton hai cho suc khoe cua nguoi khac ma ty le ton thuong co the 61 tro len hoac gay thuong tich hoac gay ton hai cho suc khoe cua 02 nguoi tro len ma tong ty le ton thuong co the cua nhung nguoi nay tu 61 den 121
consreq_crime_230_consequence_gay_thiet_hai_ve_tai_san_tu_100,crime_230,article_230,230,consequence,gây thiệt hại về tài sản từ 100,gay thiet hai ve tai san tu 100
consreq_crime_230_consequence_gay_thiet_hai_tu_300,crime_230,article_230,230,consequence,Gây thiệt hại từ 300,gay thiet hai tu 300
consreq_crime_230_consequence_gay_thiet_hai_1,crime_230,article_230,230,consequence,gây thiệt hại 1,gay thiet hai 1
consreq_crime_231_consequence_gay_thiet_hai_hoac_that_thoat_tien_hang_cuu_tro_tu_100,crime_231,article_231,231,consequence,"gây thiệt hại hoặc thất thoát tiền, hàng cứu trợ từ 100",gay thiet hai hoac that thoat tien hang cuu tro tu 100
consreq_crime_231_consequence_gay_thiet_hai_hoac_that_thoat_tien_hang_cuu_tro_300,crime_231,article_231,231,consequence,"Gây thiệt hại hoặc thất thoát tiền, hàng cứu trợ 300",gay thiet hai hoac that thoat tien hang cuu tro 300
consreq_crime_235_consequence_hau_qua_nghiem_trong,crime_235,article_235,235,consequence,hậu quả nghiêm trọng,hau qua nghiem trong
consreq_crime_235_consequence_hau_qua_rat_nghiem_trong_hoac_dac_biet_nghiem_trong,crime_235,article_235,235,consequence,hậu quả rất nghiêm trọng hoặc đặc biệt nghiêm trọng,hau qua rat nghiem trong hoac dac biet nghiem trong
consreq_crime_237_consequence_gay_thiet_hai_tu_1,crime_237,article_237,237,consequence,gây thiệt hại từ 1,gay thiet hai tu 1
consreq_crime_237_consequence_gay_thiet_hai_tu_3,crime_237,article_237,237,consequence,Gây thiệt hại từ 3,gay thiet hai tu 3
consreq_crime_237_consequence_gay_thiet_hai_7,crime_237,article_237,237,consequence,Gây thiệt hại 7,gay thiet hai 7
consreq_crime_237_consequence_lam_chet_nguoi,crime_237,article_237,237,consequence,Làm chết người,lam chet nguoi
consreq_crime_237_consequence_lam_chet_02_nguoi_tro_len,crime_237,article_237,237,consequence,Làm chết 02 người trở lên,lam chet 02 nguoi tro len
consreq_crime_238_consequence_gay_thiet_hai_tu_100,crime_238,article_238,238,consequence,gây thiệt hại từ 100,gay thiet hai tu 100
consreq_crime_238_consequence_gay_thiet_hai_tu_300,crime_238,article_238,238,consequence,Gây thiệt hại từ 300,gay thiet hai tu 300
consreq_crime_238_consequence_gay_thiet_hai_1,crime_238,article_238,238,consequence,Gây thiệt hại 1,gay thiet hai 1
consreq_crime_238_consequence_lam_chet_nguoi,crime_238,article_238,238,consequence,Làm chết người,lam chet nguoi
consreq_crime_238_consequence_lam_chet_02_nguoi_tro_len,crime_238,article_238,238,consequence,Làm chết 02 người trở lên,lam chet 02 nguoi tro len
consreq_crime_240_consequence_lam_chet_nguoi,crime_240,article_240,240,consequence,Làm chết người,lam chet nguoi
consreq_crime_240_consequence_lam_chet_02_nguoi_tro_len,crime_240,article_240,240,consequence,Làm chết 02 người trở lên,lam chet 02 nguoi tro len
consreq_crime_241_consequence_gay_thiet_hai_ve_tai_san_tu_100,crime_241,article_241,241,consequence,gây thiệt hại về tài sản từ 100,gay thiet hai ve tai san tu 100
consreq_crime_241_consequence_gay_thiet_hai_ve_tai_san_tu_500,crime_241,article_241,241,consequence,Gây thiệt hại về tài sản từ 500,gay thiet hai ve tai san tu 500
consreq_crime_241_consequence_gay_thiet_hai_ve_tai_san_1,crime_241,article_241,241,consequence,Gây thiệt hại về tài sản 1,gay thiet hai ve tai san 1
consreq_crime_242_consequence_gay_thiet_hai_nguon_loi_thuy_san_tu_100,crime_242,article_242,242,consequence,gây thiệt hại nguồn lợi thủy sản từ 100,gay thiet hai nguon loi thuy san tu 100
consreq_crime_242_consequence_gay_thiet_hai_nguon_loi_thuy_san_tu_500,crime_242,article_242,242,consequence,Gây thiệt hại nguồn lợi thủy sản từ 500,gay thiet hai nguon loi thuy san tu 500
consreq_crime_242_consequence_gay_thiet_hai_nguon_loi_thuy_san_1,crime_242,article_242,242,consequence,Gây thiệt hại nguồn lợi thủy sản 1,gay thiet hai nguon loi thuy san 1
consreq_crime_242_consequence_lam_chet_nguoi,crime_242,article_242,242,consequence,Làm chết người,lam chet nguoi
consreq_crime_242_consequence_lam_chet_02_nguoi_tro_len,crime_242,article_242,242,consequence,Làm chết 02 người trở lên,lam chet 02 nguoi tro len
consreq_crime_243_consequence_gay_thiet_hai_ve_lam_san_tri_gia_tu_50,crime_243,article_243,243,consequence,Gây thiệt hại về lâm sản trị giá từ 50,gay thiet hai ve lam san tri gia tu 50
consreq_crime_243_consequence_gay_thiet_hai_ve_lam_san_tri_gia_tu_100,crime_243,article_243,243,consequence,Gây thiệt hại về lâm sản trị giá từ 100,gay thiet hai ve lam san tri gia tu 100
consreq_crime_243_consequence_gay_thiet_hai_ve_lam_san_tri_gia_200,crime_243,article_243,243,consequence,Gây thiệt hại về lâm sản trị giá 200,gay thiet hai ve lam san tri gia 200
consreq_crime_245_consequence_gay_thiet_hai_ve_tai_san_tu_50,crime_245,article_245,245,consequence,Gây thiệt hại về tài sản từ 50,gay thiet hai ve tai san tu 50
consreq_crime_245_consequence_gay_thiet_hai_den_canh_quan_he_sinh_thai_tu_nhien_trong_phan_khu_bao_ve_nghiem_ngat_cua_khu_bao_to,crime_245,article_245,245,consequence,"Gây thiệt hại đến cảnh quan, hệ sinh thái tự nhiên trong phân khu bảo vệ nghiêm ngặt của khu bảo tồn thiên nhiên có tổng diện tích từ 300 mét vuông (m2) đến dưới 500 mét vuông (m2)",gay thiet hai den canh quan he sinh thai tu nhien trong phan khu bao ve nghiem ngat cua khu bao ton thien nhien co tong dien tich tu 300 met vuong m2 den duoi 500 met vuong m2
consreq_crime_245_consequence_gay_thiet_hai_ve_tai_san_200,crime_245,article_245,245,consequence,Gây thiệt hại về tài sản 200,gay thiet hai ve tai san 200
consreq_crime_245_consequence_gay_thiet_hai_den_canh_quan_he_sinh_thai_tu_nhien_trong_phan_khu_bao_ve_nghiem_ngat_cua_khu_bao_to,crime_245,article_245,245,consequence,"Gây thiệt hại đến cảnh quan, hệ sinh thái tự nhiên trong phân khu bảo vệ nghiêm ngặt của khu bảo tồn thiên nhiên có tổng diện tích 500 mét vuông (m2) trở lên",gay thiet hai den canh quan he sinh thai tu nhien trong phan khu bao ve nghiem ngat cua khu bao ton thien nhien co tong dien tich 500 met vuong m2 tro len
consreq_crime_246_consequence_gay_thiet_hai_ve_tai_san_tu_150,crime_246,article_246,246,consequence,gây thiệt hại về tài sản từ 150,gay thiet hai ve tai san tu 150
consreq_crime_246_consequence_gay_thiet_hai_ve_tai_san_500,crime_246,article_246,246,consequence,gây thiệt hại về tài sản 500,gay thiet hai ve tai san 500
consreq_crime_255_consequence_lam_chet_02_nguoi_tro_len,crime_255,article_255,255,consequence,Làm chết 02 người trở lên,lam chet 02 nguoi tro len
consreq_crime_255_consequence_ton_hai_cho_suc_khoe_cua_nguoi_khac_ma_ty_le_ton_thuong_co_the_tu_31_den_60,crime_255,article_255,255,consequence,tổn hại cho sức khỏe của người khác mà tỷ lệ tổn thương cơ thể từ 31% đến 60%,ton hai cho suc khoe cua nguoi khac ma ty le ton thuong co the tu 31 den 60
consreq_crime_255_consequence_ton_hai_cho_suc_khoe_cua_nguoi_khac_ma_ty_le_ton_thuong_co_the_tu_61_tro_len_hoac_gay_chet_nguoi,crime_255,article_255,255,consequence,tổn hại cho sức khỏe của người khác mà tỷ lệ tổn thương cơ thể từ 61% trở lên hoặc gây chết người,ton hai cho suc khoe cua nguoi khac ma ty le ton thuong co the tu 61 tro len hoac gay chet nguoi
consreq_crime_255_consequence_ton_hai_cho_suc_khoe_cho_02_nguoi_tro_len_ma_ty_le_ton_thuong_co_the_cua_moi_nguoi_tu_31_den_60,crime_255,article_255,255,consequence,tổn hại cho sức khỏe cho 02 người trở lên mà tỷ lệ tổn thương cơ thể của mỗi người từ 31% đến 60%,ton hai cho suc khoe cho 02 nguoi tro len ma ty le ton thuong co the cua moi nguoi tu 31 den 60
consreq_crime_255_consequence_ton_hai_cho_suc_khoe_cua_02_nguoi_tro_len_ma_ty_le_ton_thuong_co_the_cua_moi_nguoi_61_tro_len,crime_255,article_255,255,consequence,tổn hại cho sức khỏe của 02 người trở lên mà tỷ lệ tổn thương cơ thể của mỗi người 61% trở lên,ton hai cho suc khoe cua 02 nguoi tro len ma ty le ton thuong co the cua moi nguoi 61 tro len
consreq_crime_257_consequence_lam_chet_02_nguoi_tro_len_thi_bi_phat_tu_20_nam_hoac_tu_chung_than,crime_257,article_257,257,consequence,"làm chết 02 người trở lên, thì bị phạt tù 20 năm hoặc tù chung thân",lam chet 02 nguoi tro len thi bi phat tu 20 nam hoac tu chung than
consreq_crime_257_consequence_ton_hai_cho_suc_khoe_cua_nguoi_khac_ma_ty_le_ton_thuong_co_the_tu_31_den_60,crime_257,article_257,257,consequence,tổn hại cho sức khỏe của người khác mà tỷ lệ tổn thương cơ thể từ 31% đến 60%,ton hai cho suc khoe cua nguoi khac ma ty le ton thuong co the tu 31 den 60
consreq_crime_257_consequence_ton_hai_cho_suc_khoe_cua_nguoi_khac_ma_ty_le_ton_thuong_co_the_tu_61_tro_len_hoac_gay_chet_nguoi,crime_257,article_257,257,consequence,tổn hại cho sức khỏe của người khác mà tỷ lệ tổn thương cơ thể từ 61% trở lên hoặc gây chết người,ton hai cho suc khoe cua nguoi khac ma ty le ton thuong co the tu 61 tro len hoac gay chet nguoi
consreq_crime_258_consequence_ton_hai_cho_suc_khoe_cua_nguoi_khac_ma_ty_le_ton_thuong_co_the_tu_31_den_60,crime_258,article_258,258,consequence,tổn hại cho sức khỏe của người khác mà tỷ lệ tổn thương cơ thể từ 31% đến 60%,ton hai cho suc khoe cua nguoi khac ma ty le ton thuong co the tu 31 den 60
consreq_crime_258_consequence_ton_hai_cho_suc_khoe_cua_nguoi_khac_ma_ty_le_ton_thuong_co_the_61_tro_len_hoac_gay_chet_nguoi,crime_258,article_258,258,consequence,tổn hại cho sức khỏe của người khác mà tỷ lệ tổn thương cơ thể 61% trở lên hoặc gây chết người,ton hai cho suc khoe cua nguoi khac ma ty le ton thuong co the 61 tro len hoac gay chet nguoi
consreq_crime_260_consequence_gay_thiet_hai_cho_nguoi_khac_thuoc_mot_trong_cac_truong_hop_sau_day_thi_bi_phat_tien_tu_30,crime_260,article_260,260,consequence,"gây thiệt hại cho người khác thuộc một trong các trường hợp sau đây, thì bị phạt tiền từ 30",gay thiet hai cho nguoi khac thuoc mot trong cac truong hop sau day thi bi phat tien tu 30
consreq_crime_260_consequence_gay_thiet_hai_ve_tai_san_tu_100,crime_260,article_260,260,consequence,Gây thiệt hại về tài sản từ 100,gay thiet hai ve tai san tu 100
consreq_crime_260_consequence_gay_thiet_hai_ve_tai_san_tu_500,crime_260,article_260,260,consequence,Gây thiệt hại về tài sản từ 500,gay thiet hai ve tai san tu 500
consreq_crime_260_consequence_gay_thiet_hai_ve_tai_san_1,crime_260,article_260,260,consequence,Gây thiệt hại về tài sản 1,gay thiet hai ve tai san 1
consreq_crime_260_consequence_lam_chet_nguoi,crime_260,article_260,260,consequence,Làm chết người,lam chet nguoi
consreq_crime_261_consequence_gay_thiet_hai_cho_nguoi_khac_thuoc_mot_trong_cac_truong_hop_sau_day_thi_bi_phat_tien_tu_30,crime_261,article_261,261,consequence,"gây thiệt hại cho người khác thuộc một trong các trường hợp sau đây, thì bị phạt tiền từ 30",gay thiet hai cho nguoi khac thuoc mot trong cac truong hop sau day thi bi phat tien tu 30
consreq_crime_261_consequence_gay_thiet_hai_ve_tai_san_tu_100,crime_261,article_261,261,consequence,Gây thiệt hại về tài sản từ 100,gay thiet hai ve tai san tu 100
consreq_crime_261_consequence_gay_thiet_hai_ve_tai_san_tu_500,crime_261,article_261,261,consequence,Gây thiệt hại về tài sản từ 500,gay thiet hai ve tai san tu 500
consreq_crime_261_consequence_gay_thiet_hai_ve_tai_san_1,crime_261,article_261,261,consequence,Gây thiệt hại về tài sản 1,gay thiet hai ve tai san 1
consreq_crime_261_consequence_lam_chet_nguoi,crime_261,article_261,261,consequence,Làm chết người,lam chet nguoi
consreq_crime_262_consequence_gay_thiet_hai_cho_nguoi_khac_thuoc_mot_trong_cac_truong_hop_sau_day_thi_bi_phat_tien_tu_20,crime_262,article_262,262,consequence,"gây thiệt hại cho người khác thuộc một trong các trường hợp sau đây, thì bị phạt tiền từ 20",gay thiet hai cho nguoi khac thuoc mot trong cac truong hop sau day thi bi phat tien tu 20
consreq_crime_262_consequence_gay_thiet_hai_ve_tai_san_tu_100,crime_262,article_262,262,consequence,Gây thiệt hại về tài sản từ 100,gay thiet hai ve tai san tu 100
consreq_crime_262_consequence_gay_thiet_hai_ve_tai_san_tu_500,crime_262,article_262,262,consequence,Gây thiệt hại về tài sản từ 500,gay thiet hai ve tai san tu 500
consreq_crime_262_consequence_gay_thiet_hai_ve_tai_san_1,crime_262,article_262,262,consequence,Gây thiệt hại về tài sản 1,gay thiet hai ve tai san 1
consreq_crime_262_consequence_lam_chet_nguoi,crime_262,article_262,262,consequence,Làm chết người,lam chet nguoi
consreq_crime_263_consequence_gay_thiet_hai_cho_nguoi_khac_thuoc_mot_trong_cac_truong_hop_sau_day_thi_bi_phat_tien_tu_20,crime_263,article_263,263,consequence,"gây thiệt hại cho người khác thuộc một trong các trường hợp sau đây, thì bị phạt tiền từ 20",gay thiet hai cho nguoi khac thuoc mot trong cac truong hop sau day thi bi phat tien tu 20
consreq_crime_263_consequence_gay_thiet_hai_ve_tai_san_tu_100,crime_263,article_263,263,consequence,Gây thiệt hại về tài sản từ 100,gay thiet hai ve tai san tu 100
consreq_crime_263_consequence_gay_thiet_hai_ve_tai_san_tu_500,crime_263,article_263,263,consequence,Gây thiệt hại về tài sản từ 500,gay thiet hai ve tai san tu 500
consreq_crime_263_consequence_gay_thiet_hai_ve_tai_san_1,crime_263,article_263,263,consequence,Gây thiệt hại về tài sản 1,gay thiet hai ve tai san 1
consreq_crime_263_consequence_lam_chet_nguoi,crime_263,article_263,263,consequence,Làm chết người,lam chet nguoi
consreq_crime_264_consequence_gay_thiet_hai_cho_nguoi_khac_thuoc_mot_trong_cac_truong_hop_sau_day_thi_bi_phat_tien_tu_10,crime_264,article_264,264,consequence,"gây thiệt hại cho người khác thuộc một trong các trường hợp sau đây, thì bị phạt tiền từ 10",gay thiet hai cho nguoi khac thuoc mot trong cac truong hop sau day thi bi phat tien tu 10
consreq_crime_264_consequence_gay_thiet_hai_ve_tai_san_tu_100,crime_264,article_264,264,consequence,Gây thiệt hại về tài sản từ 100,gay thiet hai ve tai san tu 100
consreq_crime_264_consequence_gay_thiet_hai_ve_tai_san_tu_500,crime_264,article_264,264,consequence,Gây thiệt hại về tài sản từ 500,gay thiet hai ve tai san tu 500
consreq_crime_264_consequence_gay_thiet_hai_ve_tai_san_1,crime_264,article_264,264,consequence,Gây thiệt hại về tài sản 1,gay thiet hai ve tai san 1
consreq_crime_264_consequence_lam_chet_nguoi,crime_264,article_264,264,consequence,Làm chết người,lam chet nguoi
consreq_crime_265_consequence_gay_thiet_hai_ve_tai_san_tu_100,crime_265,article_265,265,consequence,Gây thiệt hại về tài sản từ 100,gay thiet hai ve tai san tu 100
consreq_crime_265_consequence_gay_thiet_hai_ve_tai_san_tu_500,crime_265,article_265,265,consequence,Gây thiệt hại về tài sản từ 500,gay thiet hai ve tai san tu 500
consreq_crime_265_consequence_gay_thiet_hai_ve_tai_san_1,crime_265,article_265,265,consequence,Gây thiệt hại về tài sản 1,gay thiet hai ve tai san 1
consreq_crime_265_consequence_lam_chet_nguoi,crime_265,article_265,265,consequence,Làm chết người,lam chet nguoi
consreq_crime_265_consequence_lam_chet_02_nguoi,crime_265,article_265,265,consequence,Làm chết 02 người,lam chet 02 nguoi
consreq_crime_266_consequence_gay_thiet_hai_cho_nguoi_khac_thuoc_mot_trong_cac_truong_hop_sau_day_hoac_da_bi_xu_phat_vi_pham_han,crime_266,article_266,266,consequence,"gây thiệt hại cho người khác thuộc một trong các trường hợp sau đây hoặc đã bị xử phạt vi phạm hành chính về hành vi quy định tại Điều này hoặc Điều 265 của Bộ luật này hoặc đã bị kết án về một trong các tội này, chưa được xóa án tích mà còn vi phạm, thì bị phạt tiền từ 10",gay thiet hai cho nguoi khac thuoc mot trong cac truong hop sau day hoac da bi xu phat vi pham hanh chinh ve hanh vi quy dinh tai dieu nay hoac dieu 265 cua bo luat nay hoac da bi ket an ve mot trong cac toi nay chua duoc xoa an tich ma con vi pham thi bi phat tien tu 10
consreq_crime_266_consequence_gay_thiet_hai_ve_tai_san_tu_50,crime_266,article_266,266,consequence,Gây thiệt hại về tài sản từ 50,gay thiet hai ve tai san tu 50
consreq_crime_266_consequence_gay_thiet_hai_ve_tai_san_tu_100,crime_266,article_266,266,consequence,Gây thiệt hại về tài sản từ 100,gay thiet hai ve tai san tu 100
consreq_crime_266_consequence_gay_thiet_hai_ve_tai_san_tu_500,crime_266,article_266,266,consequence,Gây thiệt hại về tài sản từ 500,gay thiet hai ve tai san tu 500
consreq_crime_266_consequence_gay_thiet_hai_ve_tai_san_1,crime_266,article_266,266,consequence,Gây thiệt hại về tài sản 1,gay thiet hai ve tai san 1
consreq_crime_267_consequence_gay_thiet_hai_cho_nguoi_khac_thuoc_mot_trong_cac_truong_hop_sau_day_thi_bi_phat_tien_tu_50,crime_267,article_267,267,consequence,"gây thiệt hại cho người khác thuộc một trong các trường hợp sau đây, thì bị phạt tiền từ 50",gay thiet hai cho nguoi khac thuoc mot trong cac truong hop sau day thi bi phat tien tu 50
consreq_crime_267_consequence_gay_thiet_hai_ve_tai_san_tu_100,crime_267,article_267,267,consequence,Gây thiệt hại về tài sản từ 100,gay thiet hai ve tai san tu 100
consreq_crime_267_consequence_gay_thiet_hai_ve_tai_san_tu_500,crime_267,article_267,267,consequence,Gây thiệt hại về tài sản từ 500,gay thiet hai ve tai san tu 500
consreq_crime_267_consequence_gay_thiet_hai_ve_tai_san_1,crime_267,article_267,267,consequence,Gây thiệt hại về tài sản 1,gay thiet hai ve tai san 1
consreq_crime_267_consequence_lam_chet_nguoi,crime_267,article_267,267,consequence,Làm chết người,lam chet nguoi
consreq_crime_268_consequence_gay_thiet_hai_cho_nguoi_khac_thuoc_mot_trong_cac_truong_hop_sau_day_hoac_da_bi_xu_ly_ky_luat_hoac_,crime_268,article_268,268,consequence,"gây thiệt hại cho người khác thuộc một trong các trường hợp sau đây hoặc đã bị xử lý kỷ luật hoặc xử phạt vi phạm hành chính về một trong các hành vi quy định tại Điều này mà còn vi phạm, thì bị phạt tiền từ 30",gay thiet hai cho nguoi khac thuoc mot trong cac truong hop sau day hoac da bi xu ly ky luat hoac xu phat vi pham hanh chinh ve mot trong cac hanh vi quy dinh tai dieu nay ma con vi pham thi bi phat tien tu 30
consreq_crime_268_consequence_gay_thiet_hai_ve_tai_san_tu_100,crime_268,article_268,268,consequence,Gây thiệt hại về tài sản từ 100,gay thiet hai ve tai san tu 100
consreq_crime_268_consequence_gay_thiet_hai_ve_tai_san_tu_500,crime_268,article_268,268,consequence,Gây thiệt hại về tài sản từ 500,gay thiet hai ve tai san tu 500
consreq_crime_268_consequence_gay_thiet_hai_ve_tai_san_1,crime_268,article_268,268,consequence,Gây thiệt hại về tài sản 1,gay thiet hai ve tai san 1
consreq_crime_268_consequence_lam_chet_nguoi,crime_268,article_268,268,consequence,Làm chết người,lam chet nguoi
consreq_crime_269_consequence_gay_thiet_hai_cho_nguoi_khac_thuoc_mot_trong_cac_truong_hop_sau_day_hoac_da_bi_xu_ly_ky_luat_hoac_,crime_269,article_269,269,consequence,"gây thiệt hại cho người khác thuộc một trong các trường hợp sau đây hoặc đã bị xử lý kỷ luật hoặc xử phạt vi phạm hành chính về hành vi này mà còn vi phạm, thì bị phạt tiền từ 20",gay thiet hai cho nguoi khac thuoc mot trong cac truong hop sau day hoac da bi xu ly ky luat hoac xu phat vi pham hanh chinh ve hanh vi nay ma con vi pham thi bi phat tien tu 20
consreq_crime_269_consequence_gay_thiet_hai_ve_tai_san_tu_100,crime_269,article_269,269,consequence,Gây thiệt hại về tài sản từ 100,gay thiet hai ve tai san tu 100
consreq_crime_269_consequence_gay_thiet_hai_ve_tai_san_tu_500,crime_269,article_269,269,consequence,Gây thiệt hại về tài sản từ 500,gay thiet hai ve tai san tu 500
consreq_crime_269_consequence_gay_thiet_hai_ve_tai_san_1,crime_269,article_269,269,consequence,Gây thiệt hại về tài sản 1,gay thiet hai ve tai san 1
consreq_crime_269_consequence_lam_chet_nguoi,crime_269,article_269,269,consequence,Làm chết người,lam chet nguoi
consreq_crime_270_consequence_gay_thiet_hai_cho_nguoi_khac_thuoc_mot_trong_cac_truong_hop_sau_day_hoac_da_bi_xu_ly_ky_luat_hoac_,crime_270,article_270,270,consequence,"gây thiệt hại cho người khác thuộc một trong các trường hợp sau đây hoặc đã bị xử lý kỷ luật hoặc xử phạt vi phạm hành chính về hành vi này mà còn vi phạm, thì bị phạt tiền từ 30",gay thiet hai cho nguoi khac thuoc mot trong cac truong hop sau day hoac da bi xu ly ky luat hoac xu phat vi pham hanh chinh ve hanh vi nay ma con vi pham thi bi phat tien tu 30
consreq_crime_270_consequence_gay_thiet_hai_ve_tai_san_tu_100,crime_270,article_270,270,consequence,Gây thiệt hại về tài sản từ 100,gay thiet hai ve tai san tu 100
consreq_crime_270_consequence_gay_thiet_hai_ve_tai_san_tu_500,crime_270,article_270,270,consequence,Gây thiệt hại về tài sản từ 500,gay thiet hai ve tai san tu 500
consreq_crime_270_consequence_gay_thiet_hai_ve_tai_san_1,crime_270,article_270,270,consequence,Gây thiệt hại về tài sản 1,gay thiet hai ve tai san 1
consreq_crime_270_consequence_lam_chet_nguoi,crime_270,article_270,270,consequence,Làm chết người,lam chet nguoi
consreq_crime_271_consequence_gay_thiet_hai_cho_nguoi_khac_thuoc_mot_trong_cac_truong_hop_sau_day_hoac_da_bi_xu_ly_ky_luat_hoac_,crime_271,article_271,271,consequence,"gây thiệt hại cho người khác thuộc một trong các trường hợp sau đây hoặc đã bị xử lý kỷ luật hoặc xử phạt vi phạm hành chính về hành vi này mà còn vi phạm, thì bị phạt tiền từ 30",gay thiet hai cho nguoi khac thuoc mot trong cac truong hop sau day hoac da bi xu ly ky luat hoac xu phat vi pham hanh chinh ve hanh vi nay ma con vi pham thi bi phat tien tu 30
consreq_crime_271_consequence_gay_thiet_hai_ve_tai_san_tu_100,crime_271,article_271,271,consequence,Gây thiệt hại về tài sản từ 100,gay thiet hai ve tai san tu 100
consreq_crime_271_consequence_gay_thiet_hai_ve_tai_san_tu_500,crime_271,article_271,271,consequence,Gây thiệt hại về tài sản từ 500,gay thiet hai ve tai san tu 500
consreq_crime_271_consequence_gay_thiet_hai_ve_tai_san_1,crime_271,article_271,271,consequence,Gây thiệt hại về tài sản 1,gay thiet hai ve tai san 1
consreq_crime_271_consequence_lam_chet_nguoi,crime_271,article_271,271,consequence,Làm chết người,lam chet nguoi
consreq_crime_272_consequence_gay_thiet_hai_cho_nguoi_khac_thuoc_mot_trong_cac_truong_hop_sau_day_thi_bi_phat_tien_tu_30,crime_272,article_272,272,consequence,"gây thiệt hại cho người khác thuộc một trong các trường hợp sau đây, thì bị phạt tiền từ 30",gay thiet hai cho nguoi khac thuoc mot trong cac truong hop sau day thi bi phat tien tu 30
consreq_crime_272_consequence_gay_thiet_hai_ve_tai_san_tu_100,crime_272,article_272,272,consequence,Gây thiệt hại về tài sản từ 100,gay thiet hai ve tai san tu 100
consreq_crime_272_consequence_gay_thiet_hai_ve_tai_san_tu_500,crime_272,article_272,272,consequence,Gây thiệt hại về tài sản từ 500,gay thiet hai ve tai san tu 500
consreq_crime_272_consequence_gay_thiet_hai_ve_tai_san_1,crime_272,article_272,272,consequence,Gây thiệt hại về tài sản 1,gay thiet hai ve tai san 1
consreq_crime_272_consequence_lam_chet_nguoi,crime_272,article_272,272,consequence,Làm chết người,lam chet nguoi
consreq_crime_273_consequence_gay_thiet_hai_cho_nguoi_khac_thuoc_mot_trong_cac_truong_hop_sau_day_thi_bi_phat_tien_tu_30,crime_273,article_273,273,consequence,"gây thiệt hại cho người khác thuộc một trong các trường hợp sau đây, thì bị phạt tiền từ 30",gay thiet hai cho nguoi khac thuoc mot trong cac truong hop sau day thi bi phat tien tu 30
consreq_crime_273_consequence_gay_thiet_hai_ve_tai_san_tu_100,crime_273,article_273,273,consequence,Gây thiệt hại về tài sản từ 100,gay thiet hai ve tai san tu 100
consreq_crime_273_consequence_gay_thiet_hai_ve_tai_san_tu_500,crime_273,article_273,273,consequence,Gây thiệt hại về tài sản từ 500,gay thiet hai ve tai san tu 500
consreq_crime_273_consequence_gay_thiet_hai_ve_tai_san_1,crime_273,article_273,273,consequence,Gây thiệt hại về tài sản 1,gay thiet hai ve tai san 1
consreq_crime_273_consequence_lam_chet_nguoi,crime_273,article_273,273,consequence,Làm chết người,lam chet nguoi
consreq_crime_274_consequence_gay_thiet_hai_cho_nguoi_khac_thuoc_mot_trong_cac_truong_hop_sau_day_hoac_da_bi_xu_ly_ky_luat_xu_ph,crime_274,article_274,274,consequence,"gây thiệt hại cho người khác thuộc một trong các trường hợp sau đây hoặc đã bị xử lý kỷ luật, xử phạt vi phạm hành chính về hành vi này hoặc đã bị kết án về tội này, chưa được xóa án tích mà còn vi phạm, thì bị phạt tiền từ 30",gay thiet hai cho nguoi khac thuoc mot trong cac truong hop sau day hoac da bi xu ly ky luat xu phat vi pham hanh chinh ve hanh vi nay hoac da bi ket an ve toi nay chua duoc xoa an tich ma con vi pham thi bi phat tien tu 30
consreq_crime_274_consequence_gay_thiet_hai_ve_tai_san_tu_100,crime_274,article_274,274,consequence,Gây thiệt hại về tài sản từ 100,gay thiet hai ve tai san tu 100
consreq_crime_274_consequence_gay_thiet_hai_ve_tai_san_tu_500,crime_274,article_274,274,consequence,Gây thiệt hại về tài sản từ 500,gay thiet hai ve tai san tu 500
consreq_crime_274_consequence_gay_thiet_hai_ve_tai_san_1,crime_274,article_274,274,consequence,Gây thiệt hại về tài sản 1,gay thiet hai ve tai san 1
consreq_crime_274_consequence_lam_chet_nguoi,crime_274,article_274,274,consequence,Làm chết người,lam chet nguoi
consreq_crime_275_consequence_gay_thiet_hai_cho_nguoi_khac_thuoc_mot_trong_cac_truong_hop_sau_day_hoac_da_bi_xu_ly_ky_luat_xu_ph,crime_275,article_275,275,consequence,"gây thiệt hại cho người khác thuộc một trong các trường hợp sau đây hoặc đã bị xử lý kỷ luật, xử phạt vi phạm hành chính về hành vi này hoặc đã bị kết án về tội này, chưa được xóa án tích mà còn vi phạm, thì bị phạt tiền từ 30",gay thiet hai cho nguoi khac thuoc mot trong cac truong hop sau day hoac da bi xu ly ky luat xu phat vi pham hanh chinh ve hanh vi nay hoac da bi ket an ve toi nay chua duoc xoa an tich ma con vi pham thi bi phat tien tu 30
consreq_crime_275_consequence_gay_thiet_hai_ve_tai_san_tu_100,crime_275,article_275,275,consequence,Gây thiệt hại về tài sản từ 100,gay thiet hai ve tai san tu 100
consreq_crime_275_consequence_gay_thiet_hai_ve_tai_san_tu_500,crime_275,article_275,275,consequence,Gây thiệt hại về tài sản từ 500,gay thiet hai ve tai san tu 500
consreq_crime_275_consequence_gay_thiet_hai_ve_tai_san_1,crime_275,article_275,275,consequence,Gây thiệt hại về tài sản 1,gay thiet hai ve tai san 1
consreq_crime_275_consequence_lam_chet_nguoi,crime_275,article_275,275,consequence,Làm chết người,lam chet nguoi
consreq_crime_276_consequence_gay_thiet_hai_cho_nguoi_khac_thuoc_mot_trong_cac_truong_hop_sau_day_hoac_da_bi_xu_ly_ky_luat_xu_ph,crime_276,article_276,276,consequence,"gây thiệt hại cho người khác thuộc một trong các trường hợp sau đây hoặc đã bị xử lý kỷ luật, xử phạt vi phạm hành chính về hành vi này hoặc đã bị kết án về tội này, chưa được xóa án tích mà còn vi phạm, thì bị phạt tiền từ 30",gay thiet hai cho nguoi khac thuoc mot trong cac truong hop sau day hoac da bi xu ly ky luat xu phat vi pham hanh chinh ve hanh vi nay hoac da bi ket an ve toi nay chua duoc xoa an tich ma con vi pham thi bi phat tien tu 30
consreq_crime_276_consequence_gay_thiet_hai_ve_tai_san_tu_100,crime_276,article_276,276,consequence,Gây thiệt hại về tài sản từ 100,gay thiet hai ve tai san tu 100
consreq_crime_276_consequence_gay_thiet_hai_ve_tai_san_tu_500,crime_276,article_276,276,consequence,Gây thiệt hại về tài sản từ 500,gay thiet hai ve tai san tu 500
consreq_crime_276_consequence_gay_thiet_hai_ve_tai_san_1,crime_276,article_276,276,consequence,Gây thiệt hại về tài sản 1,gay thiet hai ve tai san 1
consreq_crime_276_consequence_lam_chet_nguoi,crime_276,article_276,276,consequence,Làm chết người,lam chet nguoi
consreq_crime_277_consequence_gay_thiet_hai_cho_tinh_mang_suc_khoe_hoac_tai_san_cua_nguoi_khac_neu_khong_duoc_ngan_chan_kip_thoi,crime_277,article_277,277,consequence,"gây thiệt hại cho tính mạng, sức khỏe hoặc tài sản của người khác nếu không được ngăn chặn kịp thời, thì bị phạt tiền từ 30",gay thiet hai cho tinh mang suc khoe hoac tai san cua nguoi khac neu khong duoc ngan chan kip thoi thi bi phat tien tu 30
consreq_crime_277_consequence_gay_thiet_hai_ve_tai_san_tu_100,crime_277,article_277,277,consequence,Gây thiệt hại về tài sản từ 100,gay thiet hai ve tai san tu 100
consreq_crime_277_consequence_gay_thiet_hai_ve_tai_san_tu_500,crime_277,article_277,277,consequence,Gây thiệt hại về tài sản từ 500,gay thiet hai ve tai san tu 500
consreq_crime_277_consequence_gay_thiet_hai_ve_tai_san_1,crime_277,article_277,277,consequence,Gây thiệt hại về tài sản 1,gay thiet hai ve tai san 1
consreq_crime_277_consequence_lam_chet_nguoi,crime_277,article_277,277,consequence,Làm chết người,lam chet nguoi
consreq_crime_278_consequence_gay_thiet_hai_cho_nguoi_khac_thuoc_mot_trong_cac_truong_hop_sau_day_hoac_da_bi_xu_ly_ky_luat_xu_ph,crime_278,article_278,278,consequence,"gây thiệt hại cho người khác thuộc một trong các trường hợp sau đây hoặc đã bị xử lý kỷ luật, xử phạt vi phạm hành chính về một trong các hành vi quy định tại Điều này hoặc đã bị kết án về tội này, chưa được xóa án tích mà còn vi phạm, thì bị phạt tiền từ 30",gay thiet hai cho nguoi khac thuoc mot trong cac truong hop sau day hoac da bi xu ly ky luat xu phat vi pham hanh chinh ve mot trong cac hanh vi quy dinh tai dieu nay hoac da bi ket an ve toi nay chua duoc xoa an tich ma con vi pham thi bi phat tien tu 30
consreq_crime_278_consequence_gay_thiet_hai_ve_tai_san_tu_100,crime_278,article_278,278,consequence,Gây thiệt hại về tài sản từ 100,gay thiet hai ve tai san tu 100
consreq_crime_278_consequence_gay_thiet_hai_ve_tai_san_tu_500,crime_278,article_278,278,consequence,Gây thiệt hại về tài sản từ 500,gay thiet hai ve tai san tu 500
consreq_crime_278_consequence_gay_thiet_hai_ve_tai_san_1,crime_278,article_278,278,consequence,Gây thiệt hại về tài sản 1,gay thiet hai ve tai san 1
consreq_crime_278_consequence_lam_chet_nguoi,crime_278,article_278,278,consequence,Làm chết người,lam chet nguoi
consreq_crime_279_consequence_gay_thiet_hai_ve_tai_san_tu_100,crime_279,article_279,279,consequence,Gây thiệt hại về tài sản từ 100,gay thiet hai ve tai san tu 100
consreq_crime_279_consequence_gay_thiet_hai_ve_tai_san_tu_500,crime_279,article_279,279,consequence,Gây thiệt hại về tài sản từ 500,gay thiet hai ve tai san tu 500
consreq_crime_279_consequence_gay_thiet_hai_ve_tai_san_1,crime_279,article_279,279,consequence,Gây thiệt hại về tài sản 1,gay thiet hai ve tai san 1
consreq_crime_279_consequence_lam_chet_nguoi,crime_279,article_279,279,consequence,Làm chết người,lam chet nguoi
consreq_crime_279_consequence_lam_chet_02_nguoi,crime_279,article_279,279,consequence,Làm chết 02 người,lam chet 02 nguoi
consreq_crime_280_consequence_gay_thiet_hai_ve_tai_san_tu_100,crime_280,article_280,280,consequence,Gây thiệt hại về tài sản từ 100,gay thiet hai ve tai san tu 100
consreq_crime_280_consequence_gay_thiet_hai_ve_tai_san_tu_500,crime_280,article_280,280,consequence,Gây thiệt hại về tài sản từ 500,gay thiet hai ve tai san tu 500
consreq_crime_280_consequence_gay_thiet_hai_ve_tai_san_1,crime_280,article_280,280,consequence,Gây thiệt hại về tài sản 1,gay thiet hai ve tai san 1
consreq_crime_280_consequence_lam_chet_nguoi,crime_280,article_280,280,consequence,Làm chết người,lam chet nguoi
consreq_crime_280_consequence_lam_chet_02_nguoi,crime_280,article_280,280,consequence,Làm chết 02 người,lam chet 02 nguoi
consreq_crime_281_consequence_gay_thiet_hai_ve_tai_san_tu_100,crime_281,article_281,281,consequence,gây thiệt hại về tài sản từ 100,gay thiet hai ve tai san tu 100
consreq_crime_281_consequence_gay_thiet_hai_ve_tai_san_tu_500,crime_281,article_281,281,consequence,Gây thiệt hại về tài sản từ 500,gay thiet hai ve tai san tu 500
consreq_crime_281_consequence_gay_thiet_hai_ve_tai_san_1,crime_281,article_281,281,consequence,Gây thiệt hại về tài sản 1,gay thiet hai ve tai san 1
consreq_crime_281_consequence_lam_chet_nguoi_gay_thuong_tich_hoac_gay_ton_hai_cho_suc_khoe_cua_nguoi_khac_ma_ty_le_ton_thuong_co,crime_281,article_281,281,consequence,"làm chết người, gây thương tích hoặc gây tổn hại cho sức khỏe của người khác mà tỷ lệ tổn thương cơ thể 61% trở lên hoặc gây thương tích hoặc gây tổn hại cho sức khỏe của 02 người trở lên mà tổng tỷ lệ tổn thương cơ thể của những người này từ 61% đến 121% hoặc gây thiệt hại về tài sản từ 100",lam chet nguoi gay thuong tich hoac gay ton hai cho suc khoe cua nguoi khac ma ty le ton thuong co the 61 tro len hoac gay thuong tich hoac gay ton hai cho suc khoe cua 02 nguoi tro len ma tong ty le ton thuong co the cua nhung nguoi nay tu 61 den 121 hoac gay thiet hai ve tai san tu 100
consreq_crime_281_consequence_lam_chet_02_nguoi,crime_281,article_281,281,consequence,Làm chết 02 người,lam chet 02 nguoi
consreq_crime_282_consequence_lam_chet_nguoi,crime_282,article_282,282,consequence,Làm chết người,lam chet nguoi
consreq_crime_282_consequence_gay_thuong_tich_hoac_gay_ton_hai_cho_suc_khoe_cua_nguoi_khac_ma_ty_le_ton_thuong_co_the_tu_31_den_,crime_282,article_282,282,consequence,Gây thương tích hoặc gây tổn hại cho sức khỏe của người khác mà tỷ lệ tổn thương cơ thể từ 31% đến 60%,gay thuong tich hoac gay ton hai cho suc khoe cua nguoi khac ma ty le ton thuong co the tu 31 den 60
consreq_crime_282_consequence_gay_thuong_tich_hoac_gay_ton_hai_cho_suc_khoe_cua_nguoi_khac_ma_ty_le_ton_thuong_co_the_61_tro_len,crime_282,article_282,282,consequence,Gây thương tích hoặc gây tổn hại cho sức khỏe của người khác mà tỷ lệ tổn thương cơ thể 61% trở lên,gay thuong tich hoac gay ton hai cho suc khoe cua nguoi khac ma ty le ton thuong co the 61 tro len
consreq_crime_282_consequence_gay_thuong_tich_hoac_gay_ton_hai_cho_suc_khoe_cua_02_nguoi_tro_len_ma_ty_le_ton_thuong_co_the_cua_,crime_282,article_282,282,consequence,Gây thương tích hoặc gây tổn hại cho sức khỏe của 02 người trở lên mà tỷ lệ tổn thương cơ thể của mỗi người 31% trở lên,gay thuong tich hoac gay ton hai cho suc khoe cua 02 nguoi tro len ma ty le ton thuong co the cua moi nguoi 31 tro len
consreq_crime_282_consequence_ton_hai_cho_suc_khoe_cua_nguoi_khac_ma_ty_le_ton_thuong_co_the_tu_31_den_60,crime_282,article_282,282,consequence,tổn hại cho sức khỏe của người khác mà tỷ lệ tổn thương cơ thể từ 31% đến 60%,ton hai cho suc khoe cua nguoi khac ma ty le ton thuong co the tu 31 den 60
consreq_crime_283_consequence_hau_qua_nghiem_trong_thi_bi_phat_tien_tu_300,crime_283,article_283,283,consequence,"hậu quả nghiêm trọng, thì bị phạt tiền từ 300",hau qua nghiem trong thi bi phat tien tu 300
consreq_crime_283_consequence_hau_qua_rat_nghiem_trong_hoac_dac_biet_nghiem_trong_thi_bi_phat_tien_tu_1,crime_283,article_283,283,consequence,"hậu quả rất nghiêm trọng hoặc đặc biệt nghiêm trọng, thì bị phạt tiền từ 1",hau qua rat nghiem trong hoac dac biet nghiem trong thi bi phat tien tu 1
consreq_crime_284_consequence_hau_qua_nghiem_trong_thi_bi_phat_tien_tu_200,crime_284,article_284,284,consequence,"hậu quả nghiêm trọng, thì bị phạt tiền từ 200",hau qua nghiem trong thi bi phat tien tu 200
consreq_crime_284_consequence_hau_qua_rat_nghiem_trong_hoac_dac_biet_nghiem_trong_thi_bi_phat_tien_tu_500,crime_284,article_284,284,consequence,"hậu quả rất nghiêm trọng hoặc đặc biệt nghiêm trọng, thì bị phạt tiền từ 500",hau qua rat nghiem trong hoac dac biet nghiem trong thi bi phat tien tu 500
consreq_crime_285_consequence_gay_thiet_hai_ve_tai_san_tu_100,crime_285,article_285,285,consequence,Gây thiệt hại về tài sản từ 100,gay thiet hai ve tai san tu 100
consreq_crime_285_consequence_gay_thiet_hai_ve_tai_san_1,crime_285,article_285,285,consequence,Gây thiệt hại về tài sản 1,gay thiet hai ve tai san 1
consreq_crime_286_consequence_gay_thiet_hai_tu_50,crime_286,article_286,286,consequence,Gây thiệt hại từ 50,gay thiet hai tu 50
consreq_crime_286_consequence_gay_thiet_hai_tu_300,crime_286,article_286,286,consequence,Gây thiệt hại từ 300,gay thiet hai tu 300
consreq_crime_286_consequence_gay_thiet_hai_1,crime_286,article_286,286,consequence,Gây thiệt hại 1,gay thiet hai 1
consreq_crime_287_consequence_gay_thiet_hai_tu_100,crime_287,article_287,287,consequence,Gây thiệt hại từ 100,gay thiet hai tu 100
consreq_crime_287_consequence_gay_thiet_hai_tu_500,crime_287,article_287,287,consequence,Gây thiệt hại từ 500,gay thiet hai tu 500
consreq_crime_287_consequence_gay_thiet_hai_1,crime_287,article_287,287,consequence,Gây thiệt hại 1,gay thiet hai 1
consreq_crime_288_consequence_gay_thiet_hai_tu_100,crime_288,article_288,288,consequence,gây thiệt hại từ 100,gay thiet hai tu 100
consreq_crime_288_consequence_gay_thiet_hai_500,crime_288,article_288,288,consequence,Gây thiệt hại 500,gay thiet hai 500
consreq_crime_289_consequence_gay_thiet_hai_tu_300,crime_289,article_289,289,consequence,Gây thiệt hại từ 300,gay thiet hai tu 300
consreq_crime_289_consequence_gay_thiet_hai_1,crime_289,article_289,289,consequence,Gây thiệt hại 1,gay thiet hai 1
consreq_crime_290_consequence_gay_thiet_hai_tu_50,crime_290,article_290,290,consequence,Gây thiệt hại từ 50,gay thiet hai tu 50
consreq_crime_290_consequence_gay_thiet_hai_tu_300,crime_290,article_290,290,consequence,Gây thiệt hại từ 300,gay thiet hai tu 300
consreq_crime_290_consequence_gay_thiet_hai_500,crime_290,article_290,290,consequence,Gây thiệt hại 500,gay thiet hai 500
consreq_crime_293_consequence_gay_thiet_hai_tu_200,crime_293,article_293,293,consequence,gây thiệt hại từ 200,gay thiet hai tu 200
consreq_crime_293_consequence_gay_thiet_hai_500,crime_293,article_293,293,consequence,Gây thiệt hại 500,gay thiet hai 500
consreq_crime_294_consequence_gay_thiet_hai_tu_200,crime_294,article_294,294,consequence,gây thiệt hại từ 200,gay thiet hai tu 200
consreq_crime_294_consequence_gay_thiet_hai_500,crime_294,article_294,294,consequence,Gây thiệt hại 500,gay thiet hai 500
consreq_crime_295_consequence_gay_thiet_hai_cho_nguoi_khac_thuoc_mot_trong_cac_truong_hop_sau_day_thi_bi_phat_tien_tu_20,crime_295,article_295,295,consequence,"gây thiệt hại cho người khác thuộc một trong các trường hợp sau đây, thì bị phạt tiền từ 20",gay thiet hai cho nguoi khac thuoc mot trong cac truong hop sau day thi bi phat tien tu 20
consreq_crime_295_consequence_gay_thiet_hai_ve_tai_san_tu_100,crime_295,article_295,295,consequence,Gây thiệt hại về tài sản từ 100,gay thiet hai ve tai san tu 100
consreq_crime_295_consequence_gay_thiet_hai_ve_tai_san_tu_500,crime_295,article_295,295,consequence,Gây thiệt hại về tài sản từ 500,gay thiet hai ve tai san tu 500
consreq_crime_295_consequence_gay_thiet_hai_ve_tai_san_1,crime_295,article_295,295,consequence,Gây thiệt hại về tài sản 1,gay thiet hai ve tai san 1
consreq_crime_295_consequence_lam_chet_nguoi,crime_295,article_295,295,consequence,Làm chết người,lam chet nguoi
consreq_crime_296_consequence_lam_chet_nguoi,crime_296,article_296,296,consequence,Làm chết người,lam chet nguoi
consreq_crime_296_consequence_lam_chet_02_nguoi_tro_len,crime_296,article_296,296,consequence,Làm chết 02 người trở lên,lam chet 02 nguoi tro len
consreq_crime_296_consequence_gay_thuong_tich_hoac_gay_ton_hai_cho_suc_khoe_cua_nguoi_khac_ma_ty_le_ton_thuong_co_the_tu_31_den_,crime_296,article_296,296,consequence,Gây thương tích hoặc gây tổn hại cho sức khỏe của người khác mà tỷ lệ tổn thương cơ thể từ 31% đến 60%,gay thuong tich hoac gay ton hai cho suc khoe cua nguoi khac ma ty le ton thuong co the tu 31 den 60
consreq_crime_296_consequence_gay_thuong_tich_hoac_gay_ton_hai_cho_suc_khoe_cua_02_nguoi_tro_len_ma_tong_ty_le_ton_thuong_co_the,crime_296,article_296,296,consequence,Gây thương tích hoặc gây tổn hại cho sức khỏe của 02 người trở lên mà tổng tỷ lệ tổn thương cơ thể của những người này từ 31% đến 60%,gay thuong tich hoac gay ton hai cho suc khoe cua 02 nguoi tro len ma tong ty le ton thuong co the cua nhung nguoi nay tu 31 den 60
consreq_crime_296_consequence_gay_thuong_tich_hoac_gay_ton_hai_cho_suc_khoe_cua_nguoi_khac_ma_ty_le_ton_thuong_co_the_61_tro_len,crime_296,article_296,296,consequence,Gây thương tích hoặc gây tổn hại cho sức khỏe của người khác mà tỷ lệ tổn thương cơ thể 61% trở lên,gay thuong tich hoac gay ton hai cho suc khoe cua nguoi khac ma ty le ton thuong co the 61 tro len
consreq_crime_297_consequence_lam_chet_nguoi,crime_297,article_297,297,consequence,Làm chết người,lam chet nguoi
consreq_crime_297_consequence_lam_chet_02_nguoi_tro_len,crime_297,article_297,297,consequence,Làm chết 02 người trở lên,lam chet 02 nguoi tro len
consreq_crime_297_consequence_gay_thuong_tich_hoac_gay_ton_hai_cho_suc_khoe_cua_01_nguoi_ma_ty_le_ton_thuong_co_the_tu_31_den_60,crime_297,article_297,297,consequence,Gây thương tích hoặc gây tổn hại cho sức khỏe của 01 người mà tỷ lệ tổn thương cơ thể từ 31% đến 60%,gay thuong tich hoac gay ton hai cho suc khoe cua 01 nguoi ma ty le ton thuong co the tu 31 den 60
consreq_crime_297_consequence_gay_thuong_tich_hoac_gay_ton_hai_cho_suc_khoe_cua_02_nguoi_tro_len_ma_tong_ty_le_ton_thuong_co_the,crime_297,article_297,297,consequence,Gây thương tích hoặc gây tổn hại cho sức khỏe của 02 người trở lên mà tổng tỷ lệ tổn thương cơ thể của những người này từ 31% đến 60%,gay thuong tich hoac gay ton hai cho suc khoe cua 02 nguoi tro len ma tong ty le ton thuong co the cua nhung nguoi nay tu 31 den 60
consreq_crime_297_consequence_gay_thuong_tich_hoac_gay_ton_hai_cho_suc_khoe_cua_01_nguoi_ma_ty_le_ton_thuong_co_the_61_tro_len,crime_297,article_297,297,consequence,Gây thương tích hoặc gây tổn hại cho sức khỏe của 01 người mà tỷ lệ tổn thương cơ thể 61% trở lên,gay thuong tich hoac gay ton hai cho suc khoe cua 01 nguoi ma ty le ton thuong co the 61 tro len
consreq_crime_298_consequence_gay_thiet_hai_ve_tai_san_tu_100,crime_298,article_298,298,consequence,Gây thiệt hại về tài sản từ 100,gay thiet hai ve tai san tu 100
consreq_crime_298_consequence_gay_thiet_hai_ve_tai_san_tu_500,crime_298,article_298,298,consequence,Gây thiệt hại về tài sản từ 500,gay thiet hai ve tai san tu 500
consreq_crime_298_consequence_gay_thiet_hai_ve_tai_san_1,crime_298,article_298,298,consequence,Gây thiệt hại về tài sản 1,gay thiet hai ve tai san 1
consreq_crime_298_consequence_lam_chet_nguoi,crime_298,article_298,298,consequence,Làm chết người,lam chet nguoi
consreq_crime_298_consequence_lam_chet_02_nguoi,crime_298,article_298,298,consequence,Làm chết 02 người,lam chet 02 nguoi
consreq_crime_301_consequence_hau_qua_nghiem_trong,crime_301,article_301,301,consequence,hậu quả nghiêm trọng,hau qua nghiem trong
consreq_crime_301_consequence_hau_qua_rat_nghiem_trong_thi_bi_phat_tu_tu_05_nam_den_10_nam,crime_301,article_301,301,consequence,"hậu quả rất nghiêm trọng, thì bị phạt tù từ 05 năm đến 10 năm",hau qua rat nghiem trong thi bi phat tu tu 05 nam den 10 nam
consreq_crime_301_consequence_hau_qua_dac_biet_nghiem_trong_thi_bi_phat_tu_tu_08_nam_den_15_nam,crime_301,article_301,301,consequence,"hậu quả đặc biệt nghiêm trọng, thì bị phạt tù từ 08 năm đến 15 năm",hau qua dac biet nghiem trong thi bi phat tu tu 08 nam den 15 nam
consreq_crime_302_consequence_gay_thiet_hai_ve_tai_san_tu_100,crime_302,article_302,302,consequence,Gây thiệt hại về tài sản từ 100,gay thiet hai ve tai san tu 100
consreq_crime_302_consequence_gay_thiet_hai_ve_tai_san_tu_500,crime_302,article_302,302,consequence,Gây thiệt hại về tài sản từ 500,gay thiet hai ve tai san tu 500
consreq_crime_302_consequence_gay_thiet_hai_ve_tai_san_1,crime_302,article_302,302,consequence,Gây thiệt hại về tài sản 1,gay thiet hai ve tai san 1
consreq_crime_302_consequence_lam_chet_nguoi,crime_302,article_302,302,consequence,Làm chết người,lam chet nguoi
consreq_crime_302_consequence_gay_thuong_tich_hoac_gay_ton_hai_cho_suc_khoe_cua_nguoi_khac_ma_ty_le_ton_thuong_co_the_tu_11_den_,crime_302,article_302,302,consequence,Gây thương tích hoặc gây tổn hại cho sức khỏe của người khác mà tỷ lệ tổn thương cơ thể từ 11% đến 30%,gay thuong tich hoac gay ton hai cho suc khoe cua nguoi khac ma ty le ton thuong co the tu 11 den 30
consreq_crime_303_consequence_gay_thiet_hai_ve_tai_san_1,crime_303,article_303,303,consequence,Gây thiệt hại về tài sản 1,gay thiet hai ve tai san 1
consreq_crime_303_consequence_lam_chet_03_nguoi_tro_len,crime_303,article_303,303,consequence,Làm chết 03 người trở lên,lam chet 03 nguoi tro len
consreq_crime_303_consequence_gay_thuong_tich_hoac_gay_ton_hai_cho_suc_khoe_cua_03_nguoi_tro_len_ma_tong_ty_le_ton_thuong_co_the,crime_303,article_303,303,consequence,Gây thương tích hoặc gây tổn hại cho sức khỏe của 03 người trở lên mà tổng tỷ lệ tổn thương cơ thể của những người này 201% trở lên,gay thuong tich hoac gay ton hai cho suc khoe cua 03 nguoi tro len ma tong ty le ton thuong co the cua nhung nguoi nay 201 tro len
consreq_crime_303_consequence_ton_hai_cho_suc_khoe_cua_03_nguoi_tro_len_ma_tong_ty_le_ton_thuong_co_the_cua_nhung_nguoi_nay_201_,crime_303,article_303,303,consequence,tổn hại cho sức khỏe của 03 người trở lên mà tổng tỷ lệ tổn thương cơ thể của những người này 201% trở lên,ton hai cho suc khoe cua 03 nguoi tro len ma tong ty le ton thuong co the cua nhung nguoi nay 201 tro len
consreq_crime_304_consequence_gay_thiet_hai_ve_tai_san_tu_100,crime_304,article_304,304,consequence,Gây thiệt hại về tài sản từ 100,gay thiet hai ve tai san tu 100
consreq_crime_304_consequence_gay_thiet_hai_ve_tai_san_tu_500,crime_304,article_304,304,consequence,Gây thiệt hại về tài sản từ 500,gay thiet hai ve tai san tu 500
consreq_crime_304_consequence_gay_thiet_hai_ve_tai_san_1,crime_304,article_304,304,consequence,Gây thiệt hại về tài sản 1,gay thiet hai ve tai san 1
consreq_crime_304_consequence_lam_chet_nguoi,crime_304,article_304,304,consequence,Làm chết người,lam chet nguoi
consreq_crime_304_consequence_lam_chet_02_nguoi,crime_304,article_304,304,consequence,Làm chết 02 người,lam chet 02 nguoi
consreq_crime_305_consequence_gay_thiet_hai_ve_tai_san_tu_100,crime_305,article_305,305,consequence,Gây thiệt hại về tài sản từ 100,gay thiet hai ve tai san tu 100
consreq_crime_305_consequence_gay_thiet_hai_ve_tai_san_tu_500,crime_305,article_305,305,consequence,Gây thiệt hại về tài sản từ 500,gay thiet hai ve tai san tu 500
consreq_crime_305_consequence_gay_thiet_hai_ve_tai_san_1,crime_305,article_305,305,consequence,Gây thiệt hại về tài sản 1,gay thiet hai ve tai san 1
consreq_crime_305_consequence_lam_chet_nguoi,crime_305,article_305,305,consequence,Làm chết người,lam chet nguoi
consreq_crime_305_consequence_lam_chet_02_nguoi,crime_305,article_305,305,consequence,Làm chết 02 người,lam chet 02 nguoi
consreq_crime_306_consequence_gay_thiet_hai_ve_tai_san_tu_100,crime_306,article_306,306,consequence,Gây thiệt hại về tài sản từ 100,gay thiet hai ve tai san tu 100
consreq_crime_306_consequence_gay_thiet_hai_ve_tai_san_500,crime_306,article_306,306,consequence,Gây thiệt hại về tài sản 500,gay thiet hai ve tai san 500
consreq_crime_306_consequence_lam_chet_nguoi,crime_306,article_306,306,consequence,Làm chết người,lam chet nguoi
consreq_crime_306_consequence_lam_chet_02_nguoi_tro_len,crime_306,article_306,306,consequence,Làm chết 02 người trở lên,lam chet 02 nguoi tro len
consreq_crime_306_consequence_gay_thuong_tich_hoac_gay_ton_hai_cho_suc_khoe_cua_nguoi_khac_ma_ty_le_ton_thuong_co_the_61_tro_len,crime_306,article_306,306,consequence,Gây thương tích hoặc gây tổn hại cho sức khỏe của người khác mà tỷ lệ tổn thương cơ thể 61% trở lên,gay thuong tich hoac gay ton hai cho suc khoe cua nguoi khac ma ty le ton thuong co the 61 tro len
consreq_crime_307_consequence_gay_thiet_hai_cho_nguoi_khac_thuoc_mot_trong_cac_truong_hop_sau_day_thi_bi_phat_tu_tu_01_nam_den_0,crime_307,article_307,307,consequence,"gây thiệt hại cho người khác thuộc một trong các trường hợp sau đây, thì bị phạt tù từ 01 năm đến 05 năm: a) Làm chết người",gay thiet hai cho nguoi khac thuoc mot trong cac truong hop sau day thi bi phat tu tu 01 nam den 05 nam a lam chet nguoi
consreq_crime_307_consequence_gay_thiet_hai_ve_tai_san_tu_100,crime_307,article_307,307,consequence,Gây thiệt hại về tài sản từ 100,gay thiet hai ve tai san tu 100
consreq_crime_307_consequence_gay_thiet_hai_ve_tai_san_tu_500,crime_307,article_307,307,consequence,Gây thiệt hại về tài sản từ 500,gay thiet hai ve tai san tu 500
consreq_crime_307_consequence_gay_thiet_hai_ve_tai_san_1,crime_307,article_307,307,consequence,Gây thiệt hại về tài sản 1,gay thiet hai ve tai san 1
consreq_crime_307_consequence_lam_chet_nguoi,crime_307,article_307,307,consequence,Làm chết người,lam chet nguoi
consreq_crime_308_consequence_gay_thiet_hai_ve_tai_san_tu_100,crime_308,article_308,308,consequence,Gây thiệt hại về tài sản từ 100,gay thiet hai ve tai san tu 100
consreq_crime_308_consequence_gay_thiet_hai_ve_tai_san_tu_500,crime_308,article_308,308,consequence,Gây thiệt hại về tài sản từ 500,gay thiet hai ve tai san tu 500
consreq_crime_308_consequence_gay_thiet_hai_ve_tai_san_1,crime_308,article_308,308,consequence,Gây thiệt hại về tài sản 1,gay thiet hai ve tai san 1
consreq_crime_308_consequence_lam_chet_nguoi,crime_308,article_308,308,consequence,Làm chết người,lam chet nguoi
consreq_crime_308_consequence_lam_chet_02_nguoi,crime_308,article_308,308,consequence,Làm chết 02 người,lam chet 02 nguoi
consreq_crime_309_consequence_gay_thiet_hai_ve_tai_san_tu_100,crime_309,article_309,309,consequence,Gây thiệt hại về tài sản từ 100,gay thiet hai ve tai san tu 100
consreq_crime_309_consequence_gay_thiet_hai_ve_tai_san_tu_500,crime_309,article_309,309,consequence,Gây thiệt hại về tài sản từ 500,gay thiet hai ve tai san tu 500
consreq_crime_309_consequence_gay_thiet_hai_ve_tai_san_1,crime_309,article_309,309,consequence,Gây thiệt hại về tài sản 1,gay thiet hai ve tai san 1
consreq_crime_309_consequence_lam_chet_nguoi,crime_309,article_309,309,consequence,Làm chết người,lam chet nguoi
consreq_crime_309_consequence_lam_chet_02_nguoi,crime_309,article_309,309,consequence,Làm chết 02 người,lam chet 02 nguoi
consreq_crime_310_consequence_gay_thiet_hai_cho_nguoi_khac_thuoc_mot_trong_cac_truong_hop_sau_day_thi_bi_phat_tu_tu_03_nam_den_1,crime_310,article_310,310,consequence,"gây thiệt hại cho người khác thuộc một trong các trường hợp sau đây, thì bị phạt tù từ 03 năm đến 10 năm: a) Làm chết người",gay thiet hai cho nguoi khac thuoc mot trong cac truong hop sau day thi bi phat tu tu 03 nam den 10 nam a lam chet nguoi
consreq_crime_310_consequence_gay_thiet_hai_ve_tai_san_tu_100,crime_310,article_310,310,consequence,Gây thiệt hại về tài sản từ 100,gay thiet hai ve tai san tu 100
consreq_crime_310_consequence_gay_thiet_hai_ve_tai_san_tu_500,crime_310,article_310,310,consequence,Gây thiệt hại về tài sản từ 500,gay thiet hai ve tai san tu 500
consreq_crime_310_consequence_gay_thiet_hai_ve_tai_san_1,crime_310,article_310,310,consequence,Gây thiệt hại về tài sản 1,gay thiet hai ve tai san 1
consreq_crime_310_consequence_lam_chet_nguoi,crime_310,article_310,310,consequence,Làm chết người,lam chet nguoi
consreq_crime_311_consequence_gay_thiet_hai_ve_tai_san_tu_100,crime_311,article_311,311,consequence,Gây thiệt hại về tài sản từ 100,gay thiet hai ve tai san tu 100
consreq_crime_311_consequence_gay_thiet_hai_ve_tai_san_tu_500,crime_311,article_311,311,consequence,Gây thiệt hại về tài sản từ 500,gay thiet hai ve tai san tu 500
consreq_crime_311_consequence_gay_thiet_hai_ve_tai_san_1,crime_311,article_311,311,consequence,Gây thiệt hại về tài sản 1,gay thiet hai ve tai san 1
consreq_crime_311_consequence_lam_chet_nguoi,crime_311,article_311,311,consequence,Làm chết người,lam chet nguoi
consreq_crime_311_consequence_lam_chet_02_nguoi,crime_311,article_311,311,consequence,Làm chết 02 người,lam chet 02 nguoi
consreq_crime_312_consequence_gay_thiet_hai_cho_nguoi_khac_thuoc_mot_trong_cac_truong_hop_sau_day_thi_bi_phat_tu_tu_01_nam_den_0,crime_312,article_312,312,consequence,"gây thiệt hại cho người khác thuộc một trong các trường hợp sau đây, thì bị phạt tù từ 01 năm đến 05 năm: a) Làm chết người",gay thiet hai cho nguoi khac thuoc mot trong cac truong hop sau day thi bi phat tu tu 01 nam den 05 nam a lam chet nguoi
consreq_crime_312_consequence_gay_thiet_hai_ve_tai_san_tu_100,crime_312,article_312,312,consequence,Gây thiệt hại về tài sản từ 100,gay thiet hai ve tai san tu 100
consreq_crime_312_consequence_gay_thiet_hai_ve_tai_san_tu_500,crime_312,article_312,312,consequence,Gây thiệt hại về tài sản từ 500,gay thiet hai ve tai san tu 500
consreq_crime_312_consequence_gay_thiet_hai_ve_tai_san_1,crime_312,article_312,312,consequence,Gây thiệt hại về tài sản 1,gay thiet hai ve tai san 1
consreq_crime_312_consequence_lam_chet_nguoi,crime_312,article_312,312,consequence,Làm chết người,lam chet nguoi
consreq_crime_313_consequence_gay_thiet_hai_cho_nguoi_khac_thuoc_mot_trong_cac_truong_hop_sau_day_thi_bi_phat_cai_tao_khong_giam,crime_313,article_313,313,consequence,"gây thiệt hại cho người khác thuộc một trong các trường hợp sau đây, thì bị phạt cải tạo không giam giữ đến 03 năm hoặc phạt tù từ 02 năm đến 05 năm: a) Làm chết người",gay thiet hai cho nguoi khac thuoc mot trong cac truong hop sau day thi bi phat cai tao khong giam giu den 03 nam hoac phat tu tu 02 nam den 05 nam a lam chet nguoi
consreq_crime_313_consequence_gay_thiet_hai_ve_tai_san_tu_100,crime_313,article_313,313,consequence,Gây thiệt hại về tài sản từ 100,gay thiet hai ve tai san tu 100
consreq_crime_313_consequence_gay_thiet_hai_ve_tai_san_tu_500,crime_313,article_313,313,consequence,Gây thiệt hại về tài sản từ 500,gay thiet hai ve tai san tu 500
consreq_crime_313_consequence_gay_thiet_hai_ve_tai_san_1,crime_313,article_313,313,consequence,Gây thiệt hại về tài sản 1,gay thiet hai ve tai san 1
consreq_crime_313_consequence_lam_chet_nguoi,crime_313,article_313,313,consequence,Làm chết người,lam chet nguoi
consreq_crime_314_consequence_gay_thiet_hai_ve_tai_san_tu_100,crime_314,article_314,314,consequence,Gây thiệt hại về tài sản từ 100,gay thiet hai ve tai san tu 100
consreq_crime_314_consequence_gay_thiet_hai_ve_tai_san_tu_500,crime_314,article_314,314,consequence,Gây thiệt hại về tài sản từ 500,gay thiet hai ve tai san tu 500
consreq_crime_314_consequence_gay_thiet_hai_ve_tai_san_1,crime_314,article_314,314,consequence,Gây thiệt hại về tài sản 1,gay thiet hai ve tai san 1
consreq_crime_314_consequence_lam_chet_nguoi,crime_314,article_314,314,consequence,Làm chết người,lam chet nguoi
consreq_crime_314_consequence_lam_chet_02_nguoi,crime_314,article_314,314,consequence,Làm chết 02 người,lam chet 02 nguoi
consreq_crime_315_consequence_gay_thiet_hai_ve_tai_san_tu_100,crime_315,article_315,315,consequence,Gây thiệt hại về tài sản từ 100,gay thiet hai ve tai san tu 100
consreq_crime_315_consequence_gay_thiet_hai_ve_tai_san_tu_500,crime_315,article_315,315,consequence,Gây thiệt hại về tài sản từ 500,gay thiet hai ve tai san tu 500
consreq_crime_315_consequence_gay_thiet_hai_ve_tai_san_1,crime_315,article_315,315,consequence,Gây thiệt hại về tài sản 1,gay thiet hai ve tai san 1
consreq_crime_315_consequence_lam_chet_nguoi,crime_315,article_315,315,consequence,Làm chết người,lam chet nguoi
consreq_crime_315_consequence_lam_chet_02_nguoi,crime_315,article_315,315,consequence,Làm chết 02 người,lam chet 02 nguoi
consreq_crime_316_consequence_lam_chet_nguoi,crime_316,article_316,316,consequence,Làm chết người,lam chet nguoi
consreq_crime_316_consequence_lam_chet_02_nguoi,crime_316,article_316,316,consequence,Làm chết 02 người,lam chet 02 nguoi
consreq_crime_316_consequence_lam_chet_03_nguoi_tro_len,crime_316,article_316,316,consequence,Làm chết 03 người trở lên,lam chet 03 nguoi tro len
consreq_crime_320_consequence_lam_chet_nguoi,crime_320,article_320,320,consequence,Làm chết người,lam chet nguoi
consreq_crime_329_consequence_ton_hai_cho_suc_khoe_cua_nan_nhan_ma_ty_le_ton_thuong_co_the_tu_31_den_60,crime_329,article_329,329,consequence,tổn hại cho sức khỏe của nạn nhân mà tỷ lệ tổn thương cơ thể từ 31% đến 60%,ton hai cho suc khoe cua nan nhan ma ty le ton thuong co the tu 31 den 60
consreq_crime_329_consequence_ton_hai_cho_suc_khoe_cua_nan_nhan_ma_ty_le_ton_thuong_co_the_61_tro_len,crime_329,article_329,329,consequence,tổn hại cho sức khỏe của nạn nhân mà tỷ lệ tổn thương cơ thể 61% trở lên,ton hai cho suc khoe cua nan nhan ma ty le ton thuong co the 61 tro len
consreq_crime_330_consequence_gay_thiet_hai_ve_tai_san_50,crime_330,article_330,330,consequence,Gây thiệt hại về tài sản 50,gay thiet hai ve tai san 50
consreq_crime_332_consequence_gay_thuong_tich_hoac_gay_ton_hai_cho_suc_khoe_cua_minh,crime_332,article_332,332,consequence,gây thương tích hoặc gây tổn hại cho sức khỏe của mình,gay thuong tich hoac gay ton hai cho suc khoe cua minh
consreq_crime_332_consequence_ton_hai_cho_suc_khoe_cua_minh,crime_332,article_332,332,consequence,tổn hại cho sức khỏe của mình,ton hai cho suc khoe cua minh
consreq_crime_333_consequence_gay_thuong_tich_hoac_gay_ton_hai_cho_suc_khoe_cua_minh,crime_333,article_333,333,consequence,gây thương tích hoặc gây tổn hại cho sức khỏe của mình,gay thuong tich hoac gay ton hai cho suc khoe cua minh
consreq_crime_333_consequence_ton_hai_cho_suc_khoe_cua_minh,crime_333,article_333,333,consequence,tổn hại cho sức khỏe của mình,ton hai cho suc khoe cua minh
consreq_crime_348_consequence_lam_chet_nguoi,crime_348,article_348,348,consequence,Làm chết người,lam chet nguoi
consreq_crime_349_consequence_lam_chet_nguoi,crime_349,article_349,349,consequence,Làm chết người,lam chet nguoi
consreq_crime_350_consequence_lam_chet_nguoi,crime_350,article_350,350,consequence,Làm chết người,lam chet nguoi
consreq_crime_353_consequence_gay_thiet_hai_ve_tai_san_tu_1,crime_353,article_353,353,consequence,Gây thiệt hại về tài sản từ 1,gay thiet hai ve tai san tu 1
consreq_crime_353_consequence_gay_thiet_hai_ve_tai_san_tu_3,crime_353,article_353,353,consequence,Gây thiệt hại về tài sản từ 3,gay thiet hai ve tai san tu 3
consreq_crime_353_consequence_gay_thiet_hai_ve_tai_san_5,crime_353,article_353,353,consequence,Gây thiệt hại về tài sản 5,gay thiet hai ve tai san 5
consreq_crime_354_consequence_gay_thiet_hai_ve_tai_san_tu_1,crime_354,article_354,354,consequence,Gây thiệt hại về tài sản từ 1,gay thiet hai ve tai san tu 1
consreq_crime_354_consequence_gay_thiet_hai_ve_tai_san_tu_3,crime_354,article_354,354,consequence,Gây thiệt hại về tài sản từ 3,gay thiet hai ve tai san tu 3
consreq_crime_354_consequence_gay_thiet_hai_ve_tai_san_5,crime_354,article_354,354,consequence,Gây thiệt hại về tài sản 5,gay thiet hai ve tai san 5
consreq_crime_355_consequence_gay_thiet_hai_ve_tai_san_tu_1,crime_355,article_355,355,consequence,Gây thiệt hại về tài sản từ 1,gay thiet hai ve tai san tu 1
consreq_crime_355_consequence_gay_thiet_hai_ve_tai_san_tu_3,crime_355,article_355,355,consequence,Gây thiệt hại về tài sản từ 3,gay thiet hai ve tai san tu 3
consreq_crime_355_consequence_gay_thiet_hai_ve_tai_san_5,crime_355,article_355,355,consequence,Gây thiệt hại về tài sản 5,gay thiet hai ve tai san 5
consreq_crime_356_consequence_gay_thiet_hai_ve_tai_san_tu_10,crime_356,article_356,356,consequence,gây thiệt hại về tài sản từ 10,gay thiet hai ve tai san tu 10
consreq_crime_356_consequence_gay_thiet_hai_khac_den_loi_ich_cua_nha_nuoc_quyen_loi_ich_hop_phap_cua_to_chuc_ca_nhan_thi_bi_phat,crime_356,article_356,356,consequence,"gây thiệt hại khác đến lợi ích của Nhà nước, quyền, lợi ích hợp pháp của tổ chức, cá nhân, thì bị phạt cải tạo không giam giữ đến 03 năm hoặc phạt tù từ 01 năm đến 05 năm",gay thiet hai khac den loi ich cua nha nuoc quyen loi ich hop phap cua to chuc ca nhan thi bi phat cai tao khong giam giu den 03 nam hoac phat tu tu 01 nam den 05 nam
consreq_crime_356_consequence_gay_thiet_hai_ve_tai_san_tu_200,crime_356,article_356,356,consequence,Gây thiệt hại về tài sản từ 200,gay thiet hai ve tai san tu 200
consreq_crime_356_consequence_gay_thiet_hai_ve_tai_san_1,crime_356,article_356,356,consequence,gây thiệt hại về tài sản 1,gay thiet hai ve tai san 1
consreq_crime_357_consequence_gay_thiet_hai_ve_tai_san_tu_10,crime_357,article_357,357,consequence,gây thiệt hại về tài sản từ 10,gay thiet hai ve tai san tu 10
consreq_crime_357_consequence_gay_thiet_hai_khac_den_loi_ich_cua_nha_nuoc_quyen_loi_ich_hop_phap_cua_to_chuc_ca_nhan_thi_bi_phat,crime_357,article_357,357,consequence,"gây thiệt hại khác đến lợi ích của Nhà nước, quyền, lợi ích hợp pháp của tổ chức, cá nhân, thì bị phạt tù từ 01 năm đến 07 năm",gay thiet hai khac den loi ich cua nha nuoc quyen loi ich hop phap cua to chuc ca nhan thi bi phat tu tu 01 nam den 07 nam
consreq_crime_357_consequence_gay_thiet_hai_ve_tai_san_tu_100,crime_357,article_357,357,consequence,Gây thiệt hại về tài sản từ 100,gay thiet hai ve tai san tu 100
consreq_crime_357_consequence_gay_thiet_hai_ve_tai_san_tu_500,crime_357,article_357,357,consequence,gây thiệt hại về tài sản từ 500,gay thiet hai ve tai san tu 500
consreq_crime_357_consequence_gay_thiet_hai_ve_tai_san_1,crime_357,article_357,357,consequence,gây thiệt hại về tài sản 1,gay thiet hai ve tai san 1
consreq_crime_358_consequence_gay_thiet_hai_ve_tai_san_tu_1,crime_358,article_358,358,consequence,Gây thiệt hại về tài sản từ 1,gay thiet hai ve tai san tu 1
consreq_crime_358_consequence_gay_thiet_hai_ve_tai_san_tu_3,crime_358,article_358,358,consequence,Gây thiệt hại về tài sản từ 3,gay thiet hai ve tai san tu 3
consreq_crime_358_consequence_gay_thiet_hai_ve_tai_san_5,crime_358,article_358,358,consequence,Gây thiệt hại về tài sản 5,gay thiet hai ve tai san 5
consreq_crime_360_consequence_gay_thiet_hai_ve_tai_san_tu_100,crime_360,article_360,360,consequence,Gây thiệt hại về tài sản từ 100,gay thiet hai ve tai san tu 100
consreq_crime_360_consequence_gay_thiet_hai_ve_tai_san_tu_500,crime_360,article_360,360,consequence,Gây thiệt hại về tài sản từ 500,gay thiet hai ve tai san tu 500
consreq_crime_360_consequence_gay_thiet_hai_ve_tai_san_1,crime_360,article_360,360,consequence,Gây thiệt hại về tài sản 1,gay thiet hai ve tai san 1
consreq_crime_360_consequence_lam_chet_nguoi,crime_360,article_360,360,consequence,Làm chết người,lam chet nguoi
consreq_crime_360_consequence_lam_chet_02_nguoi,crime_360,article_360,360,consequence,Làm chết 02 người,lam chet 02 nguoi
consreq_crime_361_consequence_gay_thiet_hai_ve_tai_san_100,crime_361,article_361,361,consequence,Gây thiệt hại về tài sản 100,gay thiet hai ve tai san 100
consreq_crime_362_consequence_gay_thiet_hai_ve_tai_san_tu_100,crime_362,article_362,362,consequence,Gây thiệt hại về tài sản từ 100,gay thiet hai ve tai san tu 100
consreq_crime_362_consequence_gay_thiet_hai_ve_tai_san_500,crime_362,article_362,362,consequence,Gây thiệt hại về tài sản 500,gay thiet hai ve tai san 500
consreq_crime_363_consequence_hau_qua_nghiem_trong_thi_bi_phat_cai_tao_khong_giam_giu_den_03_nam_hoac_phat_tu_tu_06_thang_den_03,crime_363,article_363,363,consequence,"hậu quả nghiêm trọng, thì bị phạt cải tạo không giam giữ đến 03 năm hoặc phạt tù từ 06 tháng đến 03 năm",hau qua nghiem trong thi bi phat cai tao khong giam giu den 03 nam hoac phat tu tu 06 thang den 03 nam
consreq_crime_363_consequence_hau_qua_rat_nghiem_trong_hoac_dac_biet_nghiem_trong,crime_363,article_363,363,consequence,hậu quả rất nghiêm trọng hoặc đặc biệt nghiêm trọng,hau qua rat nghiem trong hoac dac biet nghiem trong
consreq_crime_370_consequence_gay_thiet_hai_ve_tai_san_tu_500,crime_370,article_370,370,consequence,Gây thiệt hại về tài sản từ 500,gay thiet hai ve tai san tu 500
consreq_crime_370_consequence_gay_thiet_hai_ve_tai_san_1,crime_370,article_370,370,consequence,Gây thiệt hại về tài sản 1,gay thiet hai ve tai san 1
consreq_crime_371_consequence_gay_thiet_hai_ve_tai_san_tu_50,crime_371,article_371,371,consequence,gây thiệt hại về tài sản từ 50,gay thiet hai ve tai san tu 50
consreq_crime_371_consequence_gay_thiet_hai_den_loi_ich_cua_nha_nuoc_quyen_loi_ich_hop_phap_cua_to_chuc_ca_nhan_neu_khong_thuoc_,crime_371,article_371,371,consequence,"gây thiệt hại đến lợi ích của Nhà nước, quyền, lợi ích hợp pháp của tổ chức, cá nhân, nếu không thuộc trường hợp quy định tại các điều 368, 369, 370, 377 và 378 của Bộ luật này, thì bị phạt cải tạo không giam giữ đến 03 năm hoặc phạt tù từ 06 tháng đến 03 năm",gay thiet hai den loi ich cua nha nuoc quyen loi ich hop phap cua to chuc ca nhan neu khong thuoc truong hop quy dinh tai cac dieu 368 369 370 377 va 378 cua bo luat nay thi bi phat cai tao khong giam giu den 03 nam hoac phat tu tu 06 thang den 03 nam
consreq_crime_371_consequence_gay_thiet_hai_ve_tai_san_tu_200,crime_371,article_371,371,consequence,Gây thiệt hại về tài sản từ 200,gay thiet hai ve tai san tu 200
consreq_crime_371_consequence_gay_thiet_hai_ve_tai_san_1,crime_371,article_371,371,consequence,Gây thiệt hại về tài sản 1,gay thiet hai ve tai san 1
consreq_crime_372_consequence_gay_thiet_hai_den_loi_ich_cua_nha_nuoc_quyen_loi_ich_hop_phap_cua_to_chuc_ca_nhan_hoac_gay_thiet_h,crime_372,article_372,372,consequence,"gây thiệt hại đến lợi ích của Nhà nước, quyền, lợi ích hợp pháp của tổ chức, cá nhân hoặc gây thiệt hại về tài sản từ 50",gay thiet hai den loi ich cua nha nuoc quyen loi ich hop phap cua to chuc ca nhan hoac gay thiet hai ve tai san tu 50
consreq_crime_372_consequence_gay_thiet_hai_ve_tai_san_tu_200,crime_372,article_372,372,consequence,Gây thiệt hại về tài sản từ 200,gay thiet hai ve tai san tu 200
consreq_crime_372_consequence_gay_thiet_hai_ve_tai_san_1,crime_372,article_372,372,consequence,Gây thiệt hại về tài sản 1,gay thiet hai ve tai san 1
consreq_crime_373_consequence_gay_thiet_hai_ve_suc_khoe_cho_nguoi_khac_ma_ty_le_ton_thuong_co_the_tu_11_den_60,crime_373,article_373,373,consequence,gây thiệt hại về sức khỏe cho người khác mà tỷ lệ tổn thương cơ thể từ 11% đến 60%,gay thiet hai ve suc khoe cho nguoi khac ma ty le ton thuong co the tu 11 den 60
consreq_crime_373_consequence_gay_thiet_hai_ve_suc_khoe_cho_nguoi_khac_ma_ty_le_ton_thuong_co_the_61_tro_len,crime_373,article_373,373,consequence,gây thiệt hại về sức khỏe cho người khác mà tỷ lệ tổn thương cơ thể 61% trở lên,gay thiet hai ve suc khoe cho nguoi khac ma ty le ton thuong co the 61 tro len
consreq_crime_373_consequence_gay_thuong_tich_hoac_gay_thiet_hai_ve_suc_khoe_cho_nguoi_khac_ma_ty_le_ton_thuong_co_the_tu_11_den,crime_373,article_373,373,consequence,Gây thương tích hoặc gây thiệt hại về sức khỏe cho người khác mà tỷ lệ tổn thương cơ thể từ 11% đến 60%,gay thuong tich hoac gay thiet hai ve suc khoe cho nguoi khac ma ty le ton thuong co the tu 11 den 60
consreq_crime_373_consequence_gay_thuong_tich_hoac_gay_thiet_hai_ve_suc_khoe_cho_nguoi_khac_ma_ty_le_ton_thuong_co_the_61_tro_le,crime_373,article_373,373,consequence,Gây thương tích hoặc gây thiệt hại về sức khỏe cho người khác mà tỷ lệ tổn thương cơ thể 61% trở lên,gay thuong tich hoac gay thiet hai ve suc khoe cho nguoi khac ma ty le ton thuong co the 61 tro len
consreq_crime_375_consequence_gay_thiet_hai_tu_500,crime_375,article_375,375,consequence,Gây thiệt hại từ 500,gay thiet hai tu 500
consreq_crime_375_consequence_gay_thiet_hai_1,crime_375,article_375,375,consequence,Gây thiệt hại 1,gay thiet hai 1
consreq_crime_381_consequence_gay_thiet_hai_tu_50,crime_381,article_381,381,consequence,Gây thiệt hại từ 50,gay thiet hai tu 50
consreq_crime_381_consequence_gay_thiet_hai_200,crime_381,article_381,381,consequence,Gây thiệt hại 200,gay thiet hai 200
consreq_crime_393_consequence_hau_qua_nghiem_trong_thi_bi_phat_cai_tao_khong_giam_giu_den_03_nam_hoac_phat_tu_tu_06_thang_den_05,crime_393,article_393,393,consequence,"hậu quả nghiêm trọng, thì bị phạt cải tạo không giam giữ đến 03 năm hoặc phạt tù từ 06 tháng đến 05 năm",hau qua nghiem trong thi bi phat cai tao khong giam giu den 03 nam hoac phat tu tu 06 thang den 05 nam
consreq_crime_393_consequence_hau_qua_rat_nghiem_trong,crime_393,article_393,393,consequence,hậu quả rất nghiêm trọng,hau qua rat nghiem trong
consreq_crime_393_consequence_hau_qua_dac_biet_nghiem_trong_hoac_trong_truong_hop_dac_biet_nghiem_trong_khac_thi_bi_phat_tu_tu_0,crime_393,article_393,393,consequence,"hậu quả đặc biệt nghiêm trọng hoặc trong trường hợp đặc biệt nghiêm trọng khác, thì bị phạt tù từ 07 năm đến 15 năm",hau qua dac biet nghiem trong hoac trong truong hop dac biet nghiem trong khac thi bi phat tu tu 07 nam den 15 nam
consreq_crime_394_consequence_hau_qua_nghiem_trong,crime_394,article_394,394,consequence,hậu quả nghiêm trọng,hau qua nghiem trong
consreq_crime_394_consequence_hau_qua_rat_nghiem_trong,crime_394,article_394,394,consequence,hậu quả rất nghiêm trọng,hau qua rat nghiem trong
consreq_crime_394_consequence_hau_qua_dac_biet_nghiem_trong_thi_bi_phat_tu_tu_12_nam_den_20_nam_hoac_tu_chung_than,crime_394,article_394,394,consequence,"hậu quả đặc biệt nghiêm trọng, thì bị phạt tù từ 12 năm đến 20 năm hoặc tù chung thân",hau qua dac biet nghiem trong thi bi phat tu tu 12 nam den 20 nam hoac tu chung than
consreq_crime_395_consequence_hau_qua_nghiem_trong_thi_bi_phat_cai_tao_khong_giam_giu_den_03_nam_hoac_phat_tu_tu_06_thang_den_03,crime_395,article_395,395,consequence,"hậu quả nghiêm trọng, thì bị phạt cải tạo không giam giữ đến 03 năm hoặc phạt tù từ 06 tháng đến 03 năm",hau qua nghiem trong thi bi phat cai tao khong giam giu den 03 nam hoac phat tu tu 06 thang den 03 nam
consreq_crime_395_consequence_hau_qua_rat_nghiem_trong_hoac_dac_biet_nghiem_trong,crime_395,article_395,395,consequence,hậu quả rất nghiêm trọng hoặc đặc biệt nghiêm trọng,hau qua rat nghiem trong hoac dac biet nghiem trong
consreq_crime_396_consequence_hau_qua_nghiem_trong_hoac_rat_nghiem_trong,crime_396,article_396,396,consequence,hậu quả nghiêm trọng hoặc rất nghiêm trọng,hau qua nghiem trong hoac rat nghiem trong
consreq_crime_396_consequence_hau_qua_dac_biet_nghiem_trong,crime_396,article_396,396,consequence,hậu quả đặc biệt nghiêm trọng,hau qua dac biet nghiem trong
consreq_crime_398_consequence_gay_thuong_tich_hoac_gay_ton_hai_cho_suc_khoe_cua_dong_doi_ma_khong_thuoc_truong_hop_quy_dinh_tai_,crime_398,article_398,398,consequence,"gây thương tích hoặc gây tổn hại cho sức khỏe của đồng đội mà không thuộc trường hợp quy định tại Điều 134 của Bộ luật này, thì bị phạt cải tạo không giam giữ đến 02 năm hoặc phạt tù từ 03 tháng đến 02 năm",gay thuong tich hoac gay ton hai cho suc khoe cua dong doi ma khong thuoc truong hop quy dinh tai dieu 134 cua bo luat nay thi bi phat cai tao khong giam giu den 02 nam hoac phat tu tu 03 thang den 02 nam
consreq_crime_398_consequence_ton_hai_cho_suc_khoe_cua_dong_doi_ma_khong_thuoc_truong_hop_quy_dinh_tai_dieu_134_cua_bo_luat_nay_,crime_398,article_398,398,consequence,"tổn hại cho sức khỏe của đồng đội mà không thuộc trường hợp quy định tại Điều 134 của Bộ luật này, thì bị phạt cải tạo không giam giữ đến 02 năm hoặc phạt tù từ 03 tháng đến 02 năm",ton hai cho suc khoe cua dong doi ma khong thuoc truong hop quy dinh tai dieu 134 cua bo luat nay thi bi phat cai tao khong giam giu den 02 nam hoac phat tu tu 03 thang den 02 nam
consreq_crime_398_consequence_hau_qua_nghiem_trong_rat_nghiem_trong_hoac_dac_biet_nghiem_trong,crime_398,article_398,398,consequence,"hậu quả nghiêm trọng, rất nghiêm trọng hoặc đặc biệt nghiêm trọng",hau qua nghiem trong rat nghiem trong hoac dac biet nghiem trong
consreq_crime_399_consequence_hau_qua_nghiem_trong_hoac_rat_nghiem_trong,crime_399,article_399,399,consequence,hậu quả nghiêm trọng hoặc rất nghiêm trọng,hau qua nghiem trong hoac rat nghiem trong
consreq_crime_399_consequence_hau_qua_dac_biet_nghiem_trong,crime_399,article_399,399,consequence,hậu quả đặc biệt nghiêm trọng,hau qua dac biet nghiem trong
consreq_crime_400_consequence_hau_qua_nghiem_trong_hoac_rat_nghiem_trong,crime_400,article_400,400,consequence,hậu quả nghiêm trọng hoặc rất nghiêm trọng,hau qua nghiem trong hoac rat nghiem trong
consreq_crime_400_consequence_hau_qua_dac_biet_nghiem_trong,crime_400,article_400,400,consequence,hậu quả đặc biệt nghiêm trọng,hau qua dac biet nghiem trong
consreq_crime_401_consequence_hau_qua_nghiem_trong_hoac_rat_nghiem_trong,crime_401,article_401,401,consequence,hậu quả nghiêm trọng hoặc rất nghiêm trọng,hau qua nghiem trong hoac rat nghiem trong
consreq_crime_401_consequence_hau_qua_dac_biet_nghiem_trong_thi_bi_phat_tu_tu_10_nam_den_20_nam,crime_401,article_401,401,consequence,"hậu quả đặc biệt nghiêm trọng, thì bị phạt tù từ 10 năm đến 20 năm",hau qua dac biet nghiem trong thi bi phat tu tu 10 nam den 20 nam
consreq_crime_402_consequence_hau_qua_nghiem_trong_thi_bi_phat_cai_tao_khong_giam_giu_den_03_nam_hoac_phat_tu_tu_06_thang_den_03,crime_402,article_402,402,consequence,"hậu quả nghiêm trọng, thì bị phạt cải tạo không giam giữ đến 03 năm hoặc phạt tù từ 06 tháng đến 03 năm",hau qua nghiem trong thi bi phat cai tao khong giam giu den 03 nam hoac phat tu tu 06 thang den 03 nam
consreq_crime_402_consequence_hau_qua_rat_nghiem_trong,crime_402,article_402,402,consequence,hậu quả rất nghiêm trọng,hau qua rat nghiem trong
consreq_crime_402_consequence_hau_qua_dac_biet_nghiem_trong,crime_402,article_402,402,consequence,hậu quả đặc biệt nghiêm trọng,hau qua dac biet nghiem trong
consreq_crime_403_consequence_gay_thuong_tich_gay_ton_hai_cho_suc_khoe_cua_minh_hoac_dung_thu_doan_gian_doi_khac_de_tron_tranh_n,crime_403,article_403,403,consequence,"gây thương tích, gây tổn hại cho sức khỏe của mình hoặc dùng thủ đoạn gian dối khác để trốn tránh nhiệm vụ, thì bị phạt cải tạo không giam giữ đến 02 năm hoặc phạt tù từ 03 tháng đến 02 năm",gay thuong tich gay ton hai cho suc khoe cua minh hoac dung thu doan gian doi khac de tron tranh nhiem vu thi bi phat cai tao khong giam giu den 02 nam hoac phat tu tu 03 thang den 02 nam
consreq_crime_403_consequence_ton_hai_cho_suc_khoe_cua_minh_hoac_dung_thu_doan_gian_doi_khac_de_tron_tranh_nhiem_vu_thi_bi_phat_,crime_403,article_403,403,consequence,"tổn hại cho sức khỏe của mình hoặc dùng thủ đoạn gian dối khác để trốn tránh nhiệm vụ, thì bị phạt cải tạo không giam giữ đến 02 năm hoặc phạt tù từ 03 tháng đến 02 năm",ton hai cho suc khoe cua minh hoac dung thu doan gian doi khac de tron tranh nhiem vu thi bi phat cai tao khong giam giu den 02 nam hoac phat tu tu 03 thang den 02 nam
consreq_crime_403_consequence_hau_qua_nghiem_trong,crime_403,article_403,403,consequence,hậu quả nghiêm trọng,hau qua nghiem trong
consreq_crime_403_consequence_hau_qua_rat_nghiem_trong_hoac_dac_biet_nghiem_trong_thi_bi_phat_tu_tu_05_nam_den_10_nam,crime_403,article_403,403,consequence,"hậu quả rất nghiêm trọng hoặc đặc biệt nghiêm trọng, thì bị phạt từ từ 05 năm đến 10 năm",hau qua rat nghiem trong hoac dac biet nghiem trong thi bi phat tu tu 05 nam den 10 nam
consreq_crime_404_consequence_hau_qua_nghiem_trong_rat_nghiem_trong_hoac_dac_biet_nghiem_trong,crime_404,article_404,404,consequence,"hậu quả nghiêm trọng, rất nghiêm trọng hoặc đặc biệt nghiêm trọng",hau qua nghiem trong rat nghiem trong hoac dac biet nghiem trong
consreq_crime_405_consequence_hau_qua_nghiem_trong_rat_nghiem_trong_hoac_dac_biet_nghiem_trong,crime_405,article_405,405,consequence,"hậu quả nghiêm trọng, rất nghiêm trọng hoặc đặc biệt nghiêm trọng",hau qua nghiem trong rat nghiem trong hoac dac biet nghiem trong
consreq_crime_406_consequence_hau_qua_nghiem_trong_rat_nghiem_trong_hoac_dac_biet_nghiem_trong,crime_406,article_406,406,consequence,"hậu quả nghiêm trọng, rất nghiêm trọng hoặc đặc biệt nghiêm trọng",hau qua nghiem trong rat nghiem trong hoac dac biet nghiem trong
consreq_crime_407_consequence_hau_qua_nghiem_trong_rat_nghiem_trong_hoac_dac_biet_nghiem_trong,crime_407,article_407,407,consequence,"hậu quả nghiêm trọng, rất nghiêm trọng hoặc đặc biệt nghiêm trọng",hau qua nghiem trong rat nghiem trong hoac dac biet nghiem trong
consreq_crime_408_consequence_hau_qua_nghiem_trong_thi_bi_phat_cai_tao_khong_giam_giu_den_03_nam_hoac_phat_tu_tu_06_thang_den_03,crime_408,article_408,408,consequence,"hậu quả nghiêm trọng, thì bị phạt cải tạo không giam giữ đến 03 năm hoặc phạt tù từ 06 tháng đến 03 năm",hau qua nghiem trong thi bi phat cai tao khong giam giu den 03 nam hoac phat tu tu 06 thang den 03 nam
consreq_crime_408_consequence_hau_qua_rat_nghiem_trong_hoac_dac_biet_nghiem_trong,crime_408,article_408,408,consequence,hậu quả rất nghiêm trọng hoặc đặc biệt nghiêm trọng,hau qua rat nghiem trong hoac dac biet nghiem trong
consreq_crime_409_consequence_hau_qua_nghiem_trong_thi_bi_phat_cai_tao_khong_giam_giu_den_03_nam_hoac_phat_tu_tu_06_thang_den_05,crime_409,article_409,409,consequence,"hậu quả nghiêm trọng, thì bị phạt cải tạo không giam giữ đến 03 năm hoặc phạt tù từ 06 tháng đến 05 năm",hau qua nghiem trong thi bi phat cai tao khong giam giu den 03 nam hoac phat tu tu 06 thang den 05 nam
consreq_crime_409_consequence_hau_qua_rat_nghiem_trong_hoac_dac_biet_nghiem_trong,crime_409,article_409,409,consequence,hậu quả rất nghiêm trọng hoặc đặc biệt nghiêm trọng,hau qua rat nghiem trong hoac dac biet nghiem trong
consreq_crime_410_consequence_gay_thiet_hai_ve_tai_san_tu_100,crime_410,article_410,410,consequence,Gây thiệt hại về tài sản từ 100,gay thiet hai ve tai san tu 100
consreq_crime_410_consequence_gay_thiet_hai_ve_tai_san_500,crime_410,article_410,410,consequence,Gây thiệt hại về tài sản 500,gay thiet hai ve tai san 500
consreq_crime_410_consequence_hau_qua_nghiem_trong_khac,crime_410,article_410,410,consequence,hậu quả nghiêm trọng khác,hau qua nghiem trong khac
consreq_crime_410_consequence_hau_qua_rat_nghiem_trong_hoac_dac_biet_nghiem_trong_khac,crime_410,article_410,410,consequence,hậu quả rất nghiêm trọng hoặc đặc biệt nghiêm trọng khác,hau qua rat nghiem trong hoac dac biet nghiem trong khac
consreq_crime_411_consequence_hau_qua_nghiem_trong_thi_bi_phat_cai_tao_khong_giam_giu_den_03_nam_hoac_phat_tu_tu_01_nam_den_05_n,crime_411,article_411,411,consequence,"hậu quả nghiêm trọng, thì bị phạt cải tạo không giam giữ đến 03 năm hoặc phạt tù từ 01 năm đến 05 năm",hau qua nghiem trong thi bi phat cai tao khong giam giu den 03 nam hoac phat tu tu 01 nam den 05 nam
consreq_crime_411_consequence_hau_qua_rat_nghiem_trong_hoac_dac_biet_nghiem_trong_thi_bi_phat_tu_tu_03_nam_den_10_nam,crime_411,article_411,411,consequence,"hậu quả rất nghiêm trọng hoặc đặc biệt nghiêm trọng, thì bị phạt tù từ 03 năm đến 10 năm",hau qua rat nghiem trong hoac dac biet nghiem trong thi bi phat tu tu 03 nam den 10 nam
consreq_crime_412_consequence_hau_qua_nghiem_trong_thi_bi_phat_cai_tao_khong_giam_giu_den_03_nam_hoac_phat_tu_tu_06_thang_den_05,crime_412,article_412,412,consequence,"hậu quả nghiêm trọng, thì bị phạt cải tạo không giam giữ đến 03 năm hoặc phạt tù từ 06 tháng đến 05 năm",hau qua nghiem trong thi bi phat cai tao khong giam giu den 03 nam hoac phat tu tu 06 thang den 05 nam
consreq_crime_412_consequence_hau_qua_rat_nghiem_trong_hoac_dac_biet_nghiem_trong,crime_412,article_412,412,consequence,hậu quả rất nghiêm trọng hoặc đặc biệt nghiêm trọng,hau qua rat nghiem trong hoac dac biet nghiem trong
consreq_crime_413_consequence_hau_qua_nghiem_trong,crime_413,article_413,413,consequence,hậu quả nghiêm trọng,hau qua nghiem trong
consreq_crime_413_consequence_hau_qua_rat_nghiem_trong_hoac_dac_biet_nghiem_trong_thi_bi_phat_tu_tu_12_nam_den_20_nam_hoac_tu_ch,crime_413,article_413,413,consequence,"hậu quả rất nghiêm trọng hoặc đặc biệt nghiêm trọng, thì bị phạt tù từ 12 năm đến 20 năm hoặc tù chung thân",hau qua rat nghiem trong hoac dac biet nghiem trong thi bi phat tu tu 12 nam den 20 nam hoac tu chung than
consreq_crime_414_consequence_hau_qua_nghiem_trong_thi_bi_phat_cai_tao_khong_giam_giu_den_03_nam_hoac_phat_tu_tu_06_thang_den_05,crime_414,article_414,414,consequence,"hậu quả nghiêm trọng, thì bị phạt cải tạo không giam giữ đến 03 năm hoặc phạt tù từ 06 tháng đến 05 năm",hau qua nghiem trong thi bi phat cai tao khong giam giu den 03 nam hoac phat tu tu 06 thang den 05 nam
consreq_crime_414_consequence_hau_qua_rat_nghiem_trong_hoac_dac_biet_nghiem_trong_thi_bi_phat_tu_tu_03_nam_den_07_nam,crime_414,article_414,414,consequence,"hậu quả rất nghiêm trọng hoặc đặc biệt nghiêm trọng, thì bị phạt tù từ 03 năm đến 07 năm",hau qua rat nghiem trong hoac dac biet nghiem trong thi bi phat tu tu 03 nam den 07 nam
consreq_crime_415_consequence_hau_qua_nghiem_trong_thi_bi_phat_cai_tao_khong_giam_giu_den_03_nam_hoac_phat_tu_tu_06_thang_den_03,crime_415,article_415,415,consequence,"hậu quả nghiêm trọng, thì bị phạt cải tạo không giam giữ đến 03 năm hoặc phạt tù từ 06 tháng đến 03 năm",hau qua nghiem trong thi bi phat cai tao khong giam giu den 03 nam hoac phat tu tu 06 thang den 03 nam
consreq_crime_415_consequence_hau_qua_rat_nghiem_trong_hoac_dac_biet_nghiem_trong,crime_415,article_415,415,consequence,hậu quả rất nghiêm trọng hoặc đặc biệt nghiêm trọng,hau qua rat nghiem trong hoac dac biet nghiem trong
consreq_crime_416_consequence_gay_thiet_hai_ve_tai_san_tu_100,crime_416,article_416,416,consequence,gây thiệt hại về tài sản từ 100,gay thiet hai ve tai san tu 100
consreq_crime_416_consequence_gay_thiet_hai_ve_tai_san_500,crime_416,article_416,416,consequence,gây thiệt hại về tài sản 500,gay thiet hai ve tai san 500
consreq_crime_419_consequence_hau_qua_nghiem_trong_hoac_rat_nghiem_trong,crime_419,article_419,419,consequence,hậu quả nghiêm trọng hoặc rất nghiêm trọng,hau qua nghiem trong hoac rat nghiem trong
consreq_crime_419_consequence_hau_qua_dac_biet_nghiem_trong,crime_419,article_419,419,consequence,hậu quả đặc biệt nghiêm trọng,hau qua dac biet nghiem trong
