id,article_id,article_code,owner_id,owner_kind,exception_type,text,normalized_text
exception_clause_article_7_clause_2,article_7,7,article_7_clause_2,Clause,exemption_or_exception,"Điều luật quy định một tội phạm mới, một hình phạt nặng hơn, một tình tiết tăng nặng mới hoặc hạn chế phạm vi áp dụng án treo, miễn trách nhiệm hình sự, loại trừ trách nhiệm hình sự, miễn hình phạt, giảm hình phạt, xóa án tích và quy định khác không có lợi cho người phạm tội, thì không được áp dụng đối với hành vi phạm tội đã thực hiện trước khi điều luật đó có hiệu lực thi hành.",dieu luat quy dinh mot toi pham moi mot hinh phat nang hon mot tinh tiet tang nang moi hoac han che pham vi ap dung an treo mien trach nhiem hinh su loai tru trach nhiem hinh su mien hinh phat giam hinh phat xoa an tich va quy dinh khac khong co loi cho nguoi pham toi thi khong duoc ap dung doi voi hanh vi pham toi da thuc hien truoc khi dieu luat do co hieu luc thi hanh
exception_clause_article_7_clause_3,article_7,7,article_7_clause_3,Clause,exemption_or_exception,"Điều luật xóa bỏ một tội phạm, một hình phạt, một tình tiết tăng nặng, quy định một hình phạt nhẹ hơn, một tình tiết giảm nhẹ mới hoặc mở rộng phạm vi áp dụng án treo, miễn trách nhiệm hình sự, loại trừ trách nhiệm hình sự, miễn hình phạt, giảm hình phạt, tha tù trước thời hạn có điều kiện, xóa án tích và quy định khác có lợi cho người phạm tội, thì được áp dụng đối với hành vi phạm tội đã thực hiện trước khi điều luật đó có hiệu lực thi hành.",dieu luat xoa bo mot toi pham mot hinh phat mot tinh tiet tang nang quy dinh mot hinh phat nhe hon mot tinh tiet giam nhe moi hoac mo rong pham vi ap dung an treo mien trach nhiem hinh su loai tru trach nhiem hinh su mien hinh phat giam hinh phat tha tu truoc thoi han co dieu kien xoa an tich va quy dinh khac co loi cho nguoi pham toi thi duoc ap dung doi voi hanh vi pham toi da thuc hien truoc khi dieu luat do co hieu luc thi hanh
exception_clause_article_8_clause_2,article_8,8,article_8_clause_2,Clause,exemption_or_exception,Những hành vi tuy có dấu hiệu của tội phạm nhưng tính chất nguy hiểm cho xã hội không đáng kể thì không phải là tội phạm và được xử lý bằng các biện pháp khác.,nhung hanh vi tuy co dau hieu cua toi pham nhung tinh chat nguy hiem cho xa hoi khong dang ke thi khong phai la toi pham va duoc xu ly bang cac bien phap khac
exception_clause_article_14_clause_1,article_14,14,article_14_clause_1,Clause,exemption_or_exception,"Chuẩn bị phạm tội là tìm kiếm, sửa soạn công cụ, phương tiện hoặc tạo ra những điều kiện khác để thực hiện tội phạm hoặc thành lập, tham gia nhóm tội phạm, trừ trường hợp thành lập hoặc tham gia nhóm tội phạm quy định tại Điều 109, điểm a khoản 2 Điều 113 hoặc điểm a khoản 2 Điều 299 của Bộ luật này.",chuan bi pham toi la tim kiem sua soan cong cu phuong tien hoac tao ra nhung dieu kien khac de thuc hien toi pham hoac thanh lap tham gia nhom toi pham tru truong hop thanh lap hoac tham gia nhom toi pham quy dinh tai dieu 109 diem a khoan 2 dieu 113 hoac diem a khoan 2 dieu 299 cua bo luat nay
exception_clause_article_16_clause_0,article_16,16,article_16_clause_0,Clause,exemption_or_exception,"Tự ý nửa chừng chấm dứt việc phạm tội là tự mình không thực hiện tội phạm đến cùng, tuy không có gì ngăn cản. Người tự ý nửa chừng chấm dứt việc phạm tội được miễn trách nhiệm hình sự về tội định phạm; nếu hành vi thực tế đã thực hiện có đủ yếu tố cấu thành của một tội khác, thì người đó phải chịu trách nhiệm hình sự về tội này.",tu y nua chung cham dut viec pham toi la tu minh khong thuc hien toi pham den cung tuy khong co gi ngan can nguoi tu y nua chung cham dut viec pham toi duoc mien trach nhiem hinh su ve toi dinh pham neu hanh vi thuc te da thuc hien co du yeu to cau thanh cua mot toi khac thi nguoi do phai chiu trach nhiem hinh su ve toi nay
exception_clause_article_17_clause_4,article_17,17,article_17_clause_4,Clause,exemption_or_exception,Người đồng phạm không phải chịu trách nhiệm hình sự về hành vi vượt quá của người thực hành.,nguoi dong pham khong phai chiu trach nhiem hinh su ve hanh vi vuot qua cua nguoi thuc hanh
exception_clause_article_18_clause_2,article_18,18,article_18_clause_2,Clause,exemption_or_exception,"Người che giấu tội phạm là ông, bà, cha, mẹ, con, cháu, anh chị em ruột, vợ hoặc chồng của người phạm tội không phải chịu trách nhiệm hình sự theo quy định tại khoản 1 Điều này, trừ trường hợp che giấu các tội xâm phạm an ninh quốc gia hoặc tội đặc biệt nghiêm trọng khác quy định tại Điều 389 của Bộ luật này.",nguoi che giau toi pham la ong ba cha me con chau anh chi em ruot vo hoac chong cua nguoi pham toi khong phai chiu trach nhiem hinh su theo quy dinh tai khoan 1 dieu nay tru truong hop che giau cac toi xam pham an ninh quoc gia hoac toi dac biet nghiem trong khac quy dinh tai dieu 389 cua bo luat nay
exception_clause_article_19_clause_2,article_19,19,article_19_clause_2,Clause,exemption_or_exception,"Người không tố giác là ông, bà, cha, mẹ, con, cháu, anh chị em ruột, vợ hoặc chồng của người phạm tội không phải chịu trách nhiệm hình sự theo quy định tại khoản 1 Điều này, trừ trường hợp không tố giác các tội quy định tại Chương XIII của Bộ luật này hoặc tội khác là tội phạm đặc biệt nghiêm trọng.",nguoi khong to giac la ong ba cha me con chau anh chi em ruot vo hoac chong cua nguoi pham toi khong phai chiu trach nhiem hinh su theo quy dinh tai khoan 1 dieu nay tru truong hop khong to giac cac toi quy dinh tai chuong xiii cua bo luat nay hoac toi khac la toi pham dac biet nghiem trong
exception_clause_article_19_clause_3,article_19,19,article_19_clause_3,Clause,exemption_or_exception,"Người không tố giác là người bào chữa không phải chịu trách nhiệm hình sự theo quy định tại khoản 1 Điều này, trừ trường hợp không tố giác các tội quy định tại Chương XIII của Bộ luật này hoặc tội khác là tội phạm đặc biệt nghiêm trọng do chính người mà mình bào chữa đang chuẩn bị, đang thực hiện hoặc đã thực hiện mà người bào chữa biết rõ khi thực hiện việc bào chữa.",nguoi khong to giac la nguoi bao chua khong phai chiu trach nhiem hinh su theo quy dinh tai khoan 1 dieu nay tru truong hop khong to giac cac toi quy dinh tai chuong xiii cua bo luat nay hoac toi khac la toi pham dac biet nghiem trong do chinh nguoi ma minh bao chua dang chuan bi dang thuc hien hoac da thuc hien ma nguoi bao chua biet ro khi thuc hien viec bao chua
exception_clause_article_20_clause_0,article_20,20,article_20_clause_0,Clause,exemption_or_exception,"Người thực hiện hành vi gây hậu quả nguy hại cho xã hội trong trường hợp không thể thấy trước hoặc không buộc phải thấy trước hậu quả của hành vi đó, thì không phải chịu trách nhiệm hình sự.",nguoi thuc hien hanh vi gay hau qua nguy hai cho xa hoi trong truong hop khong the thay truoc hoac khong buoc phai thay truoc hau qua cua hanh vi do thi khong phai chiu trach nhiem hinh su
exception_clause_article_21_clause_0,article_21,21,article_21_clause_0,Clause,exemption_or_exception,"Người thực hiện hành vi nguy hiểm cho xã hội trong khi đang mắc bệnh tâm thần, một bệnh khác làm mất khả năng nhận thức hoặc khả năng điều khiển hành vi của mình, thì không phải chịu trách nhiệm hình sự.",nguoi thuc hien hanh vi nguy hiem cho xa hoi trong khi dang mac benh tam than mot benh khac lam mat kha nang nhan thuc hoac kha nang dieu khien hanh vi cua minh thi khong phai chiu trach nhiem hinh su
exception_clause_article_22_clause_1,article_22,22,article_22_clause_1,Clause,exemption_or_exception,"Phòng vệ chính đáng là hành vi của người vì bảo vệ quyền hoặc lợi ích chính đáng của mình, của người khác hoặc lợi ích của Nhà nước, của cơ quan, tổ chức mà chống trả lại một cách cần thiết người đang có hành vi xâm phạm các lợi ích nói trên. Phòng vệ chính đáng không phải là tội phạm.",phong ve chinh dang la hanh vi cua nguoi vi bao ve quyen hoac loi ich chinh dang cua minh cua nguoi khac hoac loi ich cua nha nuoc cua co quan to chuc ma chong tra lai mot cach can thiet nguoi dang co hanh vi xam pham cac loi ich noi tren phong ve chinh dang khong phai la toi pham
exception_clause_article_23_clause_1,article_23,23,article_23_clause_1,Clause,exemption_or_exception,"Tình thế cấp thiết là tình thế của người vì muốn tránh gây thiệt hại cho quyền, lợi ích hợp pháp của mình, của người khác hoặc lợi ích của Nhà nước, của cơ quan, tổ chức mà không còn cách nào khác là phải gây một thiệt hại nhỏ hơn thiệt hại cần ngăn ngừa. Hành vi gây thiệt hại trong tình thế cấp thiết không phải là tội phạm.",tinh the cap thiet la tinh the cua nguoi vi muon tranh gay thiet hai cho quyen loi ich hop phap cua minh cua nguoi khac hoac loi ich cua nha nuoc cua co quan to chuc ma khong con cach nao khac la phai gay mot thiet hai nho hon thiet hai can ngan ngua hanh vi gay thiet hai trong tinh the cap thiet khong phai la toi pham
exception_clause_article_24_clause_1,article_24,24,article_24_clause_1,Clause,exemption_or_exception,Hành vi của người để bắt giữ người thực hiện hành vi phạm tội mà không còn cách nào khác là buộc phải sử dụng vũ lực cần thiết gây thiệt hại cho người bị bắt giữ thì không phải là tội phạm.,hanh vi cua nguoi de bat giu nguoi thuc hien hanh vi pham toi ma khong con cach nao khac la buoc phai su dung vu luc can thiet gay thiet hai cho nguoi bi bat giu thi khong phai la toi pham
exception_clause_article_25_clause_0,article_25,25,article_25_clause_0,Clause,exemption_or_exception,"Hành vi gây ra thiệt hại trong khi thực hiện việc nghiên cứu, thử nghiệm, áp dụng tiến bộ khoa học, kỹ thuật và công nghệ mới mặc dù đã tuân thủ đúng quy trình, quy phạm, áp dụng đầy đủ biện pháp phòng ngừa thì không phải là tội phạm. Người nào không áp dụng đúng quy trình, quy phạm, không áp dụng đầy đủ biện pháp phòng ngừa mà gây thiệt hại thì vẫn phải chịu trách nhiệm hình sự.",hanh vi gay ra thiet hai trong khi thuc hien viec nghien cuu thu nghiem ap dung tien bo khoa hoc ky thuat va cong nghe moi mac du da tuan thu dung quy trinh quy pham ap dung day du bien phap phong ngua thi khong phai la toi pham nguoi nao khong ap dung dung quy trinh quy pham khong ap dung day du bien phap phong ngua ma gay thiet hai thi van phai chiu trach nhiem hinh su
exception_clause_article_26_clause_0,article_26,26,article_26_clause_0,Clause,exemption_or_exception,"Người thực hiện hành vi gây thiệt hại trong khi thi hành mệnh lệnh của người chỉ huy hoặc của cấp trên trong lực lượng vũ trang nhân dân để thực hiện nhiệm vụ quốc phòng, an ninh nếu đã thực hiện đầy đủ quy trình báo cáo người ra mệnh lệnh nhưng người ra mệnh lệnh vẫn yêu cầu chấp hành mệnh lệnh đó, thì không phải chịu trách nhiệm hình sự. Trong trường hợp này người ra mệnh lệnh phải chịu trách nhiệm hình sự. Quy định này không áp dụng đối với các trường hợp quy định tại khoản 2 Điều 421, khoản 2 Điều 422 và khoản 2 Điều 423 của Bộ luật này.",nguoi thuc hien hanh vi gay thiet hai trong khi thi hanh menh lenh cua nguoi chi huy hoac cua cap tren trong luc luong vu trang nhan dan de thuc hien nhiem vu quoc phong an ninh neu da thuc hien day du quy trinh bao cao nguoi ra menh lenh nhung nguoi ra menh lenh van yeu cau chap hanh menh lenh do thi khong phai chiu trach nhiem hinh su trong truong hop nay nguoi ra menh lenh phai chiu trach nhiem hinh su quy dinh nay khong ap dung doi voi cac truong hop quy dinh tai khoan 2 dieu 421 khoan 2 dieu 422 va khoan 2 dieu 423 cua bo luat nay
exception_clause_article_29_clause_1,article_29,29,article_29_clause_1,Clause,exemption_or_exception,"Người phạm tội được miễn trách nhiệm hình sự khi có một trong những căn cứ sau đây: a) Khi tiến hành điều tra, truy tố hoặc xét xử, do có sự thay đổi chính sách, pháp luật làm cho hành vi phạm tội không còn nguy hiểm cho xã hội nữa; b) Khi có quyết định đại xá.",nguoi pham toi duoc mien trach nhiem hinh su khi co mot trong nhung can cu sau day a khi tien hanh dieu tra truy to hoac xet xu do co su thay doi chinh sach phap luat lam cho hanh vi pham toi khong con nguy hiem cho xa hoi nua b khi co quyet dinh dai xa
exception_clause_article_29_clause_2,article_29,29,article_29_clause_2,Clause,exemption_or_exception,"Người phạm tội có thể được miễn trách nhiệm hình sự khi có một trong các căn cứ sau đây: a) Khi tiến hành điều tra, truy tố, xét xử do chuyển biến của tình hình mà người phạm tội không còn nguy hiểm cho xã hội nữa; b) Khi tiến hành điều tra, truy tố, xét xử, người phạm tội mắc bệnh hiểm nghèo dẫn đến không còn khả năng gây nguy hiểm cho xã hội nữa; c) Trước khi hành vi phạm tội bị phát giác, người phạm tội tự thú, khai rõ sự việc, góp phần có hiệu quả vào việc phát hiện và điều tra tội phạm, cố gắng hạn chế đến mức thấp nhất hậu quả của tội phạm và lập công lớn hoặc có cống hiến đặc biệt, được Nhà nước và xã hội thừa nhận.",nguoi pham toi co the duoc mien trach nhiem hinh su khi co mot trong cac can cu sau day a khi tien hanh dieu tra truy to xet xu do chuyen bien cua tinh hinh ma nguoi pham toi khong con nguy hiem cho xa hoi nua b khi tien hanh dieu tra truy to xet xu nguoi pham toi mac benh hiem ngheo dan den khong con kha nang gay nguy hiem cho xa hoi nua c truoc khi hanh vi pham toi bi phat giac nguoi pham toi tu thu khai ro su viec gop phan co hieu qua vao viec phat hien va dieu tra toi pham co gang han che den muc thap nhat hau qua cua toi pham va lap cong lon hoac co cong hien dac biet duoc nha nuoc va xa hoi thua nhan
exception_clause_article_29_clause_3,article_29,29,article_29_clause_3,Clause,exemption_or_exception,"Người thực hiện tội phạm nghiêm trọng do vô ý hoặc tội phạm ít nghiêm trọng gây thiệt hại về tính mạng, sức khỏe, danh dự, nhân phẩm hoặc tài sản của người khác, đã tự nguyện sửa chữa, bồi thường thiệt hại hoặc khắc phục hậu quả và được người bị hại hoặc người đại diện hợp pháp của người bị hại tự nguyện hòa giải và đề nghị miễn trách nhiệm hình sự, thì có thể được miễn trách nhiệm hình sự.",nguoi thuc hien toi pham nghiem trong do vo y hoac toi pham it nghiem trong gay thiet hai ve tinh mang suc khoe danh du nhan pham hoac tai san cua nguoi khac da tu nguyen sua chua boi thuong thiet hai hoac khac phuc hau qua va duoc nguoi bi hai hoac nguoi dai dien hop phap cua nguoi bi hai tu nguyen hoa giai va de nghi mien trach nhiem hinh su thi co the duoc mien trach nhiem hinh su
exception_clause_article_32_clause_2,article_32,32,article_32_clause_2,Clause,exemption_or_exception,"Hình phạt bổ sung bao gồm: a) Cấm đảm nhiệm chức vụ, cấm hành nghề hoặc làm công việc nhất định; b) Cấm cư trú; c) Quản chế; d) Tước một số quyền công dân; đ) Tịch thu tài sản; e) Phạt tiền, khi không áp dụng là hình phạt chính; g) Trục xuất, khi không áp dụng là hình phạt chính.",hinh phat bo sung bao gom a cam dam nhiem chuc vu cam hanh nghe hoac lam cong viec nhat dinh b cam cu tru c quan che d tuoc mot so quyen cong dan d tich thu tai san e phat tien khi khong ap dung la hinh phat chinh g truc xuat khi khong ap dung la hinh phat chinh
exception_clause_article_33_clause_2,article_33,33,article_33_clause_2,Clause,exemption_or_exception,"Hình phạt bổ sung bao gồm: a) Cấm kinh doanh, cấm hoạt động trong một số lĩnh vực nhất định; b) Cấm huy động vốn; c) Phạt tiền, khi không áp dụng là hình phạt chính.",hinh phat bo sung bao gom a cam kinh doanh cam hoat dong trong mot so linh vuc nhat dinh b cam huy dong von c phat tien khi khong ap dung la hinh phat chinh
exception_clause_article_36_clause_4,article_36,36,article_36_clause_4,Clause,exemption_or_exception,"Trường hợp người bị phạt cải tạo không giam giữ không có việc làm hoặc bị mất việc làm trong thời gian chấp hành hình phạt này thì phải thực hiện một số công việc lao động phục vụ cộng đồng trong thời gian cải tạo không giam giữ. Thời gian lao động phục vụ cộng đồng không quá 04 giờ trong một ngày và không quá 05 ngày trong 01 tuần. Không áp dụng biện pháp lao động phục vụ cộng đồng đối với phụ nữ có thai hoặc đang nuôi con dưới 06 tháng tuổi, người già yếu, người bị bệnh hiểm nghèo, người khuyết tật nặng hoặc khuyết tật đặc biệt nặng. Người bị kết án cải tạo không giam giữ phải thực hiện những nghĩa vụ quy định tại Luật thi hành án hình sự.",truong hop nguoi bi phat cai tao khong giam giu khong co viec lam hoac bi mat viec lam trong thoi gian chap hanh hinh phat nay thi phai thuc hien mot so cong viec lao dong phuc vu cong dong trong thoi gian cai tao khong giam giu thoi gian lao dong phuc vu cong dong khong qua 04 gio trong mot ngay va khong qua 05 ngay trong 01 tuan khong ap dung bien phap lao dong phuc vu cong dong doi voi phu nu co thai hoac dang nuoi con duoi 06 thang tuoi nguoi gia yeu nguoi bi benh hiem ngheo nguoi khuyet tat nang hoac khuyet tat dac biet nang nguoi bi ket an cai tao khong giam giu phai thuc hien nhung nghia vu quy dinh tai luat thi hanh an hinh su
exception_clause_article_38_clause_2,article_38,38,article_38_clause_2,Clause,exemption_or_exception,Không áp dụng hình phạt tù có thời hạn đối với người lần đầu phạm tội ít nghiêm trọng do vô ý và có nơi cư trú rõ ràng.,khong ap dung hinh phat tu co thoi han doi voi nguoi lan dau pham toi it nghiem trong do vo y va co noi cu tru ro rang
exception_clause_article_39_clause_0,article_39,39,article_39_clause_0,Clause,exemption_or_exception,"Tù chung thân là hình phạt tù không thời hạn được áp dụng đối với người phạm tội đặc biệt nghiêm trọng, nhưng chưa đến mức bị xử phạt tử hình. Không áp dụng hình phạt tù chung thân đối với người dưới 18 tuổi phạm tội.",tu chung than la hinh phat tu khong thoi han duoc ap dung doi voi nguoi pham toi dac biet nghiem trong nhung chua den muc bi xu phat tu hinh khong ap dung hinh phat tu chung than doi voi nguoi duoi 18 tuoi pham toi
exception_clause_article_40_clause_2,article_40,40,article_40_clause_2,Clause,exemption_or_exception,"Không áp dụng hình phạt tử hình đối với người dưới 18 tuổi khi phạm tội, phụ nữ có thai, phụ nữ đang nuôi con dưới 36 tháng tuổi hoặc người đủ 75 tuổi trở lên khi phạm tội hoặc khi xét xử.",khong ap dung hinh phat tu hinh doi voi nguoi duoi 18 tuoi khi pham toi phu nu co thai phu nu dang nuoi con duoi 36 thang tuoi hoac nguoi du 75 tuoi tro len khi pham toi hoac khi xet xu
exception_clause_article_40_clause_3,article_40,40,article_40_clause_3,Clause,exemption_or_exception,Không thi hành án tử hình đối với người bị kết án nếu thuộc một trong các trường hợp sau đây: a) Phụ nữ có thai hoặc phụ nữ đang nuôi con dưới 36 tháng tuổi; b) Người đủ 75 tuổi trở lên; c) Người mắc bệnh ung thư giai đoạn cuối.,khong thi hanh an tu hinh doi voi nguoi bi ket an neu thuoc mot trong cac truong hop sau day a phu nu co thai hoac phu nu dang nuoi con duoi 36 thang tuoi b nguoi du 75 tuoi tro len c nguoi mac benh ung thu giai doan cuoi
exception_clause_article_51_clause_3,article_51,51,article_51_clause_3,Clause,exemption_or_exception,Các tình tiết giảm nhẹ đã được Bộ luật này quy định là dấu hiệu định tội hoặc định khung thì không được coi là tình tiết giảm nhẹ trong khi quyết định hình phạt.,cac tinh tiet giam nhe da duoc bo luat nay quy dinh la dau hieu dinh toi hoac dinh khung thi khong duoc coi la tinh tiet giam nhe trong khi quyet dinh hinh phat
exception_clause_article_52_clause_2,article_52,52,article_52_clause_2,Clause,exemption_or_exception,Các tình tiết đã được Bộ luật này quy định là dấu hiệu định tội hoặc định khung hình phạt thì không được coi là tình tiết tăng nặng.,cac tinh tiet da duoc bo luat nay quy dinh la dau hieu dinh toi hoac dinh khung hinh phat thi khong duoc coi la tinh tiet tang nang
exception_clause_article_58_clause_0,article_58,58,article_58_clause_0,Clause,exemption_or_exception,"Khi quyết định hình phạt đối với những người đồng phạm, Tòa án phải xét đến tính chất của đồng phạm, tính chất và mức độ tham gia phạm tội của từng người đồng phạm. Các tình tiết giảm nhẹ, tăng nặng hoặc loại trừ trách nhiệm hình sự thuộc người đồng phạm nào, thì chỉ áp dụng đối với người đó.",khi quyet dinh hinh phat doi voi nhung nguoi dong pham toa an phai xet den tinh chat cua dong pham tinh chat va muc do tham gia pham toi cua tung nguoi dong pham cac tinh tiet giam nhe tang nang hoac loai tru trach nhiem hinh su thuoc nguoi dong pham nao thi chi ap dung doi voi nguoi do
exception_clause_article_59_clause_0,article_59,59,article_59_clause_0,Clause,exemption_or_exception,Người phạm tội có thể được miễn hình phạt nếu thuộc trường hợp quy định tại khoản 1 và khoản 2 Điều 54 của Bộ luật này mà đáng được khoan hồng đặc biệt nhưng chưa đến mức được miễn trách nhiệm hình sự.,nguoi pham toi co the duoc mien hinh phat neu thuoc truong hop quy dinh tai khoan 1 va khoan 2 dieu 54 cua bo luat nay ma dang duoc khoan hong dac biet nhung chua den muc duoc mien trach nhiem hinh su
exception_clause_article_61_clause_0,article_61,61,article_61_clause_0,Clause,exemption_or_exception,"Không áp dụng thời hiệu thi hành bản án đối với các tội quy định tại Chương XIII, Chương XXVI, khoản 3 và khoản 4 Điều 353, khoản 3 và khoản 4 Điều 354 của Bộ luật này.",khong ap dung thoi hieu thi hanh ban an doi voi cac toi quy dinh tai chuong xiii chuong xxvi khoan 3 va khoan 4 dieu 353 khoan 3 va khoan 4 dieu 354 cua bo luat nay
exception_clause_article_62_clause_1,article_62,62,article_62_clause_1,Clause,exemption_or_exception,Người bị kết án được miễn chấp hành hình phạt khi được đặc xá hoặc đại xá.,nguoi bi ket an duoc mien chap hanh hinh phat khi duoc dac xa hoac dai xa
exception_clause_article_62_clause_7,article_62,62,article_62_clause_7,Clause,exemption_or_exception,Người được miễn chấp hành hình phạt theo quy định tại Điều này vẫn phải thực hiện đầy đủ các nghĩa vụ dân sự do Tòa án tuyên trong bản án.,nguoi duoc mien chap hanh hinh phat theo quy dinh tai dieu nay van phai thuc hien day du cac nghia vu dan su do toa an tuyen trong ban an
exception_clause_article_66_clause_2,article_66,66,article_66_clause_2,Clause,exemption_or_exception,"Không áp dụng quy định của Điều này đối với người bị kết án thuộc một trong các trường hợp sau đây: a) Người bị kết án về một trong các tội quy định tại Chương XIII, Chương XXVI, Điều 299 của Bộ luật này; người bị kết án 10 năm tù trở lên về một trong các tội quy định tại Chương XIV của Bộ luật này do cố ý hoặc người bị kết án 07 năm tù trở lên đối với một trong các tội quy định tại các điều 168, 169, 248, 251 và 252 của Bộ luật này; b) Người bị kết án tử hình được ân giảm hoặc thuộc trường hợp quy định tại khoản 3 Điều 40 của Bộ luật này.",khong ap dung quy dinh cua dieu nay doi voi nguoi bi ket an thuoc mot trong cac truong hop sau day a nguoi bi ket an ve mot trong cac toi quy dinh tai chuong xiii chuong xxvi dieu 299 cua bo luat nay nguoi bi ket an 10 nam tu tro len ve mot trong cac toi quy dinh tai chuong xiv cua bo luat nay do co y hoac nguoi bi ket an 07 nam tu tro len doi voi mot trong cac toi quy dinh tai cac dieu 168 169 248 251 va 252 cua bo luat nay b nguoi bi ket an tu hinh duoc an giam hoac thuoc truong hop quy dinh tai khoan 3 dieu 40 cua bo luat nay
exception_clause_article_67_clause_1,article_67,67,article_67_clause_1,Clause,exemption_or_exception,"Người bị xử phạt tù có thể được hoãn chấp hành hình phạt trong các trường hợp sau đây: a) Bị bệnh nặng thì được hoãn cho đến khi sức khỏe được hồi phục; b) Phụ nữ có thai hoặc đang nuôi con dưới 36 tháng tuổi, thì được hoãn cho đến khi con đủ 36 tháng tuổi; c) Là người lao động duy nhất trong gia đình, nếu phải chấp hành hình phạt tù thì gia đình sẽ gặp khó khăn đặc biệt, được hoãn đến 01 năm, trừ trường hợp người đó bị kết án về các tội xâm phạm an ninh quốc gia hoặc các tội khác là tội phạm rất nghiêm trọng, tội phạm đặc biệt nghiêm trọng; d) Bị kết án về tội phạm ít nghiêm trọng, do nhu cầu công vụ, thì được hoãn đến 01 năm.",nguoi bi xu phat tu co the duoc hoan chap hanh hinh phat trong cac truong hop sau day a bi benh nang thi duoc hoan cho den khi suc khoe duoc hoi phuc b phu nu co thai hoac dang nuoi con duoi 36 thang tuoi thi duoc hoan cho den khi con du 36 thang tuoi c la nguoi lao dong duy nhat trong gia dinh neu phai chap hanh hinh phat tu thi gia dinh se gap kho khan dac biet duoc hoan den 01 nam tru truong hop nguoi do bi ket an ve cac toi xam pham an ninh quoc gia hoac cac toi khac la toi pham rat nghiem trong toi pham dac biet nghiem trong d bi ket an ve toi pham it nghiem trong do nhu cau cong vu thi duoc hoan den 01 nam
exception_clause_article_69_clause_2,article_69,69,article_69_clause_2,Clause,exemption_or_exception,"Người bị kết án do lỗi vô ý về tội phạm ít nghiêm trọng, tội phạm nghiêm trọng và người được miễn hình phạt không bị coi là có án tích.",nguoi bi ket an do loi vo y ve toi pham it nghiem trong toi pham nghiem trong va nguoi duoc mien hinh phat khong bi coi la co an tich
exception_clause_article_73_clause_4,article_73,73,article_73_clause_4,Clause,exemption_or_exception,Người được miễn chấp hành phần hình phạt còn lại cũng được coi như đã chấp hành xong hình phạt.,nguoi duoc mien chap hanh phan hinh phat con lai cung duoc coi nhu da chap hanh xong hinh phat
exception_clause_article_75_clause_2,article_75,75,article_75_clause_2,Clause,exemption_or_exception,Việc pháp nhân thương mại chịu trách nhiệm hình sự không loại trừ trách nhiệm hình sự của cá nhân.,viec phap nhan thuong mai chiu trach nhiem hinh su khong loai tru trach nhiem hinh su cua ca nhan
exception_clause_article_84_clause_3,article_84,84,article_84_clause_3,Clause,exemption_or_exception,Các tình tiết giảm nhẹ đã được Bộ luật này quy định là dấu hiệu định tội hoặc định khung thì không được coi là tình tiết giảm nhẹ trong khi quyết định hình phạt.,cac tinh tiet giam nhe da duoc bo luat nay quy dinh la dau hieu dinh toi hoac dinh khung thi khong duoc coi la tinh tiet giam nhe trong khi quyet dinh hinh phat
exception_clause_article_85_clause_2,article_85,85,article_85_clause_2,Clause,exemption_or_exception,Các tình tiết đã được Bộ luật này quy định là dấu hiệu định tội hoặc định khung hình phạt thì không được coi là tình tiết tăng nặng.,cac tinh tiet da duoc bo luat nay quy dinh la dau hieu dinh toi hoac dinh khung hinh phat thi khong duoc coi la tinh tiet tang nang
exception_clause_article_88_clause_0,article_88,88,article_88_clause_0,Clause,exemption_or_exception,Pháp nhân thương mại phạm tội có thể được miễn hình phạt khi đã khắc phục toàn bộ hậu quả và đã bồi thường toàn bộ thiệt hại do hành vi phạm tội gây ra.,phap nhan thuong mai pham toi co the duoc mien hinh phat khi da khac phuc toan bo hau qua va da boi thuong toan bo thiet hai do hanh vi pham toi gay ra
exception_clause_article_91_clause_2,article_91,91,article_91_clause_2,Clause,exemption_or_exception,"Người dưới 18 tuổi phạm tội thuộc một trong các trường hợp sau đây và có nhiều tình tiết giảm nhẹ, tự nguyện khắc phục phần lớn hậu quả, nếu không thuộc trường hợp quy định tại Điều 29 của Bộ luật này, thì có thể được miễn trách nhiệm hình sự và áp dụng một trong các biện pháp quy định tại Mục 2 Chương này: a) Người từ đủ 16 tuổi đến dưới 18 tuổi phạm tội ít nghiêm trọng, phạm tội nghiêm trọng, trừ tội phạm quy định tại các điều 134, 141, 171, 248, 249, 250, 251 và 252 của Bộ luật này; b) Người từ đủ 14 tuổi đến dưới 16 tuổi phạm tội rất nghiêm trọng quy định tại khoản 2 Điều 12 của Bộ luật này, trừ tội phạm quy định tại các điều 123, 134, 141, 142, 144, 150, 151, 168, 171, 248, 249, 250, 251 và 252 của Bộ luật này; c) Người dưới 18 tuổi là người đồng phạm có vai trò không đáng kể trong vụ án.",nguoi duoi 18 tuoi pham toi thuoc mot trong cac truong hop sau day va co nhieu tinh tiet giam nhe tu nguyen khac phuc phan lon hau qua neu khong thuoc truong hop quy dinh tai dieu 29 cua bo luat nay thi co the duoc mien trach nhiem hinh su va ap dung mot trong cac bien phap quy dinh tai muc 2 chuong nay a nguoi tu du 16 tuoi den duoi 18 tuoi pham toi it nghiem trong pham toi nghiem trong tru toi pham quy dinh tai cac dieu 134 141 171 248 249 250 251 va 252 cua bo luat nay b nguoi tu du 14 tuoi den duoi 16 tuoi pham toi rat nghiem trong quy dinh tai khoan 2 dieu 12 cua bo luat nay tru toi pham quy dinh tai cac dieu 123 134 141 142 144 150 151 168 171 248 249 250 251 va 252 cua bo luat nay c nguoi duoi 18 tuoi la nguoi dong pham co vai tro khong dang ke trong vu an
exception_clause_article_91_clause_4,article_91,91,article_91_clause_4,Clause,exemption_or_exception,"Khi xét xử, Tòa án chỉ áp dụng hình phạt đối với người dưới 18 tuổi phạm tội nếu xét thấy việc miễn trách nhiệm hình sự và áp dụng một trong các biện pháp quy định tại Mục 2 hoặc việc áp dụng biện pháp giáo dục tại trường giáo dưỡng quy định tại Mục 3 Chương này không bảo đảm hiệu quả giáo dục, phòng ngừa.",khi xet xu toa an chi ap dung hinh phat doi voi nguoi duoi 18 tuoi pham toi neu xet thay viec mien trach nhiem hinh su va ap dung mot trong cac bien phap quy dinh tai muc 2 hoac viec ap dung bien phap giao duc tai truong giao duong quy dinh tai muc 3 chuong nay khong bao dam hieu qua giao duc phong ngua
exception_clause_article_91_clause_6,article_91,91,article_91_clause_6,Clause,exemption_or_exception,"Tòa án chỉ áp dụng hình phạt tù có thời hạn đối với người dưới 18 tuổi phạm tội khi xét thấy các hình phạt và biện pháp giáo dục khác không có tác dụng răn đe, phòng ngừa. Khi xử phạt tù có thời hạn, Tòa án cho người dưới 18 tuổi phạm tội được hưởng mức án nhẹ hơn mức án áp dụng đối với người đủ 18 tuổi trở lên phạm tội tương ứng và với thời hạn thích hợp ngắn nhất. Không áp dụng hình phạt bổ sung đối với người dưới 18 tuổi phạm tội.",toa an chi ap dung hinh phat tu co thoi han doi voi nguoi duoi 18 tuoi pham toi khi xet thay cac hinh phat va bien phap giao duc khac khong co tac dung ran de phong ngua khi xu phat tu co thoi han toa an cho nguoi duoi 18 tuoi pham toi duoc huong muc an nhe hon muc an ap dung doi voi nguoi du 18 tuoi tro len pham toi tuong ung va voi thoi han thich hop ngan nhat khong ap dung hinh phat bo sung doi voi nguoi duoi 18 tuoi pham toi
exception_clause_article_91_clause_7,article_91,91,article_91_clause_7,Clause,exemption_or_exception,"Án đã tuyên đối với người chưa đủ 16 tuổi phạm tội, thì không tính để xác định tái phạm hoặc tái phạm nguy hiểm. TRƯỜNG HỢP ĐƯỢC MIỄN TRÁCH NHIỆM HÌNH SỰ",an da tuyen doi voi nguoi chua du 16 tuoi pham toi thi khong tinh de xac dinh tai pham hoac tai pham nguy hiem truong hop duoc mien trach nhiem hinh su
exception_clause_article_92_clause_0,article_92,92,article_92_clause_0,Clause,exemption_or_exception,"Cơ quan điều tra, Viện kiểm sát hoặc Tòa án chỉ quyết định miễn trách nhiệm hình sự và áp dụng biện pháp khiển trách, hòa giải tại cộng đồng hoặc biện pháp giáo dục tại xã, phường, thị trấn, nếu người dưới 18 tuổi phạm tội hoặc người đại diện hợp pháp của họ đồng ý với việc áp dụng một trong các biện pháp này.",co quan dieu tra vien kiem sat hoac toa an chi quyet dinh mien trach nhiem hinh su va ap dung bien phap khien trach hoa giai tai cong dong hoac bien phap giao duc tai xa phuong thi tran neu nguoi duoi 18 tuoi pham toi hoac nguoi dai dien hop phap cua ho dong y voi viec ap dung mot trong cac bien phap nay
exception_clause_article_94_clause_2,article_94,94,article_94_clause_2,Clause,exemption_or_exception,"Cơ quan điều tra, Viện kiểm sát hoặc Tòa án phối hợp với Ủy ban nhân dân cấp xã tổ chức việc hòa giải tại cộng đồng khi người bị hại hoặc người đại diện hợp pháp của người bị hại đã tự nguyện hòa giải và đề nghị miễn trách nhiệm hình sự.",co quan dieu tra vien kiem sat hoac toa an phoi hop voi uy ban nhan dan cap xa to chuc viec hoa giai tai cong dong khi nguoi bi hai hoac nguoi dai dien hop phap cua nguoi bi hai da tu nguyen hoa giai va de nghi mien trach nhiem hinh su
exception_clause_article_105_clause_2,article_105,105,article_105_clause_2,Clause,exemption_or_exception,"Người dưới 18 tuổi phạm tội bị phạt cải tạo không giam giữ hoặc phạt tù, nếu lập công hoặc mắc bệnh hiểm nghèo, thì được xét giảm ngay và có thể được miễn chấp hành phần hình phạt còn lại.",nguoi duoi 18 tuoi pham toi bi phat cai tao khong giam giu hoac phat tu neu lap cong hoac mac benh hiem ngheo thi duoc xet giam ngay va co the duoc mien chap hanh phan hinh phat con lai
exception_clause_article_110_clause_4,article_110,110,article_110_clause_4,Clause,exemption_or_exception,"Người đã nhận làm gián điệp, nhưng không thực hiện nhiệm vụ được giao và tự thú, thành khẩn khai báo với cơ quan nhà nước có thẩm quyền, thì được miễn trách nhiệm hình sự về tội này.",nguoi da nhan lam gian diep nhung khong thuc hien nhiem vu duoc giao va tu thu thanh khan khai bao voi co quan nha nuoc co tham quyen thi duoc mien trach nhiem hinh su ve toi nay
exception_clause_article_148_clause_1,article_148,148,article_148_clause_1,Clause,exemption_or_exception,"Người nào biết mình bị nhiễm HIV mà cố ý lây truyền HIV cho người khác, trừ trường hợp nạn nhân đã biết về tình trạng nhiễm HIV của người bị HIV và tự nguyện quan hệ tình dục, thì bị phạt tù từ 01 năm đến 03 năm.",nguoi nao biet minh bi nhiem hiv ma co y lay truyen hiv cho nguoi khac tru truong hop nan nhan da biet ve tinh trang nhiem hiv cua nguoi bi hiv va tu nguyen quan he tinh duc thi bi phat tu tu 01 nam den 03 nam
exception_clause_article_151_clause_1,article_151,151,article_151_clause_1,Clause,exemption_or_exception,"Người nào thực hiện một trong các hành vi sau đây, thì bị phạt tù từ 07 năm đến 12 năm: a) Chuyển giao hoặc tiếp nhận người dưới 16 tuổi để giao, nhận tiền, tài sản hoặc lợi ích vật chất khác, trừ trường hợp vì mục đích nhân đạo; b) Chuyển giao hoặc tiếp nhận người dưới 16 tuổi để bóc lột tình dục, cưỡng bức lao động, lấy bộ phận cơ thể hoặc vì mục đích vô nhân đạo khác; c) Tuyển mộ, vận chuyển, chứa chấp người dưới 16 tuổi để thực hiện hành vi quy định tại điểm a hoặc điểm b khoản này.",nguoi nao thuc hien mot trong cac hanh vi sau day thi bi phat tu tu 07 nam den 12 nam a chuyen giao hoac tiep nhan nguoi duoi 16 tuoi de giao nhan tien tai san hoac loi ich vat chat khac tru truong hop vi muc dich nhan dao b chuyen giao hoac tiep nhan nguoi duoi 16 tuoi de boc lot tinh duc cuong buc lao dong lay bo phan co the hoac vi muc dich vo nhan dao khac c tuyen mo van chuyen chua chap nguoi duoi 16 tuoi de thuc hien hanh vi quy dinh tai diem a hoac diem b khoan nay
exception_clause_article_200_clause_1,article_200,200,article_200_clause_1,Clause,exemption_or_exception,"Người nào thực hiện một trong các hành vi sau đây trốn thuế với số tiền từ 100.000.000 đồng đến dưới 300.000.000 đồng hoặc dưới 100.000.000 đồng nhưng đã bị xử phạt vi phạm hành chính về hành vi trốn thuế hoặc đã bị kết án về tội này hoặc về một trong các tội quy định tại các điều 188, 189, 190, 191, 192, 193, 194, 195, 196, 202, 250, 251, 253, 254, 304, 305, 306, 309 và 311 của Bộ luật này, chưa được xóa án tích mà còn vi phạm, thì bị phạt tiền từ 100.000.000 đồng đến 500.000.000 đồng hoặc phạt tù từ 03 tháng đến 01 năm: a) Không nộp hồ sơ đăng ký thuế; không nộp hồ sơ khai thuế; nộp hồ sơ khai thuế sau 90 ngày kể từ ngày hết hạn nộp hồ sơ khai thuế hoặc hết thời hạn gia hạn nộp hồ sơ khai thuế theo quy định của pháp luật; b) Không ghi chép trong sổ kế toán các khoản thu liên quan đến việc xác định số tiền thuế phải nộp; c) Không xuất hóa đơn khi bán hàng hóa, dịch vụ hoặc ghi giá trị trên hóa đơn bán hàng thấp hơn giá trị thanh toán thực tế của hàng hóa, dịch vụ đã bán; d) Sử dụng hóa đơn, chứng từ không hợp pháp để hạch toán hàng hóa, nguyên liệu đầu vào trong hoạt động phát sinh nghĩa vụ thuế làm giảm số tiền thuế phải nộp hoặc làm tăng số tiền thuế được miễn, số tiền thuế được giảm hoặc tăng số tiền thuế được khấu trừ, số tiền thuế được hoàn; đ) Sử dụng chứng từ, tài liệu không hợp pháp khác để xác định sai số tiền thuế phải nộp, số tiền thuế được hoàn; e) Khai sai với thực tế hàng hóa xuất khẩu, nhập khẩu mà không khai bổ sung hồ sơ khai thuế sau khi hàng hóa đã được thông quan, nếu không thuộc trường hợp quy định tại Điều 188 và Điều 189 của Bộ luật này; g) Cố ý không kê khai hoặc khai sai về thuế đối với hàng hóa xuất khẩu, nhập khẩu, nếu không thuộc trường hợp quy định tại Điều 188 và Điều 189 của Bộ luật này; h) Câu kết với người gửi hàng để nhập khẩu hàng hóa, nếu không thuộc trường hợp quy định tại Điều 188 và Điều 189 của Bộ luật này; i) Sử dụng hàng hóa thuộc đối tượng không chịu thuế, miễn thuế, xét miễn thuế không đúng mục đích quy định mà không khai báo việc chuyển đổi mục đích sử dụng với cơ quan quản lý thuế.",nguoi nao thuc hien mot trong cac hanh vi sau day tron thue voi so tien tu 100 000 000 dong den duoi 300 000 000 dong hoac duoi 100 000 000 dong nhung da bi xu phat vi pham hanh chinh ve hanh vi tron thue hoac da bi ket an ve toi nay hoac ve mot trong cac toi quy dinh tai cac dieu 188 189 190 191 192 193 194 195 196 202 250 251 253 254 304 305 306 309 va 311 cua bo luat nay chua duoc xoa an tich ma con vi pham thi bi phat tien tu 100 000 000 dong den 500 000 000 dong hoac phat tu tu 03 thang den 01 nam a khong nop ho so dang ky thue khong nop ho so khai thue nop ho so khai thue sau 90 ngay ke tu ngay het han nop ho so khai thue hoac het thoi han gia han nop ho so khai thue theo quy dinh cua phap luat b khong ghi chep trong so ke toan cac khoan thu lien quan den viec xac dinh so tien thue phai nop c khong xuat hoa don khi ban hang hoa dich vu hoac ghi gia tri tren hoa don ban hang thap hon gia tri thanh toan thuc te cua hang hoa dich vu da ban d su dung hoa don chung tu khong hop phap de hach toan hang hoa nguyen lieu dau vao trong hoat dong phat sinh nghia vu thue lam giam so tien thue phai nop hoac lam tang so tien thue duoc mien so tien thue duoc giam hoac tang so tien thue duoc khau tru so tien thue duoc hoan d su dung chung tu tai lieu khong hop phap khac de xac dinh sai so tien thue phai nop so tien thue duoc hoan e khai sai voi thuc te hang hoa xuat khau nhap khau ma khong khai bo sung ho so khai thue sau khi hang hoa da duoc thong quan neu khong thuoc truong hop quy dinh tai dieu 188 va dieu 189 cua bo luat nay g co y khong ke khai hoac khai sai ve thue doi voi hang hoa xuat khau nhap khau neu khong thuoc truong hop quy dinh tai dieu 188 va dieu 189 cua bo luat nay h cau ket voi nguoi gui hang de nhap khau hang hoa neu khong thuoc truong hop quy dinh tai dieu 188 va dieu 189 cua bo luat nay i su dung hang hoa thuoc doi tuong khong chiu thue mien thue xet mien thue khong dung muc dich quy dinh ma khong khai bao viec chuyen doi muc dich su dung voi co quan quan ly thue
exception_clause_article_206_clause_1,article_206,206,article_206_clause_1,Clause,exemption_or_exception,"Người nào thực hiện một trong các hành vi sau đây gây thiệt hại cho người khác về tài sản từ 100.000.000 đồng đến dưới 300.000.000 đồng, thì bị phạt tiền từ 50.000.000 đồng đến 300.000.000 đồng hoặc phạt tù từ 06 tháng đến 03 năm: a) Cấp tín dụng cho trường hợp không được cấp tín dụng, trừ trường hợp cấp dưới hình thức phát hành thẻ tín dụng; b) Cấp tín dụng không có bảo đảm hoặc cấp tín dụng với điều kiện ưu đãi cho đối tượng bị hạn chế cấp tín dụng theo quy định của pháp luật; c) Vi phạm quy định về tỷ lệ bảo đảm an toàn cho hoạt động của tổ chức tín dụng, chi nhánh ngân hàng nước ngoài theo quy định của Luật các tổ chức tín dụng; d) Cố ý nâng khống giá trị tài sản bảo đảm khi thẩm định giá để cấp tín dụng đối với trường hợp phải có tài sản bảo đảm; đ) Vi phạm quy định của pháp luật về tổng mức dư nợ cấp tín dụng đối với đối tượng bị hạn chế cấp tín dụng; e) Cấp tín dụng vượt giới hạn so với vốn tự có đối với một khách hàng và người có liên quan, trừ trường hợp có chấp thuận của người có thẩm quyền theo quy định của pháp luật; g) Vi phạm quy định của pháp luật về góp vốn, giới hạn góp vốn, mua cổ phần, điều kiện cấp tín dụng; h) Phát hành, cung ứng, sử dụng phương tiện thanh toán không hợp pháp; làm giả chứng từ thanh toán, phương tiện thanh toán; sử dụng chứng từ thanh toán, phương tiện thanh toán giả; i) Kinh doanh vàng trái phép hoặc kinh doanh ngoại hối trái phép; k) Tiến hành hoạt động ngân hàng khi chưa được cơ quan nhà nước có thẩm quyền cho phép theo quy định của Luật Ngân hàng Nhà nước Việt Nam và Luật các tổ chức tín dụng.",nguoi nao thuc hien mot trong cac hanh vi sau day gay thiet hai cho nguoi khac ve tai san tu 100 000 000 dong den duoi 300 000 000 dong thi bi phat tien tu 50 000 000 dong den 300 000 000 dong hoac phat tu tu 06 thang den 03 nam a cap tin dung cho truong hop khong duoc cap tin dung tru truong hop cap duoi hinh thuc phat hanh the tin dung b cap tin dung khong co bao dam hoac cap tin dung voi dieu kien uu dai cho doi tuong bi han che cap tin dung theo quy dinh cua phap luat c vi pham quy dinh ve ty le bao dam an toan cho hoat dong cua to chuc tin dung chi nhanh ngan hang nuoc ngoai theo quy dinh cua luat cac to chuc tin dung d co y nang khong gia tri tai san bao dam khi tham dinh gia de cap tin dung doi voi truong hop phai co tai san bao dam d vi pham quy dinh cua phap luat ve tong muc du no cap tin dung doi voi doi tuong bi han che cap tin dung e cap tin dung vuot gioi han so voi von tu co doi voi mot khach hang va nguoi co lien quan tru truong hop co chap thuan cua nguoi co tham quyen theo quy dinh cua phap luat g vi pham quy dinh cua phap luat ve gop von gioi han gop von mua co phan dieu kien cap tin dung h phat hanh cung ung su dung phuong tien thanh toan khong hop phap lam gia chung tu thanh toan phuong tien thanh toan su dung chung tu thanh toan phuong tien thanh toan gia i kinh doanh vang trai phep hoac kinh doanh ngoai hoi trai phep k tien hanh hoat dong ngan hang khi chua duoc co quan nha nuoc co tham quyen cho phep theo quy dinh cua luat ngan hang nha nuoc viet nam va luat cac to chuc tin dung
exception_clause_article_213_clause_1,article_213,213,article_213_clause_1,Clause,exemption_or_exception,"Người nào thực hiện một trong các hành vi sau đây chiếm đoạt tiền bảo hiểm từ 20.000.000 đồng đến dưới 100.000.000 đồng hoặc gây thiệt hại từ 50.000.000 đồng đến dưới 200.000.000 đồng, nếu không thuộc trường hợp quy định tại các điều 174, 353 và 355 của Bộ luật này, thì bị phạt tiền từ 30.000.000 đồng đến 100.000.000 đồng hoặc phạt cải tạo không giam giữ đến 03 năm: a) Thông đồng với người thụ hưởng quyền lợi bảo hiểm để giải quyết bồi thường bảo hiểm, trả tiền bảo hiểm trái pháp luật; b) Giả mạo tài liệu, cố ý làm sai lệch thông tin để từ chối bồi thường, trả tiền bảo hiểm khi sự kiện bảo hiểm đã xảy ra; c) Giả mạo tài liệu, cố ý làm sai lệch thông tin trong hồ sơ yêu cầu bồi thường, trả tiền bảo hiểm; d) Tự gây thiệt hại về tài sản, sức khỏe của mình để hưởng quyền lợi bảo hiểm, trừ trường hợp luật có quy định khác.",nguoi nao thuc hien mot trong cac hanh vi sau day chiem doat tien bao hiem tu 20 000 000 dong den duoi 100 000 000 dong hoac gay thiet hai tu 50 000 000 dong den duoi 200 000 000 dong neu khong thuoc truong hop quy dinh tai cac dieu 174 353 va 355 cua bo luat nay thi bi phat tien tu 30 000 000 dong den 100 000 000 dong hoac phat cai tao khong giam giu den 03 nam a thong dong voi nguoi thu huong quyen loi bao hiem de giai quyet boi thuong bao hiem tra tien bao hiem trai phap luat b gia mao tai lieu co y lam sai lech thong tin de tu choi boi thuong tra tien bao hiem khi su kien bao hiem da xay ra c gia mao tai lieu co y lam sai lech thong tin trong ho so yeu cau boi thuong tra tien bao hiem d tu gay thiet hai ve tai san suc khoe cua minh de huong quyen loi bao hiem tru truong hop luat co quy dinh khac
exception_clause_article_238_clause_1,article_238,238,article_238_clause_1,Clause,exemption_or_exception,"Người nào thực hiện một trong các hành vi sau đây, gây thương tích hoặc gây tổn hại cho sức khỏe của người khác mà tỷ lệ tổn thương cơ thể 61% trở lên hoặc gây thương tích hoặc gây tổn hại cho sức khỏe của 02 người trở lên mà tổng tỷ lệ tổn thương cơ thể của những người này từ 61% đến 121% hoặc gây thiệt hại từ 100.000.000 đồng đến dưới 300.000.000 đồng, nếu không thuộc trường hợp quy định tại Điều 303 của Bộ luật này, thì bị phạt tiền từ 100.000.000 đồng đến 600.000.000 đồng, phạt cải tạo không giam giữ đến 03 năm hoặc phạt tù từ 03 tháng đến 02 năm: a) Xây nhà, công trình trái phép trong phạm vi bảo vệ công trình thủy lợi, đê điều, công trình phòng, chống thiên tai; b) Làm hư hỏng công trình thủy lợi, đê điều, công trình phòng, chống thiên tai, công trình bảo vệ, khai thác, sử dụng, quan trắc, giám sát tài nguyên nước, công trình phòng, chống và khắc phục hậu quả tác hại do nước gây ra; c) Khoan, đào thăm dò, khảo sát, khai thác đất, đá, cát sỏi, khoáng sản, nước dưới đất trái phép; d) Sử dụng chất nổ, gây nổ, gây cháy trong phạm vi bảo vệ công trình thủy lợi, đê điều, công trình phòng, chống thiên tai, công trình bảo vệ, khai thác, sử dụng, quan trắc, giám sát tài nguyên nước, công trình phòng, chống và khắc phục hậu quả tác hại do nước gây ra, trừ trường hợp có giấy phép hoặc trường hợp khẩn cấp do luật định; đ) Vận hành hồ chứa nước không đúng quy trình vận hành hồ chứa, quy trình vận hành liên hồ chứa; vận hành công trình phân lũ, làm chậm lũ không đúng với quy trình, quy chuẩn kỹ thuật cho phép, trừ trường hợp đặc biệt thực hiện theo quyết định của người có thẩm quyền.",nguoi nao thuc hien mot trong cac hanh vi sau day gay thuong tich hoac gay ton hai cho suc khoe cua nguoi khac ma ty le ton thuong co the 61 tro len hoac gay thuong tich hoac gay ton hai cho suc khoe cua 02 nguoi tro len ma tong ty le ton thuong co the cua nhung nguoi nay tu 61 den 121 hoac gay thiet hai tu 100 000 000 dong den duoi 300 000 000 dong neu khong thuoc truong hop quy dinh tai dieu 303 cua bo luat nay thi bi phat tien tu 100 000 000 dong den 600 000 000 dong phat cai tao khong giam giu den 03 nam hoac phat tu tu 03 thang den 02 nam a xay nha cong trinh trai phep trong pham vi bao ve cong trinh thuy loi de dieu cong trinh phong chong thien tai b lam hu hong cong trinh thuy loi de dieu cong trinh phong chong thien tai cong trinh bao ve khai thac su dung quan trac giam sat tai nguyen nuoc cong trinh phong chong va khac phuc hau qua tac hai do nuoc gay ra c khoan dao tham do khao sat khai thac dat da cat soi khoang san nuoc duoi dat trai phep d su dung chat no gay no gay chay trong pham vi bao ve cong trinh thuy loi de dieu cong trinh phong chong thien tai cong trinh bao ve khai thac su dung quan trac giam sat tai nguyen nuoc cong trinh phong chong va khac phuc hau qua tac hai do nuoc gay ra tru truong hop co giay phep hoac truong hop khan cap do luat dinh d van hanh ho chua nuoc khong dung quy trinh van hanh ho chua quy trinh van hanh lien ho chua van hanh cong trinh phan lu lam cham lu khong dung voi quy trinh quy chuan ky thuat cho phep tru truong hop dac biet thuc hien theo quyet dinh cua nguoi co tham quyen
exception_clause_article_240_clause_1,article_240,240,article_240_clause_1,Clause,exemption_or_exception,"Người nào thực hiện một trong các hành vi sau đây, làm lây lan dịch bệnh truyền nhiễm nguy hiểm cho người, thì bị phạt tiền từ 100.000.000 đồng đến 400.000.000 đồng hoặc phạt tù từ 01 năm đến 05 năm: a) Đưa ra hoặc cho phép đưa ra khỏi vùng có dịch bệnh động vật, thực vật, sản phẩm động vật, thực vật hoặc vật phẩm khác có khả năng lây truyền dịch bệnh nguy hiểm cho người, trừ trường hợp pháp luật có quy định khác; b) Đưa vào hoặc cho phép đưa vào lãnh thổ Việt Nam động vật, thực vật hoặc sản phẩm động vật, thực vật bị nhiễm bệnh hoặc mang mầm bệnh nguy hiểm có khả năng lây truyền cho người; c) Hành vi khác làm lây lan dịch bệnh nguy hiểm cho người",nguoi nao thuc hien mot trong cac hanh vi sau day lam lay lan dich benh truyen nhiem nguy hiem cho nguoi thi bi phat tien tu 100 000 000 dong den 400 000 000 dong hoac phat tu tu 01 nam den 05 nam a dua ra hoac cho phep dua ra khoi vung co dich benh dong vat thuc vat san pham dong vat thuc vat hoac vat pham khac co kha nang lay truyen dich benh nguy hiem cho nguoi tru truong hop phap luat co quy dinh khac b dua vao hoac cho phep dua vao lanh tho viet nam dong vat thuc vat hoac san pham dong vat thuc vat bi nhiem benh hoac mang mam benh nguy hiem co kha nang lay truyen cho nguoi c hanh vi khac lam lay lan dich benh nguy hiem cho nguoi
exception_clause_article_241_clause_1,article_241,241,article_241_clause_1,Clause,exemption_or_exception,"Người nào thực hiện một trong các hành vi sau đây, làm lây lan dịch bệnh nguy hiểm cho động vật, thực vật gây thiệt hại về tài sản từ 100.000.000 đồng đến dưới 500.000.000 đồng hoặc đã bị xử phạt vi phạm hành chính về một trong những hành vi này mà còn vi phạm, thì bị phạt tiền từ 100.000.000 đồng đến 400.000.000 đồng, phạt cải tạo không giam giữ đến 03 năm hoặc phạt tù từ 06 tháng đến 02 năm: a) Đưa vào, mang ra hoặc cho phép đưa vào, mang ra khỏi vùng có dịch động vật, thực vật, sản phẩm động vật, thực vật hoặc vật phẩm khác bị nhiễm bệnh hoặc mang mầm bệnh, trừ trường hợp pháp luật có quy định khác; b) Đưa vào hoặc cho phép đưa vào lãnh thổ Việt Nam động vật, thực vật, sản phẩm động vật, thực vật thuộc diện kiểm dịch mà không thực hiện các quy định của pháp luật về kiểm dịch; c) Hành vi khác làm lây lan dịch bệnh nguy hiểm cho động vật, thực vật.",nguoi nao thuc hien mot trong cac hanh vi sau day lam lay lan dich benh nguy hiem cho dong vat thuc vat gay thiet hai ve tai san tu 100 000 000 dong den duoi 500 000 000 dong hoac da bi xu phat vi pham hanh chinh ve mot trong nhung hanh vi nay ma con vi pham thi bi phat tien tu 100 000 000 dong den 400 000 000 dong phat cai tao khong giam giu den 03 nam hoac phat tu tu 06 thang den 02 nam a dua vao mang ra hoac cho phep dua vao mang ra khoi vung co dich dong vat thuc vat san pham dong vat thuc vat hoac vat pham khac bi nhiem benh hoac mang mam benh tru truong hop phap luat co quy dinh khac b dua vao hoac cho phep dua vao lanh tho viet nam dong vat thuc vat san pham dong vat thuc vat thuoc dien kiem dich ma khong thuc hien cac quy dinh cua phap luat ve kiem dich c hanh vi khac lam lay lan dich benh nguy hiem cho dong vat thuc vat
exception_clause_article_247_clause_4,article_247,247,article_247_clause_4,Clause,exemption_or_exception,"Người nào phạm tội thuộc khoản 1 Điều này, nhưng đã tự nguyện phá bỏ, giao nộp cho cơ quan chức năng có thẩm quyền trước khi thu hoạch, thì có thể được miễn trách nhiệm hình sự.",nguoi nao pham toi thuoc khoan 1 dieu nay nhung da tu nguyen pha bo giao nop cho co quan chuc nang co tham quyen truoc khi thu hoach thi co the duoc mien trach nhiem hinh su
exception_clause_article_329_clause_1,article_329,329,article_329_clause_1,Clause,exemption_or_exception,"Người nào đủ 18 tuổi trở lên mua dâm người dưới 18 tuổi trừ trường hợp quy định tại điểm b khoản 1 Điều 142 của Bộ luật này, thì bị phạt tù từ 01 năm đến 05 năm.",nguoi nao du 18 tuoi tro len mua dam nguoi duoi 18 tuoi tru truong hop quy dinh tai diem b khoan 1 dieu 142 cua bo luat nay thi bi phat tu tu 01 nam den 05 nam
exception_clause_article_364_clause_7,article_364,364,article_364_clause_7,Clause,exemption_or_exception,"Người bị ép buộc đưa hối lộ mà chủ động khai báo trước khi bị phát giác, thì được coi là không có tội và được trả lại toàn bộ của đã dùng để đưa hối lộ. Người đưa hối lộ tuy không bị ép buộc nhưng đã chủ động khai báo trước khi bị phát giác, thì có thể được miễn trách nhiệm hình sự và được trả lại một phần hoặc toàn bộ của đã dùng để đưa hối lộ.",nguoi bi ep buoc dua hoi lo ma chu dong khai bao truoc khi bi phat giac thi duoc coi la khong co toi va duoc tra lai toan bo cua da dung de dua hoi lo nguoi dua hoi lo tuy khong bi ep buoc nhung da chu dong khai bao truoc khi bi phat giac thi co the duoc mien trach nhiem hinh su va duoc tra lai mot phan hoac toan bo cua da dung de dua hoi lo
exception_clause_article_365_clause_6,article_365,365,article_365_clause_6,Clause,exemption_or_exception,"Người môi giới hối lộ mà chủ động khai báo trước khi bị phát giác, thì có thể được miễn trách nhiệm hình sự.",nguoi moi gioi hoi lo ma chu dong khai bao truoc khi bi phat giac thi co the duoc mien trach nhiem hinh su
exception_clause_article_379_clause_1,article_379,379,article_379_clause_1,Clause,exemption_or_exception,"Người nào có thẩm quyền mà cố ý không ra quyết định thi hành án hoặc không thi hành quyết định thi hành bản án, quyết định của Tòa án thuộc một trong các trường hợp sau đây, thì bị phạt cải tạo không giam giữ đến 03 năm hoặc phạt tù từ 06 tháng đến 03 năm: a) Đã bị xử lý kỷ luật về hành vi này mà còn vi phạm; b) Dẫn đến người bị kết án, người phải chấp hành án bỏ trốn; c) Dẫn đến hết thời hiệu thi hành án; d) Dẫn đến người bị kết án, người phải chấp hành án, người có nghĩa vụ thi hành án tẩu tán tài sản và không thi hành được nghĩa vụ thi hành án với số tiền từ 50.000.000 đồng đến dưới 200.000.000 đồng.",nguoi nao co tham quyen ma co y khong ra quyet dinh thi hanh an hoac khong thi hanh quyet dinh thi hanh ban an quyet dinh cua toa an thuoc mot trong cac truong hop sau day thi bi phat cai tao khong giam giu den 03 nam hoac phat tu tu 06 thang den 03 nam a da bi xu ly ky luat ve hanh vi nay ma con vi pham b dan den nguoi bi ket an nguoi phai chap hanh an bo tron c dan den het thoi hieu thi hanh an d dan den nguoi bi ket an nguoi phai chap hanh an nguoi co nghia vu thi hanh an tau tan tai san va khong thi hanh duoc nghia vu thi hanh an voi so tien tu 50 000 000 dong den duoi 200 000 000 dong
exception_clause_article_379_clause_2,article_379,379,article_379_clause_2,Clause,exemption_or_exception,"Phạm tội thuộc một trong những trường hợp sau đây, thì bị phạt tù từ 02 năm đến 07 năm: a) Phạm tội 02 lần trở lên; b) Dẫn đến người bị kết án, người phải chấp hành án tiếp tục thực hiện tội phạm ít nghiêm trọng hoặc tội phạm nghiêm trọng; c) Dẫn đến người bị kết án, người phải thi hành án, người có nghĩa vụ thi hành án tẩu tán tài sản và không thi hành được nghĩa vụ thi hành án với số tiền từ 200.000.000 đồng đến dưới 1.000.000.000 đồng.",pham toi thuoc mot trong nhung truong hop sau day thi bi phat tu tu 02 nam den 07 nam a pham toi 02 lan tro len b dan den nguoi bi ket an nguoi phai chap hanh an tiep tuc thuc hien toi pham it nghiem trong hoac toi pham nghiem trong c dan den nguoi bi ket an nguoi phai thi hanh an nguoi co nghia vu thi hanh an tau tan tai san va khong thi hanh duoc nghia vu thi hanh an voi so tien tu 200 000 000 dong den duoi 1 000 000 000 dong
exception_clause_article_379_clause_3,article_379,379,article_379_clause_3,Clause,exemption_or_exception,"Phạm tội thuộc một trong những trường hợp sau đây, thì bị phạt tù từ 05 năm đến 10 năm: a) Dẫn đến người bị kết án, người phải chấp hành án tiếp tục thực hiện tội phạm rất nghiêm trọng hoặc tội phạm đặc biệt nghiêm trọng; b) Dẫn đến người bị kết án, người phải thi hành án, người có nghĩa vụ thi hành án tẩu tán tài sản và không thi hành được nghĩa vụ thi hành án với số tiền 1.000.000.000 đồng trở lên.",pham toi thuoc mot trong nhung truong hop sau day thi bi phat tu tu 05 nam den 10 nam a dan den nguoi bi ket an nguoi phai chap hanh an tiep tuc thuc hien toi pham rat nghiem trong hoac toi pham dac biet nghiem trong b dan den nguoi bi ket an nguoi phai thi hanh an nguoi co nghia vu thi hanh an tau tan tai san va khong thi hanh duoc nghia vu thi hanh an voi so tien 1 000 000 000 dong tro len
exception_clause_article_381_clause_1,article_381,381,article_381_clause_1,Clause,exemption_or_exception,"Người nào lợi dụng chức vụ, quyền hạn cố ý cản trở việc thi hành án thuộc một trong các trường hợp sau đây, thì bị phạt cải tạo không giam giữ đến 03 năm hoặc phạt tù từ 06 tháng đến 03 năm: a) Dẫn đến người bị kết án, người phải chấp hành án bỏ trốn; b) Dẫn đến hết thời hiệu thi hành án; c) Dẫn đến người bị kết án, người phải chấp hành án, người có nghĩa vụ thi hành án tẩu tán tài sản và không thi hành được nghĩa vụ thi hành án với số tiền từ 50.000.000 đồng đến dưới 200.000.000 đồng; d) Gây thiệt hại từ 50.000.000 đồng đến dưới 200.000.000 đồng.",nguoi nao loi dung chuc vu quyen han co y can tro viec thi hanh an thuoc mot trong cac truong hop sau day thi bi phat cai tao khong giam giu den 03 nam hoac phat tu tu 06 thang den 03 nam a dan den nguoi bi ket an nguoi phai chap hanh an bo tron b dan den het thoi hieu thi hanh an c dan den nguoi bi ket an nguoi phai chap hanh an nguoi co nghia vu thi hanh an tau tan tai san va khong thi hanh duoc nghia vu thi hanh an voi so tien tu 50 000 000 dong den duoi 200 000 000 dong d gay thiet hai tu 50 000 000 dong den duoi 200 000 000 dong
exception_clause_article_381_clause_2,article_381,381,article_381_clause_2,Clause,exemption_or_exception,"Phạm tội thuộc một trong các trường hợp sau đây, thì bị phạt tù từ 02 năm đến 05 năm: a) Phạm tội 02 lần trở lên; b) Dẫn đến người bị kết án, người phải chấp hành án tiếp tục thực hiện tội phạm; c) Dẫn đến người bị kết án, người phải thi hành án, người có nghĩa vụ thi hành án tẩu tán tài sản và không thi hành được nghĩa vụ thi hành án với số tiền 200.000.000 đồng trở lên; d) Gây thiệt hại 200.000.000 đồng trở lên.",pham toi thuoc mot trong cac truong hop sau day thi bi phat tu tu 02 nam den 05 nam a pham toi 02 lan tro len b dan den nguoi bi ket an nguoi phai chap hanh an tiep tuc thuc hien toi pham c dan den nguoi bi ket an nguoi phai thi hanh an nguoi co nghia vu thi hanh an tau tan tai san va khong thi hanh duoc nghia vu thi hanh an voi so tien 200 000 000 dong tro len d gay thiet hai 200 000 000 dong tro len
exception_clause_article_385_clause_2,article_385,385,article_385_clause_2,Clause,exemption_or_exception,"Phạm tội thuộc một trong các trường hợp sau đây, thì bị phạt tù từ 02 năm đến 07 năm: a) Dẫn đến việc giải quyết vụ án, vụ việc bị sai lệch; b) Dẫn đến bị can, bị cáo, người bị kết án, người phải thi hành án, người có nghĩa vụ thi hành án tẩu tán tài sản và không thi hành được nghĩa vụ thi hành án với số tiền 100.000.000 đồng trở lên.",pham toi thuoc mot trong cac truong hop sau day thi bi phat tu tu 02 nam den 07 nam a dan den viec giai quyet vu an vu viec bi sai lech b dan den bi can bi cao nguoi bi ket an nguoi phai thi hanh an nguoi co nghia vu thi hanh an tau tan tai san va khong thi hanh duoc nghia vu thi hanh an voi so tien 100 000 000 dong tro len
exception_clause_article_390_clause_2,article_390,390,article_390_clause_2,Clause,exemption_or_exception,"Người không tố giác nếu đã có hành động can ngăn người phạm tội hoặc hạn chế tác hại của tội phạm, thì có thể được miễn trách nhiệm hình sự hoặc miễn hình phạt.",nguoi khong to giac neu da co hanh dong can ngan nguoi pham toi hoac han che tac hai cua toi pham thi co the duoc mien trach nhiem hinh su hoac mien hinh phat
exception_clause_article_426_clause_1,article_426,426,article_426_clause_1,Clause,exemption_or_exception,"Kể từ ngày 01 tháng 7 năm 2025, Luật này được áp dụng như sau: a) Các quy định tại Điều 1 của Luật này được áp dụng để khởi tố, điều tra, truy tố, xét xử và thi hành án đối với người thực hiện hành vi phạm tội từ 0 giờ 00 phút ngày 01 tháng 7 năm 2025; b) Quy định có lợi cho người phạm tội tại các điều 40, 63, 109, 110, 114, 194, 248, 250, 251, 353, 354 và 421 của Bộ luật Hình sự số 100/2015/QH13 đã được sửa đổi, bổ sung một số điều theo Luật số 12/2017/QH14 và Luật số 59/2024/QH15 (sau đây gọi là Bộ luật Hình sự) được sửa đổi, bổ sung tại các khoản 1, 4, 5, 6, 7, 10, 18, 22, 23 và 29 Điều 1 của Luật này và các quy định khác có lợi cho người phạm tội thì được áp dụng đối với cả những hành vi phạm tội xảy ra trước 0 giờ 00 phút ngày 01 tháng 7 năm 2025 mà sau thời điểm đó mới bị phát hiện hoặc đang bị điều tra, truy tố, xét xử; c) Quy định không có lợi cho người phạm tội tại các điều 63, 192, 193, 194, 195, 235, 236, 237, 238, 239, 240, 241, 242, 243, 244, 245, 246, 248, 249, 250, 251, 252, 255, 317, 353, 354, 355, 356, 357, 358 và 359 của Bộ luật Hình sự được sửa đổi, bổ sung tại các khoản 4, 8, 9, 10, 11, 12, 13, 14, 15, 16, 17, 18, 19, 21, 22, 23, 24, 25, 26, 27 và 28 Điều 1 của Luật này và các quy định khác không có lợi cho người phạm tội thì không áp dụng đối với những hành vi xảy ra trước 0 giờ 00 phút ngày 01 tháng 7 năm 2025 mà sau thời điểm đó mới phát hiện hoặc đang bị điều tra, truy tố, xét xử hoặc đối với người đang được xét giảm thời hạn chấp hành hình phạt, xóa án tích; trong trường hợp này, áp dụng quy định tương ứng của các văn bản quy phạm pháp luật về hình sự có hiệu lực trước 0 giờ 00 phút ngày 01 tháng 7 năm 2025 để giải quyết, trừ trường hợp quy định tại khoản 4 Điều này; d) Đối với những hành vi phạm tội đã có bản án, quyết định của Tòa án đã có hiệu lực pháp luật trước 0 giờ 00 phút ngày 01 tháng 7 năm 2025 thì không căn cứ vào những quy định của Luật này có nội dung khác so với các điều luật đã được áp dụng khi tuyên án để kháng nghị giám đốc thẩm; trường hợp kháng nghị dựa vào căn cứ khác hoặc đã kháng nghị trước ngày 01 tháng 7 năm 2025 thì việc xét xử giám đốc thẩm được áp dụng quy định tại điểm b và điểm c khoản này.",ke tu ngay 01 thang 7 nam 2025 luat nay duoc ap dung nhu sau a cac quy dinh tai dieu 1 cua luat nay duoc ap dung de khoi to dieu tra truy to xet xu va thi hanh an doi voi nguoi thuc hien hanh vi pham toi tu 0 gio 00 phut ngay 01 thang 7 nam 2025 b quy dinh co loi cho nguoi pham toi tai cac dieu 40 63 109 110 114 194 248 250 251 353 354 va 421 cua bo luat hinh su so 100 2015 qh13 da duoc sua doi bo sung mot so dieu theo luat so 12 2017 qh14 va luat so 59 2024 qh15 sau day goi la bo luat hinh su duoc sua doi bo sung tai cac khoan 1 4 5 6 7 10 18 22 23 va 29 dieu 1 cua luat nay va cac quy dinh khac co loi cho nguoi pham toi thi duoc ap dung doi voi ca nhung hanh vi pham toi xay ra truoc 0 gio 00 phut ngay 01 thang 7 nam 2025 ma sau thoi diem do moi bi phat hien hoac dang bi dieu tra truy to xet xu c quy dinh khong co loi cho nguoi pham toi tai cac dieu 63 192 193 194 195 235 236 237 238 239 240 241 242 243 244 245 246 248 249 250 251 252 255 317 353 354 355 356 357 358 va 359 cua bo luat hinh su duoc sua doi bo sung tai cac khoan 4 8 9 10 11 12 13 14 15 16 17 18 19 21 22 23 24 25 26 27 va 28 dieu 1 cua luat nay va cac quy dinh khac khong co loi cho nguoi pham toi thi khong ap dung doi voi nhung hanh vi xay ra truoc 0 gio 00 phut ngay 01 thang 7 nam 2025 ma sau thoi diem do moi phat hien hoac dang bi dieu tra truy to xet xu hoac doi voi nguoi dang duoc xet giam thoi han chap hanh hinh phat xoa an tich trong truong hop nay ap dung quy dinh tuong ung cua cac van ban quy pham phap luat ve hinh su co hieu luc truoc 0 gio 00 phut ngay 01 thang 7 nam 2025 de giai quyet tru truong hop quy dinh tai khoan 4 dieu nay d doi voi nhung hanh vi pham toi da co ban an quyet dinh cua toa an da co hieu luc phap luat truoc 0 gio 00 phut ngay 01 thang 7 nam 2025 thi khong can cu vao nhung quy dinh cua luat nay co noi dung khac so voi cac dieu luat da duoc ap dung khi tuyen an de khang nghi giam doc tham truong hop khang nghi dua vao can cu khac hoac da khang nghi truoc ngay 01 thang 7 nam 2025 thi viec xet xu giam doc tham duoc ap dung quy dinh tai diem b va diem c khoan nay
exception_clause_article_426_clause_2,article_426,426,article_426_clause_2,Clause,exemption_or_exception,"Hình phạt tử hình đã tuyên trước ngày 01 tháng 7 năm 2025 đối với người phạm tội về các tội quy định tại các điều 109, 110, 114, 194, 250, 353, 354 và 421 của Bộ luật Hình sự hoặc thuộc trường hợp quy định tại điểm c khoản 3 Điều 40 của Bộ luật Hình sự được sửa đổi, bổ sung tại khoản 1 Điều 1 của Luật này mà chưa thi hành án thì không thi hành và Chánh án Tòa án nhân dân tối cao quyết định chuyển hình phạt tử hình thành tù chung thân.",hinh phat tu hinh da tuyen truoc ngay 01 thang 7 nam 2025 doi voi nguoi pham toi ve cac toi quy dinh tai cac dieu 109 110 114 194 250 353 354 va 421 cua bo luat hinh su hoac thuoc truong hop quy dinh tai diem c khoan 3 dieu 40 cua bo luat hinh su duoc sua doi bo sung tai khoan 1 dieu 1 cua luat nay ma chua thi hanh an thi khong thi hanh va chanh an toa an nhan dan toi cao quyet dinh chuyen hinh phat tu hinh thanh tu chung than
exception_clause_article_426_clause_3,article_426,426,article_426_clause_3,Clause,exemption_or_exception,"Hình phạt tử hình đã tuyên trước ngày 01 tháng 7 năm 2025 đối với người phạm tội về các tội quy định tại Điều 248 hoặc Điều 251 của Bộ luật Hình sự mà chưa thi hành án thì không thi hành và Chánh án Tòa án nhân dân tối cao quyết định chuyển hình phạt tử hình thành tù chung thân đối với các trường hợp sau: a) Khối lượng, thể tích chất ma túy được xác định trong bản án để quyết định hình phạt bằng hoặc thấp hơn khối lượng, thể tích chất ma túy thấp nhất quy định tại khoản 5 Điều 248 hoặc khoản 5 Điều 251 của Bộ luật Hình sự được sửa đổi, bổ sung tại khoản 18 Điều 1 của Luật này; b) Khối lượng, thể tích chất ma túy được xác định trong bản án để quyết định hình phạt lớn hơn khối lượng, thể tích chất ma túy thấp nhất quy định tại khoản 5 Điều 248 hoặc khoản 5 Điều 251 của Bộ luật Hình sự được sửa đổi, bổ sung tại khoản 18 Điều 1 của Luật này mà người phạm tội không phải là người chủ mưu, cầm đầu, chỉ huy hoặc không có 02 tình tiết tăng nặng trở lên.",hinh phat tu hinh da tuyen truoc ngay 01 thang 7 nam 2025 doi voi nguoi pham toi ve cac toi quy dinh tai dieu 248 hoac dieu 251 cua bo luat hinh su ma chua thi hanh an thi khong thi hanh va chanh an toa an nhan dan toi cao quyet dinh chuyen hinh phat tu hinh thanh tu chung than doi voi cac truong hop sau a khoi luong the tich chat ma tuy duoc xac dinh trong ban an de quyet dinh hinh phat bang hoac thap hon khoi luong the tich chat ma tuy thap nhat quy dinh tai khoan 5 dieu 248 hoac khoan 5 dieu 251 cua bo luat hinh su duoc sua doi bo sung tai khoan 18 dieu 1 cua luat nay b khoi luong the tich chat ma tuy duoc xac dinh trong ban an de quyet dinh hinh phat lon hon khoi luong the tich chat ma tuy thap nhat quy dinh tai khoan 5 dieu 248 hoac khoan 5 dieu 251 cua bo luat hinh su duoc sua doi bo sung tai khoan 18 dieu 1 cua luat nay ma nguoi pham toi khong phai la nguoi chu muu cam dau chi huy hoac khong co 02 tinh tiet tang nang tro len
exception_clause_article_426_clause_5,article_426,426,article_426_clause_5,Clause,exemption_or_exception,Hình phạt tù chung thân đã tuyên trước ngày 01 tháng 7 năm 2025 khi xét giảm mức hình phạt đã tuyên đối với người phạm tội về các tội quy định tại Điều 353 và Điều 354 của Bộ luật Hình sự thì không áp dụng quy định tại điểm a khoản 4 Điều 1 của Luật này khi xét giảm mức hình phạt đã tuyên.,hinh phat tu chung than da tuyen truoc ngay 01 thang 7 nam 2025 khi xet giam muc hinh phat da tuyen doi voi nguoi pham toi ve cac toi quy dinh tai dieu 353 va dieu 354 cua bo luat hinh su thi khong ap dung quy dinh tai diem a khoan 4 dieu 1 cua luat nay khi xet giam muc hinh phat da tuyen
exception_point_article_32_clause_2_point_e,article_32,32,article_32_clause_2_point_e,Point,exemption_or_exception,"Phạt tiền, khi không áp dụng là hình phạt chính;",phat tien khi khong ap dung la hinh phat chinh
exception_point_article_32_clause_2_point_g,article_32,32,article_32_clause_2_point_g,Point,exemption_or_exception,"Trục xuất, khi không áp dụng là hình phạt chính.",truc xuat khi khong ap dung la hinh phat chinh
exception_point_article_33_clause_2_point_c,article_33,33,article_33_clause_2_point_c,Point,exemption_or_exception,"Phạt tiền, khi không áp dụng là hình phạt chính.",phat tien khi khong ap dung la hinh phat chinh
exception_point_article_67_clause_1_point_c,article_67,67,article_67_clause_1_point_c,Point,exemption_or_exception,"Là người lao động duy nhất trong gia đình, nếu phải chấp hành hình phạt tù thì gia đình sẽ gặp khó khăn đặc biệt, được hoãn đến 01 năm, trừ trường hợp người đó bị kết án về các tội xâm phạm an ninh quốc gia hoặc các tội khác là tội phạm rất nghiêm trọng, tội phạm đặc biệt nghiêm trọng;",la nguoi lao dong duy nhat trong gia dinh neu phai chap hanh hinh phat tu thi gia dinh se gap kho khan dac biet duoc hoan den 01 nam tru truong hop nguoi do bi ket an ve cac toi xam pham an ninh quoc gia hoac cac toi khac la toi pham rat nghiem trong toi pham dac biet nghiem trong
exception_point_article_151_clause_1_point_a,article_151,151,article_151_clause_1_point_a,Point,exemption_or_exception,"Chuyển giao hoặc tiếp nhận người dưới 16 tuổi để giao, nhận tiền, tài sản hoặc lợi ích vật chất khác, trừ trường hợp vì mục đích nhân đạo;",chuyen giao hoac tiep nhan nguoi duoi 16 tuoi de giao nhan tien tai san hoac loi ich vat chat khac tru truong hop vi muc dich nhan dao
exception_point_article_200_clause_1_point_d,article_200,200,article_200_clause_1_point_d,Point,exemption_or_exception,"Sử dụng hóa đơn, chứng từ không hợp pháp để hạch toán hàng hóa, nguyên liệu đầu vào trong hoạt động phát sinh nghĩa vụ thuế làm giảm số tiền thuế phải nộp hoặc làm tăng số tiền thuế được miễn, số tiền thuế được giảm hoặc tăng số tiền thuế được khấu trừ, số tiền thuế được hoàn;",su dung hoa don chung tu khong hop phap de hach toan hang hoa nguyen lieu dau vao trong hoat dong phat sinh nghia vu thue lam giam so tien thue phai nop hoac lam tang so tien thue duoc mien so tien thue duoc giam hoac tang so tien thue duoc khau tru so tien thue duoc hoan
exception_point_article_206_clause_1_point_a,article_206,206,article_206_clause_1_point_a,Point,exemption_or_exception,"Cấp tín dụng cho trường hợp không được cấp tín dụng, trừ trường hợp cấp dưới hình thức phát hành thẻ tín dụng;",cap tin dung cho truong hop khong duoc cap tin dung tru truong hop cap duoi hinh thuc phat hanh the tin dung
exception_point_article_206_clause_1_point_e,article_206,206,article_206_clause_1_point_e,Point,exemption_or_exception,"Cấp tín dụng vượt giới hạn so với vốn tự có đối với một khách hàng và người có liên quan, trừ trường hợp có chấp thuận của người có thẩm quyền theo quy định của pháp luật;",cap tin dung vuot gioi han so voi von tu co doi voi mot khach hang va nguoi co lien quan tru truong hop co chap thuan cua nguoi co tham quyen theo quy dinh cua phap luat
exception_point_article_213_clause_1_point_d,article_213,213,article_213_clause_1_point_d,Point,exemption_or_exception,"Tự gây thiệt hại về tài sản, sức khỏe của mình để hưởng quyền lợi bảo hiểm, trừ trường hợp luật có quy định khác.",tu gay thiet hai ve tai san suc khoe cua minh de huong quyen loi bao hiem tru truong hop luat co quy dinh khac
exception_point_article_238_clause_1_point_d,article_238,238,article_238_clause_1_point_d,Point,exemption_or_exception,"Sử dụng chất nổ, gây nổ, gây cháy trong phạm vi bảo vệ công trình thủy lợi, đê điều, công trình phòng, chống thiên tai, công trình bảo vệ, khai thác, sử dụng, quan trắc, giám sát tài nguyên nước, công trình phòng, chống và khắc phục hậu quả tác hại do nước gây ra, trừ trường hợp có giấy phép hoặc trường hợp khẩn cấp do luật định;",su dung chat no gay no gay chay trong pham vi bao ve cong trinh thuy loi de dieu cong trinh phong chong thien tai cong trinh bao ve khai thac su dung quan trac giam sat tai nguyen nuoc cong trinh phong chong va khac phuc hau qua tac hai do nuoc gay ra tru truong hop co giay phep hoac truong hop khan cap do luat dinh
exception_point_article_240_clause_1_point_a,article_240,240,article_240_clause_1_point_a,Point,exemption_or_exception,"Đưa ra hoặc cho phép đưa ra khỏi vùng có dịch bệnh động vật, thực vật, sản phẩm động vật, thực vật hoặc vật phẩm khác có khả năng lây truyền dịch bệnh nguy hiểm cho người, trừ trường hợp pháp luật có quy định khác;",dua ra hoac cho phep dua ra khoi vung co dich benh dong vat thuc vat san pham dong vat thuc vat hoac vat pham khac co kha nang lay truyen dich benh nguy hiem cho nguoi tru truong hop phap luat co quy dinh khac
exception_point_article_241_clause_1_point_a,article_241,241,article_241_clause_1_point_a,Point,exemption_or_exception,"Đưa vào, mang ra hoặc cho phép đưa vào, mang ra khỏi vùng có dịch động vật, thực vật, sản phẩm động vật, thực vật hoặc vật phẩm khác bị nhiễm bệnh hoặc mang mầm bệnh, trừ trường hợp pháp luật có quy định khác;",dua vao mang ra hoac cho phep dua vao mang ra khoi vung co dich dong vat thuc vat san pham dong vat thuc vat hoac vat pham khac bi nhiem benh hoac mang mam benh tru truong hop phap luat co quy dinh khac
exception_point_article_379_clause_1_point_d,article_379,379,article_379_clause_1_point_d,Point,exemption_or_exception,"Dẫn đến người bị kết án, người phải chấp hành án, người có nghĩa vụ thi hành án tẩu tán tài sản và không thi hành được nghĩa vụ thi hành án với số tiền từ 50.000.000 đồng đến dưới 200.000.000 đồng.",dan den nguoi bi ket an nguoi phai chap hanh an nguoi co nghia vu thi hanh an tau tan tai san va khong thi hanh duoc nghia vu thi hanh an voi so tien tu 50 000 000 dong den duoi 200 000 000 dong
exception_point_article_379_clause_2_point_c,article_379,379,article_379_clause_2_point_c,Point,exemption_or_exception,"Dẫn đến người bị kết án, người phải thi hành án, người có nghĩa vụ thi hành án tẩu tán tài sản và không thi hành được nghĩa vụ thi hành án với số tiền từ 200.000.000 đồng đến dưới 1.000.000.000 đồng.",dan den nguoi bi ket an nguoi phai thi hanh an nguoi co nghia vu thi hanh an tau tan tai san va khong thi hanh duoc nghia vu thi hanh an voi so tien tu 200 000 000 dong den duoi 1 000 000 000 dong
exception_point_article_379_clause_3_point_b,article_379,379,article_379_clause_3_point_b,Point,exemption_or_exception,"Dẫn đến người bị kết án, người phải thi hành án, người có nghĩa vụ thi hành án tẩu tán tài sản và không thi hành được nghĩa vụ thi hành án với số tiền 1.000.000.000 đồng trở lên.",dan den nguoi bi ket an nguoi phai thi hanh an nguoi co nghia vu thi hanh an tau tan tai san va khong thi hanh duoc nghia vu thi hanh an voi so tien 1 000 000 000 dong tro len
exception_point_article_381_clause_1_point_c,article_381,381,article_381_clause_1_point_c,Point,exemption_or_exception,"Dẫn đến người bị kết án, người phải chấp hành án, người có nghĩa vụ thi hành án tẩu tán tài sản và không thi hành được nghĩa vụ thi hành án với số tiền từ 50.000.000 đồng đến dưới 200.000.000 đồng;",dan den nguoi bi ket an nguoi phai chap hanh an nguoi co nghia vu thi hanh an tau tan tai san va khong thi hanh duoc nghia vu thi hanh an voi so tien tu 50 000 000 dong den duoi 200 000 000 dong
exception_point_article_381_clause_2_point_c,article_381,381,article_381_clause_2_point_c,Point,exemption_or_exception,"Dẫn đến người bị kết án, người phải thi hành án, người có nghĩa vụ thi hành án tẩu tán tài sản và không thi hành được nghĩa vụ thi hành án với số tiền 200.000.000 đồng trở lên;",dan den nguoi bi ket an nguoi phai thi hanh an nguoi co nghia vu thi hanh an tau tan tai san va khong thi hanh duoc nghia vu thi hanh an voi so tien 200 000 000 dong tro len
exception_point_article_385_clause_2_point_b,article_385,385,article_385_clause_2_point_b,Point,exemption_or_exception,"Dẫn đến bị can, bị cáo, người bị kết án, người phải thi hành án, người có nghĩa vụ thi hành án tẩu tán tài sản và không thi hành được nghĩa vụ thi hành án với số tiền 100.000.000 đồng trở lên.",dan den bi can bi cao nguoi bi ket an nguoi phai thi hanh an nguoi co nghia vu thi hanh an tau tan tai san va khong thi hanh duoc nghia vu thi hanh an voi so tien 100 000 000 dong tro len
exception_point_article_426_clause_1_point_c,article_426,426,article_426_clause_1_point_c,Point,exemption_or_exception,"Quy định không có lợi cho người phạm tội tại các điều 63, 192, 193, 194, 195, 235, 236, 237, 238, 239, 240, 241, 242, 243, 244, 245, 246, 248, 249, 250, 251, 252, 255, 317, 353, 354, 355, 356, 357, 358 và 359 của Bộ luật Hình sự được sửa đổi, bổ sung tại các khoản 4, 8, 9, 10, 11, 12, 13, 14, 15, 16, 17, 18, 19, 21, 22, 23, 24, 25, 26, 27 và 28 Điều 1 của Luật này và các quy định khác không có lợi cho người phạm tội thì không áp dụng đối với những hành vi xảy ra trước 0 giờ 00 phút ngày 01 tháng 7 năm 2025 mà sau thời điểm đó mới phát hiện hoặc đang bị điều tra, truy tố, xét xử hoặc đối với người đang được xét giảm thời hạn chấp hành hình phạt, xóa án tích; trong trường hợp này, áp dụng quy định tương ứng của các văn bản quy phạm pháp luật về hình sự có hiệu lực trước 0 giờ 00 phút ngày 01 tháng 7 năm 2025 để giải quyết, trừ trường hợp quy định tại khoản 4 Điều này;",quy dinh khong co loi cho nguoi pham toi tai cac dieu 63 192 193 194 195 235 236 237 238 239 240 241 242 243 244 245 246 248 249 250 251 252 255 317 353 354 355 356 357 358 va 359 cua bo luat hinh su duoc sua doi bo sung tai cac khoan 4 8 9 10 11 12 13 14 15 16 17 18 19 21 22 23 24 25 26 27 va 28 dieu 1 cua luat nay va cac quy dinh khac khong co loi cho nguoi pham toi thi khong ap dung doi voi nhung hanh vi xay ra truoc 0 gio 00 phut ngay 01 thang 7 nam 2025 ma sau thoi diem do moi phat hien hoac dang bi dieu tra truy to xet xu hoac doi voi nguoi dang duoc xet giam thoi han chap hanh hinh phat xoa an tich trong truong hop nay ap dung quy dinh tuong ung cua cac van ban quy pham phap luat ve hinh su co hieu luc truoc 0 gio 00 phut ngay 01 thang 7 nam 2025 de giai quyet tru truong hop quy dinh tai khoan 4 dieu nay
exception_condition_condition_article_7_clause_2,article_7,7,condition_article_7_clause_2,Condition,exemption_or_exception,"Điều luật quy định một tội phạm mới, một hình phạt nặng hơn, một tình tiết tăng nặng mới hoặc hạn chế phạm vi áp dụng án treo, miễn trách nhiệm hình sự, loại trừ trách nhiệm hình sự, miễn hình phạt, giảm hình phạt, xóa án tích và quy định khác không có lợi cho người phạm tội, thì không được áp dụng đối với hành vi phạm tội đã thực hiện trước khi điều luật đó có hiệu lực thi hành.",dieu luat quy dinh mot toi pham moi mot hinh phat nang hon mot tinh tiet tang nang moi hoac han che pham vi ap dung an treo mien trach nhiem hinh su loai tru trach nhiem hinh su mien hinh phat giam hinh phat xoa an tich va quy dinh khac khong co loi cho nguoi pham toi thi khong duoc ap dung doi voi hanh vi pham toi da thuc hien truoc khi dieu luat do co hieu luc thi hanh
exception_condition_condition_article_7_clause_3,article_7,7,condition_article_7_clause_3,Condition,exemption_or_exception,"Điều luật xóa bỏ một tội phạm, một hình phạt, một tình tiết tăng nặng, quy định một hình phạt nhẹ hơn, một tình tiết giảm nhẹ mới hoặc mở rộng phạm vi áp dụng án treo, miễn trách nhiệm hình sự, loại trừ trách nhiệm hình sự, miễn hình phạt, giảm hình phạt, tha tù trước thời hạn có điều kiện, xóa án tích và quy định khác có lợi cho người phạm tội, thì được áp dụng đối với hành vi phạm tội đã thực hiện trước khi điều luật đó có hiệu lực thi hành.",dieu luat xoa bo mot toi pham mot hinh phat mot tinh tiet tang nang quy dinh mot hinh phat nhe hon mot tinh tiet giam nhe moi hoac mo rong pham vi ap dung an treo mien trach nhiem hinh su loai tru trach nhiem hinh su mien hinh phat giam hinh phat tha tu truoc thoi han co dieu kien xoa an tich va quy dinh khac co loi cho nguoi pham toi thi duoc ap dung doi voi hanh vi pham toi da thuc hien truoc khi dieu luat do co hieu luc thi hanh
exception_condition_condition_article_8_clause_2,article_8,8,condition_article_8_clause_2,Condition,exemption_or_exception,Những hành vi tuy có dấu hiệu của tội phạm nhưng tính chất nguy hiểm cho xã hội không đáng kể thì không phải là tội phạm và được xử lý bằng các biện pháp khác.,nhung hanh vi tuy co dau hieu cua toi pham nhung tinh chat nguy hiem cho xa hoi khong dang ke thi khong phai la toi pham va duoc xu ly bang cac bien phap khac
exception_condition_condition_article_14_clause_1,article_14,14,condition_article_14_clause_1,Condition,exemption_or_exception,"Chuẩn bị phạm tội là tìm kiếm, sửa soạn công cụ, phương tiện hoặc tạo ra những điều kiện khác để thực hiện tội phạm hoặc thành lập, tham gia nhóm tội phạm, trừ trường hợp thành lập hoặc tham gia nhóm tội phạm quy định tại Điều 109, điểm a khoản 2 Điều 113 hoặc điểm a khoản 2 Điều 299 của Bộ luật này.",chuan bi pham toi la tim kiem sua soan cong cu phuong tien hoac tao ra nhung dieu kien khac de thuc hien toi pham hoac thanh lap tham gia nhom toi pham tru truong hop thanh lap hoac tham gia nhom toi pham quy dinh tai dieu 109 diem a khoan 2 dieu 113 hoac diem a khoan 2 dieu 299 cua bo luat nay
exception_condition_condition_article_16_clause_0,article_16,16,condition_article_16_clause_0,Condition,exemption_or_exception,"Tự ý nửa chừng chấm dứt việc phạm tội là tự mình không thực hiện tội phạm đến cùng, tuy không có gì ngăn cản. Người tự ý nửa chừng chấm dứt việc phạm tội được miễn trách nhiệm hình sự về tội định phạm; nếu hành vi thực tế đã thực hiện có đủ yếu tố cấu thành của một tội khác, thì người đó phải chịu trách nhiệm hình sự về tội này.",tu y nua chung cham dut viec pham toi la tu minh khong thuc hien toi pham den cung tuy khong co gi ngan can nguoi tu y nua chung cham dut viec pham toi duoc mien trach nhiem hinh su ve toi dinh pham neu hanh vi thuc te da thuc hien co du yeu to cau thanh cua mot toi khac thi nguoi do phai chiu trach nhiem hinh su ve toi nay
exception_condition_condition_article_17_clause_4,article_17,17,condition_article_17_clause_4,Condition,exemption_or_exception,Người đồng phạm không phải chịu trách nhiệm hình sự về hành vi vượt quá của người thực hành.,nguoi dong pham khong phai chiu trach nhiem hinh su ve hanh vi vuot qua cua nguoi thuc hanh
exception_condition_condition_article_18_clause_2,article_18,18,condition_article_18_clause_2,Condition,exemption_or_exception,"Người che giấu tội phạm là ông, bà, cha, mẹ, con, cháu, anh chị em ruột, vợ hoặc chồng của người phạm tội không phải chịu trách nhiệm hình sự theo quy định tại khoản 1 Điều này, trừ trường hợp che giấu các tội xâm phạm an ninh quốc gia hoặc tội đặc biệt nghiêm trọng khác quy định tại Điều 389 của Bộ luật này.",nguoi che giau toi pham la ong ba cha me con chau anh chi em ruot vo hoac chong cua nguoi pham toi khong phai chiu trach nhiem hinh su theo quy dinh tai khoan 1 dieu nay tru truong hop che giau cac toi xam pham an ninh quoc gia hoac toi dac biet nghiem trong khac quy dinh tai dieu 389 cua bo luat nay
exception_condition_condition_article_19_clause_2,article_19,19,condition_article_19_clause_2,Condition,exemption_or_exception,"Người không tố giác là ông, bà, cha, mẹ, con, cháu, anh chị em ruột, vợ hoặc chồng của người phạm tội không phải chịu trách nhiệm hình sự theo quy định tại khoản 1 Điều này, trừ trường hợp không tố giác các tội quy định tại Chương XIII của Bộ luật này hoặc tội khác là tội phạm đặc biệt nghiêm trọng.",nguoi khong to giac la ong ba cha me con chau anh chi em ruot vo hoac chong cua nguoi pham toi khong phai chiu trach nhiem hinh su theo quy dinh tai khoan 1 dieu nay tru truong hop khong to giac cac toi quy dinh tai chuong xiii cua bo luat nay hoac toi khac la toi pham dac biet nghiem trong
exception_condition_condition_article_19_clause_3,article_19,19,condition_article_19_clause_3,Condition,exemption_or_exception,"Người không tố giác là người bào chữa không phải chịu trách nhiệm hình sự theo quy định tại khoản 1 Điều này, trừ trường hợp không tố giác các tội quy định tại Chương XIII của Bộ luật này hoặc tội khác là tội phạm đặc biệt nghiêm trọng do chính người mà mình bào chữa đang chuẩn bị, đang thực hiện hoặc đã thực hiện mà người bào chữa biết rõ khi thực hiện việc bào chữa.",nguoi khong to giac la nguoi bao chua khong phai chiu trach nhiem hinh su theo quy dinh tai khoan 1 dieu nay tru truong hop khong to giac cac toi quy dinh tai chuong xiii cua bo luat nay hoac toi khac la toi pham dac biet nghiem trong do chinh nguoi ma minh bao chua dang chuan bi dang thuc hien hoac da thuc hien ma nguoi bao chua biet ro khi thuc hien viec bao chua
exception_condition_condition_article_20_clause_0,article_20,20,condition_article_20_clause_0,Condition,exemption_or_exception,"Người thực hiện hành vi gây hậu quả nguy hại cho xã hội trong trường hợp không thể thấy trước hoặc không buộc phải thấy trước hậu quả của hành vi đó, thì không phải chịu trách nhiệm hình sự.",nguoi thuc hien hanh vi gay hau qua nguy hai cho xa hoi trong truong hop khong the thay truoc hoac khong buoc phai thay truoc hau qua cua hanh vi do thi khong phai chiu trach nhiem hinh su
exception_condition_condition_article_21_clause_0,article_21,21,condition_article_21_clause_0,Condition,exemption_or_exception,"Người thực hiện hành vi nguy hiểm cho xã hội trong khi đang mắc bệnh tâm thần, một bệnh khác làm mất khả năng nhận thức hoặc khả năng điều khiển hành vi của mình, thì không phải chịu trách nhiệm hình sự.",nguoi thuc hien hanh vi nguy hiem cho xa hoi trong khi dang mac benh tam than mot benh khac lam mat kha nang nhan thuc hoac kha nang dieu khien hanh vi cua minh thi khong phai chiu trach nhiem hinh su
exception_condition_condition_article_22_clause_1,article_22,22,condition_article_22_clause_1,Condition,exemption_or_exception,"Phòng vệ chính đáng là hành vi của người vì bảo vệ quyền hoặc lợi ích chính đáng của mình, của người khác hoặc lợi ích của Nhà nước, của cơ quan, tổ chức mà chống trả lại một cách cần thiết người đang có hành vi xâm phạm các lợi ích nói trên. Phòng vệ chính đáng không phải là tội phạm.",phong ve chinh dang la hanh vi cua nguoi vi bao ve quyen hoac loi ich chinh dang cua minh cua nguoi khac hoac loi ich cua nha nuoc cua co quan to chuc ma chong tra lai mot cach can thiet nguoi dang co hanh vi xam pham cac loi ich noi tren phong ve chinh dang khong phai la toi pham
exception_condition_condition_article_23_clause_1,article_23,23,condition_article_23_clause_1,Condition,exemption_or_exception,"Tình thế cấp thiết là tình thế của người vì muốn tránh gây thiệt hại cho quyền, lợi ích hợp pháp của mình, của người khác hoặc lợi ích của Nhà nước, của cơ quan, tổ chức mà không còn cách nào khác là phải gây một thiệt hại nhỏ hơn thiệt hại cần ngăn ngừa. Hành vi gây thiệt hại trong tình thế cấp thiết không phải là tội phạm.",tinh the cap thiet la tinh the cua nguoi vi muon tranh gay thiet hai cho quyen loi ich hop phap cua minh cua nguoi khac hoac loi ich cua nha nuoc cua co quan to chuc ma khong con cach nao khac la phai gay mot thiet hai nho hon thiet hai can ngan ngua hanh vi gay thiet hai trong tinh the cap thiet khong phai la toi pham
exception_condition_condition_article_24_clause_1,article_24,24,condition_article_24_clause_1,Condition,exemption_or_exception,Hành vi của người để bắt giữ người thực hiện hành vi phạm tội mà không còn cách nào khác là buộc phải sử dụng vũ lực cần thiết gây thiệt hại cho người bị bắt giữ thì không phải là tội phạm.,hanh vi cua nguoi de bat giu nguoi thuc hien hanh vi pham toi ma khong con cach nao khac la buoc phai su dung vu luc can thiet gay thiet hai cho nguoi bi bat giu thi khong phai la toi pham
exception_condition_condition_article_25_clause_0,article_25,25,condition_article_25_clause_0,Condition,exemption_or_exception,"Hành vi gây ra thiệt hại trong khi thực hiện việc nghiên cứu, thử nghiệm, áp dụng tiến bộ khoa học, kỹ thuật và công nghệ mới mặc dù đã tuân thủ đúng quy trình, quy phạm, áp dụng đầy đủ biện pháp phòng ngừa thì không phải là tội phạm. Người nào không áp dụng đúng quy trình, quy phạm, không áp dụng đầy đủ biện pháp phòng ngừa mà gây thiệt hại thì vẫn phải chịu trách nhiệm hình sự.",hanh vi gay ra thiet hai trong khi thuc hien viec nghien cuu thu nghiem ap dung tien bo khoa hoc ky thuat va cong nghe moi mac du da tuan thu dung quy trinh quy pham ap dung day du bien phap phong ngua thi khong phai la toi pham nguoi nao khong ap dung dung quy trinh quy pham khong ap dung day du bien phap phong ngua ma gay thiet hai thi van phai chiu trach nhiem hinh su
exception_condition_condition_article_26_clause_0,article_26,26,condition_article_26_clause_0,Condition,exemption_or_exception,"Người thực hiện hành vi gây thiệt hại trong khi thi hành mệnh lệnh của người chỉ huy hoặc của cấp trên trong lực lượng vũ trang nhân dân để thực hiện nhiệm vụ quốc phòng, an ninh nếu đã thực hiện đầy đủ quy trình báo cáo người ra mệnh lệnh nhưng người ra mệnh lệnh vẫn yêu cầu chấp hành mệnh lệnh đó, thì không phải chịu trách nhiệm hình sự. Trong trường hợp này người ra mệnh lệnh phải chịu trách nhiệm hình sự. Quy định này không áp dụng đối với các trường hợp quy định tại khoản 2 Điều 421, khoản 2 Điều 422 và khoản 2 Điều 423 của Bộ luật này.",nguoi thuc hien hanh vi gay thiet hai trong khi thi hanh menh lenh cua nguoi chi huy hoac cua cap tren trong luc luong vu trang nhan dan de thuc hien nhiem vu quoc phong an ninh neu da thuc hien day du quy trinh bao cao nguoi ra menh lenh nhung nguoi ra menh lenh van yeu cau chap hanh menh lenh do thi khong phai chiu trach nhiem hinh su trong truong hop nay nguoi ra menh lenh phai chiu trach nhiem hinh su quy dinh nay khong ap dung doi voi cac truong hop quy dinh tai khoan 2 dieu 421 khoan 2 dieu 422 va khoan 2 dieu 423 cua bo luat nay
exception_condition_condition_article_29_clause_1,article_29,29,condition_article_29_clause_1,Condition,exemption_or_exception,"Người phạm tội được miễn trách nhiệm hình sự khi có một trong những căn cứ sau đây: a) Khi tiến hành điều tra, truy tố hoặc xét xử, do có sự thay đổi chính sách, pháp luật làm cho hành vi phạm tội không còn nguy hiểm cho xã hội nữa; b) Khi có quyết định đại xá.",nguoi pham toi duoc mien trach nhiem hinh su khi co mot trong nhung can cu sau day a khi tien hanh dieu tra truy to hoac xet xu do co su thay doi chinh sach phap luat lam cho hanh vi pham toi khong con nguy hiem cho xa hoi nua b khi co quyet dinh dai xa
exception_condition_condition_article_29_clause_2,article_29,29,condition_article_29_clause_2,Condition,exemption_or_exception,"Người phạm tội có thể được miễn trách nhiệm hình sự khi có một trong các căn cứ sau đây: a) Khi tiến hành điều tra, truy tố, xét xử do chuyển biến của tình hình mà người phạm tội không còn nguy hiểm cho xã hội nữa; b) Khi tiến hành điều tra, truy tố, xét xử, người phạm tội mắc bệnh hiểm nghèo dẫn đến không còn khả năng gây nguy hiểm cho xã hội nữa; c) Trước khi hành vi phạm tội bị phát giác, người phạm tội tự thú, khai rõ sự việc, góp phần có hiệu quả vào việc phát hiện và điều tra tội phạm, cố gắng hạn chế đến mức thấp nhất hậu quả của tội phạm và lập công lớn hoặc có cống hiến đặc biệt, được Nhà nước và xã hội thừa nhận.",nguoi pham toi co the duoc mien trach nhiem hinh su khi co mot trong cac can cu sau day a khi tien hanh dieu tra truy to xet xu do chuyen bien cua tinh hinh ma nguoi pham toi khong con nguy hiem cho xa hoi nua b khi tien hanh dieu tra truy to xet xu nguoi pham toi mac benh hiem ngheo dan den khong con kha nang gay nguy hiem cho xa hoi nua c truoc khi hanh vi pham toi bi phat giac nguoi pham toi tu thu khai ro su viec gop phan co hieu qua vao viec phat hien va dieu tra toi pham co gang han che den muc thap nhat hau qua cua toi pham va lap cong lon hoac co cong hien dac biet duoc nha nuoc va xa hoi thua nhan
exception_condition_condition_article_29_clause_3,article_29,29,condition_article_29_clause_3,Condition,exemption_or_exception,"Người thực hiện tội phạm nghiêm trọng do vô ý hoặc tội phạm ít nghiêm trọng gây thiệt hại về tính mạng, sức khỏe, danh dự, nhân phẩm hoặc tài sản của người khác, đã tự nguyện sửa chữa, bồi thường thiệt hại hoặc khắc phục hậu quả và được người bị hại hoặc người đại diện hợp pháp của người bị hại tự nguyện hòa giải và đề nghị miễn trách nhiệm hình sự, thì có thể được miễn trách nhiệm hình sự.",nguoi thuc hien toi pham nghiem trong do vo y hoac toi pham it nghiem trong gay thiet hai ve tinh mang suc khoe danh du nhan pham hoac tai san cua nguoi khac da tu nguyen sua chua boi thuong thiet hai hoac khac phuc hau qua va duoc nguoi bi hai hoac nguoi dai dien hop phap cua nguoi bi hai tu nguyen hoa giai va de nghi mien trach nhiem hinh su thi co the duoc mien trach nhiem hinh su
exception_condition_condition_article_32_clause_2,article_32,32,condition_article_32_clause_2,Condition,exemption_or_exception,"Hình phạt bổ sung bao gồm: a) Cấm đảm nhiệm chức vụ, cấm hành nghề hoặc làm công việc nhất định; b) Cấm cư trú; c) Quản chế; d) Tước một số quyền công dân; đ) Tịch thu tài sản; e) Phạt tiền, khi không áp dụng là hình phạt chính; g) Trục xuất, khi không áp dụng là hình phạt chính.",hinh phat bo sung bao gom a cam dam nhiem chuc vu cam hanh nghe hoac lam cong viec nhat dinh b cam cu tru c quan che d tuoc mot so quyen cong dan d tich thu tai san e phat tien khi khong ap dung la hinh phat chinh g truc xuat khi khong ap dung la hinh phat chinh
exception_condition_condition_article_32_clause_2_point_e,article_32,32,condition_article_32_clause_2_point_e,Condition,exemption_or_exception,"Phạt tiền, khi không áp dụng là hình phạt chính;",phat tien khi khong ap dung la hinh phat chinh
exception_condition_condition_article_32_clause_2_point_g,article_32,32,condition_article_32_clause_2_point_g,Condition,exemption_or_exception,"Trục xuất, khi không áp dụng là hình phạt chính.",truc xuat khi khong ap dung la hinh phat chinh
exception_condition_condition_article_33_clause_2,article_33,33,condition_article_33_clause_2,Condition,exemption_or_exception,"Hình phạt bổ sung bao gồm: a) Cấm kinh doanh, cấm hoạt động trong một số lĩnh vực nhất định; b) Cấm huy động vốn; c) Phạt tiền, khi không áp dụng là hình phạt chính.",hinh phat bo sung bao gom a cam kinh doanh cam hoat dong trong mot so linh vuc nhat dinh b cam huy dong von c phat tien khi khong ap dung la hinh phat chinh
exception_condition_condition_article_33_clause_2_point_c,article_33,33,condition_article_33_clause_2_point_c,Condition,exemption_or_exception,"Phạt tiền, khi không áp dụng là hình phạt chính.",phat tien khi khong ap dung la hinh phat chinh
exception_condition_condition_article_36_clause_4,article_36,36,condition_article_36_clause_4,Condition,exemption_or_exception,"Trường hợp người bị phạt cải tạo không giam giữ không có việc làm hoặc bị mất việc làm trong thời gian chấp hành hình phạt này thì phải thực hiện một số công việc lao động phục vụ cộng đồng trong thời gian cải tạo không giam giữ. Thời gian lao động phục vụ cộng đồng không quá 04 giờ trong một ngày và không quá 05 ngày trong 01 tuần. Không áp dụng biện pháp lao động phục vụ cộng đồng đối với phụ nữ có thai hoặc đang nuôi con dưới 06 tháng tuổi, người già yếu, người bị bệnh hiểm nghèo, người khuyết tật nặng hoặc khuyết tật đặc biệt nặng. Người bị kết án cải tạo không giam giữ phải thực hiện những nghĩa vụ quy định tại Luật thi hành án hình sự.",truong hop nguoi bi phat cai tao khong giam giu khong co viec lam hoac bi mat viec lam trong thoi gian chap hanh hinh phat nay thi phai thuc hien mot so cong viec lao dong phuc vu cong dong trong thoi gian cai tao khong giam giu thoi gian lao dong phuc vu cong dong khong qua 04 gio trong mot ngay va khong qua 05 ngay trong 01 tuan khong ap dung bien phap lao dong phuc vu cong dong doi voi phu nu co thai hoac dang nuoi con duoi 06 thang tuoi nguoi gia yeu nguoi bi benh hiem ngheo nguoi khuyet tat nang hoac khuyet tat dac biet nang nguoi bi ket an cai tao khong giam giu phai thuc hien nhung nghia vu quy dinh tai luat thi hanh an hinh su
exception_condition_condition_article_38_clause_2,article_38,38,condition_article_38_clause_2,Condition,exemption_or_exception,Không áp dụng hình phạt tù có thời hạn đối với người lần đầu phạm tội ít nghiêm trọng do vô ý và có nơi cư trú rõ ràng.,khong ap dung hinh phat tu co thoi han doi voi nguoi lan dau pham toi it nghiem trong do vo y va co noi cu tru ro rang
exception_condition_condition_article_39_clause_0,article_39,39,condition_article_39_clause_0,Condition,exemption_or_exception,"Tù chung thân là hình phạt tù không thời hạn được áp dụng đối với người phạm tội đặc biệt nghiêm trọng, nhưng chưa đến mức bị xử phạt tử hình. Không áp dụng hình phạt tù chung thân đối với người dưới 18 tuổi phạm tội.",tu chung than la hinh phat tu khong thoi han duoc ap dung doi voi nguoi pham toi dac biet nghiem trong nhung chua den muc bi xu phat tu hinh khong ap dung hinh phat tu chung than doi voi nguoi duoi 18 tuoi pham toi
exception_condition_condition_article_40_clause_2,article_40,40,condition_article_40_clause_2,Condition,exemption_or_exception,"Không áp dụng hình phạt tử hình đối với người dưới 18 tuổi khi phạm tội, phụ nữ có thai, phụ nữ đang nuôi con dưới 36 tháng tuổi hoặc người đủ 75 tuổi trở lên khi phạm tội hoặc khi xét xử.",khong ap dung hinh phat tu hinh doi voi nguoi duoi 18 tuoi khi pham toi phu nu co thai phu nu dang nuoi con duoi 36 thang tuoi hoac nguoi du 75 tuoi tro len khi pham toi hoac khi xet xu
exception_condition_condition_article_40_clause_3,article_40,40,condition_article_40_clause_3,Condition,exemption_or_exception,Không thi hành án tử hình đối với người bị kết án nếu thuộc một trong các trường hợp sau đây: a) Phụ nữ có thai hoặc phụ nữ đang nuôi con dưới 36 tháng tuổi; b) Người đủ 75 tuổi trở lên; c) Người mắc bệnh ung thư giai đoạn cuối.,khong thi hanh an tu hinh doi voi nguoi bi ket an neu thuoc mot trong cac truong hop sau day a phu nu co thai hoac phu nu dang nuoi con duoi 36 thang tuoi b nguoi du 75 tuoi tro len c nguoi mac benh ung thu giai doan cuoi
exception_condition_condition_article_51_clause_3,article_51,51,condition_article_51_clause_3,Condition,exemption_or_exception,Các tình tiết giảm nhẹ đã được Bộ luật này quy định là dấu hiệu định tội hoặc định khung thì không được coi là tình tiết giảm nhẹ trong khi quyết định hình phạt.,cac tinh tiet giam nhe da duoc bo luat nay quy dinh la dau hieu dinh toi hoac dinh khung thi khong duoc coi la tinh tiet giam nhe trong khi quyet dinh hinh phat
exception_condition_condition_article_52_clause_2,article_52,52,condition_article_52_clause_2,Condition,exemption_or_exception,Các tình tiết đã được Bộ luật này quy định là dấu hiệu định tội hoặc định khung hình phạt thì không được coi là tình tiết tăng nặng.,cac tinh tiet da duoc bo luat nay quy dinh la dau hieu dinh toi hoac dinh khung hinh phat thi khong duoc coi la tinh tiet tang nang
exception_condition_condition_article_58_clause_0,article_58,58,condition_article_58_clause_0,Condition,exemption_or_exception,"Khi quyết định hình phạt đối với những người đồng phạm, Tòa án phải xét đến tính chất của đồng phạm, tính chất và mức độ tham gia phạm tội của từng người đồng phạm. Các tình tiết giảm nhẹ, tăng nặng hoặc loại trừ trách nhiệm hình sự thuộc người đồng phạm nào, thì chỉ áp dụng đối với người đó.",khi quyet dinh hinh phat doi voi nhung nguoi dong pham toa an phai xet den tinh chat cua dong pham tinh chat va muc do tham gia pham toi cua tung nguoi dong pham cac tinh tiet giam nhe tang nang hoac loai tru trach nhiem hinh su thuoc nguoi dong pham nao thi chi ap dung doi voi nguoi do
exception_condition_condition_article_59_clause_0,article_59,59,condition_article_59_clause_0,Condition,exemption_or_exception,Người phạm tội có thể được miễn hình phạt nếu thuộc trường hợp quy định tại khoản 1 và khoản 2 Điều 54 của Bộ luật này mà đáng được khoan hồng đặc biệt nhưng chưa đến mức được miễn trách nhiệm hình sự.,nguoi pham toi co the duoc mien hinh phat neu thuoc truong hop quy dinh tai khoan 1 va khoan 2 dieu 54 cua bo luat nay ma dang duoc khoan hong dac biet nhung chua den muc duoc mien trach nhiem hinh su
exception_condition_condition_article_61_clause_0,article_61,61,condition_article_61_clause_0,Condition,exemption_or_exception,"Không áp dụng thời hiệu thi hành bản án đối với các tội quy định tại Chương XIII, Chương XXVI, khoản 3 và khoản 4 Điều 353, khoản 3 và khoản 4 Điều 354 của Bộ luật này.",khong ap dung thoi hieu thi hanh ban an doi voi cac toi quy dinh tai chuong xiii chuong xxvi khoan 3 va khoan 4 dieu 353 khoan 3 va khoan 4 dieu 354 cua bo luat nay
exception_condition_condition_article_62_clause_1,article_62,62,condition_article_62_clause_1,Condition,exemption_or_exception,Người bị kết án được miễn chấp hành hình phạt khi được đặc xá hoặc đại xá.,nguoi bi ket an duoc mien chap hanh hinh phat khi duoc dac xa hoac dai xa
exception_condition_condition_article_62_clause_7,article_62,62,condition_article_62_clause_7,Condition,exemption_or_exception,Người được miễn chấp hành hình phạt theo quy định tại Điều này vẫn phải thực hiện đầy đủ các nghĩa vụ dân sự do Tòa án tuyên trong bản án.,nguoi duoc mien chap hanh hinh phat theo quy dinh tai dieu nay van phai thuc hien day du cac nghia vu dan su do toa an tuyen trong ban an
exception_condition_condition_article_66_clause_2,article_66,66,condition_article_66_clause_2,Condition,exemption_or_exception,"Không áp dụng quy định của Điều này đối với người bị kết án thuộc một trong các trường hợp sau đây: a) Người bị kết án về một trong các tội quy định tại Chương XIII, Chương XXVI, Điều 299 của Bộ luật này; người bị kết án 10 năm tù trở lên về một trong các tội quy định tại Chương XIV của Bộ luật này do cố ý hoặc người bị kết án 07 năm tù trở lên đối với một trong các tội quy định tại các điều 168, 169, 248, 251 và 252 của Bộ luật này; b) Người bị kết án tử hình được ân giảm hoặc thuộc trường hợp quy định tại khoản 3 Điều 40 của Bộ luật này.",khong ap dung quy dinh cua dieu nay doi voi nguoi bi ket an thuoc mot trong cac truong hop sau day a nguoi bi ket an ve mot trong cac toi quy dinh tai chuong xiii chuong xxvi dieu 299 cua bo luat nay nguoi bi ket an 10 nam tu tro len ve mot trong cac toi quy dinh tai chuong xiv cua bo luat nay do co y hoac nguoi bi ket an 07 nam tu tro len doi voi mot trong cac toi quy dinh tai cac dieu 168 169 248 251 va 252 cua bo luat nay b nguoi bi ket an tu hinh duoc an giam hoac thuoc truong hop quy dinh tai khoan 3 dieu 40 cua bo luat nay
exception_condition_condition_article_67_clause_1,article_67,67,condition_article_67_clause_1,Condition,exemption_or_exception,"Người bị xử phạt tù có thể được hoãn chấp hành hình phạt trong các trường hợp sau đây: a) Bị bệnh nặng thì được hoãn cho đến khi sức khỏe được hồi phục; b) Phụ nữ có thai hoặc đang nuôi con dưới 36 tháng tuổi, thì được hoãn cho đến khi con đủ 36 tháng tuổi; c) Là người lao động duy nhất trong gia đình, nếu phải chấp hành hình phạt tù thì gia đình sẽ gặp khó khăn đặc biệt, được hoãn đến 01 năm, trừ trường hợp người đó bị kết án về các tội xâm phạm an ninh quốc gia hoặc các tội khác là tội phạm rất nghiêm trọng, tội phạm đặc biệt nghiêm trọng; d) Bị kết án về tội phạm ít nghiêm trọng, do nhu cầu công vụ, thì được hoãn đến 01 năm.",nguoi bi xu phat tu co the duoc hoan chap hanh hinh phat trong cac truong hop sau day a bi benh nang thi duoc hoan cho den khi suc khoe duoc hoi phuc b phu nu co thai hoac dang nuoi con duoi 36 thang tuoi thi duoc hoan cho den khi con du 36 thang tuoi c la nguoi lao dong duy nhat trong gia dinh neu phai chap hanh hinh phat tu thi gia dinh se gap kho khan dac biet duoc hoan den 01 nam tru truong hop nguoi do bi ket an ve cac toi xam pham an ninh quoc gia hoac cac toi khac la toi pham rat nghiem trong toi pham dac biet nghiem trong d bi ket an ve toi pham it nghiem trong do nhu cau cong vu thi duoc hoan den 01 nam
exception_condition_condition_article_67_clause_1_point_c,article_67,67,condition_article_67_clause_1_point_c,Condition,exemption_or_exception,"Là người lao động duy nhất trong gia đình, nếu phải chấp hành hình phạt tù thì gia đình sẽ gặp khó khăn đặc biệt, được hoãn đến 01 năm, trừ trường hợp người đó bị kết án về các tội xâm phạm an ninh quốc gia hoặc các tội khác là tội phạm rất nghiêm trọng, tội phạm đặc biệt nghiêm trọng;",la nguoi lao dong duy nhat trong gia dinh neu phai chap hanh hinh phat tu thi gia dinh se gap kho khan dac biet duoc hoan den 01 nam tru truong hop nguoi do bi ket an ve cac toi xam pham an ninh quoc gia hoac cac toi khac la toi pham rat nghiem trong toi pham dac biet nghiem trong
exception_condition_condition_article_69_clause_2,article_69,69,condition_article_69_clause_2,Condition,exemption_or_exception,"Người bị kết án do lỗi vô ý về tội phạm ít nghiêm trọng, tội phạm nghiêm trọng và người được miễn hình phạt không bị coi là có án tích.",nguoi bi ket an do loi vo y ve toi pham it nghiem trong toi pham nghiem trong va nguoi duoc mien hinh phat khong bi coi la co an tich
exception_condition_condition_article_73_clause_4,article_73,73,condition_article_73_clause_4,Condition,exemption_or_exception,Người được miễn chấp hành phần hình phạt còn lại cũng được coi như đã chấp hành xong hình phạt.,nguoi duoc mien chap hanh phan hinh phat con lai cung duoc coi nhu da chap hanh xong hinh phat
exception_condition_condition_article_75_clause_2,article_75,75,condition_article_75_clause_2,Condition,exemption_or_exception,Việc pháp nhân thương mại chịu trách nhiệm hình sự không loại trừ trách nhiệm hình sự của cá nhân.,viec phap nhan thuong mai chiu trach nhiem hinh su khong loai tru trach nhiem hinh su cua ca nhan
exception_condition_condition_article_84_clause_3,article_84,84,condition_article_84_clause_3,Condition,exemption_or_exception,Các tình tiết giảm nhẹ đã được Bộ luật này quy định là dấu hiệu định tội hoặc định khung thì không được coi là tình tiết giảm nhẹ trong khi quyết định hình phạt.,cac tinh tiet giam nhe da duoc bo luat nay quy dinh la dau hieu dinh toi hoac dinh khung thi khong duoc coi la tinh tiet giam nhe trong khi quyet dinh hinh phat
exception_condition_condition_article_85_clause_2,article_85,85,condition_article_85_clause_2,Condition,exemption_or_exception,Các tình tiết đã được Bộ luật này quy định là dấu hiệu định tội hoặc định khung hình phạt thì không được coi là tình tiết tăng nặng.,cac tinh tiet da duoc bo luat nay quy dinh la dau hieu dinh toi hoac dinh khung hinh phat thi khong duoc coi la tinh tiet tang nang
exception_condition_condition_article_88_clause_0,article_88,88,condition_article_88_clause_0,Condition,exemption_or_exception,Pháp nhân thương mại phạm tội có thể được miễn hình phạt khi đã khắc phục toàn bộ hậu quả và đã bồi thường toàn bộ thiệt hại do hành vi phạm tội gây ra.,phap nhan thuong mai pham toi co the duoc mien hinh phat khi da khac phuc toan bo hau qua va da boi thuong toan bo thiet hai do hanh vi pham toi gay ra
exception_condition_condition_article_91_clause_2,article_91,91,condition_article_91_clause_2,Condition,exemption_or_exception,"Người dưới 18 tuổi phạm tội thuộc một trong các trường hợp sau đây và có nhiều tình tiết giảm nhẹ, tự nguyện khắc phục phần lớn hậu quả, nếu không thuộc trường hợp quy định tại Điều 29 của Bộ luật này, thì có thể được miễn trách nhiệm hình sự và áp dụng một trong các biện pháp quy định tại Mục 2 Chương này: a) Người từ đủ 16 tuổi đến dưới 18 tuổi phạm tội ít nghiêm trọng, phạm tội nghiêm trọng, trừ tội phạm quy định tại các điều 134, 141, 171, 248, 249, 250, 251 và 252 của Bộ luật này; b) Người từ đủ 14 tuổi đến dưới 16 tuổi phạm tội rất nghiêm trọng quy định tại khoản 2 Điều 12 của Bộ luật này, trừ tội phạm quy định tại các điều 123, 134, 141, 142, 144, 150, 151, 168, 171, 248, 249, 250, 251 và 252 của Bộ luật này; c) Người dưới 18 tuổi là người đồng phạm có vai trò không đáng kể trong vụ án.",nguoi duoi 18 tuoi pham toi thuoc mot trong cac truong hop sau day va co nhieu tinh tiet giam nhe tu nguyen khac phuc phan lon hau qua neu khong thuoc truong hop quy dinh tai dieu 29 cua bo luat nay thi co the duoc mien trach nhiem hinh su va ap dung mot trong cac bien phap quy dinh tai muc 2 chuong nay a nguoi tu du 16 tuoi den duoi 18 tuoi pham toi it nghiem trong pham toi nghiem trong tru toi pham quy dinh tai cac dieu 134 141 171 248 249 250 251 va 252 cua bo luat nay b nguoi tu du 14 tuoi den duoi 16 tuoi pham toi rat nghiem trong quy dinh tai khoan 2 dieu 12 cua bo luat nay tru toi pham quy dinh tai cac dieu 123 134 141 142 144 150 151 168 171 248 249 250 251 va 252 cua bo luat nay c nguoi duoi 18 tuoi la nguoi dong pham co vai tro khong dang ke trong vu an
exception_condition_condition_article_91_clause_4,article_91,91,condition_article_91_clause_4,Condition,exemption_or_exception,"Khi xét xử, Tòa án chỉ áp dụng hình phạt đối với người dưới 18 tuổi phạm tội nếu xét thấy việc miễn trách nhiệm hình sự và áp dụng một trong các biện pháp quy định tại Mục 2 hoặc việc áp dụng biện pháp giáo dục tại trường giáo dưỡng quy định tại Mục 3 Chương này không bảo đảm hiệu quả giáo dục, phòng ngừa.",khi xet xu toa an chi ap dung hinh phat doi voi nguoi duoi 18 tuoi pham toi neu xet thay viec mien trach nhiem hinh su va ap dung mot trong cac bien phap quy dinh tai muc 2 hoac viec ap dung bien phap giao duc tai truong giao duong quy dinh tai muc 3 chuong nay khong bao dam hieu qua giao duc phong ngua
exception_condition_condition_article_91_clause_6,article_91,91,condition_article_91_clause_6,Condition,exemption_or_exception,"Tòa án chỉ áp dụng hình phạt tù có thời hạn đối với người dưới 18 tuổi phạm tội khi xét thấy các hình phạt và biện pháp giáo dục khác không có tác dụng răn đe, phòng ngừa. Khi xử phạt tù có thời hạn, Tòa án cho người dưới 18 tuổi phạm tội được hưởng mức án nhẹ hơn mức án áp dụng đối với người đủ 18 tuổi trở lên phạm tội tương ứng và với thời hạn thích hợp ngắn nhất. Không áp dụng hình phạt bổ sung đối với người dưới 18 tuổi phạm tội.",toa an chi ap dung hinh phat tu co thoi han doi voi nguoi duoi 18 tuoi pham toi khi xet thay cac hinh phat va bien phap giao duc khac khong co tac dung ran de phong ngua khi xu phat tu co thoi han toa an cho nguoi duoi 18 tuoi pham toi duoc huong muc an nhe hon muc an ap dung doi voi nguoi du 18 tuoi tro len pham toi tuong ung va voi thoi han thich hop ngan nhat khong ap dung hinh phat bo sung doi voi nguoi duoi 18 tuoi pham toi
exception_condition_condition_article_91_clause_7,article_91,91,condition_article_91_clause_7,Condition,exemption_or_exception,"Án đã tuyên đối với người chưa đủ 16 tuổi phạm tội, thì không tính để xác định tái phạm hoặc tái phạm nguy hiểm. TRƯỜNG HỢP ĐƯỢC MIỄN TRÁCH NHIỆM HÌNH SỰ",an da tuyen doi voi nguoi chua du 16 tuoi pham toi thi khong tinh de xac dinh tai pham hoac tai pham nguy hiem truong hop duoc mien trach nhiem hinh su
exception_condition_condition_article_92_clause_0,article_92,92,condition_article_92_clause_0,Condition,exemption_or_exception,"Cơ quan điều tra, Viện kiểm sát hoặc Tòa án chỉ quyết định miễn trách nhiệm hình sự và áp dụng biện pháp khiển trách, hòa giải tại cộng đồng hoặc biện pháp giáo dục tại xã, phường, thị trấn, nếu người dưới 18 tuổi phạm tội hoặc người đại diện hợp pháp của họ đồng ý với việc áp dụng một trong các biện pháp này.",co quan dieu tra vien kiem sat hoac toa an chi quyet dinh mien trach nhiem hinh su va ap dung bien phap khien trach hoa giai tai cong dong hoac bien phap giao duc tai xa phuong thi tran neu nguoi duoi 18 tuoi pham toi hoac nguoi dai dien hop phap cua ho dong y voi viec ap dung mot trong cac bien phap nay
exception_condition_condition_article_94_clause_2,article_94,94,condition_article_94_clause_2,Condition,exemption_or_exception,"Cơ quan điều tra, Viện kiểm sát hoặc Tòa án phối hợp với Ủy ban nhân dân cấp xã tổ chức việc hòa giải tại cộng đồng khi người bị hại hoặc người đại diện hợp pháp của người bị hại đã tự nguyện hòa giải và đề nghị miễn trách nhiệm hình sự.",co quan dieu tra vien kiem sat hoac toa an phoi hop voi uy ban nhan dan cap xa to chuc viec hoa giai tai cong dong khi nguoi bi hai hoac nguoi dai dien hop phap cua nguoi bi hai da tu nguyen hoa giai va de nghi mien trach nhiem hinh su
exception_condition_condition_article_105_clause_2,article_105,105,condition_article_105_clause_2,Condition,exemption_or_exception,"Người dưới 18 tuổi phạm tội bị phạt cải tạo không giam giữ hoặc phạt tù, nếu lập công hoặc mắc bệnh hiểm nghèo, thì được xét giảm ngay và có thể được miễn chấp hành phần hình phạt còn lại.",nguoi duoi 18 tuoi pham toi bi phat cai tao khong giam giu hoac phat tu neu lap cong hoac mac benh hiem ngheo thi duoc xet giam ngay va co the duoc mien chap hanh phan hinh phat con lai
exception_condition_condition_article_110_clause_4,article_110,110,condition_article_110_clause_4,Condition,exemption_or_exception,"Người đã nhận làm gián điệp, nhưng không thực hiện nhiệm vụ được giao và tự thú, thành khẩn khai báo với cơ quan nhà nước có thẩm quyền, thì được miễn trách nhiệm hình sự về tội này.",nguoi da nhan lam gian diep nhung khong thuc hien nhiem vu duoc giao va tu thu thanh khan khai bao voi co quan nha nuoc co tham quyen thi duoc mien trach nhiem hinh su ve toi nay
exception_condition_condition_article_148_clause_1,article_148,148,condition_article_148_clause_1,Condition,exemption_or_exception,"Người nào biết mình bị nhiễm HIV mà cố ý lây truyền HIV cho người khác, trừ trường hợp nạn nhân đã biết về tình trạng nhiễm HIV của người bị HIV và tự nguyện quan hệ tình dục",nguoi nao biet minh bi nhiem hiv ma co y lay truyen hiv cho nguoi khac tru truong hop nan nhan da biet ve tinh trang nhiem hiv cua nguoi bi hiv va tu nguyen quan he tinh duc
exception_condition_condition_article_151_clause_1_point_a,article_151,151,condition_article_151_clause_1_point_a,Condition,exemption_or_exception,"Chuyển giao hoặc tiếp nhận người dưới 16 tuổi để giao, nhận tiền, tài sản hoặc lợi ích vật chất khác, trừ trường hợp vì mục đích nhân đạo;",chuyen giao hoac tiep nhan nguoi duoi 16 tuoi de giao nhan tien tai san hoac loi ich vat chat khac tru truong hop vi muc dich nhan dao
exception_condition_condition_article_200_clause_1_point_d,article_200,200,condition_article_200_clause_1_point_d,Condition,exemption_or_exception,"Sử dụng hóa đơn, chứng từ không hợp pháp để hạch toán hàng hóa, nguyên liệu đầu vào trong hoạt động phát sinh nghĩa vụ thuế làm giảm số tiền thuế phải nộp hoặc làm tăng số tiền thuế được miễn, số tiền thuế được giảm hoặc tăng số tiền thuế được khấu trừ, số tiền thuế được hoàn;",su dung hoa don chung tu khong hop phap de hach toan hang hoa nguyen lieu dau vao trong hoat dong phat sinh nghia vu thue lam giam so tien thue phai nop hoac lam tang so tien thue duoc mien so tien thue duoc giam hoac tang so tien thue duoc khau tru so tien thue duoc hoan
exception_condition_condition_article_206_clause_1_point_a,article_206,206,condition_article_206_clause_1_point_a,Condition,exemption_or_exception,"Cấp tín dụng cho trường hợp không được cấp tín dụng, trừ trường hợp cấp dưới hình thức phát hành thẻ tín dụng;",cap tin dung cho truong hop khong duoc cap tin dung tru truong hop cap duoi hinh thuc phat hanh the tin dung
exception_condition_condition_article_206_clause_1_point_e,article_206,206,condition_article_206_clause_1_point_e,Condition,exemption_or_exception,"Cấp tín dụng vượt giới hạn so với vốn tự có đối với một khách hàng và người có liên quan, trừ trường hợp có chấp thuận của người có thẩm quyền theo quy định của pháp luật;",cap tin dung vuot gioi han so voi von tu co doi voi mot khach hang va nguoi co lien quan tru truong hop co chap thuan cua nguoi co tham quyen theo quy dinh cua phap luat
exception_condition_condition_article_213_clause_1_point_d,article_213,213,condition_article_213_clause_1_point_d,Condition,exemption_or_exception,"Tự gây thiệt hại về tài sản, sức khỏe của mình để hưởng quyền lợi bảo hiểm, trừ trường hợp luật có quy định khác.",tu gay thiet hai ve tai san suc khoe cua minh de huong quyen loi bao hiem tru truong hop luat co quy dinh khac
exception_condition_condition_article_238_clause_1_point_d,article_238,238,condition_article_238_clause_1_point_d,Condition,exemption_or_exception,"Sử dụng chất nổ, gây nổ, gây cháy trong phạm vi bảo vệ công trình thủy lợi, đê điều, công trình phòng, chống thiên tai, công trình bảo vệ, khai thác, sử dụng, quan trắc, giám sát tài nguyên nước, công trình phòng, chống và khắc phục hậu quả tác hại do nước gây ra, trừ trường hợp có giấy phép hoặc trường hợp khẩn cấp do luật định;",su dung chat no gay no gay chay trong pham vi bao ve cong trinh thuy loi de dieu cong trinh phong chong thien tai cong trinh bao ve khai thac su dung quan trac giam sat tai nguyen nuoc cong trinh phong chong va khac phuc hau qua tac hai do nuoc gay ra tru truong hop co giay phep hoac truong hop khan cap do luat dinh
exception_condition_condition_article_240_clause_1_point_a,article_240,240,condition_article_240_clause_1_point_a,Condition,exemption_or_exception,"Đưa ra hoặc cho phép đưa ra khỏi vùng có dịch bệnh động vật, thực vật, sản phẩm động vật, thực vật hoặc vật phẩm khác có khả năng lây truyền dịch bệnh nguy hiểm cho người, trừ trường hợp pháp luật có quy định khác;",dua ra hoac cho phep dua ra khoi vung co dich benh dong vat thuc vat san pham dong vat thuc vat hoac vat pham khac co kha nang lay truyen dich benh nguy hiem cho nguoi tru truong hop phap luat co quy dinh khac
exception_condition_condition_article_241_clause_1_point_a,article_241,241,condition_article_241_clause_1_point_a,Condition,exemption_or_exception,"Đưa vào, mang ra hoặc cho phép đưa vào, mang ra khỏi vùng có dịch động vật, thực vật, sản phẩm động vật, thực vật hoặc vật phẩm khác bị nhiễm bệnh hoặc mang mầm bệnh, trừ trường hợp pháp luật có quy định khác;",dua vao mang ra hoac cho phep dua vao mang ra khoi vung co dich dong vat thuc vat san pham dong vat thuc vat hoac vat pham khac bi nhiem benh hoac mang mam benh tru truong hop phap luat co quy dinh khac
exception_condition_condition_article_247_clause_4,article_247,247,condition_article_247_clause_4,Condition,exemption_or_exception,"Người nào phạm tội thuộc khoản 1 Điều này, nhưng đã tự nguyện phá bỏ, giao nộp cho cơ quan chức năng có thẩm quyền trước khi thu hoạch, thì có thể được miễn trách nhiệm hình sự.",nguoi nao pham toi thuoc khoan 1 dieu nay nhung da tu nguyen pha bo giao nop cho co quan chuc nang co tham quyen truoc khi thu hoach thi co the duoc mien trach nhiem hinh su
exception_condition_condition_article_329_clause_1,article_329,329,condition_article_329_clause_1,Condition,exemption_or_exception,Người nào đủ 18 tuổi trở lên mua dâm người dưới 18 tuổi trừ trường hợp quy định tại điểm b khoản 1 Điều 142 của Bộ luật này,nguoi nao du 18 tuoi tro len mua dam nguoi duoi 18 tuoi tru truong hop quy dinh tai diem b khoan 1 dieu 142 cua bo luat nay
exception_condition_condition_article_364_clause_7,article_364,364,condition_article_364_clause_7,Condition,exemption_or_exception,"Người bị ép buộc đưa hối lộ mà chủ động khai báo trước khi bị phát giác, thì được coi là không có tội và được trả lại toàn bộ của đã dùng để đưa hối lộ. Người đưa hối lộ tuy không bị ép buộc nhưng đã chủ động khai báo trước khi bị phát giác, thì có thể được miễn trách nhiệm hình sự và được trả lại một phần hoặc toàn bộ của đã dùng để đưa hối lộ.",nguoi bi ep buoc dua hoi lo ma chu dong khai bao truoc khi bi phat giac thi duoc coi la khong co toi va duoc tra lai toan bo cua da dung de dua hoi lo nguoi dua hoi lo tuy khong bi ep buoc nhung da chu dong khai bao truoc khi bi phat giac thi co the duoc mien trach nhiem hinh su va duoc tra lai mot phan hoac toan bo cua da dung de dua hoi lo
exception_condition_condition_article_365_clause_6,article_365,365,condition_article_365_clause_6,Condition,exemption_or_exception,"Người môi giới hối lộ mà chủ động khai báo trước khi bị phát giác, thì có thể được miễn trách nhiệm hình sự.",nguoi moi gioi hoi lo ma chu dong khai bao truoc khi bi phat giac thi co the duoc mien trach nhiem hinh su
exception_condition_condition_article_379_clause_1,article_379,379,condition_article_379_clause_1,Condition,exemption_or_exception,"Người nào có thẩm quyền mà cố ý không ra quyết định thi hành án hoặc không thi hành quyết định thi hành bản án, quyết định của Tòa án thuộc một trong các trường hợp sau đây",nguoi nao co tham quyen ma co y khong ra quyet dinh thi hanh an hoac khong thi hanh quyet dinh thi hanh ban an quyet dinh cua toa an thuoc mot trong cac truong hop sau day
exception_condition_condition_article_379_clause_1_point_d,article_379,379,condition_article_379_clause_1_point_d,Condition,exemption_or_exception,"Dẫn đến người bị kết án, người phải chấp hành án, người có nghĩa vụ thi hành án tẩu tán tài sản và không thi hành được nghĩa vụ thi hành án với số tiền từ 50.000.000 đồng đến dưới 200.000.000 đồng.",dan den nguoi bi ket an nguoi phai chap hanh an nguoi co nghia vu thi hanh an tau tan tai san va khong thi hanh duoc nghia vu thi hanh an voi so tien tu 50 000 000 dong den duoi 200 000 000 dong
exception_condition_condition_article_379_clause_2_point_c,article_379,379,condition_article_379_clause_2_point_c,Condition,exemption_or_exception,"Dẫn đến người bị kết án, người phải thi hành án, người có nghĩa vụ thi hành án tẩu tán tài sản và không thi hành được nghĩa vụ thi hành án với số tiền từ 200.000.000 đồng đến dưới 1.000.000.000 đồng.",dan den nguoi bi ket an nguoi phai thi hanh an nguoi co nghia vu thi hanh an tau tan tai san va khong thi hanh duoc nghia vu thi hanh an voi so tien tu 200 000 000 dong den duoi 1 000 000 000 dong
exception_condition_condition_article_379_clause_3_point_b,article_379,379,condition_article_379_clause_3_point_b,Condition,exemption_or_exception,"Dẫn đến người bị kết án, người phải thi hành án, người có nghĩa vụ thi hành án tẩu tán tài sản và không thi hành được nghĩa vụ thi hành án với số tiền 1.000.000.000 đồng trở lên.",dan den nguoi bi ket an nguoi phai thi hanh an nguoi co nghia vu thi hanh an tau tan tai san va khong thi hanh duoc nghia vu thi hanh an voi so tien 1 000 000 000 dong tro len
exception_condition_condition_article_381_clause_1_point_c,article_381,381,condition_article_381_clause_1_point_c,Condition,exemption_or_exception,"Dẫn đến người bị kết án, người phải chấp hành án, người có nghĩa vụ thi hành án tẩu tán tài sản và không thi hành được nghĩa vụ thi hành án với số tiền từ 50.000.000 đồng đến dưới 200.000.000 đồng;",dan den nguoi bi ket an nguoi phai chap hanh an nguoi co nghia vu thi hanh an tau tan tai san va khong thi hanh duoc nghia vu thi hanh an voi so tien tu 50 000 000 dong den duoi 200 000 000 dong
exception_condition_condition_article_381_clause_2_point_c,article_381,381,condition_article_381_clause_2_point_c,Condition,exemption_or_exception,"Dẫn đến người bị kết án, người phải thi hành án, người có nghĩa vụ thi hành án tẩu tán tài sản và không thi hành được nghĩa vụ thi hành án với số tiền 200.000.000 đồng trở lên;",dan den nguoi bi ket an nguoi phai thi hanh an nguoi co nghia vu thi hanh an tau tan tai san va khong thi hanh duoc nghia vu thi hanh an voi so tien 200 000 000 dong tro len
exception_condition_condition_article_385_clause_2_point_b,article_385,385,condition_article_385_clause_2_point_b,Condition,exemption_or_exception,"Dẫn đến bị can, bị cáo, người bị kết án, người phải thi hành án, người có nghĩa vụ thi hành án tẩu tán tài sản và không thi hành được nghĩa vụ thi hành án với số tiền 100.000.000 đồng trở lên.",dan den bi can bi cao nguoi bi ket an nguoi phai thi hanh an nguoi co nghia vu thi hanh an tau tan tai san va khong thi hanh duoc nghia vu thi hanh an voi so tien 100 000 000 dong tro len
exception_condition_condition_article_390_clause_2,article_390,390,condition_article_390_clause_2,Condition,exemption_or_exception,"Người không tố giác nếu đã có hành động can ngăn người phạm tội hoặc hạn chế tác hại của tội phạm, thì có thể được miễn trách nhiệm hình sự hoặc miễn hình phạt.",nguoi khong to giac neu da co hanh dong can ngan nguoi pham toi hoac han che tac hai cua toi pham thi co the duoc mien trach nhiem hinh su hoac mien hinh phat
exception_condition_condition_article_426_clause_1,article_426,426,condition_article_426_clause_1,Condition,exemption_or_exception,"Kể từ ngày 01 tháng 7 năm 2025, Luật này được áp dụng như sau: a) Các quy định tại Điều 1 của Luật này được áp dụng để khởi tố, điều tra, truy tố, xét xử và thi hành án đối với người thực hiện hành vi phạm tội từ 0 giờ 00 phút ngày 01 tháng 7 năm 2025; b) Quy định có lợi cho người phạm tội tại các điều 40, 63, 109, 110, 114, 194, 248, 250, 251, 353, 354 và 421 của Bộ luật Hình sự số 100/2015/QH13 đã được sửa đổi, bổ sung một số điều theo Luật số 12/2017/QH14 và Luật số 59/2024/QH15 (sau đây gọi là Bộ luật Hình sự) được sửa đổi, bổ sung tại các khoản 1, 4, 5, 6, 7, 10, 18, 22, 23 và 29 Điều 1 của Luật này và các quy định khác có lợi cho người phạm tội thì được áp dụng đối với cả những hành vi phạm tội xảy ra trước 0 giờ 00 phút ngày 01 tháng 7 năm 2025 mà sau thời điểm đó mới bị phát hiện hoặc đang bị điều tra, truy tố, xét xử; c) Quy định không có lợi cho người phạm tội tại các điều 63, 192, 193, 194, 195, 235, 236, 237, 238, 239, 240, 241, 242, 243, 244, 245, 246, 248, 249, 250, 251, 252, 255, 317, 353, 354, 355, 356, 357, 358 và 359 của Bộ luật Hình sự được sửa đổi, bổ sung tại các khoản 4, 8, 9, 10, 11, 12, 13, 14, 15, 16, 17, 18, 19, 21, 22, 23, 24, 25, 26, 27 và 28 Điều 1 của Luật này và các quy định khác không có lợi cho người phạm tội thì không áp dụng đối với những hành vi xảy ra trước 0 giờ 00 phút ngày 01 tháng 7 năm 2025 mà sau thời điểm đó mới phát hiện hoặc đang bị điều tra, truy tố, xét xử hoặc đối với người đang được xét giảm thời hạn chấp hành hình phạt, xóa án tích; trong trường hợp này, áp dụng quy định tương ứng của các văn bản quy phạm pháp luật về hình sự có hiệu lực trước 0 giờ 00 phút ngày 01 tháng 7 năm 2025 để giải quyết, trừ trường hợp quy định tại khoản 4 Điều này; d) Đối với những hành vi phạm tội đã có bản án, quyết định của Tòa án đã có hiệu lực pháp luật trước 0 giờ 00 phút ngày 01 tháng 7 năm 2025 thì không căn cứ vào những quy định của Luật này có nội dung khác so với các điều luật đã được áp dụng khi tuyên án để kháng nghị giám đốc thẩm; trường hợp kháng nghị dựa vào căn cứ khác hoặc đã kháng nghị trước ngày 01 tháng 7 năm 2025 thì việc xét xử giám đốc thẩm được áp dụng quy định tại điểm b và điểm c khoản này.",ke tu ngay 01 thang 7 nam 2025 luat nay duoc ap dung nhu sau a cac quy dinh tai dieu 1 cua luat nay duoc ap dung de khoi to dieu tra truy to xet xu va thi hanh an doi voi nguoi thuc hien hanh vi pham toi tu 0 gio 00 phut ngay 01 thang 7 nam 2025 b quy dinh co loi cho nguoi pham toi tai cac dieu 40 63 109 110 114 194 248 250 251 353 354 va 421 cua bo luat hinh su so 100 2015 qh13 da duoc sua doi bo sung mot so dieu theo luat so 12 2017 qh14 va luat so 59 2024 qh15 sau day goi la bo luat hinh su duoc sua doi bo sung tai cac khoan 1 4 5 6 7 10 18 22 23 va 29 dieu 1 cua luat nay va cac quy dinh khac co loi cho nguoi pham toi thi duoc ap dung doi voi ca nhung hanh vi pham toi xay ra truoc 0 gio 00 phut ngay 01 thang 7 nam 2025 ma sau thoi diem do moi bi phat hien hoac dang bi dieu tra truy to xet xu c quy dinh khong co loi cho nguoi pham toi tai cac dieu 63 192 193 194 195 235 236 237 238 239 240 241 242 243 244 245 246 248 249 250 251 252 255 317 353 354 355 356 357 358 va 359 cua bo luat hinh su duoc sua doi bo sung tai cac khoan 4 8 9 10 11 12 13 14 15 16 17 18 19 21 22 23 24 25 26 27 va 28 dieu 1 cua luat nay va cac quy dinh khac khong co loi cho nguoi pham toi thi khong ap dung doi voi nhung hanh vi xay ra truoc 0 gio 00 phut ngay 01 thang 7 nam 2025 ma sau thoi diem do moi phat hien hoac dang bi dieu tra truy to xet xu hoac doi voi nguoi dang duoc xet giam thoi han chap hanh hinh phat xoa an tich trong truong hop nay ap dung quy dinh tuong ung cua cac van ban quy pham phap luat ve hinh su co hieu luc truoc 0 gio 00 phut ngay 01 thang 7 nam 2025 de giai quyet tru truong hop quy dinh tai khoan 4 dieu nay d doi voi nhung hanh vi pham toi da co ban an quyet dinh cua toa an da co hieu luc phap luat truoc 0 gio 00 phut ngay 01 thang 7 nam 2025 thi khong can cu vao nhung quy dinh cua luat nay co noi dung khac so voi cac dieu luat da duoc ap dung khi tuyen an de khang nghi giam doc tham truong hop khang nghi dua vao can cu khac hoac da khang nghi truoc ngay 01 thang 7 nam 2025 thi viec xet xu giam doc tham duoc ap dung quy dinh tai diem b va diem c khoan nay
exception_condition_condition_article_426_clause_2,article_426,426,condition_article_426_clause_2,Condition,exemption_or_exception,"Hình phạt tử hình đã tuyên trước ngày 01 tháng 7 năm 2025 đối với người phạm tội về các tội quy định tại các điều 109, 110, 114, 194, 250, 353, 354 và 421 của Bộ luật Hình sự hoặc thuộc trường hợp quy định tại điểm c khoản 3 Điều 40 của Bộ luật Hình sự được sửa đổi, bổ sung tại khoản 1 Điều 1 của Luật này mà chưa thi hành án thì không thi hành và Chánh án Tòa án nhân dân tối cao quyết định chuyển hình phạt tử hình thành tù chung thân.",hinh phat tu hinh da tuyen truoc ngay 01 thang 7 nam 2025 doi voi nguoi pham toi ve cac toi quy dinh tai cac dieu 109 110 114 194 250 353 354 va 421 cua bo luat hinh su hoac thuoc truong hop quy dinh tai diem c khoan 3 dieu 40 cua bo luat hinh su duoc sua doi bo sung tai khoan 1 dieu 1 cua luat nay ma chua thi hanh an thi khong thi hanh va chanh an toa an nhan dan toi cao quyet dinh chuyen hinh phat tu hinh thanh tu chung than
exception_condition_condition_article_426_clause_3,article_426,426,condition_article_426_clause_3,Condition,exemption_or_exception,"Hình phạt tử hình đã tuyên trước ngày 01 tháng 7 năm 2025 đối với người phạm tội về các tội quy định tại Điều 248 hoặc Điều 251 của Bộ luật Hình sự mà chưa thi hành án thì không thi hành và Chánh án Tòa án nhân dân tối cao quyết định chuyển hình phạt tử hình thành tù chung thân đối với các trường hợp sau: a) Khối lượng, thể tích chất ma túy được xác định trong bản án để quyết định hình phạt bằng hoặc thấp hơn khối lượng, thể tích chất ma túy thấp nhất quy định tại khoản 5 Điều 248 hoặc khoản 5 Điều 251 của Bộ luật Hình sự được sửa đổi, bổ sung tại khoản 18 Điều 1 của Luật này; b) Khối lượng, thể tích chất ma túy được xác định trong bản án để quyết định hình phạt lớn hơn khối lượng, thể tích chất ma túy thấp nhất quy định tại khoản 5 Điều 248 hoặc khoản 5 Điều 251 của Bộ luật Hình sự được sửa đổi, bổ sung tại khoản 18 Điều 1 của Luật này mà người phạm tội không phải là người chủ mưu, cầm đầu, chỉ huy hoặc không có 02 tình tiết tăng nặng trở lên.",hinh phat tu hinh da tuyen truoc ngay 01 thang 7 nam 2025 doi voi nguoi pham toi ve cac toi quy dinh tai dieu 248 hoac dieu 251 cua bo luat hinh su ma chua thi hanh an thi khong thi hanh va chanh an toa an nhan dan toi cao quyet dinh chuyen hinh phat tu hinh thanh tu chung than doi voi cac truong hop sau a khoi luong the tich chat ma tuy duoc xac dinh trong ban an de quyet dinh hinh phat bang hoac thap hon khoi luong the tich chat ma tuy thap nhat quy dinh tai khoan 5 dieu 248 hoac khoan 5 dieu 251 cua bo luat hinh su duoc sua doi bo sung tai khoan 18 dieu 1 cua luat nay b khoi luong the tich chat ma tuy duoc xac dinh trong ban an de quyet dinh hinh phat lon hon khoi luong the tich chat ma tuy thap nhat quy dinh tai khoan 5 dieu 248 hoac khoan 5 dieu 251 cua bo luat hinh su duoc sua doi bo sung tai khoan 18 dieu 1 cua luat nay ma nguoi pham toi khong phai la nguoi chu muu cam dau chi huy hoac khong co 02 tinh tiet tang nang tro len
exception_condition_condition_article_426_clause_5,article_426,426,condition_article_426_clause_5,Condition,exemption_or_exception,Hình phạt tù chung thân đã tuyên trước ngày 01 tháng 7 năm 2025 khi xét giảm mức hình phạt đã tuyên đối với người phạm tội về các tội quy định tại Điều 353 và Điều 354 của Bộ luật Hình sự thì không áp dụng quy định tại điểm a khoản 4 Điều 1 của Luật này khi xét giảm mức hình phạt đã tuyên.,hinh phat tu chung than da tuyen truoc ngay 01 thang 7 nam 2025 khi xet giam muc hinh phat da tuyen doi voi nguoi pham toi ve cac toi quy dinh tai dieu 353 va dieu 354 cua bo luat hinh su thi khong ap dung quy dinh tai diem a khoan 4 dieu 1 cua luat nay khi xet giam muc hinh phat da tuyen
exception_condition_condition_article_426_clause_1_point_c,article_426,426,condition_article_426_clause_1_point_c,Condition,exemption_or_exception,"Quy định không có lợi cho người phạm tội tại các điều 63, 192, 193, 194, 195, 235, 236, 237, 238, 239, 240, 241, 242, 243, 244, 245, 246, 248, 249, 250, 251, 252, 255, 317, 353, 354, 355, 356, 357, 358 và 359 của Bộ luật Hình sự được sửa đổi, bổ sung tại các khoản 4, 8, 9, 10, 11, 12, 13, 14, 15, 16, 17, 18, 19, 21, 22, 23, 24, 25, 26, 27 và 28 Điều 1 của Luật này và các quy định khác không có lợi cho người phạm tội thì không áp dụng đối với những hành vi xảy ra trước 0 giờ 00 phút ngày 01 tháng 7 năm 2025 mà sau thời điểm đó mới phát hiện hoặc đang bị điều tra, truy tố, xét xử hoặc đối với người đang được xét giảm thời hạn chấp hành hình phạt, xóa án tích; trong trường hợp này, áp dụng quy định tương ứng của các văn bản quy phạm pháp luật về hình sự có hiệu lực trước 0 giờ 00 phút ngày 01 tháng 7 năm 2025 để giải quyết, trừ trường hợp quy định tại khoản 4 Điều này;",quy dinh khong co loi cho nguoi pham toi tai cac dieu 63 192 193 194 195 235 236 237 238 239 240 241 242 243 244 245 246 248 249 250 251 252 255 317 353 354 355 356 357 358 va 359 cua bo luat hinh su duoc sua doi bo sung tai cac khoan 4 8 9 10 11 12 13 14 15 16 17 18 19 21 22 23 24 25 26 27 va 28 dieu 1 cua luat nay va cac quy dinh khac khong co loi cho nguoi pham toi thi khong ap dung doi voi nhung hanh vi xay ra truoc 0 gio 00 phut ngay 01 thang 7 nam 2025 ma sau thoi diem do moi phat hien hoac dang bi dieu tra truy to xet xu hoac doi voi nguoi dang duoc xet giam thoi han chap hanh hinh phat xoa an tich trong truong hop nay ap dung quy dinh tuong ung cua cac van ban quy pham phap luat ve hinh su co hieu luc truoc 0 gio 00 phut ngay 01 thang 7 nam 2025 de giai quyet tru truong hop quy dinh tai khoan 4 dieu nay
