id,owner_id,owner_kind,article_code,penalty_type,min_imprisonment_months,max_imprisonment_months,fine_min_vnd,fine_max_vnd,has_life_imprisonment,has_death_penalty,text
penalty_article_9_clause_1_1,article_9_clause_1,Clause,9,life_imprisonment,,,,,true,false,tù chung thân
penalty_article_9_clause_1_2,article_9_clause_1,Clause,9,death_penalty,,,,,false,true,tử hình
penalty_article_9_clause_1_point_d_1,article_9_clause_1_point_d,Point,9,life_imprisonment,,,,,true,false,tù chung thân
penalty_article_9_clause_1_point_d_2,article_9_clause_1_point_d,Point,9,death_penalty,,,,,false,true,tử hình
penalty_article_32_clause_1_1,article_32_clause_1,Clause,32,life_imprisonment,,,,,true,false,tù chung thân
penalty_article_32_clause_1_2,article_32_clause_1,Clause,32,death_penalty,,,,,false,true,tử hình
penalty_article_32_clause_1_point_e_1,article_32_clause_1_point_e,Point,32,life_imprisonment,,,,,true,false,tù chung thân
penalty_article_32_clause_1_point_g_1,article_32_clause_1_point_g,Point,32,death_penalty,,,,,false,true,tử hình
penalty_article_39_clause_0_1,article_39_clause_0,Clause,39,life_imprisonment,,,,,true,false,tù chung thân
penalty_article_39_clause_0_2,article_39_clause_0,Clause,39,death_penalty,,,,,false,true,tử hình
penalty_article_40_clause_1_1,article_40_clause_1,Clause,40,death_penalty,,,,,false,true,tử hình
penalty_article_40_clause_2_1,article_40_clause_2,Clause,40,death_penalty,,,,,false,true,tử hình
penalty_article_40_clause_3_1,article_40_clause_3,Clause,40,death_penalty,,,,,false,true,tử hình
penalty_article_40_clause_4_1,article_40_clause_4,Clause,40,life_imprisonment,,,,,true,false,tù chung thân
penalty_article_40_clause_4_2,article_40_clause_4,Clause,40,death_penalty,,,,,false,true,tử hình
penalty_article_55_clause_1_1,article_55_clause_1,Clause,55,life_imprisonment,,,,,true,false,tù chung thân
penalty_article_55_clause_1_2,article_55_clause_1,Clause,55,death_penalty,,,,,false,true,tử hình
penalty_article_55_clause_1_point_c_1,article_55_clause_1_point_c,Point,55,life_imprisonment,,,,,true,false,tù chung thân
penalty_article_55_clause_1_point_d_1,article_55_clause_1_point_d,Point,55,death_penalty,,,,,false,true,tử hình
penalty_article_57_clause_3_1,article_57_clause_3,Clause,57,imprisonment,,240,,,true,true,phạt tù không quá 20 năm
penalty_article_60_clause_2_1,article_60_clause_2,Clause,60,life_imprisonment,,,,,true,false,tù chung thân
penalty_article_60_clause_2_2,article_60_clause_2,Clause,60,death_penalty,,,,,false,true,tử hình
penalty_article_60_clause_2_point_d_1,article_60_clause_2_point_d,Point,60,life_imprisonment,,,,,true,false,tù chung thân
penalty_article_60_clause_2_point_d_2,article_60_clause_2_point_d,Point,60,death_penalty,,,,,false,true,tử hình
penalty_article_63_clause_1_1,article_63_clause_1,Clause,63,life_imprisonment,,,,,true,false,tù chung thân
penalty_article_63_clause_2_1,article_63_clause_2,Clause,63,life_imprisonment,,,,,true,false,tù chung thân
penalty_article_63_clause_3_1,article_63_clause_3,Clause,63,life_imprisonment,,,,,true,false,tù chung thân
penalty_article_63_clause_5_1,article_63_clause_5,Clause,63,life_imprisonment,,,,,true,false,tù chung thân
penalty_article_63_clause_6_1,article_63_clause_6,Clause,63,death_penalty,,,,,false,true,tử hình
penalty_article_65_clause_1_1,article_65_clause_1,Clause,65,imprisonment,,36,,,false,false,phạt tù không quá 03 năm
penalty_article_66_clause_1_1,article_66_clause_1,Clause,66,life_imprisonment,,,,,true,false,tù chung thân
penalty_article_66_clause_2_1,article_66_clause_2,Clause,66,death_penalty,,,,,false,true,tử hình
penalty_article_66_clause_1_point_d_1,article_66_clause_1_point_d,Point,66,life_imprisonment,,,,,true,false,tù chung thân
penalty_article_66_clause_2_point_b_1,article_66_clause_2_point_b,Point,66,death_penalty,,,,,false,true,tử hình
penalty_article_70_clause_2_1,article_70_clause_2,Clause,70,life_imprisonment,,,,,true,false,tù chung thân
penalty_article_70_clause_2_2,article_70_clause_2,Clause,70,death_penalty,,,,,false,true,tử hình
penalty_article_70_clause_2_point_d_1,article_70_clause_2_point_d,Point,70,life_imprisonment,,,,,true,false,tù chung thân
penalty_article_70_clause_2_point_d_2,article_70_clause_2_point_d,Point,70,death_penalty,,,,,false,true,tử hình
penalty_article_71_clause_2_1,article_71_clause_2,Clause,71,life_imprisonment,,,,,true,false,tù chung thân
penalty_article_71_clause_2_2,article_71_clause_2,Clause,71,death_penalty,,,,,false,true,tử hình
penalty_article_71_clause_2_point_d_1,article_71_clause_2_point_d,Point,71,life_imprisonment,,,,,true,false,tù chung thân
penalty_article_71_clause_2_point_d_2,article_71_clause_2_point_d,Point,71,death_penalty,,,,,false,true,tử hình
penalty_article_91_clause_5_1,article_91_clause_5,Clause,91,life_imprisonment,,,,,true,false,tù chung thân
penalty_article_91_clause_5_2,article_91_clause_5,Clause,91,death_penalty,,,,,false,true,tử hình
penalty_article_101_clause_1_1,article_101_clause_1,Clause,101,life_imprisonment,,,,,true,false,tù chung thân
penalty_article_101_clause_1_2,article_101_clause_1,Clause,101,death_penalty,,,,,false,true,tử hình
penalty_article_101_clause_2_1,article_101_clause_2,Clause,101,life_imprisonment,,,,,true,false,tù chung thân
penalty_article_101_clause_2_2,article_101_clause_2,Clause,101,death_penalty,,,,,false,true,tử hình
penalty_article_108_clause_1_1,article_108_clause_1,Clause,108,imprisonment,144,240,,,true,true,phạt tù từ 12 năm đến 20 năm
penalty_article_108_clause_2_1,article_108_clause_2,Clause,108,imprisonment,84,180,,,false,false,phạt tù từ 07 năm đến 15 năm
penalty_article_108_clause_3_1,article_108_clause_3,Clause,108,imprisonment,12,60,,,false,false,phạt tù từ 01 năm đến 05 năm
penalty_article_109_clause_1_1,article_109_clause_1,Clause,109,imprisonment,144,240,,,true,false,phạt tù từ 12 năm đến 20 năm
penalty_article_109_clause_2_1,article_109_clause_2,Clause,109,imprisonment,60,144,,,false,false,phạt tù từ 05 năm đến 12 năm
penalty_article_109_clause_3_1,article_109_clause_3,Clause,109,imprisonment,12,60,,,false,false,phạt tù từ 01 năm đến 05 năm
penalty_article_110_clause_1_1,article_110_clause_1,Clause,110,imprisonment,144,240,,,true,false,phạt tù từ 12 năm đến 20 năm
penalty_article_110_clause_2_1,article_110_clause_2,Clause,110,imprisonment,60,180,,,false,false,phạt tù từ 05 năm đến 15 năm
penalty_article_110_clause_3_1,article_110_clause_3,Clause,110,imprisonment,12,60,,,false,false,phạt tù từ 01 năm đến 05 năm
penalty_article_111_clause_1_1,article_111_clause_1,Clause,111,imprisonment,144,240,,,true,false,phạt tù từ 12 năm đến 20 năm
penalty_article_111_clause_2_1,article_111_clause_2,Clause,111,imprisonment,60,180,,,false,false,phạt tù từ 05 năm đến 15 năm
penalty_article_111_clause_3_1,article_111_clause_3,Clause,111,imprisonment,12,60,,,false,false,phạt tù từ 01 năm đến 05 năm
penalty_article_112_clause_1_1,article_112_clause_1,Clause,112,imprisonment,144,240,,,true,true,phạt tù từ 12 năm đến 20 năm
penalty_article_112_clause_2_1,article_112_clause_2,Clause,112,imprisonment,60,180,,,false,false,phạt tù từ 05 năm đến 15 năm
penalty_article_112_clause_3_1,article_112_clause_3,Clause,112,imprisonment,12,60,,,false,false,phạt tù từ 01 năm đến 05 năm
penalty_article_113_clause_1_1,article_113_clause_1,Clause,113,imprisonment,144,240,,,true,true,phạt tù từ 12 năm đến 20 năm
penalty_article_113_clause_2_1,article_113_clause_2,Clause,113,imprisonment,120,180,,,false,false,phạt tù từ 10 năm đến 15 năm
penalty_article_113_clause_3_1,article_113_clause_3,Clause,113,imprisonment,60,120,,,false,false,phạt tù từ 05 năm đến 10 năm
penalty_article_113_clause_5_1,article_113_clause_5,Clause,113,imprisonment,12,60,,,false,false,phạt tù từ 01 năm đến 05 năm
penalty_article_114_clause_1_1,article_114_clause_1,Clause,114,imprisonment,144,240,,,true,false,phạt tù từ 12 năm đến 20 năm
penalty_article_114_clause_2_1,article_114_clause_2,Clause,114,imprisonment,60,180,,,false,false,phạt tù từ 05 năm đến 15 năm
penalty_article_114_clause_3_1,article_114_clause_3,Clause,114,imprisonment,12,60,,,false,false,phạt tù từ 01 năm đến 05 năm
penalty_article_115_clause_1_1,article_115_clause_1,Clause,115,imprisonment,84,180,,,false,false,phạt tù từ 07 năm đến 15 năm
penalty_article_115_clause_2_1,article_115_clause_2,Clause,115,imprisonment,36,84,,,false,false,phạt tù từ 03 năm đến 07 năm
penalty_article_115_clause_3_1,article_115_clause_3,Clause,115,imprisonment,6,36,,,false,false,phạt tù từ 06 tháng đến 03 năm
penalty_article_116_clause_1_1,article_116_clause_1,Clause,116,imprisonment,84,180,,,false,false,phạt tù từ 07 năm đến 15 năm
penalty_article_116_clause_2_1,article_116_clause_2,Clause,116,imprisonment,24,84,,,false,false,phạt tù từ 02 năm đến 07 năm
penalty_article_116_clause_3_1,article_116_clause_3,Clause,116,imprisonment,6,36,,,false,false,phạt tù từ 06 tháng đến 03 năm
penalty_article_117_clause_1_1,article_117_clause_1,Clause,117,imprisonment,60,144,,,false,false,phạt tù từ 05 năm đến 12 năm
penalty_article_117_clause_2_1,article_117_clause_2,Clause,117,imprisonment,120,240,,,false,false,phạt tù từ 10 năm đến 20 năm
penalty_article_117_clause_3_1,article_117_clause_3,Clause,117,imprisonment,12,60,,,false,false,phạt tù từ 01 năm đến 05 năm
penalty_article_118_clause_1_1,article_118_clause_1,Clause,118,imprisonment,60,180,,,false,false,phạt tù từ 05 năm đến 15 năm
penalty_article_118_clause_2_1,article_118_clause_2,Clause,118,imprisonment,24,84,,,false,false,phạt tù từ 02 năm đến 07 năm
penalty_article_118_clause_3_1,article_118_clause_3,Clause,118,imprisonment,6,36,,,false,false,phạt tù từ 06 tháng đến 03 năm
penalty_article_119_clause_1_1,article_119_clause_1,Clause,119,imprisonment,120,240,,,true,false,phạt tù từ 10 năm đến 20 năm
penalty_article_119_clause_2_1,article_119_clause_2,Clause,119,imprisonment,36,120,,,false,false,phạt tù từ 03 năm đến 10 năm
penalty_article_119_clause_3_1,article_119_clause_3,Clause,119,imprisonment,12,60,,,false,false,phạt tù từ 01 năm đến 05 năm
penalty_article_120_clause_1_1,article_120_clause_1,Clause,120,imprisonment,60,180,,,false,false,phạt tù từ 05 năm đến 15 năm
penalty_article_120_clause_2_1,article_120_clause_2,Clause,120,imprisonment,144,240,,,true,false,phạt tù từ 12 năm đến 20 năm
penalty_article_120_clause_3_1,article_120_clause_3,Clause,120,imprisonment,12,60,,,false,false,phạt tù từ 01 năm đến 05 năm
penalty_article_121_clause_1_1,article_121_clause_1,Clause,121,imprisonment,36,144,,,false,false,phạt tù từ 03 năm đến 12 năm
penalty_article_121_clause_2_1,article_121_clause_2,Clause,121,imprisonment,144,240,,,false,false,phạt tù từ 12 năm đến 20 năm
penalty_article_121_clause_3_1,article_121_clause_3,Clause,121,imprisonment,12,60,,,false,false,phạt tù từ 01 năm đến 05 năm
penalty_article_123_clause_1_1,article_123_clause_1,Clause,123,imprisonment,144,240,,,true,true,phạt tù từ 12 năm đến 20 năm
penalty_article_123_clause_2_1,article_123_clause_2,Clause,123,imprisonment,84,180,,,false,false,phạt tù từ 07 năm đến 15 năm
penalty_article_123_clause_3_1,article_123_clause_3,Clause,123,imprisonment,12,60,,,false,false,phạt tù từ 01 năm đến 05 năm
penalty_article_124_clause_1_1,article_124_clause_1,Clause,124,imprisonment,6,36,,,false,false,phạt tù từ 06 tháng đến 03 năm
penalty_article_124_clause_2_1,article_124_clause_2,Clause,124,imprisonment,3,24,,,false,false,phạt tù từ 03 tháng đến 02 năm
penalty_article_125_clause_1_1,article_125_clause_1,Clause,125,imprisonment,6,36,,,false,false,phạt tù từ 06 tháng đến 03 năm
penalty_article_125_clause_2_1,article_125_clause_2,Clause,125,imprisonment,36,84,,,false,false,phạt tù từ 03 năm đến 07 năm
penalty_article_126_clause_1_1,article_126_clause_1,Clause,126,imprisonment,3,24,,,false,false,phạt tù từ 03 tháng đến 02 năm
penalty_article_126_clause_2_1,article_126_clause_2,Clause,126,imprisonment,24,60,,,false,false,phạt tù từ 02 năm đến 05 năm
penalty_article_127_clause_1_1,article_127_clause_1,Clause,127,imprisonment,60,120,,,false,false,phạt tù từ 05 năm đến 10 năm
penalty_article_127_clause_2_1,article_127_clause_2,Clause,127,imprisonment,96,180,,,false,false,phạt tù từ 08 năm đến 15 năm
penalty_article_128_clause_1_1,article_128_clause_1,Clause,128,imprisonment,12,60,,,false,false,phạt tù từ 01 năm đến 05 năm
penalty_article_128_clause_2_1,article_128_clause_2,Clause,128,imprisonment,36,120,,,false,false,phạt tù từ 03 năm đến 10 năm
penalty_article_129_clause_1_1,article_129_clause_1,Clause,129,imprisonment,12,60,,,false,false,phạt tù từ 01 năm đến 05 năm
penalty_article_129_clause_2_1,article_129_clause_2,Clause,129,imprisonment,60,144,,,false,false,phạt tù từ 05 năm đến 12 năm
penalty_article_130_clause_1_1,article_130_clause_1,Clause,130,imprisonment,24,84,,,false,false,phạt tù từ 02 năm đến 07 năm
penalty_article_130_clause_2_1,article_130_clause_2,Clause,130,imprisonment,60,144,,,false,false,phạt tù từ 05 năm đến 12 năm
penalty_article_131_clause_1_1,article_131_clause_1,Clause,131,imprisonment,6,36,,,false,false,phạt tù từ 06 tháng đến 03 năm
penalty_article_131_clause_2_1,article_131_clause_2,Clause,131,imprisonment,24,84,,,false,false,phạt tù từ 02 năm đến 07 năm
penalty_article_132_clause_1_1,article_132_clause_1,Clause,132,imprisonment,3,24,,,false,false,phạt tù từ 03 tháng đến 02 năm
penalty_article_132_clause_2_1,article_132_clause_2,Clause,132,imprisonment,12,60,,,false,false,phạt tù từ 01 năm đến 05 năm
penalty_article_132_clause_3_1,article_132_clause_3,Clause,132,imprisonment,36,84,,,false,false,phạt tù từ 03 năm đến 07 năm
penalty_article_133_clause_1_1,article_133_clause_1,Clause,133,imprisonment,6,36,,,false,false,phạt tù từ 06 tháng đến 03 năm
penalty_article_133_clause_2_1,article_133_clause_2,Clause,133,imprisonment,24,84,,,false,false,phạt tù từ 02 năm đến 07 năm
penalty_article_134_clause_1_1,article_134_clause_1,Clause,134,imprisonment,6,36,,,false,false,phạt tù từ 06 tháng đến 03 năm
penalty_article_134_clause_2_1,article_134_clause_2,Clause,134,imprisonment,24,72,,,false,false,phạt tù từ 02 năm đến 06 năm
penalty_article_134_clause_3_1,article_134_clause_3,Clause,134,imprisonment,60,120,,,false,false,phạt tù từ 05 năm đến 10 năm
penalty_article_134_clause_4_1,article_134_clause_4,Clause,134,imprisonment,84,168,,,false,false,phạt tù từ 07 năm đến 14 năm
penalty_article_134_clause_5_1,article_134_clause_5,Clause,134,imprisonment,144,240,,,true,false,phạt tù từ 12 năm đến 20 năm
penalty_article_134_clause_6_1,article_134_clause_6,Clause,134,imprisonment,3,24,,,false,false,phạt tù từ 03 tháng đến 02 năm
penalty_article_135_clause_1_1,article_135_clause_1,Clause,135,fine,,,10000000,50000000,false,false,phạt tiền từ 10.000.000 đồng đến 50.000.000 đồng
penalty_article_135_clause_2_1,article_135_clause_2,Clause,135,imprisonment,6,36,,,false,false,phạt tù từ 06 tháng đến 03 năm
penalty_article_136_clause_1_1,article_136_clause_1,Clause,136,fine,,,5000000,20000000,false,false,phạt tiền từ 5.000.000 đồng đến 20.000.000 đồng
penalty_article_136_clause_2_1,article_136_clause_2,Clause,136,imprisonment,3,24,,,false,false,phạt tù từ 03 tháng đến 02 năm
penalty_article_136_clause_3_1,article_136_clause_3,Clause,136,imprisonment,12,36,,,false,false,phạt tù từ 01 năm đến 03 năm
penalty_article_137_clause_1_1,article_137_clause_1,Clause,137,imprisonment,6,36,,,false,false,phạt tù từ 06 tháng đến 03 năm
penalty_article_137_clause_2_1,article_137_clause_2,Clause,137,imprisonment,24,84,,,false,false,phạt tù từ 02 năm đến 07 năm
penalty_article_138_clause_1_1,article_138_clause_1,Clause,138,fine,,,5000000,20000000,false,false,phạt tiền từ 5.000.000 đồng đến 20.000.000 đồng
penalty_article_138_clause_2_1,article_138_clause_2,Clause,138,imprisonment,3,24,,,false,false,phạt tù từ 03 tháng đến 02 năm
penalty_article_138_clause_3_1,article_138_clause_3,Clause,138,imprisonment,12,36,,,false,false,phạt tù từ 01 năm đến 03 năm
penalty_article_139_clause_1_1,article_139_clause_1,Clause,139,imprisonment,3,12,,,false,false,phạt tù từ 03 tháng đến 01 năm
penalty_article_139_clause_1_2,article_139_clause_1,Clause,139,fine,,,20000000,100000000,false,false,phạt tiền từ 20.000.000 đồng đến 100.000.000 đồng
penalty_article_139_clause_2_1,article_139_clause_2,Clause,139,imprisonment,6,36,,,false,false,phạt tù từ 06 tháng đến 03 năm
penalty_article_139_clause_3_1,article_139_clause_3,Clause,139,imprisonment,24,60,,,false,false,phạt tù từ 02 năm đến 05 năm
penalty_article_140_clause_1_1,article_140_clause_1,Clause,140,imprisonment,3,24,,,false,false,phạt tù từ 03 tháng đến 02 năm
penalty_article_140_clause_2_1,article_140_clause_2,Clause,140,imprisonment,12,36,,,false,false,phạt tù từ 01 năm đến 03 năm
penalty_article_141_clause_1_1,article_141_clause_1,Clause,141,imprisonment,24,84,,,false,false,phạt tù từ 02 năm đến 07 năm
penalty_article_141_clause_2_1,article_141_clause_2,Clause,141,imprisonment,84,180,,,false,false,phạt tù từ 07 năm đến 15 năm
penalty_article_141_clause_3_1,article_141_clause_3,Clause,141,imprisonment,144,240,,,true,false,phạt tù từ 12 năm đến 20 năm
penalty_article_141_clause_4_1,article_141_clause_4,Clause,141,imprisonment,60,120,,,false,false,phạt tù từ 05 năm đến 10 năm
penalty_article_142_clause_1_1,article_142_clause_1,Clause,142,imprisonment,84,180,,,false,false,phạt tù từ 07 năm đến 15 năm
penalty_article_142_clause_2_1,article_142_clause_2,Clause,142,imprisonment,144,240,,,false,false,phạt tù từ 12 năm đến 20 năm
penalty_article_142_clause_3_1,article_142_clause_3,Clause,142,imprisonment,240,240,,,true,true,phạt tù 20 năm
penalty_article_143_clause_1_1,article_143_clause_1,Clause,143,imprisonment,12,60,,,false,false,phạt tù từ 01 năm đến 05 năm
penalty_article_143_clause_2_1,article_143_clause_2,Clause,143,imprisonment,36,120,,,false,false,phạt tù từ 03 năm đến 10 năm
penalty_article_143_clause_3_1,article_143_clause_3,Clause,143,imprisonment,120,216,,,false,false,phạt tù từ 10 năm đến 18 năm
penalty_article_143_clause_4_1,article_143_clause_4,Clause,143,imprisonment,24,84,,,false,false,phạt tù từ 02 năm đến 07 năm
penalty_article_144_clause_1_1,article_144_clause_1,Clause,144,imprisonment,60,120,,,false,false,phạt tù từ 05 năm đến 10 năm
penalty_article_144_clause_2_1,article_144_clause_2,Clause,144,imprisonment,84,180,,,false,false,phạt tù từ 07 năm đến 15 năm
penalty_article_144_clause_3_1,article_144_clause_3,Clause,144,imprisonment,144,240,,,true,false,phạt tù từ 12 năm đến 20 năm
penalty_article_145_clause_1_1,article_145_clause_1,Clause,145,imprisonment,12,60,,,false,false,phạt tù từ 01 năm đến 05 năm
penalty_article_145_clause_2_1,article_145_clause_2,Clause,145,imprisonment,36,120,,,false,false,phạt tù từ 03 năm đến 10 năm
penalty_article_145_clause_3_1,article_145_clause_3,Clause,145,imprisonment,84,180,,,false,false,phạt tù từ 07 năm đến 15 năm
penalty_article_146_clause_1_1,article_146_clause_1,Clause,146,imprisonment,6,36,,,false,false,phạt tù từ 06 tháng đến 03 năm
penalty_article_146_clause_2_1,article_146_clause_2,Clause,146,imprisonment,36,84,,,false,false,phạt tù từ 03 năm đến 07 năm
penalty_article_146_clause_3_1,article_146_clause_3,Clause,146,imprisonment,84,144,,,false,false,phạt tù từ 07 năm đến 12 năm
penalty_article_147_clause_1_1,article_147_clause_1,Clause,147,imprisonment,6,36,,,false,false,phạt tù từ 06 tháng đến 03 năm
penalty_article_147_clause_2_1,article_147_clause_2,Clause,147,imprisonment,36,84,,,false,false,phạt tù từ 03 năm đến 07 năm
penalty_article_147_clause_3_1,article_147_clause_3,Clause,147,imprisonment,84,144,,,false,false,phạt tù từ 07 năm đến 12 năm
penalty_article_148_clause_1_1,article_148_clause_1,Clause,148,imprisonment,12,36,,,false,false,phạt tù từ 01 năm đến 03 năm
penalty_article_148_clause_2_1,article_148_clause_2,Clause,148,imprisonment,36,84,,,false,false,phạt tù từ 03 năm đến 07 năm
penalty_article_149_clause_1_1,article_149_clause_1,Clause,149,imprisonment,36,84,,,false,false,phạt tù từ 03 năm đến 07 năm
penalty_article_149_clause_2_1,article_149_clause_2,Clause,149,imprisonment,84,180,,,false,false,phạt tù từ 07 năm đến 15 năm
penalty_article_149_clause_3_1,article_149_clause_3,Clause,149,imprisonment,144,240,,,true,false,phạt tù từ 12 năm đến 20 năm
penalty_article_150_clause_1_1,article_150_clause_1,Clause,150,imprisonment,60,120,,,false,false,phạt tù từ 05 năm đến 10 năm
penalty_article_150_clause_2_1,article_150_clause_2,Clause,150,imprisonment,96,180,,,false,false,phạt tù từ 08 năm đến 15 năm
penalty_article_150_clause_3_1,article_150_clause_3,Clause,150,imprisonment,144,240,,,false,false,phạt tù từ 12 năm đến 20 năm
penalty_article_150_clause_4_1,article_150_clause_4,Clause,150,fine,,,20000000,100000000,false,false,phạt tiền từ 20.000.000 đồng đến 100.000.000 đồng
penalty_article_151_clause_1_1,article_151_clause_1,Clause,151,imprisonment,84,144,,,false,false,phạt tù từ 07 năm đến 12 năm
penalty_article_151_clause_2_1,article_151_clause_2,Clause,151,imprisonment,144,240,,,false,false,phạt tù từ 12 năm đến 20 năm
penalty_article_151_clause_3_1,article_151_clause_3,Clause,151,imprisonment,216,240,,,true,false,phạt tù từ 18 năm đến 20 năm
penalty_article_151_clause_4_1,article_151_clause_4,Clause,151,fine,,,50000000,200000000,false,false,phạt tiền từ 50.000.000 đồng đến 200.000.000 đồng
penalty_article_152_clause_1_1,article_152_clause_1,Clause,152,imprisonment,24,60,,,false,false,phạt tù từ 02 năm đến 05 năm
penalty_article_152_clause_2_1,article_152_clause_2,Clause,152,imprisonment,36,84,,,false,false,phạt tù từ 03 năm đến 07 năm
penalty_article_152_clause_3_1,article_152_clause_3,Clause,152,imprisonment,84,144,,,false,false,phạt tù từ 07 năm đến 12 năm
penalty_article_152_clause_4_1,article_152_clause_4,Clause,152,fine,,,10000000,50000000,false,false,phạt tiền từ 10.000.000 đồng đến 50.000.000 đồng
penalty_article_153_clause_1_1,article_153_clause_1,Clause,153,imprisonment,36,84,,,false,false,phạt tù từ 03 năm đến 07 năm
penalty_article_153_clause_2_1,article_153_clause_2,Clause,153,imprisonment,60,120,,,false,false,phạt tù từ 05 năm đến 10 năm
penalty_article_153_clause_3_1,article_153_clause_3,Clause,153,imprisonment,120,180,,,false,false,phạt tù từ 10 năm đến 15 năm
penalty_article_153_clause_4_1,article_153_clause_4,Clause,153,fine,,,10000000,50000000,false,false,phạt tiền từ 10.000.000 đồng đến 50.000.000 đồng
penalty_article_154_clause_1_1,article_154_clause_1,Clause,154,imprisonment,36,84,,,false,false,phạt tù từ 03 năm đến 07 năm
penalty_article_154_clause_2_1,article_154_clause_2,Clause,154,imprisonment,84,180,,,false,false,phạt tù từ 07 năm đến 15 năm
penalty_article_154_clause_3_1,article_154_clause_3,Clause,154,imprisonment,144,240,,,true,false,phạt tù từ 12 năm đến 20 năm
penalty_article_154_clause_4_1,article_154_clause_4,Clause,154,fine,,,10000000,100000000,false,false,phạt tiền từ 10.000.000 đồng đến 100.000.000 đồng
penalty_article_155_clause_1_1,article_155_clause_1,Clause,155,fine,,,10000000,30000000,false,false,phạt tiền từ 10.000.000 đồng đến 30.000.000 đồng
penalty_article_155_clause_2_1,article_155_clause_2,Clause,155,imprisonment,3,24,,,false,false,phạt tù từ 03 tháng đến 02 năm
penalty_article_155_clause_3_1,article_155_clause_3,Clause,155,imprisonment,24,60,,,false,false,phạt tù từ 02 năm đến 05 năm
penalty_article_156_clause_1_1,article_156_clause_1,Clause,156,imprisonment,3,12,,,false,false,phạt tù từ 03 tháng đến 01 năm
penalty_article_156_clause_1_2,article_156_clause_1,Clause,156,fine,,,10000000,50000000,false,false,phạt tiền từ 10.000.000 đồng đến 50.000.000 đồng
penalty_article_156_clause_2_1,article_156_clause_2,Clause,156,imprisonment,12,36,,,false,false,phạt tù từ 01 năm đến 03 năm
penalty_article_156_clause_3_1,article_156_clause_3,Clause,156,imprisonment,36,84,,,false,false,phạt tù từ 03 năm đến 07 năm
penalty_article_156_clause_4_1,article_156_clause_4,Clause,156,fine,,,10000000,50000000,false,false,phạt tiền từ 10.000.000 đồng đến 50.000.000 đồng
penalty_article_157_clause_1_1,article_157_clause_1,Clause,157,imprisonment,6,36,,,false,false,phạt tù từ 06 tháng đến 03 năm
penalty_article_157_clause_2_1,article_157_clause_2,Clause,157,imprisonment,24,84,,,false,false,phạt tù từ 02 năm đến 07 năm
penalty_article_157_clause_3_1,article_157_clause_3,Clause,157,imprisonment,60,144,,,false,false,phạt tù từ 05 năm đến 12 năm
penalty_article_158_clause_1_1,article_158_clause_1,Clause,158,imprisonment,3,24,,,false,false,phạt tù từ 03 tháng đến 02 năm
penalty_article_158_clause_2_1,article_158_clause_2,Clause,158,imprisonment,12,60,,,false,false,phạt tù từ 01 năm đến 05 năm
penalty_article_159_clause_1_1,article_159_clause_1,Clause,159,fine,,,20000000,50000000,false,false,phạt tiền từ 20.000.000 đồng đến 50.000.000 đồng
penalty_article_159_clause_2_1,article_159_clause_2,Clause,159,imprisonment,12,36,,,false,false,phạt tù từ 01 năm đến 03 năm
penalty_article_159_clause_3_1,article_159_clause_3,Clause,159,fine,,,5000000,20000000,false,false,phạt tiền từ 5.000.000 đồng đến 20.000.000 đồng
penalty_article_160_clause_1_1,article_160_clause_1,Clause,160,imprisonment,3,12,,,false,false,phạt tù từ 03 tháng đến 01 năm
penalty_article_160_clause_2_1,article_160_clause_2,Clause,160,imprisonment,12,24,,,false,false,phạt tù từ 01 năm đến 02 năm
penalty_article_161_clause_1_1,article_161_clause_1,Clause,161,imprisonment,3,24,,,false,false,phạt tù từ 03 tháng đến 02 năm
penalty_article_161_clause_2_1,article_161_clause_2,Clause,161,imprisonment,12,36,,,false,false,phạt tù từ 01 năm đến 03 năm
penalty_article_162_clause_1_1,article_162_clause_1,Clause,162,imprisonment,3,12,,,false,false,phạt tù từ 03 tháng đến 01 năm
penalty_article_162_clause_1_2,article_162_clause_1,Clause,162,fine,,,10000000,100000000,false,false,phạt tiền từ 10.000.000 đồng đến 100.000.000 đồng
penalty_article_162_clause_2_1,article_162_clause_2,Clause,162,imprisonment,12,36,,,false,false,phạt tù từ 01 năm đến 03 năm
penalty_article_162_clause_2_2,article_162_clause_2,Clause,162,fine,,,100000000,200000000,false,false,phạt tiền từ 100.000.000 đồng đến 200.000.000 đồng
penalty_article_163_clause_1_1,article_163_clause_1,Clause,163,imprisonment,3,12,,,false,false,phạt tù từ 03 tháng đến 01 năm
penalty_article_163_clause_2_1,article_163_clause_2,Clause,163,imprisonment,12,36,,,false,false,phạt tù từ 01 năm đến 03 năm
penalty_article_164_clause_1_1,article_164_clause_1,Clause,164,imprisonment,3,12,,,false,false,phạt tù từ 03 tháng đến 01 năm
penalty_article_164_clause_2_1,article_164_clause_2,Clause,164,imprisonment,12,36,,,false,false,phạt tù từ 01 năm đến 03 năm
penalty_article_165_clause_1_1,article_165_clause_1,Clause,165,fine,,,5000000,50000000,false,false,phạt tiền từ 5.000.000 đồng đến 50.000.000 đồng
penalty_article_165_clause_2_1,article_165_clause_2,Clause,165,imprisonment,3,24,,,false,false,phạt tù từ 03 tháng đến 02 năm
penalty_article_165_clause_2_2,article_165_clause_2,Clause,165,fine,,,50000000,100000000,false,false,phạt tiền từ 50.000.000 đồng đến 100.000.000 đồng
penalty_article_166_clause_1_1,article_166_clause_1,Clause,166,imprisonment,6,36,,,false,false,phạt tù từ 06 tháng đến 03 năm
penalty_article_166_clause_2_1,article_166_clause_2,Clause,166,imprisonment,24,84,,,false,false,phạt tù từ 02 năm đến 07 năm
penalty_article_167_clause_1_1,article_167_clause_1,Clause,167,imprisonment,3,24,,,false,false,phạt tù từ 03 tháng đến 02 năm
penalty_article_167_clause_2_1,article_167_clause_2,Clause,167,imprisonment,12,60,,,false,false,phạt tù từ 01 năm đến 05 năm
penalty_article_168_clause_1_1,article_168_clause_1,Clause,168,imprisonment,36,120,,,false,false,phạt tù từ 03 năm đến 10 năm
penalty_article_168_clause_2_1,article_168_clause_2,Clause,168,imprisonment,84,180,,,false,false,phạt tù từ 07 năm đến 15 năm
penalty_article_168_clause_3_1,article_168_clause_3,Clause,168,imprisonment,144,240,,,false,false,phạt tù từ 12 năm đến 20 năm
penalty_article_168_clause_4_1,article_168_clause_4,Clause,168,imprisonment,216,240,,,true,false,phạt tù từ 18 năm đến 20 năm
penalty_article_168_clause_5_1,article_168_clause_5,Clause,168,imprisonment,12,60,,,false,false,phạt tù từ 01 năm đến 05 năm
penalty_article_168_clause_6_1,article_168_clause_6,Clause,168,fine,,,10000000,100000000,false,false,phạt tiền từ 10.000.000 đồng đến 100.000.000 đồng
penalty_article_169_clause_1_1,article_169_clause_1,Clause,169,imprisonment,24,84,,,false,false,phạt tù từ 02 năm đến 07 năm
penalty_article_169_clause_2_1,article_169_clause_2,Clause,169,imprisonment,60,144,,,false,false,phạt tù từ 05 năm đến 12 năm
penalty_article_169_clause_3_1,article_169_clause_3,Clause,169,imprisonment,120,216,,,false,false,phạt tù từ 10 năm đến 18 năm
penalty_article_169_clause_4_1,article_169_clause_4,Clause,169,imprisonment,180,240,,,true,false,phạt tù từ 15 năm đến 20 năm
penalty_article_169_clause_5_1,article_169_clause_5,Clause,169,imprisonment,12,60,,,false,false,phạt tù từ 01 năm đến 05 năm
penalty_article_169_clause_6_1,article_169_clause_6,Clause,169,fine,,,10000000,100000000,false,false,phạt tiền từ 10.000.000 đồng đến 100.000.000 đồng
penalty_article_170_clause_1_1,article_170_clause_1,Clause,170,imprisonment,12,60,,,false,false,phạt tù từ 01 năm đến 05 năm
penalty_article_170_clause_2_1,article_170_clause_2,Clause,170,imprisonment,36,120,,,false,false,phạt tù từ 03 năm đến 10 năm
penalty_article_170_clause_3_1,article_170_clause_3,Clause,170,imprisonment,84,180,,,false,false,phạt tù từ 07 năm đến 15 năm
penalty_article_170_clause_4_1,article_170_clause_4,Clause,170,imprisonment,144,240,,,false,false,phạt tù từ 12 năm đến 20 năm
penalty_article_170_clause_5_1,article_170_clause_5,Clause,170,fine,,,10000000,100000000,false,false,phạt tiền từ 10.000.000 đồng đến 100.000.000 đồng
penalty_article_171_clause_1_1,article_171_clause_1,Clause,171,imprisonment,12,60,,,false,false,phạt tù từ 01 năm đến 05 năm
penalty_article_171_clause_2_1,article_171_clause_2,Clause,171,imprisonment,36,120,,,false,false,phạt tù từ 03 năm đến 10 năm
penalty_article_171_clause_3_1,article_171_clause_3,Clause,171,imprisonment,84,180,,,false,false,phạt tù từ 07 năm đến 15 năm
penalty_article_171_clause_4_1,article_171_clause_4,Clause,171,imprisonment,144,240,,,true,false,phạt tù từ 12 năm đến 20 năm
penalty_article_171_clause_5_1,article_171_clause_5,Clause,171,fine,,,10000000,100000000,false,false,phạt tiền từ 10.000.000 đồng đến 100.000.000 đồng
penalty_article_172_clause_1_1,article_172_clause_1,Clause,172,imprisonment,6,36,,,false,false,phạt tù từ 06 tháng đến 03 năm
penalty_article_172_clause_2_1,article_172_clause_2,Clause,172,imprisonment,24,84,,,false,false,phạt tù từ 02 năm đến 07 năm
penalty_article_172_clause_3_1,article_172_clause_3,Clause,172,imprisonment,84,180,,,false,false,phạt tù từ 07 năm đến 15 năm
penalty_article_172_clause_4_1,article_172_clause_4,Clause,172,imprisonment,144,240,,,false,false,phạt tù từ 12 năm đến 20 năm
penalty_article_172_clause_5_1,article_172_clause_5,Clause,172,fine,,,10000000,100000000,false,false,phạt tiền từ 10.000.000 đồng đến 100.000.000 đồng
penalty_article_173_clause_1_1,article_173_clause_1,Clause,173,imprisonment,6,36,,,false,false,phạt tù từ 06 tháng đến 03 năm
penalty_article_173_clause_2_1,article_173_clause_2,Clause,173,imprisonment,24,84,,,false,false,phạt tù từ 02 năm đến 07 năm
penalty_article_173_clause_3_1,article_173_clause_3,Clause,173,imprisonment,84,180,,,false,false,phạt tù từ 07 năm đến 15 năm
penalty_article_173_clause_4_1,article_173_clause_4,Clause,173,imprisonment,144,240,,,false,false,phạt tù từ 12 năm đến 20 năm
penalty_article_173_clause_5_1,article_173_clause_5,Clause,173,fine,,,5000000,50000000,false,false,phạt tiền từ 5.000.000 đồng đến 50.000.000 đồng
penalty_article_174_clause_1_1,article_174_clause_1,Clause,174,imprisonment,6,36,,,false,false,phạt tù từ 06 tháng đến 03 năm
penalty_article_174_clause_2_1,article_174_clause_2,Clause,174,imprisonment,24,84,,,false,false,phạt tù từ 02 năm đến 07 năm
penalty_article_174_clause_3_1,article_174_clause_3,Clause,174,imprisonment,84,180,,,false,false,phạt tù từ 07 năm đến 15 năm
penalty_article_174_clause_4_1,article_174_clause_4,Clause,174,imprisonment,144,240,,,true,false,phạt tù từ 12 năm đến 20 năm
penalty_article_174_clause_5_1,article_174_clause_5,Clause,174,fine,,,10000000,100000000,false,false,phạt tiền từ 10.000.000 đồng đến 100.000.000 đồng
penalty_article_175_clause_1_1,article_175_clause_1,Clause,175,imprisonment,6,36,,,false,false,phạt tù từ 06 tháng đến 03 năm
penalty_article_175_clause_2_1,article_175_clause_2,Clause,175,imprisonment,24,84,,,false,false,phạt tù từ 02 năm đến 07 năm
penalty_article_175_clause_3_1,article_175_clause_3,Clause,175,imprisonment,60,144,,,false,false,phạt tù từ 05 năm đến 12 năm
penalty_article_175_clause_4_1,article_175_clause_4,Clause,175,imprisonment,144,240,,,false,false,phạt tù từ 12 năm đến 20 năm
penalty_article_175_clause_5_1,article_175_clause_5,Clause,175,fine,,,10000000,100000000,false,false,phạt tiền từ 10.000.000 đồng đến 100.000.000 đồng
penalty_article_176_clause_1_1,article_176_clause_1,Clause,176,imprisonment,3,24,,,false,false,phạt tù từ 03 tháng đến 02 năm
penalty_article_176_clause_1_2,article_176_clause_1,Clause,176,fine,,,10000000,50000000,false,false,phạt tiền từ 10.000.000 đồng đến 50.000.000 đồng
penalty_article_176_clause_2_1,article_176_clause_2,Clause,176,imprisonment,12,60,,,false,false,phạt tù từ 01 năm đến 05 năm
penalty_article_177_clause_1_1,article_177_clause_1,Clause,177,imprisonment,3,24,,,false,false,phạt tù từ 03 tháng đến 02 năm
penalty_article_177_clause_1_2,article_177_clause_1,Clause,177,fine,,,10000000,50000000,false,false,phạt tiền từ 10.000.000 đồng đến 50.000.000 đồng
penalty_article_177_clause_2_1,article_177_clause_2,Clause,177,imprisonment,12,60,,,false,false,phạt tù từ 01 năm đến 05 năm
penalty_article_177_clause_2_2,article_177_clause_2,Clause,177,fine,,,50000000,100000000,false,false,phạt tiền từ 50.000.000 đồng đến 100.000.000 đồng
penalty_article_177_clause_3_1,article_177_clause_3,Clause,177,imprisonment,36,84,,,false,false,phạt tù từ 03 năm đến 07 năm
penalty_article_177_clause_4_1,article_177_clause_4,Clause,177,fine,,,5000000,20000000,false,false,phạt tiền từ 5.000.000 đồng đến 20.000.000 đồng
penalty_article_178_clause_1_1,article_178_clause_1,Clause,178,imprisonment,6,36,,,false,false,phạt tù từ 06 tháng đến 03 năm
penalty_article_178_clause_1_2,article_178_clause_1,Clause,178,fine,,,10000000,50000000,false,false,phạt tiền từ 10.000.000 đồng đến 50.000.000 đồng
penalty_article_178_clause_2_1,article_178_clause_2,Clause,178,imprisonment,24,84,,,false,false,phạt tù từ 02 năm đến 07 năm
penalty_article_178_clause_3_1,article_178_clause_3,Clause,178,imprisonment,60,120,,,false,false,phạt tù từ 05 năm đến 10 năm
penalty_article_178_clause_4_1,article_178_clause_4,Clause,178,imprisonment,120,240,,,false,false,phạt tù từ 10 năm đến 20 năm
penalty_article_178_clause_5_1,article_178_clause_5,Clause,178,fine,,,10000000,100000000,false,false,phạt tiền từ 10.000.000 đồng đến 100.000.000 đồng
penalty_article_179_clause_2_1,article_179_clause_2,Clause,179,imprisonment,12,60,,,false,false,phạt tù từ 01 năm đến 05 năm
penalty_article_179_clause_3_1,article_179_clause_3,Clause,179,imprisonment,60,120,,,false,false,phạt tù từ 05 năm đến 10 năm
penalty_article_180_clause_2_1,article_180_clause_2,Clause,180,imprisonment,3,24,,,false,false,phạt tù từ 03 tháng đến 02 năm
penalty_article_181_clause_0_1,article_181_clause_0,Clause,181,imprisonment,3,36,,,false,false,phạt tù từ 03 tháng đến 03 năm
penalty_article_182_clause_1_1,article_182_clause_1,Clause,182,imprisonment,3,12,,,false,false,phạt tù từ 03 tháng đến 01 năm
penalty_article_182_clause_2_1,article_182_clause_2,Clause,182,imprisonment,6,36,,,false,false,phạt tù từ 06 tháng đến 03 năm
penalty_article_183_clause_0_1,article_183_clause_0,Clause,183,fine,,,10000000,30000000,false,false,phạt tiền từ 10.000.000 đồng đến 30.000.000 đồng
penalty_article_184_clause_0_1,article_184_clause_0,Clause,184,imprisonment,12,60,,,false,false,phạt tù từ 01 năm đến 05 năm
penalty_article_185_clause_1_1,article_185_clause_1,Clause,185,imprisonment,6,36,,,false,false,phạt tù từ 06 tháng đến 03 năm
penalty_article_185_clause_2_1,article_185_clause_2,Clause,185,imprisonment,24,60,,,false,false,phạt tù từ 02 năm đến 05 năm
penalty_article_186_clause_0_1,article_186_clause_0,Clause,186,imprisonment,3,24,,,false,false,phạt tù từ 03 tháng đến 02 năm
penalty_article_187_clause_1_1,article_187_clause_1,Clause,187,imprisonment,3,24,,,false,false,phạt tù từ 03 tháng đến 02 năm
penalty_article_187_clause_1_2,article_187_clause_1,Clause,187,fine,,,50000000,200000000,false,false,phạt tiền từ 50.000.000 đồng đến 200.000.000 đồng
penalty_article_187_clause_2_1,article_187_clause_2,Clause,187,imprisonment,12,60,,,false,false,phạt tù từ 01 năm đến 05 năm
penalty_article_187_clause_3_1,article_187_clause_3,Clause,187,fine,,,10000000,50000000,false,false,phạt tiền từ 10.000.000 đồng đến 50.000.000 đồng
penalty_article_188_clause_1_1,article_188_clause_1,Clause,188,imprisonment,6,36,,,false,false,phạt tù từ 06 tháng đến 03 năm
penalty_article_188_clause_1_2,article_188_clause_1,Clause,188,fine,,,50000000,300000000,false,false,phạt tiền từ 50.000.000 đồng đến 300.000.000 đồng
penalty_article_188_clause_2_1,article_188_clause_2,Clause,188,imprisonment,36,84,,,false,false,phạt tù từ 03 năm đến 07 năm
penalty_article_188_clause_2_2,article_188_clause_2,Clause,188,fine,,,300000000,1500000000,false,false,phạt tiền từ 300.000.000 đồng đến 1.500.000.000 đồng
penalty_article_188_clause_3_1,article_188_clause_3,Clause,188,imprisonment,84,180,,,false,false,phạt tù từ 7 năm đến 15 năm
penalty_article_188_clause_3_2,article_188_clause_3,Clause,188,fine,,,1500000000,5000000000,false,false,phạt tiền từ 1.500.000.000 đồng đến 5.000.000.000 đồng
penalty_article_188_clause_4_1,article_188_clause_4,Clause,188,imprisonment,144,240,,,false,false,phạt tù từ 12 năm đến 20 năm
penalty_article_188_clause_5_1,article_188_clause_5,Clause,188,fine,,,20000000,100000000,false,false,phạt tiền từ 20.000.000 đồng đến 100.000.000 đồng
penalty_article_188_clause_6_1,article_188_clause_6,Clause,188,fine,,,300000000,1000000000,false,false,phạt tiền từ 300.000.000 đồng đến 1.000.000.000 đồng
penalty_article_188_clause_6_2,article_188_clause_6,Clause,188,fine,,,1000000000,3000000000,false,false,phạt tiền từ 1.000.000.000 đồng đến 3.000.000.000 đồng
penalty_article_188_clause_6_3,article_188_clause_6,Clause,188,fine,,,3000000000,7000000000,false,false,phạt tiền từ 3.000.000.000 đồng đến 7.000.000.000 đồng
penalty_article_188_clause_6_4,article_188_clause_6,Clause,188,fine,,,7000000000,15000000000,false,false,phạt tiền từ 7.000.000.000 đồng đến 15.000.000.000 đồng
penalty_article_188_clause_6_5,article_188_clause_6,Clause,188,fine,,,50000000,300000000,false,false,phạt tiền từ 50.000.000 đồng đến 300.000.000 đồng
penalty_article_188_clause_6_point_a_1,article_188_clause_6_point_a,Point,188,fine,,,300000000,1000000000,false,false,phạt tiền từ 300.000.000 đồng đến 1.000.000.000 đồng
penalty_article_188_clause_6_point_b_1,article_188_clause_6_point_b,Point,188,fine,,,1000000000,3000000000,false,false,phạt tiền từ 1.000.000.000 đồng đến 3.000.000.000 đồng
penalty_article_188_clause_6_point_c_1,article_188_clause_6_point_c,Point,188,fine,,,3000000000,7000000000,false,false,phạt tiền từ 3.000.000.000 đồng đến 7.000.000.000 đồng
penalty_article_188_clause_6_point_d_1,article_188_clause_6_point_d,Point,188,fine,,,7000000000,15000000000,false,false,phạt tiền từ 7.000.000.000 đồng đến 15.000.000.000 đồng
penalty_article_188_clause_6_point_e_1,article_188_clause_6_point_e,Point,188,fine,,,50000000,300000000,false,false,phạt tiền từ 50.000.000 đồng đến 300.000.000 đồng
penalty_article_189_clause_1_1,article_189_clause_1,Clause,189,imprisonment,3,24,,,false,false,phạt tù từ 03 tháng đến 02 năm
penalty_article_189_clause_1_2,article_189_clause_1,Clause,189,fine,,,20000000,200000000,false,false,phạt tiền từ 20.000.000 đồng đến 200.000.000 đồng
penalty_article_189_clause_2_1,article_189_clause_2,Clause,189,imprisonment,24,60,,,false,false,phạt tù từ 02 năm đến 05 năm
penalty_article_189_clause_2_2,article_189_clause_2,Clause,189,fine,,,200000000,1000000000,false,false,phạt tiền từ 200.000.000 đồng đến 1.000.000.000 đồng
penalty_article_189_clause_3_1,article_189_clause_3,Clause,189,imprisonment,60,120,,,false,false,phạt tù từ 05 năm đến 10 năm
penalty_article_189_clause_3_2,article_189_clause_3,Clause,189,fine,,,1000000000,3000000000,false,false,phạt tiền từ 1.000.000.000 đồng đến 3.000.000.000 đồng
penalty_article_189_clause_3_1,article_189_clause_3,Clause,189,imprisonment,60,120,,,false,false,phạt tù từ 05 năm đến 10 năm
penalty_article_189_clause_3_2,article_189_clause_3,Clause,189,fine,,,1000000000,3000000000,false,false,phạt tiền từ 1.000.000.000 đồng đến 3.000.000.000 đồng
penalty_article_189_clause_4_1,article_189_clause_4,Clause,189,fine,,,10000000,50000000,false,false,phạt tiền từ 10.000.000 đồng đến 50.000.000 đồng
penalty_article_189_clause_5_1,article_189_clause_5,Clause,189,fine,,,200000000,500000000,false,false,phạt tiền từ 200.000.000 đồng đến 500.000.000 đồng
penalty_article_189_clause_5_2,article_189_clause_5,Clause,189,fine,,,500000000,2000000000,false,false,phạt tiền từ 500.000.000 đồng đến 2.000.000.000 đồng
penalty_article_189_clause_5_3,article_189_clause_5,Clause,189,fine,,,2000000000,5000000000,false,false,phạt tiền từ 2.000.000.000 đồng đến 5.000.000.000 đồng
penalty_article_189_clause_5_4,article_189_clause_5,Clause,189,fine,,,50000000,200000000,false,false,phạt tiền từ 50.000.000 đồng đến 200.000.000 đồng
penalty_article_189_clause_5_point_a_1,article_189_clause_5_point_a,Point,189,fine,,,200000000,500000000,false,false,phạt tiền từ 200.000.000 đồng đến 500.000.000 đồng
penalty_article_189_clause_5_point_b_1,article_189_clause_5_point_b,Point,189,fine,,,500000000,2000000000,false,false,phạt tiền từ 500.000.000 đồng đến 2.000.000.000 đồng
penalty_article_189_clause_5_point_c_1,article_189_clause_5_point_c,Point,189,fine,,,2000000000,5000000000,false,false,phạt tiền từ 2.000.000.000 đồng đến 5.000.000.000 đồng
penalty_article_189_clause_5_point_d_1,article_189_clause_5_point_d,Point,189,fine,,,50000000,200000000,false,false,phạt tiền từ 50.000.000 đồng đến 200.000.000 đồng
penalty_article_190_clause_1_1,article_190_clause_1,Clause,190,imprisonment,12,60,,,false,false,phạt tù từ 01 năm đến 05 năm
penalty_article_190_clause_1_2,article_190_clause_1,Clause,190,fine,,,100000000,1000000000,false,false,phạt tiền từ 100.000.000 đồng đến 1.000.000.000 đồng
penalty_article_190_clause_2_1,article_190_clause_2,Clause,190,imprisonment,60,120,,,false,false,phạt tù từ 05 năm đến 10 năm
penalty_article_190_clause_2_2,article_190_clause_2,Clause,190,fine,,,1000000000,3000000000,false,false,phạt tiền từ 1.000.000.000 đồng đến 3.000.000.000 đồng
penalty_article_190_clause_3_1,article_190_clause_3,Clause,190,imprisonment,96,180,,,false,false,phạt tù từ 08 năm đến 15 năm
penalty_article_190_clause_4_1,article_190_clause_4,Clause,190,fine,,,20000000,100000000,false,false,phạt tiền từ 20.000.000 đồng đến 100.000.000 đồng
penalty_article_190_clause_5_1,article_190_clause_5,Clause,190,fine,,,1000000000,3000000000,false,false,phạt tiền từ 1.000.000.000 đồng đến 3.000.000.000 đồng
penalty_article_190_clause_5_2,article_190_clause_5,Clause,190,fine,,,3000000000,6000000000,false,false,phạt tiền từ 3.000.000.000 đồng đến 6.000.000.000 đồng
penalty_article_190_clause_5_3,article_190_clause_5,Clause,190,fine,,,6000000000,9000000000,false,false,phạt tiền từ 6.000.000.000 đồng đến 9.000.000.000 đồng
penalty_article_190_clause_5_4,article_190_clause_5,Clause,190,fine,,,50000000,200000000,false,false,phạt tiền từ 50.000.000 đồng đến 200.000.000 đồng
penalty_article_190_clause_5_point_a_1,article_190_clause_5_point_a,Point,190,fine,,,1000000000,3000000000,false,false,phạt tiền từ 1.000.000.000 đồng đến 3.000.000.000 đồng
penalty_article_190_clause_5_point_b_1,article_190_clause_5_point_b,Point,190,fine,,,3000000000,6000000000,false,false,phạt tiền từ 3.000.000.000 đồng đến 6.000.000.000 đồng
penalty_article_190_clause_5_point_c_1,article_190_clause_5_point_c,Point,190,fine,,,6000000000,9000000000,false,false,phạt tiền từ 6.000.000.000 đồng đến 9.000.000.000 đồng
penalty_article_190_clause_5_point_d_1,article_190_clause_5_point_d,Point,190,fine,,,50000000,200000000,false,false,phạt tiền từ 50.000.000 đồng đến 200.000.000 đồng
penalty_article_191_clause_1_1,article_191_clause_1,Clause,191,imprisonment,6,36,,,false,false,phạt tù từ 06 tháng đến 03 năm
penalty_article_191_clause_1_2,article_191_clause_1,Clause,191,fine,,,50000000,300000000,false,false,phạt tiền từ 50.000.000 đồng đến 300.000.000 đồng
penalty_article_191_clause_2_1,article_191_clause_2,Clause,191,imprisonment,24,60,,,false,false,phạt tù từ 02 năm đến 05 năm
penalty_article_191_clause_2_2,article_191_clause_2,Clause,191,fine,,,300000000,1000000000,false,false,phạt tiền từ 300.000.000 đồng đến 1.000.000.000 đồng
penalty_article_191_clause_3_1,article_191_clause_3,Clause,191,imprisonment,60,120,,,false,false,phạt tù từ 05 năm đến 10 năm
penalty_article_191_clause_4_1,article_191_clause_4,Clause,191,fine,,,10000000,50000000,false,false,phạt tiền từ 10.000.000 đồng đến 50.000.000 đồng
penalty_article_191_clause_5_1,article_191_clause_5,Clause,191,fine,,,300000000,1000000000,false,false,phạt tiền từ 300.000.000 đồng đến 1.000.000.000 đồng
penalty_article_191_clause_5_2,article_191_clause_5,Clause,191,fine,,,1000000000,3000000000,false,false,phạt tiền từ 1.000.000.000 đồng đến 3.000.000.000 đồng
penalty_article_191_clause_5_3,article_191_clause_5,Clause,191,fine,,,3000000000,5000000000,false,false,phạt tiền từ 3.000.000.000 đồng đến 5.000.000.000 đồng
penalty_article_191_clause_5_4,article_191_clause_5,Clause,191,fine,,,50000000,200000000,false,false,phạt tiền từ 50.000.000 đồng đến 200.000.000 đồng
penalty_article_191_clause_5_point_a_1,article_191_clause_5_point_a,Point,191,fine,,,300000000,1000000000,false,false,phạt tiền từ 300.000.000 đồng đến 1.000.000.000 đồng
penalty_article_191_clause_5_point_b_1,article_191_clause_5_point_b,Point,191,fine,,,1000000000,3000000000,false,false,phạt tiền từ 1.000.000.000 đồng đến 3.000.000.000 đồng
penalty_article_191_clause_5_point_c_1,article_191_clause_5_point_c,Point,191,fine,,,3000000000,5000000000,false,false,phạt tiền từ 3.000.000.000 đồng đến 5.000.000.000 đồng
penalty_article_191_clause_5_point_d_1,article_191_clause_5_point_d,Point,191,fine,,,50000000,200000000,false,false,phạt tiền từ 50.000.000 đồng đến 200.000.000 đồng
penalty_article_192_clause_1_1,article_192_clause_1,Clause,192,imprisonment,12,60,,,false,false,phạt tù từ 01 năm đến 05 năm
penalty_article_192_clause_1_2,article_192_clause_1,Clause,192,fine,,,200000000,2000000000,false,false,phạt tiền từ 200.000.000 đồng đến 2.000.000.000 đồng
penalty_article_192_clause_2_1,article_192_clause_2,Clause,192,imprisonment,60,120,,,false,false,phạt tù từ 05 năm đến 10 năm
penalty_article_192_clause_3_1,article_192_clause_3,Clause,192,imprisonment,84,180,,,false,false,phạt tù từ 07 năm đến 15 năm
penalty_article_192_clause_4_1,article_192_clause_4,Clause,192,fine,,,40000000,100000000,false,false,phạt tiền từ 40.000.000 đồng đến 100.000.000 đồng
penalty_article_192_clause_5_1,article_192_clause_5,Clause,192,fine,,,2000000000,6000000000,false,false,phạt tiền từ 2.000.000.000 đồng đến 6.000.000.000 đồng
penalty_article_192_clause_5_2,article_192_clause_5,Clause,192,fine,,,6000000000,12000000000,false,false,phạt tiền từ 6.000.000.000 đồng đến 12.000.000.000 đồng
penalty_article_192_clause_5_3,article_192_clause_5,Clause,192,fine,,,12000000000,18000000000,false,false,phạt tiền từ 12.000.000.000 đồng đến 18.000.000.000 đồng
penalty_article_192_clause_5_4,article_192_clause_5,Clause,192,fine,,,100000000,400000000,false,false,phạt tiền từ 100.000.000 đồng đến 400.000.000 đồng
penalty_article_192_clause_5_point_a_1,article_192_clause_5_point_a,Point,192,fine,,,2000000000,6000000000,false,false,phạt tiền từ 2.000.000.000 đồng đến 6.000.000.000 đồng
penalty_article_192_clause_5_point_b_1,article_192_clause_5_point_b,Point,192,fine,,,6000000000,12000000000,false,false,phạt tiền từ 6.000.000.000 đồng đến 12.000.000.000 đồng
penalty_article_192_clause_5_point_c_1,article_192_clause_5_point_c,Point,192,fine,,,12000000000,18000000000,false,false,phạt tiền từ 12.000.000.000 đồng đến 18.000.000.000 đồng
penalty_article_192_clause_5_point_d_1,article_192_clause_5_point_d,Point,192,fine,,,100000000,400000000,false,false,phạt tiền từ 100.000.000 đồng đến 400.000.000 đồng
penalty_article_193_clause_1_1,article_193_clause_1,Clause,193,imprisonment,24,60,,,false,false,phạt tù từ 02 năm đến 05 năm
penalty_article_193_clause_2_1,article_193_clause_2,Clause,193,imprisonment,60,120,,,false,false,phạt tù từ 05 năm đến 10 năm
penalty_article_193_clause_3_1,article_193_clause_3,Clause,193,imprisonment,120,180,,,false,false,phạt tù từ 10 năm đến 15 năm
penalty_article_193_clause_4_1,article_193_clause_4,Clause,193,imprisonment,180,240,,,true,false,phạt tù từ 15 năm đến 20 năm
penalty_article_193_clause_5_1,article_193_clause_5,Clause,193,fine,,,40000000,200000000,false,false,phạt tiền từ 40.000.000 đồng đến 200.000.000 đồng
penalty_article_193_clause_6_1,article_193_clause_6,Clause,193,fine,,,2000000000,6000000000,false,false,phạt tiền từ 2.000.000.000 đồng đến 6.000.000.000 đồng
penalty_article_193_clause_6_2,article_193_clause_6,Clause,193,fine,,,6000000000,12000000000,false,false,phạt tiền từ 6.000.000.000 đồng đến 12.000.000.000 đồng
penalty_article_193_clause_6_3,article_193_clause_6,Clause,193,fine,,,12000000000,18000000000,false,false,phạt tiền từ 12.000.000.000 đồng đến 18.000.000.000 đồng
penalty_article_193_clause_6_4,article_193_clause_6,Clause,193,fine,,,18000000000,36000000000,false,false,phạt tiền từ 18.000.000.000 đồng đến 36.000.000.000 đồng
penalty_article_193_clause_6_5,article_193_clause_6,Clause,193,fine,,,200000000,600000000,false,false,phạt tiền từ 200.000.000 đồng đến 600.000.000 đồng
penalty_article_193_clause_6_point_a_1,article_193_clause_6_point_a,Point,193,fine,,,2000000000,6000000000,false,false,phạt tiền từ 2.000.000.000 đồng đến 6.000.000.000 đồng
penalty_article_193_clause_6_point_b_1,article_193_clause_6_point_b,Point,193,fine,,,6000000000,12000000000,false,false,phạt tiền từ 6.000.000.000 đồng đến 12.000.000.000 đồng
penalty_article_193_clause_6_point_c_1,article_193_clause_6_point_c,Point,193,fine,,,12000000000,18000000000,false,false,phạt tiền từ 12.000.000.000 đồng đến 18.000.000.000 đồng
penalty_article_193_clause_6_point_d_1,article_193_clause_6_point_d,Point,193,fine,,,18000000000,36000000000,false,false,phạt tiền từ 18.000.000.000 đồng đến 36.000.000.000 đồng
penalty_article_193_clause_6_point_e_1,article_193_clause_6_point_e,Point,193,fine,,,200000000,600000000,false,false,phạt tiền từ 200.000.000 đồng đến 600.000.000 đồng
penalty_article_194_clause_1_1,article_194_clause_1,Clause,194,imprisonment,24,84,,,false,false,phạt tù từ 02 năm đến 07 năm
penalty_article_194_clause_2_1,article_194_clause_2,Clause,194,imprisonment,60,144,,,false,false,phạt tù từ 05 năm đến 12 năm
penalty_article_194_clause_3_1,article_194_clause_3,Clause,194,imprisonment,144,240,,,false,false,phạt tù từ 12 năm đến 20 năm
penalty_article_194_clause_4_1,article_194_clause_4,Clause,194,imprisonment,240,240,,,true,false,phạt tù 20 năm hoặc tù chung thân
penalty_article_194_clause_4_2,article_194_clause_4,Clause,194,imprisonment,240,240,,,true,false,phạt tù 20 năm
penalty_article_194_clause_5_1,article_194_clause_5,Clause,194,fine,,,40000000,200000000,false,false,phạt tiền từ 40.000.000 đồng đến 200.000.000 đồng
penalty_article_194_clause_6_1,article_194_clause_6,Clause,194,fine,,,2000000000,8000000000,false,false,phạt tiền từ 2.000.000.000 đồng đến 8.000.000.000 đồng
penalty_article_194_clause_6_2,article_194_clause_6,Clause,194,fine,,,8000000000,18000000000,false,false,phạt tiền từ 8.000.000.000 đồng đến 18.000.000.000 đồng
penalty_article_194_clause_6_3,article_194_clause_6,Clause,194,fine,,,18000000000,30000000000,false,false,phạt tiền từ 18.000.000.000 đồng đến 30.000.000.000 đồng
penalty_article_194_clause_6_4,article_194_clause_6,Clause,194,fine,,,30000000000,40000000000,false,false,phạt tiền từ 30.000.000.000 đồng đến 40.000.000.000 đồng
penalty_article_194_clause_6_5,article_194_clause_6,Clause,194,fine,,,200000000,600000000,false,false,phạt tiền từ 200.000.000 đồng đến 600.000.000 đồng
penalty_article_194_clause_6_point_a_1,article_194_clause_6_point_a,Point,194,fine,,,2000000000,8000000000,false,false,phạt tiền từ 2.000.000.000 đồng đến 8.000.000.000 đồng
penalty_article_194_clause_6_point_b_1,article_194_clause_6_point_b,Point,194,fine,,,8000000000,18000000000,false,false,phạt tiền từ 8.000.000.000 đồng đến 18.000.000.000 đồng
penalty_article_194_clause_6_point_c_1,article_194_clause_6_point_c,Point,194,fine,,,18000000000,30000000000,false,false,phạt tiền từ 18.000.000.000 đồng đến 30.000.000.000 đồng
penalty_article_194_clause_6_point_d_1,article_194_clause_6_point_d,Point,194,fine,,,30000000000,40000000000,false,false,phạt tiền từ 30.000.000.000 đồng đến 40.000.000.000 đồng
penalty_article_194_clause_6_point_e_1,article_194_clause_6_point_e,Point,194,fine,,,200000000,600000000,false,false,phạt tiền từ 200.000.000 đồng đến 600.000.000 đồng
penalty_article_195_clause_1_1,article_195_clause_1,Clause,195,imprisonment,12,60,,,false,false,phạt tù từ 01 năm đến 05 năm
penalty_article_195_clause_1_2,article_195_clause_1,Clause,195,fine,,,200000000,2000000000,false,false,phạt tiền từ 200.000.000 đồng đến 2.000.000.000 đồng
penalty_article_195_clause_2_1,article_195_clause_2,Clause,195,imprisonment,60,120,,,false,false,phạt tù từ 05 năm đến 10 năm
penalty_article_195_clause_3_1,article_195_clause_3,Clause,195,imprisonment,120,180,,,false,false,phạt tù từ 10 năm đến 15 năm
penalty_article_195_clause_4_1,article_195_clause_4,Clause,195,imprisonment,180,240,,,false,false,phạt tù từ 15 năm đến 20 năm
penalty_article_195_clause_5_1,article_195_clause_5,Clause,195,fine,,,40000000,200000000,false,false,phạt tiền từ 40.000.000 đồng đến 200.000.000 đồng
penalty_article_195_clause_6_1,article_195_clause_6,Clause,195,fine,,,2000000000,6000000000,false,false,phạt tiền từ 2.000.000.000 đồng đến 6.000.000.000 đồng
penalty_article_195_clause_6_2,article_195_clause_6,Clause,195,fine,,,6000000000,12000000000,false,false,phạt tiền từ 6.000.000.000 đồng đến 12.000.000.000 đồng
penalty_article_195_clause_6_3,article_195_clause_6,Clause,195,fine,,,12000000000,18000000000,false,false,phạt tiền từ 12.000.000.000 đồng đến 18.000.000.000 đồng
penalty_article_195_clause_6_4,article_195_clause_6,Clause,195,fine,,,18000000000,30000000000,false,false,phạt tiền từ 18.000.000.000 đồng đến 30.000.000.000 đồng
penalty_article_195_clause_6_5,article_195_clause_6,Clause,195,fine,,,200000000,600000000,false,false,phạt tiền từ 200.000.000 đồng đến 600.000.000 đồng
penalty_article_195_clause_6_point_a_1,article_195_clause_6_point_a,Point,195,fine,,,2000000000,6000000000,false,false,phạt tiền từ 2.000.000.000 đồng đến 6.000.000.000 đồng
penalty_article_195_clause_6_point_b_1,article_195_clause_6_point_b,Point,195,fine,,,6000000000,12000000000,false,false,phạt tiền từ 6.000.000.000 đồng đến 12.000.000.000 đồng
penalty_article_195_clause_6_point_c_1,article_195_clause_6_point_c,Point,195,fine,,,12000000000,18000000000,false,false,phạt tiền từ 12.000.000.000 đồng đến 18.000.000.000 đồng
penalty_article_195_clause_6_point_d_1,article_195_clause_6_point_d,Point,195,fine,,,18000000000,30000000000,false,false,phạt tiền từ 18.000.000.000 đồng đến 30.000.000.000 đồng
penalty_article_195_clause_6_point_e_1,article_195_clause_6_point_e,Point,195,fine,,,200000000,600000000,false,false,phạt tiền từ 200.000.000 đồng đến 600.000.000 đồng
penalty_article_196_clause_1_1,article_196_clause_1,Clause,196,imprisonment,6,36,,,false,false,phạt tù từ 06 tháng đến 03 năm
penalty_article_196_clause_1_2,article_196_clause_1,Clause,196,fine,,,30000000,300000000,false,false,phạt tiền từ 30.000.000 đồng đến 300.000.000 đồng
penalty_article_196_clause_2_1,article_196_clause_2,Clause,196,imprisonment,36,84,,,false,false,phạt tù từ 03 năm đến 07 năm
penalty_article_196_clause_2_2,article_196_clause_2,Clause,196,fine,,,300000000,1500000000,false,false,phạt tiền từ 300.000.000 đồng đến 1.500.000.000 đồng
penalty_article_196_clause_3_1,article_196_clause_3,Clause,196,imprisonment,84,180,,,false,false,phạt tù từ 07 năm đến 15 năm
penalty_article_196_clause_3_2,article_196_clause_3,Clause,196,fine,,,1500000000,5000000000,false,false,phạt tiền từ 1.500.000.000 đồng đến 5.000.000.000 đồng
penalty_article_196_clause_4_1,article_196_clause_4,Clause,196,fine,,,20000000,200000000,false,false,phạt tiền từ 20.000.000 đồng đến 200.000.000 đồng
penalty_article_196_clause_5_1,article_196_clause_5,Clause,196,fine,,,300000000,1000000000,false,false,phạt tiền từ 300.000.000 đồng đến 1.000.000.000 đồng
penalty_article_196_clause_5_2,article_196_clause_5,Clause,196,fine,,,1000000000,4000000000,false,false,phạt tiền từ 1.000.000.000 đồng đến 4.000.000.000 đồng
penalty_article_196_clause_5_3,article_196_clause_5,Clause,196,fine,,,4000000000,9000000000,false,false,phạt tiền từ 4.000.000.000 đồng đến 9.000.000.000 đồng
penalty_article_196_clause_5_4,article_196_clause_5,Clause,196,fine,,,100000000,300000000,false,false,phạt tiền từ 100.000.000 đồng đến 300.000.000 đồng
penalty_article_196_clause_5_point_a_1,article_196_clause_5_point_a,Point,196,fine,,,300000000,1000000000,false,false,phạt tiền từ 300.000.000 đồng đến 1.000.000.000 đồng
penalty_article_196_clause_5_point_b_1,article_196_clause_5_point_b,Point,196,fine,,,1000000000,4000000000,false,false,phạt tiền từ 1.000.000.000 đồng đến 4.000.000.000 đồng
penalty_article_196_clause_5_point_c_1,article_196_clause_5_point_c,Point,196,fine,,,4000000000,9000000000,false,false,phạt tiền từ 4.000.000.000 đồng đến 9.000.000.000 đồng
penalty_article_196_clause_5_point_d_1,article_196_clause_5_point_d,Point,196,fine,,,100000000,300000000,false,false,phạt tiền từ 100.000.000 đồng đến 300.000.000 đồng
penalty_article_197_clause_1_1,article_197_clause_1,Clause,197,fine,,,10000000,100000000,false,false,phạt tiền từ 10.000.000 đồng đến 100.000.000 đồng
penalty_article_197_clause_2_1,article_197_clause_2,Clause,197,fine,,,5000000,50000000,false,false,phạt tiền từ 5.000.000 đồng đến 50.000.000 đồng
penalty_article_198_clause_1_1,article_198_clause_1,Clause,198,fine,,,10000000,100000000,false,false,phạt tiền từ 10.000.000 đồng đến 100.000.000 đồng
penalty_article_198_clause_2_1,article_198_clause_2,Clause,198,imprisonment,12,60,,,false,false,phạt tù từ 01 năm đến 05 năm
penalty_article_198_clause_2_2,article_198_clause_2,Clause,198,fine,,,100000000,500000000,false,false,phạt tiền từ 100.000.000 đồng đến 500.000.000 đồng
penalty_article_198_clause_3_1,article_198_clause_3,Clause,198,fine,,,20000000,100000000,false,false,phạt tiền từ 20.000.000 đồng đến 100.000.000 đồng
penalty_article_199_clause_1_1,article_199_clause_1,Clause,199,imprisonment,3,24,,,false,false,phạt tù từ 03 tháng đến 02 năm
penalty_article_199_clause_1_2,article_199_clause_1,Clause,199,fine,,,30000000,150000000,false,false,phạt tiền từ 30.000.000 đồng đến 150.000.000 đồng
penalty_article_199_clause_2_1,article_199_clause_2,Clause,199,imprisonment,12,60,,,false,false,phạt tù từ 01 năm đến 05 năm
penalty_article_199_clause_2_2,article_199_clause_2,Clause,199,fine,,,150000000,500000000,false,false,phạt tiền từ 150.000.000 đồng đến 500.000.000 đồng
penalty_article_199_clause_3_1,article_199_clause_3,Clause,199,imprisonment,36,84,,,false,false,phạt tù từ 03 năm đến 07 năm
penalty_article_199_clause_4_1,article_199_clause_4,Clause,199,fine,,,10000000,50000000,false,false,phạt tiền từ 10.000.000 đồng đến 50.000.000 đồng
penalty_article_200_clause_1_1,article_200_clause_1,Clause,200,imprisonment,3,12,,,false,false,phạt tù từ 03 tháng đến 01 năm
penalty_article_200_clause_1_2,article_200_clause_1,Clause,200,fine,,,100000000,500000000,false,false,phạt tiền từ 100.000.000 đồng đến 500.000.000 đồng
penalty_article_200_clause_2_1,article_200_clause_2,Clause,200,imprisonment,12,36,,,false,false,phạt tù từ 01 năm đến 03 năm
penalty_article_200_clause_2_2,article_200_clause_2,Clause,200,fine,,,500000000,1500000000,false,false,phạt tiền từ 500.000.000 đồng đến 1.500.000.000 đồng
penalty_article_200_clause_3_1,article_200_clause_3,Clause,200,imprisonment,24,84,,,false,false,phạt tù từ 02 năm đến 07 năm
penalty_article_200_clause_3_2,article_200_clause_3,Clause,200,fine,,,1500000000,4500000000,false,false,phạt tiền từ 1.500.000.000 đồng đến 4.500.000.000 đồng
penalty_article_200_clause_4_1,article_200_clause_4,Clause,200,fine,,,20000000,100000000,false,false,phạt tiền từ 20.000.000 đồng đến 100.000.000 đồng
penalty_article_200_clause_5_1,article_200_clause_5,Clause,200,fine,,,300000000,1000000000,false,false,phạt tiền từ 300.000.000 đồng đến 1.000.000.000 đồng
penalty_article_200_clause_5_2,article_200_clause_5,Clause,200,fine,,,1000000000,3000000000,false,false,phạt tiền từ 1.000.000.000 đồng đến 3.000.000.000 đồng
penalty_article_200_clause_5_3,article_200_clause_5,Clause,200,fine,,,3000000000,10000000000,false,false,phạt tiền từ 3.000.000.000 đồng đến 10.000.000.000 đồng
penalty_article_200_clause_5_4,article_200_clause_5,Clause,200,fine,,,50000000,200000000,false,false,phạt tiền từ 50.000.000 đồng đến 200.000.000 đồng
penalty_article_200_clause_5_point_a_1,article_200_clause_5_point_a,Point,200,fine,,,300000000,1000000000,false,false,phạt tiền từ 300.000.000 đồng đến 1.000.000.000 đồng
penalty_article_200_clause_5_point_b_1,article_200_clause_5_point_b,Point,200,fine,,,1000000000,3000000000,false,false,phạt tiền từ 1.000.000.000 đồng đến 3.000.000.000 đồng
penalty_article_200_clause_5_point_c_1,article_200_clause_5_point_c,Point,200,fine,,,3000000000,10000000000,false,false,phạt tiền từ 3.000.000.000 đồng đến 10.000.000.000 đồng
penalty_article_200_clause_5_point_d_1,article_200_clause_5_point_d,Point,200,fine,,,50000000,200000000,false,false,phạt tiền từ 50.000.000 đồng đến 200.000.000 đồng
penalty_article_201_clause_1_1,article_201_clause_1,Clause,201,fine,,,50000000,200000000,false,false,phạt tiền từ 50.000.000 đồng đến 200.000.000 đồng
penalty_article_201_clause_2_1,article_201_clause_2,Clause,201,imprisonment,6,36,,,false,false,phạt tù từ 06 tháng đến 03 năm
penalty_article_201_clause_2_2,article_201_clause_2,Clause,201,fine,,,200000000,1000000000,false,false,phạt tiền từ 200.000.000 đồng đến 1.000.000.000 đồng
penalty_article_201_clause_3_1,article_201_clause_3,Clause,201,fine,,,30000000,100000000,false,false,phạt tiền từ 30.000.000 đồng đến 100.000.000 đồng
penalty_article_202_clause_1_1,article_202_clause_1,Clause,202,imprisonment,6,36,,,false,false,phạt tù từ 06 tháng đến 03 năm
penalty_article_202_clause_1_2,article_202_clause_1,Clause,202,fine,,,30000000,100000000,false,false,phạt tiền từ 30.000.000 đồng đến 100.000.000 đồng
penalty_article_202_clause_2_1,article_202_clause_2,Clause,202,imprisonment,24,84,,,false,false,phạt tù từ 02 năm đến 07 năm
penalty_article_202_clause_2_2,article_202_clause_2,Clause,202,fine,,,100000000,500000000,false,false,phạt tiền từ 100.000.000 đồng đến 500.000.000 đồng
penalty_article_202_clause_3_1,article_202_clause_3,Clause,202,fine,,,5000000,50000000,false,false,phạt tiền từ 5.000.000 đồng đến 50.000.000 đồng
penalty_article_203_clause_1_1,article_203_clause_1,Clause,203,imprisonment,6,36,,,false,false,phạt tù từ 06 tháng đến 03 năm
penalty_article_203_clause_1_2,article_203_clause_1,Clause,203,fine,,,50000000,200000000,false,false,phạt tiền từ 50.000.000 đồng đến 200.000.000 đồng
penalty_article_203_clause_2_1,article_203_clause_2,Clause,203,imprisonment,12,60,,,false,false,phạt tù từ 01 năm đến 05 năm
penalty_article_203_clause_2_2,article_203_clause_2,Clause,203,fine,,,200000000,500000000,false,false,phạt tiền từ 200.000.000 đồng đến 500.000.000 đồng
penalty_article_203_clause_3_1,article_203_clause_3,Clause,203,fine,,,10000000,50000000,false,false,phạt tiền từ 10.000.000 đồng đến 50.000.000 đồng
penalty_article_203_clause_4_1,article_203_clause_4,Clause,203,fine,,,100000000,500000000,false,false,phạt tiền từ 100.000.000 đồng đến 500.000.000 đồng
penalty_article_203_clause_4_2,article_203_clause_4,Clause,203,fine,,,500000000,1000000000,false,false,phạt tiền từ 500.000.000 đồng đến 1.000.000.000 đồng
penalty_article_203_clause_4_3,article_203_clause_4,Clause,203,fine,,,50000000,200000000,false,false,phạt tiền từ 50.000.000 đồng đến 200.000.000 đồng
penalty_article_203_clause_4_point_a_1,article_203_clause_4_point_a,Point,203,fine,,,100000000,500000000,false,false,phạt tiền từ 100.000.000 đồng đến 500.000.000 đồng
penalty_article_203_clause_4_point_b_1,article_203_clause_4_point_b,Point,203,fine,,,500000000,1000000000,false,false,phạt tiền từ 500.000.000 đồng đến 1.000.000.000 đồng
penalty_article_203_clause_4_point_d_1,article_203_clause_4_point_d,Point,203,fine,,,50000000,200000000,false,false,phạt tiền từ 50.000.000 đồng đến 200.000.000 đồng
penalty_article_204_clause_1_1,article_204_clause_1,Clause,204,fine,,,10000000,100000000,false,false,phạt tiền từ 10.000.000 đồng đến 100.000.000 đồng
penalty_article_204_clause_2_1,article_204_clause_2,Clause,204,imprisonment,6,36,,,false,false,phạt tù từ 06 tháng đến 03 năm
penalty_article_204_clause_2_2,article_204_clause_2,Clause,204,fine,,,100000000,500000000,false,false,phạt tiền từ 100.000.000 đồng đến 500.000.000 đồng
penalty_article_205_clause_1_1,article_205_clause_1,Clause,205,fine,,,50000000,100000000,false,false,phạt tiền từ 50.000.000 đồng đến 100.000.000 đồng
penalty_article_205_clause_2_1,article_205_clause_2,Clause,205,imprisonment,12,60,,,false,false,phạt tù từ 01 năm đến 05 năm
penalty_article_205_clause_2_2,article_205_clause_2,Clause,205,fine,,,100000000,500000000,false,false,phạt tiền từ 100.000.000 đồng đến 500.000.000 đồng
penalty_article_205_clause_3_1,article_205_clause_3,Clause,205,imprisonment,60,120,,,false,false,phạt tù từ 05 năm đến 10 năm
penalty_article_205_clause_4_1,article_205_clause_4,Clause,205,fine,,,10000000,50000000,false,false,phạt tiền từ 10.000.000 đồng đến 50.000.000 đồng
penalty_article_206_clause_1_1,article_206_clause_1,Clause,206,imprisonment,6,36,,,false,false,phạt tù từ 06 tháng đến 03 năm
penalty_article_206_clause_1_2,article_206_clause_1,Clause,206,fine,,,50000000,300000000,false,false,phạt tiền từ 50.000.000 đồng đến 300.000.000 đồng
penalty_article_206_clause_2_1,article_206_clause_2,Clause,206,imprisonment,36,84,,,false,false,phạt tù từ 03 năm đến 07 năm
penalty_article_206_clause_3_1,article_206_clause_3,Clause,206,imprisonment,84,144,,,false,false,phạt tù từ 07 năm đến 12 năm
penalty_article_206_clause_4_1,article_206_clause_4,Clause,206,imprisonment,144,240,,,false,false,phạt tù từ 12 năm đến 20 năm
penalty_article_207_clause_1_1,article_207_clause_1,Clause,207,imprisonment,36,84,,,false,false,phạt tù từ 03 năm đến 07 năm
penalty_article_207_clause_2_1,article_207_clause_2,Clause,207,imprisonment,60,144,,,false,false,phạt tù từ 05 năm đến 12 năm
penalty_article_207_clause_3_1,article_207_clause_3,Clause,207,imprisonment,120,240,,,true,false,phạt tù từ 10 năm đến 20 năm
penalty_article_207_clause_4_1,article_207_clause_4,Clause,207,imprisonment,12,36,,,false,false,phạt tù từ 01 năm đến 03 năm
penalty_article_207_clause_5_1,article_207_clause_5,Clause,207,fine,,,10000000,100000000,false,false,phạt tiền từ 10.000.000 đồng đến 100.000.000 đồng
penalty_article_208_clause_1_1,article_208_clause_1,Clause,208,imprisonment,24,84,,,false,false,phạt tù từ 02 năm đến 07 năm
penalty_article_208_clause_2_1,article_208_clause_2,Clause,208,imprisonment,60,120,,,false,false,phạt tù từ 05 năm đến 10 năm
penalty_article_208_clause_3_1,article_208_clause_3,Clause,208,imprisonment,120,180,,,false,false,phạt tù từ 10 năm đến 15 năm
penalty_article_208_clause_4_1,article_208_clause_4,Clause,208,imprisonment,180,240,,,false,false,phạt tù từ 15 năm đến 20 năm
penalty_article_208_clause_5_1,article_208_clause_5,Clause,208,fine,,,10000000,100000000,false,false,phạt tiền từ 10.000.000 đồng đến 100.000.000 đồng
penalty_article_209_clause_1_1,article_209_clause_1,Clause,209,imprisonment,3,24,,,false,false,phạt tù từ 03 tháng đến 02 năm
penalty_article_209_clause_1_2,article_209_clause_1,Clause,209,fine,,,100000000,500000000,false,false,phạt tiền từ 100.000.000 đồng đến 500.000.000 đồng
penalty_article_209_clause_2_1,article_209_clause_2,Clause,209,imprisonment,12,60,,,false,false,phạt tù từ 01 năm đến 05 năm
penalty_article_209_clause_2_2,article_209_clause_2,Clause,209,fine,,,500000000,2000000000,false,false,phạt tiền từ 500.000.000 đồng đến 2.000.000.000 đồng
penalty_article_209_clause_3_1,article_209_clause_3,Clause,209,fine,,,50000000,200000000,false,false,phạt tiền từ 50.000.000 đồng đến 200.000.000 đồng
penalty_article_209_clause_4_1,article_209_clause_4,Clause,209,fine,,,500000000,2000000000,false,false,phạt tiền từ 500.000.000 đồng đến 2.000.000.000 đồng
penalty_article_209_clause_4_2,article_209_clause_4,Clause,209,fine,,,2000000000,5000000000,false,false,phạt tiền từ 2.000.000.000 đồng đến 5.000.000.000 đồng
penalty_article_209_clause_4_point_a_1,article_209_clause_4_point_a,Point,209,fine,,,500000000,2000000000,false,false,phạt tiền từ 500.000.000 đồng đến 2.000.000.000 đồng
penalty_article_209_clause_4_point_b_1,article_209_clause_4_point_b,Point,209,fine,,,2000000000,5000000000,false,false,phạt tiền từ 2.000.000.000 đồng đến 5.000.000.000 đồng
penalty_article_210_clause_1_1,article_210_clause_1,Clause,210,imprisonment,6,36,,,false,false,phạt tù từ 06 tháng đến 03 năm
penalty_article_210_clause_1_2,article_210_clause_1,Clause,210,fine,,,500000000,2000000000,false,false,phạt tiền từ 500.000.000 đồng đến 2.000.000.000 đồng
penalty_article_210_clause_2_1,article_210_clause_2,Clause,210,imprisonment,24,84,,,false,false,phạt tù từ 02 năm đến 07 năm
penalty_article_210_clause_2_2,article_210_clause_2,Clause,210,fine,,,2000000000,5000000000,false,false,phạt tiền từ 2.000.000.000 đồng đến 5.000.000.000 đồng
penalty_article_210_clause_3_1,article_210_clause_3,Clause,210,fine,,,50000000,200000000,false,false,phạt tiền từ 50.000.000 đồng đến 200.000.000 đồng
penalty_article_210_clause_4_1,article_210_clause_4,Clause,210,fine,,,1000000000,5000000000,false,false,phạt tiền từ 1.000.000.000 đồng đến 5.000.000.000 đồng
penalty_article_210_clause_4_2,article_210_clause_4,Clause,210,fine,,,5000000000,10000000000,false,false,phạt tiền từ 5.000.000.000 đồng đến 10.000.000.000 đồng
penalty_article_210_clause_4_point_a_1,article_210_clause_4_point_a,Point,210,fine,,,1000000000,5000000000,false,false,phạt tiền từ 1.000.000.000 đồng đến 5.000.000.000 đồng
penalty_article_210_clause_4_point_b_1,article_210_clause_4_point_b,Point,210,fine,,,5000000000,10000000000,false,false,phạt tiền từ 5.000.000.000 đồng đến 10.000.000.000 đồng
penalty_article_211_clause_1_1,article_211_clause_1,Clause,211,imprisonment,6,36,,,false,false,phạt tù từ 06 tháng đến 03 năm
penalty_article_211_clause_1_2,article_211_clause_1,Clause,211,fine,,,500000000,2000000000,false,false,phạt tiền từ 500.000.000 đồng đến 2.000.000.000 đồng
penalty_article_211_clause_2_1,article_211_clause_2,Clause,211,imprisonment,24,84,,,false,false,phạt tù từ 02 năm đến 07 năm
penalty_article_211_clause_2_2,article_211_clause_2,Clause,211,fine,,,2000000000,4000000000,false,false,phạt tiền từ 2.000.000.000 đồng đến 4.000.000.000 đồng
penalty_article_211_clause_3_1,article_211_clause_3,Clause,211,fine,,,50000000,250000000,false,false,phạt tiền từ 50.000.000 đồng đến 250.000.000 đồng
penalty_article_211_clause_4_1,article_211_clause_4,Clause,211,fine,,,2000000000,5000000000,false,false,phạt tiền từ 2.000.000.000 đồng đến 5.000.000.000 đồng
penalty_article_211_clause_4_2,article_211_clause_4,Clause,211,fine,,,5000000000,10000000000,false,false,phạt tiền từ 5.000.000.000 đồng đến 10.000.000.000 đồng
penalty_article_211_clause_4_3,article_211_clause_4,Clause,211,fine,,,500000000,2000000000,false,false,phạt tiền từ 500.000.000 đồng đến 2.000.000.000 đồng
penalty_article_211_clause_4_point_a_1,article_211_clause_4_point_a,Point,211,fine,,,2000000000,5000000000,false,false,phạt tiền từ 2.000.000.000 đồng đến 5.000.000.000 đồng
penalty_article_211_clause_4_point_b_1,article_211_clause_4_point_b,Point,211,fine,,,5000000000,10000000000,false,false,phạt tiền từ 5.000.000.000 đồng đến 10.000.000.000 đồng
penalty_article_211_clause_4_point_d_1,article_211_clause_4_point_d,Point,211,fine,,,500000000,2000000000,false,false,phạt tiền từ 500.000.000 đồng đến 2.000.000.000 đồng
penalty_article_212_clause_1_1,article_212_clause_1,Clause,212,imprisonment,6,36,,,false,false,phạt tù từ 06 tháng đến 03 năm
penalty_article_212_clause_1_2,article_212_clause_1,Clause,212,fine,,,500000000,2000000000,false,false,phạt tiền từ 500.000.000 đồng đến 2.000.000.000 đồng
penalty_article_212_clause_2_1,article_212_clause_2,Clause,212,imprisonment,24,84,,,false,false,phạt tù từ 02 năm đến 07 năm
penalty_article_212_clause_2_2,article_212_clause_2,Clause,212,fine,,,2000000000,5000000000,false,false,phạt tiền từ 2.000.000.000 đồng đến 5.000.000.000 đồng
penalty_article_212_clause_3_1,article_212_clause_3,Clause,212,fine,,,50000000,250000000,false,false,phạt tiền từ 50.000.000 đồng đến 250.000.000 đồng
penalty_article_213_clause_1_1,article_213_clause_1,Clause,213,fine,,,30000000,100000000,false,false,phạt tiền từ 30.000.000 đồng đến 100.000.000 đồng
penalty_article_213_clause_2_1,article_213_clause_2,Clause,213,imprisonment,12,36,,,false,false,phạt tù từ 01 năm đến 03 năm
penalty_article_213_clause_2_2,article_213_clause_2,Clause,213,fine,,,100000000,300000000,false,false,phạt tiền từ 100.000.000 đồng đến 300.000.000 đồng
penalty_article_213_clause_3_1,article_213_clause_3,Clause,213,imprisonment,36,84,,,false,false,phạt tù từ 03 năm đến 07 năm
penalty_article_213_clause_4_1,article_213_clause_4,Clause,213,fine,,,10000000,100000000,false,false,phạt tiền từ 10.000.000 đồng đến 100.000.000 đồng
penalty_article_213_clause_5_1,article_213_clause_5,Clause,213,fine,,,200000000,1000000000,false,false,phạt tiền từ 200.000.000 đồng đến 1.000.000.000 đồng
penalty_article_213_clause_5_2,article_213_clause_5,Clause,213,fine,,,1000000000,3000000000,false,false,phạt tiền từ 1.000.000.000 đồng đến 3.000.000.000 đồng
penalty_article_213_clause_5_3,article_213_clause_5,Clause,213,fine,,,3000000000,7000000000,false,false,phạt tiền từ 3.000.000.000 đồng đến 7.000.000.000 đồng
penalty_article_213_clause_5_point_a_1,article_213_clause_5_point_a,Point,213,fine,,,200000000,1000000000,false,false,phạt tiền từ 200.000.000 đồng đến 1.000.000.000 đồng
penalty_article_213_clause_5_point_b_1,article_213_clause_5_point_b,Point,213,fine,,,1000000000,3000000000,false,false,phạt tiền từ 1.000.000.000 đồng đến 3.000.000.000 đồng
penalty_article_213_clause_5_point_c_1,article_213_clause_5_point_c,Point,213,fine,,,3000000000,7000000000,false,false,phạt tiền từ 3.000.000.000 đồng đến 7.000.000.000 đồng
penalty_article_214_clause_1_1,article_214_clause_1,Clause,214,imprisonment,3,24,,,false,false,phạt tù từ 03 tháng đến 02 năm
penalty_article_214_clause_1_2,article_214_clause_1,Clause,214,fine,,,20000000,100000000,false,false,phạt tiền từ 20.000.000 đồng đến 100.000.000 đồng
penalty_article_214_clause_2_1,article_214_clause_2,Clause,214,imprisonment,12,60,,,false,false,phạt tù từ 01 năm đến 05 năm
penalty_article_214_clause_2_2,article_214_clause_2,Clause,214,fine,,,100000000,200000000,false,false,phạt tiền từ 100.000.000 đồng đến 200.000.000 đồng
penalty_article_214_clause_3_1,article_214_clause_3,Clause,214,imprisonment,60,120,,,false,false,phạt tù từ 05 năm đến 10 năm
penalty_article_214_clause_4_1,article_214_clause_4,Clause,214,fine,,,10000000,100000000,false,false,phạt tiền từ 10.000.000 đồng đến 100.000.000 đồng
penalty_article_215_clause_1_1,article_215_clause_1,Clause,215,imprisonment,3,24,,,false,false,phạt tù từ 03 tháng đến 02 năm
penalty_article_215_clause_1_2,article_215_clause_1,Clause,215,fine,,,20000000,100000000,false,false,phạt tiền từ 20.000.000 đồng đến 100.000.000 đồng
penalty_article_215_clause_2_1,article_215_clause_2,Clause,215,imprisonment,12,60,,,false,false,phạt tù từ 01 năm đến 05 năm
penalty_article_215_clause_2_2,article_215_clause_2,Clause,215,fine,,,100000000,200000000,false,false,phạt tiền từ 100.000.000 đồng đến 200.000.000 đồng
penalty_article_215_clause_3_1,article_215_clause_3,Clause,215,imprisonment,60,120,,,false,false,phạt tù từ 05 năm đến 10 năm
penalty_article_215_clause_4_1,article_215_clause_4,Clause,215,fine,,,10000000,100000000,false,false,phạt tiền từ 10.000.000 đồng đến 100.000.000 đồng
penalty_article_216_clause_1_1,article_216_clause_1,Clause,216,imprisonment,3,12,,,false,false,phạt tù từ 03 tháng đến 01 năm
penalty_article_216_clause_1_2,article_216_clause_1,Clause,216,fine,,,50000000,200000000,false,false,phạt tiền từ 50.000.000 đồng đến 200.000.000 đồng
penalty_article_216_clause_2_1,article_216_clause_2,Clause,216,fine,,,200000000,500000000,false,false,phạt tiền từ 200.000.000 đồng đến 500.000.000 đồng
penalty_article_216_clause_3_1,article_216_clause_3,Clause,216,imprisonment,24,84,,,false,false,phạt tù từ 02 năm đến 07 năm
penalty_article_216_clause_3_2,article_216_clause_3,Clause,216,fine,,,500000000,1000000000,false,false,phạt tiền từ 500.000.000 đồng đến 1.000.000.000 đồng
penalty_article_216_clause_4_1,article_216_clause_4,Clause,216,fine,,,20000000,100000000,false,false,phạt tiền từ 20.000.000 đồng đến 100.000.000 đồng
penalty_article_216_clause_5_1,article_216_clause_5,Clause,216,fine,,,200000000,500000000,false,false,phạt tiền từ 200.000.000 đồng đến 500.000.000 đồng
penalty_article_216_clause_5_2,article_216_clause_5,Clause,216,fine,,,500000000,1000000000,false,false,phạt tiền từ 500.000.000 đồng đến 1.000.000.000 đồng
penalty_article_216_clause_5_3,article_216_clause_5,Clause,216,fine,,,1000000000,3000000000,false,false,phạt tiền từ 1.000.000.000 đồng đến 3.000.000.000 đồng
penalty_article_216_clause_5_point_a_1,article_216_clause_5_point_a,Point,216,fine,,,200000000,500000000,false,false,phạt tiền từ 200.000.000 đồng đến 500.000.000 đồng
penalty_article_216_clause_5_point_b_1,article_216_clause_5_point_b,Point,216,fine,,,500000000,1000000000,false,false,phạt tiền từ 500.000.000 đồng đến 1.000.000.000 đồng
penalty_article_216_clause_5_point_c_1,article_216_clause_5_point_c,Point,216,fine,,,1000000000,3000000000,false,false,phạt tiền từ 1.000.000.000 đồng đến 3.000.000.000 đồng
penalty_article_217_clause_1_1,article_217_clause_1,Clause,217,imprisonment,3,24,,,false,false,phạt tù từ 03 tháng đến 02 năm
penalty_article_217_clause_1_2,article_217_clause_1,Clause,217,fine,,,200000000,1000000000,false,false,phạt tiền từ 200.000.000 đồng đến 1.000.000.000 đồng
penalty_article_217_clause_2_1,article_217_clause_2,Clause,217,imprisonment,12,60,,,false,false,phạt tù từ 01 năm đến 05 năm
penalty_article_217_clause_2_2,article_217_clause_2,Clause,217,fine,,,1000000000,3000000000,false,false,phạt tiền từ 1.000.000.000 đồng đến 3.000.000.000 đồng
penalty_article_217_clause_3_1,article_217_clause_3,Clause,217,fine,,,50000000,200000000,false,false,phạt tiền từ 50.000.000 đồng đến 200.000.000 đồng
penalty_article_217_clause_4_1,article_217_clause_4,Clause,217,fine,,,1000000000,3000000000,false,false,phạt tiền từ 1.000.000.000 đồng đến 3.000.000.000 đồng
penalty_article_217_clause_4_2,article_217_clause_4,Clause,217,fine,,,3000000000,5000000000,false,false,phạt tiền từ 3.000.000.000 đồng đến 5.000.000.000 đồng
penalty_article_217_clause_4_3,article_217_clause_4,Clause,217,fine,,,100000000,500000000,false,false,phạt tiền từ 100.000.000 đồng đến 500.000.000 đồng
penalty_article_217_clause_4_point_a_1,article_217_clause_4_point_a,Point,217,fine,,,1000000000,3000000000,false,false,phạt tiền từ 1.000.000.000 đồng đến 3.000.000.000 đồng
penalty_article_217_clause_4_point_b_1,article_217_clause_4_point_b,Point,217,fine,,,3000000000,5000000000,false,false,phạt tiền từ 3.000.000.000 đồng đến 5.000.000.000 đồng
penalty_article_217_clause_4_point_c_1,article_217_clause_4_point_c,Point,217,fine,,,100000000,500000000,false,false,phạt tiền từ 100.000.000 đồng đến 500.000.000 đồng
penalty_article_217a_clause_1_1,article_217a_clause_1,Clause,217a,imprisonment,6,24,,,false,false,phạt tù từ 06 tháng đến 02 năm
penalty_article_217a_clause_1_2,article_217a_clause_1,Clause,217a,fine,,,500000000,1000000000,false,false,phạt tiền từ 500.000.000 đồng đến 1.000.000.000 đồng
penalty_article_217a_clause_2_1,article_217a_clause_2,Clause,217a,imprisonment,12,60,,,false,false,phạt tù từ 01 năm đến 05 năm
penalty_article_217a_clause_2_2,article_217a_clause_2,Clause,217a,fine,,,1000000000,5000000000,false,false,phạt tiền từ 1.000.000.000 đồng đến 5.000.000.000 đồng
penalty_article_217a_clause_3_1,article_217a_clause_3,Clause,217a,fine,,,100000000,500000000,false,false,phạt tiền từ 100.000.000 đồng đến 500.000.000 đồng
penalty_article_218_clause_1_1,article_218_clause_1,Clause,218,imprisonment,3,24,,,false,false,phạt tù từ 03 tháng đến 02 năm
penalty_article_218_clause_1_2,article_218_clause_1,Clause,218,fine,,,20000000,200000000,false,false,phạt tiền từ 20.000.000 đồng đến 200.000.000 đồng
penalty_article_218_clause_2_1,article_218_clause_2,Clause,218,imprisonment,12,60,,,false,false,phạt tù từ 01 năm đến 05 năm
penalty_article_218_clause_2_2,article_218_clause_2,Clause,218,fine,,,200000000,1000000000,false,false,phạt tiền từ 200.000.000 đồng đến 1.000.000.000 đồng
penalty_article_218_clause_3_1,article_218_clause_3,Clause,218,fine,,,10000000,50000000,false,false,phạt tiền từ 10.000.000 đồng đến 50.000.000 đồng
penalty_article_219_clause_1_1,article_219_clause_1,Clause,219,imprisonment,12,60,,,false,false,phạt tù từ 01 năm đến 05 năm
penalty_article_219_clause_2_1,article_219_clause_2,Clause,219,imprisonment,36,144,,,false,false,phạt tù từ 03 năm đến 12 năm
penalty_article_219_clause_3_1,article_219_clause_3,Clause,219,imprisonment,120,240,,,false,false,phạt tù từ 10 năm đến 20 năm
penalty_article_220_clause_1_1,article_220_clause_1,Clause,220,imprisonment,12,60,,,false,false,phạt tù từ 01 năm đến 05 năm
penalty_article_220_clause_2_1,article_220_clause_2,Clause,220,imprisonment,36,144,,,false,false,phạt tù từ 03 năm đến 12 năm
penalty_article_220_clause_3_1,article_220_clause_3,Clause,220,imprisonment,120,240,,,false,false,phạt tù từ 10 năm đến 20 năm
penalty_article_221_clause_1_1,article_221_clause_1,Clause,221,imprisonment,12,60,,,false,false,phạt tù từ 01 năm đến 05 năm
penalty_article_221_clause_2_1,article_221_clause_2,Clause,221,imprisonment,36,144,,,false,false,phạt tù từ 03 năm đến 12 năm
penalty_article_221_clause_3_1,article_221_clause_3,Clause,221,imprisonment,120,240,,,false,false,phạt tù từ 10 năm đến 20 năm
penalty_article_222_clause_1_1,article_222_clause_1,Clause,222,imprisonment,12,60,,,false,false,phạt tù từ 01 năm đến 05 năm
penalty_article_222_clause_2_1,article_222_clause_2,Clause,222,imprisonment,36,144,,,false,false,phạt tù từ 03 năm đến 12 năm
penalty_article_222_clause_3_1,article_222_clause_3,Clause,222,imprisonment,120,240,,,false,false,phạt tù từ 10 năm đến 20 năm
penalty_article_223_clause_1_1,article_223_clause_1,Clause,223,imprisonment,12,60,,,false,false,phạt tù từ 01 năm đến 05 năm
penalty_article_223_clause_2_1,article_223_clause_2,Clause,223,imprisonment,36,144,,,false,false,phạt tù từ 03 năm đến 12 năm
penalty_article_223_clause_3_1,article_223_clause_3,Clause,223,imprisonment,120,240,,,false,false,phạt tù từ 10 năm đến 20 năm
penalty_article_224_clause_1_1,article_224_clause_1,Clause,224,imprisonment,12,60,,,false,false,phạt tù từ 01 năm đến 05 năm
penalty_article_224_clause_2_1,article_224_clause_2,Clause,224,imprisonment,36,144,,,false,false,phạt tù từ 03 năm đến 12 năm
penalty_article_224_clause_3_1,article_224_clause_3,Clause,224,imprisonment,120,240,,,false,false,phạt tù từ 10 năm đến 20 năm
penalty_article_225_clause_1_1,article_225_clause_1,Clause,225,fine,,,50000000,300000000,false,false,phạt tiền từ 50.000.000 đồng đến 300.000.000 đồng
penalty_article_225_clause_2_1,article_225_clause_2,Clause,225,imprisonment,6,36,,,false,false,phạt tù từ 06 tháng đến 03 năm
penalty_article_225_clause_2_2,article_225_clause_2,Clause,225,fine,,,300000000,1000000000,false,false,phạt tiền từ 300.000.000 đồng đến 1.000.000.000 đồng
penalty_article_225_clause_3_1,article_225_clause_3,Clause,225,fine,,,20000000,200000000,false,false,phạt tiền từ 20.000.000 đồng đến 200.000.000 đồng
penalty_article_225_clause_4_1,article_225_clause_4,Clause,225,fine,,,300000000,1000000000,false,false,phạt tiền từ 300.000.000 đồng đến 1.000.000.000 đồng
penalty_article_225_clause_4_2,article_225_clause_4,Clause,225,fine,,,1000000000,3000000000,false,false,phạt tiền từ 1.000.000.000 đồng đến 3.000.000.000 đồng
penalty_article_225_clause_4_3,article_225_clause_4,Clause,225,fine,,,100000000,300000000,false,false,phạt tiền từ 100.000.000 đồng đến 300.000.000 đồng
penalty_article_225_clause_4_point_a_1,article_225_clause_4_point_a,Point,225,fine,,,300000000,1000000000,false,false,phạt tiền từ 300.000.000 đồng đến 1.000.000.000 đồng
penalty_article_225_clause_4_point_b_1,article_225_clause_4_point_b,Point,225,fine,,,1000000000,3000000000,false,false,phạt tiền từ 1.000.000.000 đồng đến 3.000.000.000 đồng
penalty_article_225_clause_4_point_c_1,article_225_clause_4_point_c,Point,225,fine,,,100000000,300000000,false,false,phạt tiền từ 100.000.000 đồng đến 300.000.000 đồng
penalty_article_226_clause_1_1,article_226_clause_1,Clause,226,fine,,,50000000,500000000,false,false,phạt tiền từ 50.000.000 đồng đến 500.000.000 đồng
penalty_article_226_clause_2_1,article_226_clause_2,Clause,226,imprisonment,6,36,,,false,false,phạt tù từ 06 tháng đến 03 năm
penalty_article_226_clause_2_2,article_226_clause_2,Clause,226,fine,,,500000000,1000000000,false,false,phạt tiền từ 500.000.000 đồng đến 1.000.000.000 đồng
penalty_article_226_clause_3_1,article_226_clause_3,Clause,226,fine,,,20000000,200000000,false,false,phạt tiền từ 20.000.000 đồng đến 200.000.000 đồng
penalty_article_226_clause_4_1,article_226_clause_4,Clause,226,fine,,,500000000,2000000000,false,false,phạt tiền từ 500.000.000 đồng đến 2.000.000.000 đồng
penalty_article_226_clause_4_2,article_226_clause_4,Clause,226,fine,,,2000000000,5000000000,false,false,phạt tiền từ 2.000.000.000 đồng đến 5.000.000.000 đồng
penalty_article_226_clause_4_3,article_226_clause_4,Clause,226,fine,,,100000000,500000000,false,false,phạt tiền từ 100.000.000 đồng đến 500.000.000 đồng
penalty_article_226_clause_4_point_a_1,article_226_clause_4_point_a,Point,226,fine,,,500000000,2000000000,false,false,phạt tiền từ 500.000.000 đồng đến 2.000.000.000 đồng
penalty_article_226_clause_4_point_b_1,article_226_clause_4_point_b,Point,226,fine,,,2000000000,5000000000,false,false,phạt tiền từ 2.000.000.000 đồng đến 5.000.000.000 đồng
penalty_article_226_clause_4_point_c_1,article_226_clause_4_point_c,Point,226,fine,,,100000000,500000000,false,false,phạt tiền từ 100.000.000 đồng đến 500.000.000 đồng
penalty_article_227_clause_1_1,article_227_clause_1,Clause,227,imprisonment,6,36,,,false,false,phạt tù từ 06 tháng đến 03 năm
penalty_article_227_clause_1_2,article_227_clause_1,Clause,227,fine,,,300000000,1500000000,false,false,phạt tiền từ 300.000.000 đồng đến 1.500.000.000 đồng
penalty_article_227_clause_2_1,article_227_clause_2,Clause,227,imprisonment,24,84,,,false,false,phạt tù từ 02 năm đến 07 năm
penalty_article_227_clause_2_2,article_227_clause_2,Clause,227,fine,,,1500000000,5000000000,false,false,phạt tiền từ 1.500.000.000 đồng đến 5.000.000.000 đồng
penalty_article_227_clause_3_1,article_227_clause_3,Clause,227,fine,,,50000000,500000000,false,false,phạt tiền từ 50.000.000 đồng đến 500.000.000 đồng
penalty_article_227_clause_4_1,article_227_clause_4,Clause,227,fine,,,1500000000,3000000000,false,false,phạt tiền từ 1.500.000.000 đồng đến 3.000.000.000 đồng
penalty_article_227_clause_4_2,article_227_clause_4,Clause,227,fine,,,3000000000,7000000000,false,false,phạt tiền từ 3.000.000.000 đồng đến 7.000.000.000 đồng
penalty_article_227_clause_4_3,article_227_clause_4,Clause,227,fine,,,100000000,500000000,false,false,phạt tiền từ 100.000.000 đồng đến 500.000.000 đồng
penalty_article_227_clause_4_point_a_1,article_227_clause_4_point_a,Point,227,fine,,,1500000000,3000000000,false,false,phạt tiền từ 1.500.000.000 đồng đến 3.000.000.000 đồng
penalty_article_227_clause_4_point_b_1,article_227_clause_4_point_b,Point,227,fine,,,3000000000,7000000000,false,false,phạt tiền từ 3.000.000.000 đồng đến 7.000.000.000 đồng
penalty_article_227_clause_4_point_c_1,article_227_clause_4_point_c,Point,227,fine,,,100000000,500000000,false,false,phạt tiền từ 100.000.000 đồng đến 500.000.000 đồng
penalty_article_228_clause_1_1,article_228_clause_1,Clause,228,imprisonment,6,36,,,false,false,phạt tù từ 06 tháng đến 03 năm
penalty_article_228_clause_1_2,article_228_clause_1,Clause,228,fine,,,50000000,500000000,false,false,phạt tiền từ 50.000.000 đồng đến 500.000.000 đồng
penalty_article_228_clause_2_1,article_228_clause_2,Clause,228,imprisonment,24,84,,,false,false,phạt tù từ 02 năm đến 07 năm
penalty_article_228_clause_2_2,article_228_clause_2,Clause,228,fine,,,500000000,2000000000,false,false,phạt tiền từ 500.000.000 đồng đến 2.000.000.000 đồng
penalty_article_228_clause_3_1,article_228_clause_3,Clause,228,fine,,,10000000,50000000,false,false,phạt tiền từ 10.000.000 đồng đến 50.000.000 đồng
penalty_article_229_clause_1_1,article_229_clause_1,Clause,229,imprisonment,6,36,,,false,false,phạt tù từ 06 tháng đến 03 năm
penalty_article_229_clause_2_1,article_229_clause_2,Clause,229,imprisonment,24,84,,,false,false,phạt tù từ 02 năm đến 07 năm
penalty_article_229_clause_3_1,article_229_clause_3,Clause,229,imprisonment,60,144,,,false,false,phạt tù từ 05 năm đến 12 năm
penalty_article_229_clause_4_1,article_229_clause_4,Clause,229,fine,,,10000000,150000000,false,false,phạt tiền từ 10.000.000 đồng đến 150.000.000 đồng
penalty_article_230_clause_1_1,article_230_clause_1,Clause,230,imprisonment,12,60,,,false,false,phạt tù từ 01 năm đến 05 năm
penalty_article_230_clause_2_1,article_230_clause_2,Clause,230,imprisonment,36,144,,,false,false,phạt tù từ 03 năm đến 12 năm
penalty_article_230_clause_3_1,article_230_clause_3,Clause,230,imprisonment,120,240,,,false,false,phạt tù từ 10 năm đến 20 năm
penalty_article_231_clause_1_1,article_231_clause_1,Clause,231,fine,,,50000000,200000000,false,false,phạt tiền từ 50.000.000 đồng đến 200.000.000 đồng
penalty_article_231_clause_2_1,article_231_clause_2,Clause,231,imprisonment,12,60,,,false,false,phạt tù từ 01 năm đến 05 năm
penalty_article_231_clause_2_2,article_231_clause_2,Clause,231,fine,,,200000000,1000000000,false,false,phạt tiền từ 200.000.000 đồng đến 1.000.000.000 đồng
penalty_article_232_clause_1_1,article_232_clause_1,Clause,232,imprisonment,6,36,,,false,false,phạt tù từ 06 tháng đến 03 năm
penalty_article_232_clause_1_2,article_232_clause_1,Clause,232,fine,,,50000000,300000000,false,false,phạt tiền từ 50.000.000 đồng đến 300.000.000 đồng
penalty_article_232_clause_2_1,article_232_clause_2,Clause,232,imprisonment,24,84,,,false,false,phạt tù từ 02 năm đến 07 năm
penalty_article_232_clause_2_2,article_232_clause_2,Clause,232,fine,,,300000000,1500000000,false,false,phạt tiền từ 300.000.000 đồng đến 1.500.000.000 đồng
penalty_article_232_clause_3_1,article_232_clause_3,Clause,232,imprisonment,60,120,,,false,false,phạt tù từ 05 năm đến 10 năm
penalty_article_232_clause_4_1,article_232_clause_4,Clause,232,fine,,,10000000,50000000,false,false,phạt tiền từ 10.000.000 đồng đến 50.000.000 đồng
penalty_article_232_clause_5_1,article_232_clause_5,Clause,232,fine,,,300000000,1000000000,false,false,phạt tiền từ 300.000.000 đồng đến 1.000.000.000 đồng
penalty_article_232_clause_5_2,article_232_clause_5,Clause,232,fine,,,1000000000,3000000000,false,false,phạt tiền từ 1.000.000.000 đồng đến 3.000.000.000 đồng
penalty_article_232_clause_5_3,article_232_clause_5,Clause,232,fine,,,3000000000,6000000000,false,false,phạt tiền từ 3.000.000.000 đồng đến 6.000.000.000 đồng
penalty_article_232_clause_5_4,article_232_clause_5,Clause,232,fine,,,100000000,500000000,false,false,phạt tiền từ 100.000.000 đồng đến 500.000.000 đồng
penalty_article_232_clause_5_point_a_1,article_232_clause_5_point_a,Point,232,fine,,,300000000,1000000000,false,false,phạt tiền từ 300.000.000 đồng đến 1.000.000.000 đồng
penalty_article_232_clause_5_point_b_1,article_232_clause_5_point_b,Point,232,fine,,,1000000000,3000000000,false,false,phạt tiền từ 1.000.000.000 đồng đến 3.000.000.000 đồng
penalty_article_232_clause_5_point_c_1,article_232_clause_5_point_c,Point,232,fine,,,3000000000,6000000000,false,false,phạt tiền từ 3.000.000.000 đồng đến 6.000.000.000 đồng
penalty_article_232_clause_5_point_d_1,article_232_clause_5_point_d,Point,232,fine,,,100000000,500000000,false,false,phạt tiền từ 100.000.000 đồng đến 500.000.000 đồng
penalty_article_233_clause_1_1,article_233_clause_1,Clause,233,imprisonment,6,36,,,false,false,phạt tù từ 06 tháng đến 03 năm
penalty_article_233_clause_2_1,article_233_clause_2,Clause,233,imprisonment,24,84,,,false,false,phạt tù từ 02 năm đến 07 năm
penalty_article_233_clause_3_1,article_233_clause_3,Clause,233,imprisonment,60,144,,,false,false,phạt tù từ 05 năm đến 12 năm
penalty_article_233_clause_4_1,article_233_clause_4,Clause,233,fine,,,10000000,100000000,false,false,phạt tiền từ 10.000.000 đồng đến 100.000.000 đồng
penalty_article_234_clause_1_1,article_234_clause_1,Clause,234,imprisonment,6,36,,,false,false,phạt tù từ 06 tháng đến 03 năm
penalty_article_234_clause_1_2,article_234_clause_1,Clause,234,fine,,,50000000,300000000,false,false,phạt tiền từ 50.000.000 đồng đến 300.000.000 đồng
penalty_article_234_clause_2_1,article_234_clause_2,Clause,234,imprisonment,36,84,,,false,false,phạt tù từ 03 năm đến 07 năm
penalty_article_234_clause_2_2,article_234_clause_2,Clause,234,fine,,,300000000,1500000000,false,false,phạt tiền từ 300.000.000 đồng đến 1.500.000.000 đồng
penalty_article_234_clause_3_1,article_234_clause_3,Clause,234,imprisonment,84,144,,,false,false,phạt tù từ 07 năm đến 12 năm
penalty_article_234_clause_4_1,article_234_clause_4,Clause,234,fine,,,50000000,200000000,false,false,phạt tiền từ 50.000.000 đồng đến 200.000.000 đồng
penalty_article_234_clause_5_1,article_234_clause_5,Clause,234,fine,,,300000000,1000000000,false,false,phạt tiền từ 300.000.000 đồng đến 1.000.000.000 đồng
penalty_article_234_clause_5_2,article_234_clause_5,Clause,234,fine,,,1000000000,3000000000,false,false,phạt tiền từ 1.000.000.000 đồng đến 3.000.000.000 đồng
penalty_article_234_clause_5_3,article_234_clause_5,Clause,234,fine,,,3000000000,6000000000,false,false,phạt tiền từ 3.000.000.000 đồng đến 6.000.000.000 đồng
penalty_article_234_clause_5_4,article_234_clause_5,Clause,234,fine,,,50000000,200000000,false,false,phạt tiền từ 50.000.000 đồng đến 200.000.000 đồng
penalty_article_234_clause_5_point_a_1,article_234_clause_5_point_a,Point,234,fine,,,300000000,1000000000,false,false,phạt tiền từ 300.000.000 đồng đến 1.000.000.000 đồng
penalty_article_234_clause_5_point_b_1,article_234_clause_5_point_b,Point,234,fine,,,1000000000,3000000000,false,false,phạt tiền từ 1.000.000.000 đồng đến 3.000.000.000 đồng
penalty_article_234_clause_5_point_c_1,article_234_clause_5_point_c,Point,234,fine,,,3000000000,6000000000,false,false,phạt tiền từ 3.000.000.000 đồng đến 6.000.000.000 đồng
penalty_article_234_clause_5_point_d_1,article_234_clause_5_point_d,Point,234,fine,,,50000000,200000000,false,false,phạt tiền từ 50.000.000 đồng đến 200.000.000 đồng
penalty_article_235_clause_1_1,article_235_clause_1,Clause,235,imprisonment,24,36,,,false,false,phạt tù từ 02 năm đến 03 năm
penalty_article_235_clause_1_2,article_235_clause_1,Clause,235,fine,,,100000000,1000000000,false,false,phạt tiền từ 100.000.000 đồng đến 1.000.000.000 đồng
penalty_article_235_clause_2_1,article_235_clause_2,Clause,235,imprisonment,36,60,,,false,false,phạt tù từ 03 năm đến 05 năm
penalty_article_235_clause_2_2,article_235_clause_2,Clause,235,fine,,,1000000000,2000000000,false,false,phạt tiền từ 1.000.000.000 đồng đến 2.000.000.000 đồng
penalty_article_235_clause_3_1,article_235_clause_3,Clause,235,imprisonment,60,84,,,false,false,phạt tù từ 05 năm đến 07 năm
penalty_article_235_clause_3_2,article_235_clause_3,Clause,235,fine,,,2000000000,6000000000,false,false,phạt tiền từ 2.000.000.000 đồng đến 6.000.000.000 đồng
penalty_article_235_clause_4_1,article_235_clause_4,Clause,235,fine,,,60000000,400000000,false,false,phạt tiền từ 60.000.000 đồng đến 400.000.000 đồng
penalty_article_235_clause_5_1,article_235_clause_5,Clause,235,fine,,,6000000000,14000000000,false,false,phạt tiền từ 6.000.000.000 đồng đến 14.000.000.000 đồng
penalty_article_235_clause_5_2,article_235_clause_5,Clause,235,fine,,,14000000000,24000000000,false,false,phạt tiền từ 14.000.000.000 đồng đến 24.000.000.000 đồng
penalty_article_235_clause_5_3,article_235_clause_5,Clause,235,fine,,,24000000000,40000000000,false,false,phạt tiền từ 24.000.000.000 đồng đến 40.000.000.000 đồng
penalty_article_235_clause_5_4,article_235_clause_5,Clause,235,fine,,,2000000000,10000000000,false,false,phạt tiền từ 2.000.000.000 đồng đến 10.000.000.000 đồng
penalty_article_235_clause_5_point_a_1,article_235_clause_5_point_a,Point,235,fine,,,6000000000,14000000000,false,false,phạt tiền từ 6.000.000.000 đồng đến 14.000.000.000 đồng
penalty_article_235_clause_5_point_b_1,article_235_clause_5_point_b,Point,235,fine,,,14000000000,24000000000,false,false,phạt tiền từ 14.000.000.000 đồng đến 24.000.000.000 đồng
penalty_article_235_clause_5_point_c_1,article_235_clause_5_point_c,Point,235,fine,,,24000000000,40000000000,false,false,phạt tiền từ 24.000.000.000 đồng đến 40.000.000.000 đồng
penalty_article_235_clause_5_point_d_1,article_235_clause_5_point_d,Point,235,fine,,,2000000000,10000000000,false,false,phạt tiền từ 2.000.000.000 đồng đến 10.000.000.000 đồng
penalty_article_236_clause_1_1,article_236_clause_1,Clause,236,imprisonment,24,36,,,false,false,phạt tù từ 02 năm đến 03 năm
penalty_article_236_clause_1_2,article_236_clause_1,Clause,236,fine,,,100000000,400000000,false,false,phạt tiền từ 100.000.000 đồng đến 400.000.000 đồng
penalty_article_236_clause_2_1,article_236_clause_2,Clause,236,imprisonment,36,60,,,false,false,phạt tù từ 03 năm đến 05 năm
penalty_article_236_clause_2_2,article_236_clause_2,Clause,236,fine,,,400000000,2000000000,false,false,phạt tiền từ 400.000.000 đồng đến 2.000.000.000 đồng
penalty_article_236_clause_3_1,article_236_clause_3,Clause,236,imprisonment,60,120,,,false,false,phạt tù từ 05 năm đến 10 năm
penalty_article_236_clause_4_1,article_236_clause_4,Clause,236,fine,,,20000000,300000000,false,false,phạt tiền từ 20.000.000 đồng đến 300.000.000 đồng
penalty_article_237_clause_1_1,article_237_clause_1,Clause,237,imprisonment,6,36,,,false,false,phạt tù từ 06 tháng đến 03 năm
penalty_article_237_clause_1_2,article_237_clause_1,Clause,237,fine,,,100000000,1000000000,false,false,phạt tiền từ 100.000.000 đồng đến 1.000.000.000 đồng
penalty_article_237_clause_2_1,article_237_clause_2,Clause,237,imprisonment,24,84,,,false,false,phạt tù từ 02 năm đến 07 năm
penalty_article_237_clause_2_2,article_237_clause_2,Clause,237,fine,,,1000000000,4000000000,false,false,phạt tiền từ 1.000.000.000 đồng đến 4.000.000.000 đồng
penalty_article_237_clause_3_1,article_237_clause_3,Clause,237,imprisonment,60,120,,,false,false,phạt tù từ 05 năm đến 10 năm
penalty_article_237_clause_4_1,article_237_clause_4,Clause,237,fine,,,20000000,100000000,false,false,phạt tiền từ 20.000.000 đồng đến 100.000.000 đồng
penalty_article_237_clause_5_1,article_237_clause_5,Clause,237,fine,,,2000000000,6000000000,false,false,phạt tiền từ 2.000.000.000 đồng đến 6.000.000.000 đồng
penalty_article_237_clause_5_2,article_237_clause_5,Clause,237,fine,,,6000000000,10000000000,false,false,phạt tiền từ 6.000.000.000 đồng đến 10.000.000.000 đồng
penalty_article_237_clause_5_3,article_237_clause_5,Clause,237,fine,,,10000000000,20000000000,false,false,phạt tiền từ 10.000.000.000 đồng đến 20.000.000.000 đồng
penalty_article_237_clause_5_4,article_237_clause_5,Clause,237,fine,,,200000000,1000000000,false,false,phạt tiền từ 200.000.000 đồng đến 1.000.000.000 đồng
penalty_article_237_clause_5_point_a_1,article_237_clause_5_point_a,Point,237,fine,,,2000000000,6000000000,false,false,phạt tiền từ 2.000.000.000 đồng đến 6.000.000.000 đồng
penalty_article_237_clause_5_point_b_1,article_237_clause_5_point_b,Point,237,fine,,,6000000000,10000000000,false,false,phạt tiền từ 6.000.000.000 đồng đến 10.000.000.000 đồng
penalty_article_237_clause_5_point_c_1,article_237_clause_5_point_c,Point,237,fine,,,10000000000,20000000000,false,false,phạt tiền từ 10.000.000.000 đồng đến 20.000.000.000 đồng
penalty_article_237_clause_5_point_d_1,article_237_clause_5_point_d,Point,237,fine,,,200000000,1000000000,false,false,phạt tiền từ 200.000.000 đồng đến 1.000.000.000 đồng
penalty_article_238_clause_1_1,article_238_clause_1,Clause,238,imprisonment,3,24,,,false,false,phạt tù từ 03 tháng đến 02 năm
penalty_article_238_clause_1_2,article_238_clause_1,Clause,238,fine,,,100000000,600000000,false,false,phạt tiền từ 100.000.000 đồng đến 600.000.000 đồng
penalty_article_238_clause_2_1,article_238_clause_2,Clause,238,imprisonment,24,84,,,false,false,phạt tù từ 02 năm đến 07 năm
penalty_article_238_clause_2_2,article_238_clause_2,Clause,238,fine,,,600000000,4000000000,false,false,phạt tiền từ 600.000.000 đồng đến 4.000.000.000 đồng
penalty_article_238_clause_3_1,article_238_clause_3,Clause,238,imprisonment,60,120,,,false,false,phạt tù từ 05 năm đến 10 năm
penalty_article_238_clause_4_1,article_238_clause_4,Clause,238,fine,,,20000000,100000000,false,false,phạt tiền từ 20.000.000 đồng đến 100.000.000 đồng
penalty_article_238_clause_5_1,article_238_clause_5,Clause,238,fine,,,600000000,2000000000,false,false,phạt tiền từ 600.000.000 đồng đến 2.000.000.000 đồng
penalty_article_238_clause_5_2,article_238_clause_5,Clause,238,fine,,,2000000000,6000000000,false,false,phạt tiền từ 2.000.000.000 đồng đến 6.000.000.000 đồng
penalty_article_238_clause_5_3,article_238_clause_5,Clause,238,fine,,,6000000000,10000000000,false,false,phạt tiền từ 6.000.000.000 đồng đến 10.000.000.000 đồng
penalty_article_238_clause_5_4,article_238_clause_5,Clause,238,fine,,,200000000,1000000000,false,false,phạt tiền từ 200.000.000 đồng đến 1.000.000.000 đồng
penalty_article_238_clause_5_point_a_1,article_238_clause_5_point_a,Point,238,fine,,,600000000,2000000000,false,false,phạt tiền từ 600.000.000 đồng đến 2.000.000.000 đồng
penalty_article_238_clause_5_point_b_1,article_238_clause_5_point_b,Point,238,fine,,,2000000000,6000000000,false,false,phạt tiền từ 2.000.000.000 đồng đến 6.000.000.000 đồng
penalty_article_238_clause_5_point_c_1,article_238_clause_5_point_c,Point,238,fine,,,6000000000,10000000000,false,false,phạt tiền từ 6.000.000.000 đồng đến 10.000.000.000 đồng
penalty_article_238_clause_5_point_d_1,article_238_clause_5_point_d,Point,238,fine,,,200000000,1000000000,false,false,phạt tiền từ 200.000.000 đồng đến 1.000.000.000 đồng
penalty_article_239_clause_1_1,article_239_clause_1,Clause,239,imprisonment,6,36,,,false,false,phạt tù từ 06 tháng đến 03 năm
penalty_article_239_clause_1_2,article_239_clause_1,Clause,239,fine,,,400000000,2000000000,false,false,phạt tiền từ 400.000.000 đồng đến 2.000.000.000 đồng
penalty_article_239_clause_2_1,article_239_clause_2,Clause,239,imprisonment,24,84,,,false,false,phạt tù từ 02 năm đến 07 năm
penalty_article_239_clause_2_2,article_239_clause_2,Clause,239,fine,,,2000000000,4000000000,false,false,phạt tiền từ 2.000.000.000 đồng đến 4.000.000.000 đồng
penalty_article_239_clause_3_1,article_239_clause_3,Clause,239,imprisonment,60,120,,,false,false,phạt tù từ 05 năm đến 10 năm
penalty_article_239_clause_3_2,article_239_clause_3,Clause,239,fine,,,4000000000,10000000000,false,false,phạt tiền từ 4.000.000.000 đồng đến 10.000.000.000 đồng
penalty_article_239_clause_4_1,article_239_clause_4,Clause,239,fine,,,100000000,400000000,false,false,phạt tiền từ 100.000.000 đồng đến 400.000.000 đồng
penalty_article_239_clause_5_1,article_239_clause_5,Clause,239,fine,,,2000000000,6000000000,false,false,phạt tiền từ 2.000.000.000 đồng đến 6.000.000.000 đồng
penalty_article_239_clause_5_2,article_239_clause_5,Clause,239,fine,,,6000000000,10000000000,false,false,phạt tiền từ 6.000.000.000 đồng đến 10.000.000.000 đồng
penalty_article_239_clause_5_3,article_239_clause_5,Clause,239,fine,,,200000000,1000000000,false,false,phạt tiền từ 200.000.000 đồng đến 1.000.000.000 đồng
penalty_article_239_clause_5_point_a_1,article_239_clause_5_point_a,Point,239,fine,,,2000000000,6000000000,false,false,phạt tiền từ 2.000.000.000 đồng đến 6.000.000.000 đồng
penalty_article_239_clause_5_point_b_1,article_239_clause_5_point_b,Point,239,fine,,,6000000000,10000000000,false,false,phạt tiền từ 6.000.000.000 đồng đến 10.000.000.000 đồng
penalty_article_239_clause_5_point_d_1,article_239_clause_5_point_d,Point,239,fine,,,200000000,1000000000,false,false,phạt tiền từ 200.000.000 đồng đến 1.000.000.000 đồng
penalty_article_240_clause_1_1,article_240_clause_1,Clause,240,imprisonment,12,60,,,false,false,phạt tù từ 01 năm đến 05 năm
penalty_article_240_clause_1_2,article_240_clause_1,Clause,240,fine,,,100000000,400000000,false,false,phạt tiền từ 100.000.000 đồng đến 400.000.000 đồng
penalty_article_240_clause_2_1,article_240_clause_2,Clause,240,imprisonment,60,120,,,false,false,phạt tù từ 05 năm đến 10 năm
penalty_article_240_clause_3_1,article_240_clause_3,Clause,240,imprisonment,120,144,,,false,false,phạt tù từ 10 năm đến 12 năm
penalty_article_240_clause_4_1,article_240_clause_4,Clause,240,fine,,,40000000,200000000,false,false,phạt tiền từ 40.000.000 đồng đến 200.000.000 đồng
penalty_article_241_clause_1_1,article_241_clause_1,Clause,241,imprisonment,6,24,,,false,false,phạt tù từ 06 tháng đến 02 năm
penalty_article_241_clause_1_2,article_241_clause_1,Clause,241,fine,,,100000000,400000000,false,false,phạt tiền từ 100.000.000 đồng đến 400.000.000 đồng
penalty_article_241_clause_2_1,article_241_clause_2,Clause,241,imprisonment,24,60,,,false,false,phạt tù từ 02 năm đến 05 năm
penalty_article_241_clause_3_1,article_241_clause_3,Clause,241,imprisonment,36,84,,,false,false,phạt tù từ 03 năm đến 07 năm
penalty_article_241_clause_4_1,article_241_clause_4,Clause,241,fine,,,40000000,200000000,false,false,phạt tiền từ 40.000.000 đồng đến 200.000.000 đồng
penalty_article_242_clause_1_1,article_242_clause_1,Clause,242,imprisonment,6,36,,,false,false,phạt tù từ 06 tháng đến 03 năm
penalty_article_242_clause_1_2,article_242_clause_1,Clause,242,fine,,,100000000,600000000,false,false,phạt tiền từ 100.000.000 đồng đến 600.000.000 đồng
penalty_article_242_clause_2_1,article_242_clause_2,Clause,242,imprisonment,36,60,,,false,false,phạt tù từ 03 năm đến 05 năm
penalty_article_242_clause_2_2,article_242_clause_2,Clause,242,fine,,,600000000,2000000000,false,false,phạt tiền từ 600.000.000 đồng đến 2.000.000.000 đồng
penalty_article_242_clause_3_1,article_242_clause_3,Clause,242,imprisonment,60,120,,,false,false,phạt tù từ 05 năm đến 10 năm
penalty_article_242_clause_4_1,article_242_clause_4,Clause,242,fine,,,40000000,200000000,false,false,phạt tiền từ 40.000.000 đồng đến 200.000.000 đồng
penalty_article_242_clause_5_1,article_242_clause_5,Clause,242,fine,,,600000000,2000000000,false,false,phạt tiền từ 600.000.000 đồng đến 2.000.000.000 đồng
penalty_article_242_clause_5_2,article_242_clause_5,Clause,242,fine,,,2000000000,6000000000,false,false,phạt tiền từ 2.000.000.000 đồng đến 6.000.000.000 đồng
penalty_article_242_clause_5_3,article_242_clause_5,Clause,242,fine,,,6000000000,10000000000,false,false,phạt tiền từ 6.000.000.000 đồng đến 10.000.000.000 đồng
penalty_article_242_clause_5_4,article_242_clause_5,Clause,242,fine,,,100000000,400000000,false,false,phạt tiền từ 100.000.000 đồng đến 400.000.000 đồng
penalty_article_242_clause_5_point_a_1,article_242_clause_5_point_a,Point,242,fine,,,600000000,2000000000,false,false,phạt tiền từ 600.000.000 đồng đến 2.000.000.000 đồng
penalty_article_242_clause_5_point_b_1,article_242_clause_5_point_b,Point,242,fine,,,2000000000,6000000000,false,false,phạt tiền từ 2.000.000.000 đồng đến 6.000.000.000 đồng
penalty_article_242_clause_5_point_c_1,article_242_clause_5_point_c,Point,242,fine,,,6000000000,10000000000,false,false,phạt tiền từ 6.000.000.000 đồng đến 10.000.000.000 đồng
penalty_article_242_clause_5_point_d_1,article_242_clause_5_point_d,Point,242,fine,,,100000000,400000000,false,false,phạt tiền từ 100.000.000 đồng đến 400.000.000 đồng
penalty_article_243_clause_1_1,article_243_clause_1,Clause,243,imprisonment,12,60,,,false,false,phạt tù từ 01 năm đến 05 năm
penalty_article_243_clause_1_2,article_243_clause_1,Clause,243,fine,,,100000000,1000000000,false,false,phạt tiền từ 100.000.000 đồng đến 1.000.000.000 đồng
penalty_article_243_clause_2_1,article_243_clause_2,Clause,243,imprisonment,36,84,,,false,false,phạt tù từ 03 năm đến 07 năm
penalty_article_243_clause_3_1,article_243_clause_3,Clause,243,imprisonment,84,180,,,false,false,phạt tù từ 07 năm đến 15 năm
penalty_article_243_clause_4_1,article_243_clause_4,Clause,243,fine,,,40000000,200000000,false,false,phạt tiền từ 40.000.000 đồng đến 200.000.000 đồng
penalty_article_243_clause_5_1,article_243_clause_5,Clause,243,fine,,,1000000000,4000000000,false,false,phạt tiền từ 1.000.000.000 đồng đến 4.000.000.000 đồng
penalty_article_243_clause_5_2,article_243_clause_5,Clause,243,fine,,,4000000000,10000000000,false,false,phạt tiền từ 4.000.000.000 đồng đến 10.000.000.000 đồng
penalty_article_243_clause_5_3,article_243_clause_5,Clause,243,fine,,,10000000000,14000000000,false,false,phạt tiền từ 10.000.000.000 đồng đến 14.000.000.000 đồng
penalty_article_243_clause_5_4,article_243_clause_5,Clause,243,fine,,,100000000,400000000,false,false,phạt tiền từ 100.000.000 đồng đến 400.000.000 đồng
penalty_article_243_clause_5_point_a_1,article_243_clause_5_point_a,Point,243,fine,,,1000000000,4000000000,false,false,phạt tiền từ 1.000.000.000 đồng đến 4.000.000.000 đồng
penalty_article_243_clause_5_point_b_1,article_243_clause_5_point_b,Point,243,fine,,,4000000000,10000000000,false,false,phạt tiền từ 4.000.000.000 đồng đến 10.000.000.000 đồng
penalty_article_243_clause_5_point_c_1,article_243_clause_5_point_c,Point,243,fine,,,10000000000,14000000000,false,false,phạt tiền từ 10.000.000.000 đồng đến 14.000.000.000 đồng
penalty_article_243_clause_5_point_d_1,article_243_clause_5_point_d,Point,243,fine,,,100000000,400000000,false,false,phạt tiền từ 100.000.000 đồng đến 400.000.000 đồng
penalty_article_244_clause_1_1,article_244_clause_1,Clause,244,imprisonment,12,60,,,false,false,phạt tù từ 01 năm đến 05 năm
penalty_article_244_clause_1_2,article_244_clause_1,Clause,244,fine,,,1000000000,4000000000,false,false,phạt tiền từ 1.000.000.000 đồng đến 4.000.000.000 đồng
penalty_article_244_clause_2_1,article_244_clause_2,Clause,244,imprisonment,60,120,,,false,false,phạt tù từ 05 năm đến 10 năm
penalty_article_244_clause_3_1,article_244_clause_3,Clause,244,imprisonment,120,180,,,false,false,phạt tù từ 10 năm đến 15 năm
penalty_article_244_clause_4_1,article_244_clause_4,Clause,244,fine,,,100000000,400000000,false,false,phạt tiền từ 100.000.000 đồng đến 400.000.000 đồng
penalty_article_244_clause_5_1,article_244_clause_5,Clause,244,fine,,,2000000000,10000000000,false,false,phạt tiền từ 2.000.000.000 đồng đến 10.000.000.000 đồng
penalty_article_244_clause_5_2,article_244_clause_5,Clause,244,fine,,,10000000000,20000000000,false,false,phạt tiền từ 10.000.000.000 đồng đến 20.000.000.000 đồng
penalty_article_244_clause_5_3,article_244_clause_5,Clause,244,fine,,,20000000000,30000000000,false,false,phạt tiền từ 20.000.000.000 đồng đến 30.000.000.000 đồng
penalty_article_244_clause_5_4,article_244_clause_5,Clause,244,fine,,,600000000,1200000000,false,false,phạt tiền từ 600.000.000 đồng đến 1.200.000.000 đồng
penalty_article_244_clause_5_point_a_1,article_244_clause_5_point_a,Point,244,fine,,,2000000000,10000000000,false,false,phạt tiền từ 2.000.000.000 đồng đến 10.000.000.000 đồng
penalty_article_244_clause_5_point_b_1,article_244_clause_5_point_b,Point,244,fine,,,10000000000,20000000000,false,false,phạt tiền từ 10.000.000.000 đồng đến 20.000.000.000 đồng
penalty_article_244_clause_5_point_c_1,article_244_clause_5_point_c,Point,244,fine,,,20000000000,30000000000,false,false,phạt tiền từ 20.000.000.000 đồng đến 30.000.000.000 đồng
penalty_article_244_clause_5_point_d_1,article_244_clause_5_point_d,Point,244,fine,,,600000000,1200000000,false,false,phạt tiền từ 600.000.000 đồng đến 1.200.000.000 đồng
penalty_article_245_clause_1_1,article_245_clause_1,Clause,245,imprisonment,6,36,,,false,false,phạt tù từ 06 tháng đến 03 năm
penalty_article_245_clause_1_2,article_245_clause_1,Clause,245,fine,,,100000000,600000000,false,false,phạt tiền từ 100.000.000 đồng đến 600.000.000 đồng
penalty_article_245_clause_2_1,article_245_clause_2,Clause,245,imprisonment,36,84,,,false,false,phạt tù từ 03 năm đến 07 năm
penalty_article_245_clause_3_1,article_245_clause_3,Clause,245,fine,,,20000000,200000000,false,false,phạt tiền từ 20.000.000 đồng đến 200.000.000 đồng
penalty_article_245_clause_4_1,article_245_clause_4,Clause,245,fine,,,600000000,2000000000,false,false,phạt tiền từ 600.000.000 đồng đến 2.000.000.000 đồng
penalty_article_245_clause_4_2,article_245_clause_4,Clause,245,fine,,,2000000000,6000000000,false,false,phạt tiền từ 2.000.000.000 đồng đến 6.000.000.000 đồng
penalty_article_245_clause_4_3,article_245_clause_4,Clause,245,fine,,,100000000,1000000000,false,false,phạt tiền từ 100.000.000 đồng đến 1.000.000.000 đồng
penalty_article_245_clause_4_point_a_1,article_245_clause_4_point_a,Point,245,fine,,,600000000,2000000000,false,false,phạt tiền từ 600.000.000 đồng đến 2.000.000.000 đồng
penalty_article_245_clause_4_point_b_1,article_245_clause_4_point_b,Point,245,fine,,,2000000000,6000000000,false,false,phạt tiền từ 2.000.000.000 đồng đến 6.000.000.000 đồng
penalty_article_245_clause_4_point_d_1,article_245_clause_4_point_d,Point,245,fine,,,100000000,1000000000,false,false,phạt tiền từ 100.000.000 đồng đến 1.000.000.000 đồng
penalty_article_246_clause_1_1,article_246_clause_1,Clause,246,imprisonment,12,60,,,false,false,phạt tù từ 01 năm đến 05 năm
penalty_article_246_clause_1_2,article_246_clause_1,Clause,246,fine,,,200000000,2000000000,false,false,phạt tiền từ 200.000.000 đồng đến 2.000.000.000 đồng
penalty_article_246_clause_2_1,article_246_clause_2,Clause,246,imprisonment,36,84,,,false,false,phạt tù từ 03 năm đến 07 năm
penalty_article_246_clause_3_1,article_246_clause_3,Clause,246,fine,,,100000000,1000000000,false,false,phạt tiền từ 100.000.000 đồng đến 1.000.000.000 đồng
penalty_article_246_clause_4_1,article_246_clause_4,Clause,246,fine,,,2000000000,6000000000,false,false,phạt tiền từ 2.000.000.000 đồng đến 6.000.000.000 đồng
penalty_article_246_clause_4_2,article_246_clause_4,Clause,246,fine,,,6000000000,10000000000,false,false,phạt tiền từ 6.000.000.000 đồng đến 10.000.000.000 đồng
penalty_article_246_clause_4_3,article_246_clause_4,Clause,246,fine,,,200000000,2000000000,false,false,phạt tiền từ 200.000.000 đồng đến 2.000.000.000 đồng
penalty_article_246_clause_4_point_a_1,article_246_clause_4_point_a,Point,246,fine,,,2000000000,6000000000,false,false,phạt tiền từ 2.000.000.000 đồng đến 6.000.000.000 đồng
penalty_article_246_clause_4_point_b_1,article_246_clause_4_point_b,Point,246,fine,,,6000000000,10000000000,false,false,phạt tiền từ 6.000.000.000 đồng đến 10.000.000.000 đồng
penalty_article_246_clause_4_point_c_1,article_246_clause_4_point_c,Point,246,fine,,,200000000,2000000000,false,false,phạt tiền từ 200.000.000 đồng đến 2.000.000.000 đồng
penalty_article_247_clause_1_1,article_247_clause_1,Clause,247,imprisonment,6,36,,,false,false,phạt tù từ 06 tháng đến 03 năm
penalty_article_247_clause_2_1,article_247_clause_2,Clause,247,imprisonment,36,84,,,false,false,phạt tù từ 03 năm đến 07 năm
penalty_article_247_clause_3_1,article_247_clause_3,Clause,247,fine,,,5000000,50000000,false,false,phạt tiền từ 5.000.000 đồng đến 50.000.000 đồng
penalty_article_248_clause_1_1,article_248_clause_1,Clause,248,imprisonment,36,84,,,false,false,phạt tù từ 03 năm đến 07 năm
penalty_article_248_clause_2_1,article_248_clause_2,Clause,248,imprisonment,84,180,,,false,false,phạt tù từ 07 năm đến 15 năm
penalty_article_248_clause_3_1,article_248_clause_3,Clause,248,imprisonment,180,240,,,false,false,phạt tù từ 15 năm đến 20 năm
penalty_article_248_clause_4_1,article_248_clause_4,Clause,248,imprisonment,240,240,,,true,false,phạt tù 20 năm hoặc tù chung thân
penalty_article_248_clause_4_2,article_248_clause_4,Clause,248,imprisonment,240,240,,,true,false,phạt tù 20 năm
penalty_article_248_clause_5_1,article_248_clause_5,Clause,248,life_imprisonment,,,,,true,false,tù chung thân
penalty_article_248_clause_5_2,article_248_clause_5,Clause,248,death_penalty,,,,,false,true,tử hình
penalty_article_248_clause_6_1,article_248_clause_6,Clause,248,fine,,,5000000,500000000,false,false,phạt tiền từ 5.000.000 đồng đến 500.000.000 đồng
penalty_article_249_clause_1_1,article_249_clause_1,Clause,249,imprisonment,36,60,,,false,false,phạt tù từ 03 năm đến 05 năm
penalty_article_249_clause_2_1,article_249_clause_2,Clause,249,imprisonment,60,120,,,false,false,phạt tù từ 05 năm đến 10 năm
penalty_article_249_clause_3_1,article_249_clause_3,Clause,249,imprisonment,120,180,,,false,false,phạt tù từ 10 năm đến 15 năm
penalty_article_249_clause_4_1,article_249_clause_4,Clause,249,imprisonment,180,240,,,true,false,phạt tù từ 15 năm đến 20 năm
penalty_article_249_clause_5_1,article_249_clause_5,Clause,249,fine,,,5000000,500000000,false,false,phạt tiền từ 5.000.000 đồng đến 500.000.000 đồng
penalty_article_250_clause_1_1,article_250_clause_1,Clause,250,imprisonment,36,84,,,false,false,phạt tù từ 03 năm đến 07 năm
penalty_article_250_clause_2_1,article_250_clause_2,Clause,250,imprisonment,84,180,,,false,false,phạt tù từ 07 năm đến 15 năm
penalty_article_250_clause_3_1,article_250_clause_3,Clause,250,imprisonment,180,240,,,false,false,phạt tù từ 15 năm đến 20 năm
penalty_article_250_clause_4_1,article_250_clause_4,Clause,250,imprisonment,240,240,,,true,false,phạt tù 20 năm hoặc tù chung thân
penalty_article_250_clause_4_2,article_250_clause_4,Clause,250,imprisonment,240,240,,,true,false,phạt tù 20 năm
penalty_article_250_clause_5_1,article_250_clause_5,Clause,250,fine,,,5000000,500000000,false,false,phạt tiền từ 5.000.000 đồng đến 500.000.000 đồng
penalty_article_251_clause_1_1,article_251_clause_1,Clause,251,imprisonment,36,84,,,false,false,phạt tù từ 03 năm đến 07 năm
penalty_article_251_clause_2_1,article_251_clause_2,Clause,251,imprisonment,84,180,,,false,false,phạt tù từ 07 năm đến 15 năm
penalty_article_251_clause_3_1,article_251_clause_3,Clause,251,imprisonment,180,240,,,false,false,phạt tù từ 15 năm đến 20 năm
penalty_article_251_clause_4_1,article_251_clause_4,Clause,251,imprisonment,240,240,,,true,false,phạt tù 20 năm hoặc tù chung thân
penalty_article_251_clause_4_2,article_251_clause_4,Clause,251,imprisonment,240,240,,,true,false,phạt tù 20 năm
penalty_article_251_clause_5_1,article_251_clause_5,Clause,251,life_imprisonment,,,,,true,false,tù chung thân
penalty_article_251_clause_5_2,article_251_clause_5,Clause,251,death_penalty,,,,,false,true,tử hình
penalty_article_251_clause_6_1,article_251_clause_6,Clause,251,fine,,,5000000,500000000,false,false,phạt tiền từ 5.000.000 đồng đến 500.000.000 đồng
penalty_article_252_clause_1_1,article_252_clause_1,Clause,252,imprisonment,12,60,,,false,false,phạt tù từ 01 năm đến 05 năm
penalty_article_252_clause_2_1,article_252_clause_2,Clause,252,imprisonment,60,120,,,false,false,phạt tù từ 05 năm đến 10 năm
penalty_article_252_clause_3_1,article_252_clause_3,Clause,252,imprisonment,120,180,,,false,false,phạt tù từ 10 năm đến 15 năm
penalty_article_252_clause_4_1,article_252_clause_4,Clause,252,imprisonment,180,240,,,true,false,phạt tù từ 15 năm đến 20 năm
penalty_article_252_clause_5_1,article_252_clause_5,Clause,252,fine,,,5000000,500000000,false,false,phạt tiền từ 5.000.000 đồng đến 500.000.000 đồng
penalty_article_253_clause_1_1,article_253_clause_1,Clause,253,imprisonment,12,72,,,false,false,phạt tù từ 01 năm đến 06 năm
penalty_article_253_clause_2_1,article_253_clause_2,Clause,253,imprisonment,72,156,,,false,false,phạt tù từ 06 năm đến 13 năm
penalty_article_253_clause_3_1,article_253_clause_3,Clause,253,imprisonment,156,240,,,false,false,phạt tù từ 13 năm đến 20 năm
penalty_article_253_clause_4_1,article_253_clause_4,Clause,253,imprisonment,240,240,,,true,false,phạt tù 20 năm hoặc tù chung thân
penalty_article_253_clause_4_2,article_253_clause_4,Clause,253,imprisonment,240,240,,,true,false,phạt tù 20 năm
penalty_article_253_clause_6_1,article_253_clause_6,Clause,253,fine,,,5000000,50000000,false,false,phạt tiền từ 5.000.000 đồng đến 50.000.000 đồng
penalty_article_254_clause_1_1,article_254_clause_1,Clause,254,imprisonment,12,60,,,false,false,phạt tù từ 01 năm đến 05 năm
penalty_article_254_clause_2_1,article_254_clause_2,Clause,254,imprisonment,60,120,,,false,false,phạt tù từ 05 năm đến 10 năm
penalty_article_254_clause_3_1,article_254_clause_3,Clause,254,fine,,,5000000,500000000,false,false,phạt tiền từ 5.000.000 đồng đến 500.000.000 đồng
penalty_article_255_clause_1_1,article_255_clause_1,Clause,255,imprisonment,36,84,,,false,false,phạt tù từ 03 năm đến 07 năm
penalty_article_255_clause_2_1,article_255_clause_2,Clause,255,imprisonment,84,180,,,false,false,phạt tù từ 07 năm đến 15 năm
penalty_article_255_clause_3_1,article_255_clause_3,Clause,255,imprisonment,180,240,,,false,false,phạt tù từ 15 năm đến 20 năm
penalty_article_255_clause_4_1,article_255_clause_4,Clause,255,imprisonment,240,240,,,true,false,phạt tù 20 năm hoặc tù chung thân
penalty_article_255_clause_4_2,article_255_clause_4,Clause,255,imprisonment,240,240,,,true,false,phạt tù 20 năm
penalty_article_255_clause_5_1,article_255_clause_5,Clause,255,fine,,,50000000,500000000,false,false,phạt tiền từ 50.000.000 đồng đến 500.000.000 đồng
penalty_article_256_clause_1_1,article_256_clause_1,Clause,256,imprisonment,24,84,,,false,false,phạt tù từ 02 năm đến 07 năm
penalty_article_256_clause_2_1,article_256_clause_2,Clause,256,imprisonment,84,180,,,false,false,phạt tù từ 07 năm đến 15 năm
penalty_article_256_clause_3_1,article_256_clause_3,Clause,256,fine,,,50000000,200000000,false,false,phạt tiền từ 50.000.000 đồng đến 200.000.000 đồng
penalty_article_256a_clause_1_1,article_256a_clause_1,Clause,256a,imprisonment,24,36,,,false,false,phạt tù từ 02 năm đến 03 năm
penalty_article_256a_clause_2_1,article_256a_clause_2,Clause,256a,imprisonment,36,60,,,false,false,phạt tù từ 03 năm đến 05 năm
penalty_article_257_clause_1_1,article_257_clause_1,Clause,257,imprisonment,24,84,,,false,false,phạt tù từ 02 năm đến 07 năm
penalty_article_257_clause_2_1,article_257_clause_2,Clause,257,imprisonment,84,180,,,false,false,phạt tù từ 07 năm đến 15 năm
penalty_article_257_clause_3_1,article_257_clause_3,Clause,257,imprisonment,180,240,,,false,false,phạt tù từ 15 năm đến 20 năm
penalty_article_257_clause_4_1,article_257_clause_4,Clause,257,imprisonment,240,240,,,true,false,phạt tù 20 năm hoặc tù chung thân
penalty_article_257_clause_4_2,article_257_clause_4,Clause,257,imprisonment,240,240,,,true,false,phạt tù 20 năm
penalty_article_257_clause_5_1,article_257_clause_5,Clause,257,fine,,,5000000,100000000,false,false,phạt tiền từ 5.000.000 đồng đến 100.000.000 đồng
penalty_article_258_clause_1_1,article_258_clause_1,Clause,258,imprisonment,12,60,,,false,false,phạt tù từ 01 năm đến 05 năm
penalty_article_258_clause_2_1,article_258_clause_2,Clause,258,imprisonment,60,120,,,false,false,phạt tù từ 05 năm đến 10 năm
penalty_article_258_clause_3_1,article_258_clause_3,Clause,258,imprisonment,120,180,,,false,false,phạt tù từ 10 năm đến 15 năm
penalty_article_258_clause_4_1,article_258_clause_4,Clause,258,imprisonment,180,240,,,true,false,phạt tù từ 15 năm đến 20 năm
penalty_article_258_clause_5_1,article_258_clause_5,Clause,258,fine,,,5000000,100000000,false,false,phạt tiền từ 5.000.000 đồng đến 100.000.000 đồng
penalty_article_259_clause_1_1,article_259_clause_1,Clause,259,imprisonment,12,60,,,false,false,phạt tù từ 01 năm đến 05 năm
penalty_article_259_clause_1_2,article_259_clause_1,Clause,259,fine,,,10000000,100000000,false,false,phạt tiền từ 10.000.000 đồng đến 100.000.000 đồng
penalty_article_259_clause_2_1,article_259_clause_2,Clause,259,imprisonment,60,120,,,false,false,phạt tù từ 05 năm đến 10 năm
penalty_article_259_clause_3_1,article_259_clause_3,Clause,259,fine,,,10000000,50000000,false,false,phạt tiền từ 10.000.000 đồng đến 50.000.000 đồng
penalty_article_260_clause_1_1,article_260_clause_1,Clause,260,imprisonment,12,60,,,false,false,phạt tù từ 01 năm đến 05 năm
penalty_article_260_clause_1_2,article_260_clause_1,Clause,260,fine,,,30000000,100000000,false,false,phạt tiền từ 30.000.000 đồng đến 100.000.000 đồng
penalty_article_260_clause_2_1,article_260_clause_2,Clause,260,imprisonment,36,120,,,false,false,phạt tù từ 03 năm đến 10 năm
penalty_article_260_clause_3_1,article_260_clause_3,Clause,260,imprisonment,84,180,,,false,false,phạt tù từ 07 năm đến 15 năm
penalty_article_260_clause_4_1,article_260_clause_4,Clause,260,imprisonment,3,12,,,false,false,phạt tù từ 03 tháng đến 01 năm
penalty_article_260_clause_4_2,article_260_clause_4,Clause,260,fine,,,10000000,50000000,false,false,phạt tiền từ 10.000.000 đồng đến 50.000.000 đồng
penalty_article_261_clause_1_1,article_261_clause_1,Clause,261,imprisonment,6,36,,,false,false,phạt tù từ 06 tháng đến 03 năm
penalty_article_261_clause_1_2,article_261_clause_1,Clause,261,fine,,,30000000,100000000,false,false,phạt tiền từ 30.000.000 đồng đến 100.000.000 đồng
penalty_article_261_clause_2_1,article_261_clause_2,Clause,261,imprisonment,24,84,,,false,false,phạt tù từ 02 năm đến 07 năm
penalty_article_261_clause_2_2,article_261_clause_2,Clause,261,fine,,,100000000,300000000,false,false,phạt tiền từ 100.000.000 đồng đến 300.000.000 đồng
penalty_article_261_clause_3_1,article_261_clause_3,Clause,261,imprisonment,60,120,,,false,false,phạt tù từ 05 năm đến 10 năm
penalty_article_261_clause_4_1,article_261_clause_4,Clause,261,fine,,,5000000,20000000,false,false,phạt tiền từ 5.000.000 đồng đến 20.000.000 đồng
penalty_article_262_clause_1_1,article_262_clause_1,Clause,262,imprisonment,6,36,,,false,false,phạt tù từ 06 tháng đến 03 năm
penalty_article_262_clause_1_2,article_262_clause_1,Clause,262,fine,,,20000000,100000000,false,false,phạt tiền từ 20.000.000 đồng đến 100.000.000 đồng
penalty_article_262_clause_2_1,article_262_clause_2,Clause,262,imprisonment,24,84,,,false,false,phạt tù từ 02 năm đến 07 năm
penalty_article_262_clause_3_1,article_262_clause_3,Clause,262,imprisonment,60,120,,,false,false,phạt tù từ 05 năm đến 10 năm
penalty_article_263_clause_1_1,article_263_clause_1,Clause,263,imprisonment,12,36,,,false,false,phạt tù từ 01 năm đến 03 năm
penalty_article_263_clause_1_2,article_263_clause_1,Clause,263,fine,,,20000000,100000000,false,false,phạt tiền từ 20.000.000 đồng đến 100.000.000 đồng
penalty_article_263_clause_2_1,article_263_clause_2,Clause,263,imprisonment,24,84,,,false,false,phạt tù từ 02 năm đến 07 năm
penalty_article_263_clause_3_1,article_263_clause_3,Clause,263,imprisonment,60,144,,,false,false,phạt tù từ 05 năm đến 12 năm
penalty_article_263_clause_4_1,article_263_clause_4,Clause,263,fine,,,10000000,30000000,false,false,phạt tiền từ 10.000.000 đồng đến 30.000.000 đồng
penalty_article_264_clause_1_1,article_264_clause_1,Clause,264,fine,,,10000000,50000000,false,false,phạt tiền từ 10.000.000 đồng đến 50.000.000 đồng
penalty_article_264_clause_2_1,article_264_clause_2,Clause,264,imprisonment,6,36,,,false,false,phạt tù từ 06 tháng đến 03 năm
penalty_article_264_clause_2_2,article_264_clause_2,Clause,264,fine,,,50000000,200000000,false,false,phạt tiền từ 50.000.000 đồng đến 200.000.000 đồng
penalty_article_264_clause_3_1,article_264_clause_3,Clause,264,imprisonment,24,84,,,false,false,phạt tù từ 02 năm đến 07 năm
penalty_article_264_clause_4_1,article_264_clause_4,Clause,264,fine,,,10000000,30000000,false,false,phạt tiền từ 10.000.000 đồng đến 30.000.000 đồng
penalty_article_265_clause_1_1,article_265_clause_1,Clause,265,imprisonment,12,60,,,false,false,phạt tù từ 01 năm đến 05 năm
penalty_article_265_clause_1_2,article_265_clause_1,Clause,265,fine,,,30000000,100000000,false,false,phạt tiền từ 30.000.000 đồng đến 100.000.000 đồng
penalty_article_265_clause_2_1,article_265_clause_2,Clause,265,imprisonment,48,120,,,false,false,phạt tù từ 04 năm đến 10 năm
penalty_article_265_clause_2_2,article_265_clause_2,Clause,265,fine,,,100000000,500000000,false,false,phạt tiền từ 100.000.000 đồng đến 500.000.000 đồng
penalty_article_265_clause_3_1,article_265_clause_3,Clause,265,imprisonment,96,180,,,false,false,phạt tù từ 08 năm đến 15 năm
penalty_article_265_clause_4_1,article_265_clause_4,Clause,265,imprisonment,144,240,,,true,false,phạt tù từ 12 năm đến 20 năm
penalty_article_265_clause_5_1,article_265_clause_5,Clause,265,fine,,,10000000,50000000,false,false,phạt tiền từ 10.000.000 đồng đến 50.000.000 đồng
penalty_article_266_clause_1_1,article_266_clause_1,Clause,266,imprisonment,6,36,,,false,false,phạt tù từ 06 tháng đến 03 năm
penalty_article_266_clause_1_2,article_266_clause_1,Clause,266,fine,,,10000000,50000000,false,false,phạt tiền từ 10.000.000 đồng đến 50.000.000 đồng
penalty_article_266_clause_2_1,article_266_clause_2,Clause,266,imprisonment,36,120,,,false,false,phạt tù từ 03 năm đến 10 năm
penalty_article_266_clause_2_2,article_266_clause_2,Clause,266,fine,,,50000000,150000000,false,false,phạt tiền từ 50.000.000 đồng đến 150.000.000 đồng
penalty_article_266_clause_3_1,article_266_clause_3,Clause,266,imprisonment,84,180,,,false,false,phạt tù từ 07 năm đến 15 năm
penalty_article_266_clause_4_1,article_266_clause_4,Clause,266,imprisonment,144,240,,,false,false,phạt tù từ 12 năm đến 20 năm
penalty_article_266_clause_5_1,article_266_clause_5,Clause,266,fine,,,10000000,50000000,false,false,phạt tiền từ 10.000.000 đồng đến 50.000.000 đồng
penalty_article_267_clause_1_1,article_267_clause_1,Clause,267,imprisonment,12,60,,,false,false,phạt tù từ 01 năm đến 05 năm
penalty_article_267_clause_1_2,article_267_clause_1,Clause,267,fine,,,50000000,200000000,false,false,phạt tiền từ 50.000.000 đồng đến 200.000.000 đồng
penalty_article_267_clause_2_1,article_267_clause_2,Clause,267,imprisonment,36,120,,,false,false,phạt tù từ 03 năm đến 10 năm
penalty_article_267_clause_3_1,article_267_clause_3,Clause,267,imprisonment,84,180,,,false,false,phạt tù từ 07 năm đến 15 năm
penalty_article_267_clause_4_1,article_267_clause_4,Clause,267,imprisonment,3,12,,,false,false,phạt tù từ 03 tháng đến 01 năm
penalty_article_267_clause_4_2,article_267_clause_4,Clause,267,fine,,,10000000,50000000,false,false,phạt tiền từ 10.000.000 đồng đến 50.000.000 đồng
penalty_article_268_clause_1_1,article_268_clause_1,Clause,268,imprisonment,12,36,,,false,false,phạt tù từ 01 năm đến 03 năm
penalty_article_268_clause_1_2,article_268_clause_1,Clause,268,fine,,,30000000,100000000,false,false,phạt tiền từ 30.000.000 đồng đến 100.000.000 đồng
penalty_article_268_clause_2_1,article_268_clause_2,Clause,268,imprisonment,36,120,,,false,false,phạt tù từ 03 năm đến 10 năm
penalty_article_268_clause_3_1,article_268_clause_3,Clause,268,imprisonment,84,180,,,false,false,phạt tù từ 07 năm đến 15 năm
penalty_article_268_clause_4_1,article_268_clause_4,Clause,268,imprisonment,3,12,,,false,false,phạt tù từ 03 tháng đến 01 năm
penalty_article_268_clause_4_2,article_268_clause_4,Clause,268,fine,,,10000000,50000000,false,false,phạt tiền từ 10.000.000 đồng đến 50.000.000 đồng
penalty_article_269_clause_1_1,article_269_clause_1,Clause,269,imprisonment,12,60,,,false,false,phạt tù từ 01 năm đến 05 năm
penalty_article_269_clause_1_2,article_269_clause_1,Clause,269,fine,,,20000000,100000000,false,false,phạt tiền từ 20.000.000 đồng đến 100.000.000 đồng
penalty_article_269_clause_2_1,article_269_clause_2,Clause,269,imprisonment,36,120,,,false,false,phạt tù từ 03 năm đến 10 năm
penalty_article_269_clause_3_1,article_269_clause_3,Clause,269,imprisonment,84,180,,,false,false,phạt tù từ 07 năm đến 15 năm
penalty_article_270_clause_1_1,article_270_clause_1,Clause,270,imprisonment,12,60,,,false,false,phạt tù từ 01 năm đến 05 năm
penalty_article_270_clause_1_2,article_270_clause_1,Clause,270,fine,,,30000000,100000000,false,false,phạt tiền từ 30.000.000 đồng đến 100.000.000 đồng
penalty_article_270_clause_2_1,article_270_clause_2,Clause,270,imprisonment,36,120,,,false,false,phạt tù từ 03 năm đến 10 năm
penalty_article_270_clause_3_1,article_270_clause_3,Clause,270,imprisonment,84,180,,,false,false,phạt tù từ 07 năm đến 15 năm
penalty_article_271_clause_1_1,article_271_clause_1,Clause,271,imprisonment,6,36,,,false,false,phạt tù từ 06 tháng đến 03 năm
penalty_article_271_clause_1_2,article_271_clause_1,Clause,271,fine,,,30000000,100000000,false,false,phạt tiền từ 30.000.000 đồng đến 100.000.000 đồng
penalty_article_271_clause_2_1,article_271_clause_2,Clause,271,imprisonment,24,84,,,false,false,phạt tù từ 02 năm đến 07 năm
penalty_article_271_clause_3_1,article_271_clause_3,Clause,271,imprisonment,84,144,,,false,false,phạt tù từ 07 năm đến 12 năm
penalty_article_272_clause_1_1,article_272_clause_1,Clause,272,imprisonment,12,60,,,false,false,phạt tù từ 01 năm đến 05 năm
penalty_article_272_clause_1_2,article_272_clause_1,Clause,272,fine,,,30000000,100000000,false,false,phạt tiền từ 30.000.000 đồng đến 100.000.000 đồng
penalty_article_272_clause_2_1,article_272_clause_2,Clause,272,imprisonment,36,120,,,false,false,phạt tù từ 03 năm đến 10 năm
penalty_article_272_clause_3_1,article_272_clause_3,Clause,272,imprisonment,84,180,,,false,false,phạt tù từ 07 năm đến 15 năm
penalty_article_272_clause_4_1,article_272_clause_4,Clause,272,imprisonment,3,12,,,false,false,phạt tù từ 03 tháng đến 01 năm
penalty_article_272_clause_4_2,article_272_clause_4,Clause,272,fine,,,10000000,50000000,false,false,phạt tiền từ 10.000.000 đồng đến 50.000.000 đồng
penalty_article_273_clause_1_1,article_273_clause_1,Clause,273,imprisonment,12,60,,,false,false,phạt tù từ 01 năm đến 05 năm
penalty_article_273_clause_1_2,article_273_clause_1,Clause,273,fine,,,30000000,100000000,false,false,phạt tiền từ 30.000.000 đồng đến 100.000.000 đồng
penalty_article_273_clause_2_1,article_273_clause_2,Clause,273,imprisonment,36,120,,,false,false,phạt tù từ 03 năm đến 10 năm
penalty_article_273_clause_3_1,article_273_clause_3,Clause,273,imprisonment,84,180,,,false,false,phạt tù từ 07 năm đến 15 năm
penalty_article_273_clause_4_1,article_273_clause_4,Clause,273,imprisonment,3,12,,,false,false,phạt tù từ 03 tháng đến 01 năm
penalty_article_273_clause_4_2,article_273_clause_4,Clause,273,fine,,,10000000,30000000,false,false,phạt tiền từ 10.000.000 đồng đến 30.000.000 đồng
penalty_article_274_clause_1_1,article_274_clause_1,Clause,274,imprisonment,12,60,,,false,false,phạt tù từ 01 năm đến 05 năm
penalty_article_274_clause_1_2,article_274_clause_1,Clause,274,fine,,,30000000,100000000,false,false,phạt tiền từ 30.000.000 đồng đến 100.000.000 đồng
penalty_article_274_clause_2_1,article_274_clause_2,Clause,274,imprisonment,36,120,,,false,false,phạt tù từ 03 năm đến 10 năm
penalty_article_274_clause_3_1,article_274_clause_3,Clause,274,imprisonment,84,180,,,false,false,phạt tù từ 07 năm đến 15 năm
penalty_article_275_clause_1_1,article_275_clause_1,Clause,275,imprisonment,12,60,,,false,false,phạt tù từ 01 năm đến 05 năm
penalty_article_275_clause_1_2,article_275_clause_1,Clause,275,fine,,,30000000,100000000,false,false,phạt tiền từ 30.000.000 đồng đến 100.000.000 đồng
penalty_article_275_clause_2_1,article_275_clause_2,Clause,275,imprisonment,36,120,,,false,false,phạt tù từ 03 năm đến 10 năm
penalty_article_275_clause_3_1,article_275_clause_3,Clause,275,imprisonment,84,180,,,false,false,phạt tù từ 07 năm đến 15 năm
penalty_article_276_clause_1_1,article_276_clause_1,Clause,276,imprisonment,6,36,,,false,false,phạt tù từ 06 tháng đến 03 năm
penalty_article_276_clause_1_2,article_276_clause_1,Clause,276,fine,,,30000000,100000000,false,false,phạt tiền từ 30.000.000 đồng đến 100.000.000 đồng
penalty_article_276_clause_2_1,article_276_clause_2,Clause,276,imprisonment,36,120,,,false,false,phạt tù từ 03 năm đến 10 năm
penalty_article_276_clause_3_1,article_276_clause_3,Clause,276,imprisonment,84,180,,,false,false,phạt tù từ 07 năm đến 15 năm
penalty_article_277_clause_1_1,article_277_clause_1,Clause,277,imprisonment,12,60,,,false,false,phạt tù từ 01 năm đến 05 năm
penalty_article_277_clause_1_2,article_277_clause_1,Clause,277,fine,,,30000000,100000000,false,false,phạt tiền từ 30.000.000 đồng đến 100.000.000 đồng
penalty_article_277_clause_2_1,article_277_clause_2,Clause,277,imprisonment,36,120,,,false,false,phạt tù từ 03 năm đến 10 năm
penalty_article_277_clause_3_1,article_277_clause_3,Clause,277,imprisonment,84,180,,,false,false,phạt tù từ 07 năm đến 15 năm
penalty_article_277_clause_4_1,article_277_clause_4,Clause,277,imprisonment,144,240,,,false,false,phạt tù từ 12 năm đến 20 năm
penalty_article_278_clause_1_1,article_278_clause_1,Clause,278,imprisonment,12,60,,,false,false,phạt tù từ 01 năm đến 05 năm
penalty_article_278_clause_1_2,article_278_clause_1,Clause,278,fine,,,30000000,100000000,false,false,phạt tiền từ 30.000.000 đồng đến 100.000.000 đồng
penalty_article_278_clause_2_1,article_278_clause_2,Clause,278,imprisonment,36,120,,,false,false,phạt tù từ 03 năm đến 10 năm
penalty_article_278_clause_3_1,article_278_clause_3,Clause,278,imprisonment,84,180,,,false,false,phạt tù từ 07 năm đến 15 năm
penalty_article_278_clause_4_1,article_278_clause_4,Clause,278,imprisonment,3,24,,,false,false,phạt tù từ 03 tháng đến 02 năm
penalty_article_278_clause_4_2,article_278_clause_4,Clause,278,fine,,,10000000,50000000,false,false,phạt tiền từ 10.000.000 đồng đến 50.000.000 đồng
penalty_article_279_clause_1_1,article_279_clause_1,Clause,279,imprisonment,12,60,,,false,false,phạt tù từ 01 năm đến 05 năm
penalty_article_279_clause_2_1,article_279_clause_2,Clause,279,imprisonment,36,120,,,false,false,phạt tù từ 03 năm đến 10 năm
penalty_article_279_clause_3_1,article_279_clause_3,Clause,279,imprisonment,96,180,,,false,false,phạt tù từ 08 năm đến 15 năm
penalty_article_279_clause_4_1,article_279_clause_4,Clause,279,imprisonment,144,240,,,false,false,phạt tù từ 12 năm đến 20 năm
penalty_article_280_clause_1_1,article_280_clause_1,Clause,280,imprisonment,12,60,,,false,false,phạt tù từ 01 năm đến 05 năm
penalty_article_280_clause_2_1,article_280_clause_2,Clause,280,imprisonment,60,120,,,false,false,phạt tù từ 05 năm đến 10 năm
penalty_article_280_clause_3_1,article_280_clause_3,Clause,280,imprisonment,84,180,,,false,false,phạt tù từ 07 năm đến 15 năm
penalty_article_280_clause_4_1,article_280_clause_4,Clause,280,imprisonment,144,240,,,false,false,phạt tù từ 12 năm đến 20 năm
penalty_article_281_clause_1_1,article_281_clause_1,Clause,281,imprisonment,6,36,,,false,false,phạt tù từ 06 tháng đến 03 năm
penalty_article_281_clause_2_1,article_281_clause_2,Clause,281,imprisonment,24,84,,,false,false,phạt tù từ 02 năm đến 07 năm
penalty_article_281_clause_3_1,article_281_clause_3,Clause,281,imprisonment,72,180,,,false,false,phạt tù từ 06 năm đến 15 năm
penalty_article_281_clause_4_1,article_281_clause_4,Clause,281,fine,,,10000000,50000000,false,false,phạt tiền từ 10.000.000 đồng đến 50.000.000 đồng
penalty_article_282_clause_1_1,article_282_clause_1,Clause,282,imprisonment,84,180,,,false,false,phạt tù từ 07 năm đến 15 năm
penalty_article_282_clause_2_1,article_282_clause_2,Clause,282,imprisonment,144,240,,,false,false,phạt tù từ 12 năm đến 20 năm
penalty_article_282_clause_3_1,article_282_clause_3,Clause,282,imprisonment,240,240,,,true,false,phạt tù 20 năm hoặc tù chung thân
penalty_article_282_clause_3_2,article_282_clause_3,Clause,282,imprisonment,240,240,,,true,false,phạt tù 20 năm
penalty_article_282_clause_4_1,article_282_clause_4,Clause,282,fine,,,10000000,100000000,false,false,phạt tiền từ 10.000.000 đồng đến 100.000.000 đồng
penalty_article_283_clause_1_1,article_283_clause_1,Clause,283,imprisonment,3,36,,,false,false,phạt tù từ 03 tháng đến 03 năm
penalty_article_283_clause_1_2,article_283_clause_1,Clause,283,fine,,,100000000,300000000,false,false,phạt tiền từ 100.000.000 đồng đến 300.000.000 đồng
penalty_article_283_clause_2_1,article_283_clause_2,Clause,283,imprisonment,24,84,,,false,false,phạt tù từ 02 năm đến 07 năm
penalty_article_283_clause_2_2,article_283_clause_2,Clause,283,fine,,,300000000,1000000000,false,false,phạt tiền từ 300.000.000 đồng đến 1.000.000.000 đồng
penalty_article_283_clause_3_1,article_283_clause_3,Clause,283,imprisonment,60,144,,,false,false,phạt tù từ 05 năm đến 12 năm
penalty_article_283_clause_3_2,article_283_clause_3,Clause,283,fine,,,1000000000,3000000000,false,false,phạt tiền từ 1.000.000.000 đồng đến 3.000.000.000 đồng
penalty_article_284_clause_1_1,article_284_clause_1,Clause,284,fine,,,50000000,200000000,false,false,phạt tiền từ 50.000.000 đồng đến 200.000.000 đồng
penalty_article_284_clause_2_1,article_284_clause_2,Clause,284,imprisonment,12,36,,,false,false,phạt tù từ 01 năm đến 03 năm
penalty_article_284_clause_2_2,article_284_clause_2,Clause,284,fine,,,200000000,500000000,false,false,phạt tiền từ 200.000.000 đồng đến 500.000.000 đồng
penalty_article_284_clause_3_1,article_284_clause_3,Clause,284,imprisonment,36,84,,,false,false,phạt tù từ 03 năm đến 07 năm
penalty_article_284_clause_3_2,article_284_clause_3,Clause,284,fine,,,500000000,1500000000,false,false,phạt tiền từ 500.000.000 đồng đến 1.500.000.000 đồng
penalty_article_285_clause_1_1,article_285_clause_1,Clause,285,imprisonment,3,24,,,false,false,phạt tù từ 03 tháng đến 02 năm
penalty_article_285_clause_1_2,article_285_clause_1,Clause,285,fine,,,20000000,100000000,false,false,phạt tiền từ 20.000.000 đồng đến 100.000.000 đồng
penalty_article_285_clause_2_1,article_285_clause_2,Clause,285,imprisonment,12,60,,,false,false,phạt tù từ 01 năm đến 05 năm
penalty_article_285_clause_2_2,article_285_clause_2,Clause,285,fine,,,100000000,500000000,false,false,phạt tiền từ 100.000.000 đồng đến 500.000.000 đồng
penalty_article_285_clause_3_1,article_285_clause_3,Clause,285,imprisonment,36,84,,,false,false,phạt tù từ 03 năm đến 07 năm
penalty_article_285_clause_3_2,article_285_clause_3,Clause,285,fine,,,500000000,1000000000,false,false,phạt tiền từ 500.000.000 đồng đến 1.000.000.000 đồng
penalty_article_285_clause_4_1,article_285_clause_4,Clause,285,fine,,,5000000,100000000,false,false,phạt tiền từ 5.000.000 đồng đến 100.000.000 đồng
penalty_article_286_clause_1_1,article_286_clause_1,Clause,286,imprisonment,6,36,,,false,false,phạt tù từ 06 tháng đến 03 năm
penalty_article_286_clause_1_2,article_286_clause_1,Clause,286,fine,,,50000000,200000000,false,false,phạt tiền từ 50.000.000 đồng đến 200.000.000 đồng
penalty_article_286_clause_2_1,article_286_clause_2,Clause,286,imprisonment,36,84,,,false,false,phạt tù từ 03 năm đến 07 năm
penalty_article_286_clause_2_2,article_286_clause_2,Clause,286,fine,,,200000000,500000000,false,false,phạt tiền từ 200.000.000 đồng đến 500.000.000 đồng
penalty_article_286_clause_3_1,article_286_clause_3,Clause,286,imprisonment,84,144,,,false,false,phạt tù từ 07 năm đến 12 năm
penalty_article_286_clause_4_1,article_286_clause_4,Clause,286,fine,,,30000000,200000000,false,false,phạt tiền từ 30.000.000 đồng đến 200.000.000 đồng
penalty_article_287_clause_1_1,article_287_clause_1,Clause,287,imprisonment,6,36,,,false,false,phạt tù từ 06 tháng đến 03 năm
penalty_article_287_clause_1_2,article_287_clause_1,Clause,287,fine,,,30000000,200000000,false,false,phạt tiền từ 30.000.000 đồng đến 200.000.000 đồng
penalty_article_287_clause_2_1,article_287_clause_2,Clause,287,imprisonment,36,84,,,false,false,phạt tù từ 03 năm đến 07 năm
penalty_article_287_clause_2_2,article_287_clause_2,Clause,287,fine,,,200000000,1000000000,false,false,phạt tiền từ 200.000.000 đồng đến 1.000.000.000 đồng
penalty_article_287_clause_3_1,article_287_clause_3,Clause,287,imprisonment,84,144,,,false,false,phạt tù từ 07 năm đến 12 năm
penalty_article_287_clause_4_1,article_287_clause_4,Clause,287,fine,,,30000000,200000000,false,false,phạt tiền từ 30.000.000 đồng đến 200.000.000 đồng
penalty_article_288_clause_1_1,article_288_clause_1,Clause,288,imprisonment,6,36,,,false,false,phạt tù từ 06 tháng đến 03 năm
penalty_article_288_clause_1_2,article_288_clause_1,Clause,288,fine,,,30000000,200000000,false,false,phạt tiền từ 30.000.000 đồng đến 200.000.000 đồng
penalty_article_288_clause_2_1,article_288_clause_2,Clause,288,imprisonment,24,84,,,false,false,phạt tù từ 02 năm đến 07 năm
penalty_article_288_clause_2_2,article_288_clause_2,Clause,288,fine,,,200000000,1000000000,false,false,phạt tiền từ 200.000.000 đồng đến 1.000.000.000 đồng
penalty_article_288_clause_3_1,article_288_clause_3,Clause,288,fine,,,20000000,200000000,false,false,phạt tiền từ 20.000.000 đồng đến 200.000.000 đồng
penalty_article_289_clause_1_1,article_289_clause_1,Clause,289,imprisonment,12,60,,,false,false,phạt tù từ 01 năm đến 05 năm
penalty_article_289_clause_1_2,article_289_clause_1,Clause,289,fine,,,50000000,300000000,false,false,phạt tiền từ 50.000.000 đồng đến 300.000.000 đồng
penalty_article_289_clause_2_1,article_289_clause_2,Clause,289,imprisonment,36,84,,,false,false,phạt tù từ 03 năm đến 07 năm
penalty_article_289_clause_2_2,article_289_clause_2,Clause,289,fine,,,300000000,1000000000,false,false,phạt tiền từ 300.000.000 đồng đến 1.000.000.000 đồng
penalty_article_289_clause_3_1,article_289_clause_3,Clause,289,imprisonment,84,144,,,false,false,phạt tù từ 07 năm đến 12 năm
penalty_article_289_clause_4_1,article_289_clause_4,Clause,289,fine,,,5000000,50000000,false,false,phạt tiền từ 5.000.000 đồng đến 50.000.000 đồng
penalty_article_290_clause_1_1,article_290_clause_1,Clause,290,imprisonment,6,36,,,false,false,phạt tù từ 06 tháng đến 03 năm
penalty_article_290_clause_2_1,article_290_clause_2,Clause,290,imprisonment,24,84,,,false,false,phạt tù từ 02 năm đến 07 năm
penalty_article_290_clause_3_1,article_290_clause_3,Clause,290,imprisonment,84,180,,,false,false,phạt tù từ 07 năm đến 15 năm
penalty_article_290_clause_4_1,article_290_clause_4,Clause,290,imprisonment,144,240,,,false,false,phạt tù từ 12 năm đến 20 năm
penalty_article_290_clause_5_1,article_290_clause_5,Clause,290,fine,,,20000000,100000000,false,false,phạt tiền từ 20.000.000 đồng đến 100.000.000 đồng
penalty_article_291_clause_1_1,article_291_clause_1,Clause,291,fine,,,20000000,100000000,false,false,phạt tiền từ 20.000.000 đồng đến 100.000.000 đồng
penalty_article_291_clause_2_1,article_291_clause_2,Clause,291,imprisonment,3,24,,,false,false,phạt tù từ 03 tháng đến 02 năm
penalty_article_291_clause_2_2,article_291_clause_2,Clause,291,fine,,,100000000,200000000,false,false,phạt tiền từ 100.000.000 đồng đến 200.000.000 đồng
penalty_article_291_clause_3_1,article_291_clause_3,Clause,291,imprisonment,24,84,,,false,false,phạt tù từ 02 năm đến 07 năm
penalty_article_291_clause_3_2,article_291_clause_3,Clause,291,fine,,,200000000,500000000,false,false,phạt tiền từ 200.000.000 đồng đến 500.000.000 đồng
penalty_article_291_clause_4_1,article_291_clause_4,Clause,291,fine,,,10000000,50000000,false,false,phạt tiền từ 10.000.000 đồng đến 50.000.000 đồng
penalty_article_293_clause_1_1,article_293_clause_1,Clause,293,fine,,,50000000,100000000,false,false,phạt tiền từ 50.000.000 đồng đến 100.000.000 đồng
penalty_article_293_clause_2_1,article_293_clause_2,Clause,293,imprisonment,12,60,,,false,false,phạt tù từ 01 năm đến 05 năm
penalty_article_294_clause_1_1,article_294_clause_1,Clause,294,fine,,,50000000,100000000,false,false,phạt tiền từ 50.000.000 đồng đến 100.000.000 đồng
penalty_article_294_clause_2_1,article_294_clause_2,Clause,294,imprisonment,12,60,,,false,false,phạt tù từ 01 năm đến 05 năm
penalty_article_295_clause_1_1,article_295_clause_1,Clause,295,imprisonment,12,60,,,false,false,phạt tù từ 01 năm đến 05 năm
penalty_article_295_clause_1_2,article_295_clause_1,Clause,295,fine,,,20000000,100000000,false,false,phạt tiền từ 20.000.000 đồng đến 100.000.000 đồng
penalty_article_295_clause_2_1,article_295_clause_2,Clause,295,imprisonment,36,84,,,false,false,phạt tù từ 03 năm đến 07 năm
penalty_article_295_clause_3_1,article_295_clause_3,Clause,295,imprisonment,72,144,,,false,false,phạt tù từ 06 năm đến 12 năm
penalty_article_295_clause_4_1,article_295_clause_4,Clause,295,imprisonment,3,24,,,false,false,phạt tù từ 03 tháng đến 02 năm
penalty_article_295_clause_5_1,article_295_clause_5,Clause,295,fine,,,10000000,50000000,false,false,phạt tiền từ 10.000.000 đồng đến 50.000.000 đồng
penalty_article_296_clause_1_1,article_296_clause_1,Clause,296,imprisonment,6,36,,,false,false,phạt tù từ 06 tháng đến 03 năm
penalty_article_296_clause_1_2,article_296_clause_1,Clause,296,fine,,,30000000,200000000,false,false,phạt tiền từ 30.000.000 đồng đến 200.000.000 đồng
penalty_article_296_clause_2_1,article_296_clause_2,Clause,296,imprisonment,36,84,,,false,false,phạt tù từ 03 năm đến 07 năm
penalty_article_296_clause_3_1,article_296_clause_3,Clause,296,imprisonment,60,144,,,false,false,phạt tù từ 05 năm đến 12 năm
penalty_article_296_clause_4_1,article_296_clause_4,Clause,296,fine,,,10000000,50000000,false,false,phạt tiền từ 10.000.000 đồng đến 50.000.000 đồng
penalty_article_297_clause_1_1,article_297_clause_1,Clause,297,imprisonment,6,36,,,false,false,phạt tù từ 06 tháng đến 03 năm
penalty_article_297_clause_1_2,article_297_clause_1,Clause,297,fine,,,50000000,200000000,false,false,phạt tiền từ 50.000.000 đồng đến 200.000.000 đồng
penalty_article_297_clause_2_1,article_297_clause_2,Clause,297,imprisonment,24,84,,,false,false,phạt tù từ 02 năm đến 07 năm
penalty_article_297_clause_3_1,article_297_clause_3,Clause,297,imprisonment,60,144,,,false,false,phạt tù từ 05 năm đến 12 năm
penalty_article_297_clause_4_1,article_297_clause_4,Clause,297,fine,,,30000000,100000000,false,false,phạt tiền từ 30.000.000 đồng đến 100.000.000 đồng
penalty_article_298_clause_1_1,article_298_clause_1,Clause,298,imprisonment,12,60,,,false,false,phạt tù từ 01 năm đến 05 năm
penalty_article_298_clause_1_2,article_298_clause_1,Clause,298,fine,,,50000000,500000000,false,false,phạt tiền từ 50.000.000 đồng đến 500.000.000 đồng
penalty_article_298_clause_2_1,article_298_clause_2,Clause,298,imprisonment,36,120,,,false,false,phạt tù từ 03 năm đến 10 năm
penalty_article_298_clause_3_1,article_298_clause_3,Clause,298,imprisonment,84,180,,,false,false,phạt tù từ 07 năm đến 15 năm
penalty_article_298_clause_4_1,article_298_clause_4,Clause,298,fine,,,30000000,100000000,false,false,phạt tiền từ 30.000.000 đồng đến 100.000.000 đồng
penalty_article_299_clause_1_1,article_299_clause_1,Clause,299,imprisonment,120,240,,,true,true,phạt tù từ 10 năm đến 20 năm
penalty_article_299_clause_2_1,article_299_clause_2,Clause,299,imprisonment,60,180,,,false,false,phạt tù từ 05 năm đến 15 năm
penalty_article_299_clause_3_1,article_299_clause_3,Clause,299,imprisonment,24,84,,,false,false,phạt tù từ 02 năm đến 07 năm
penalty_article_299_clause_4_1,article_299_clause_4,Clause,299,imprisonment,12,60,,,false,false,phạt tù từ 01 năm đến 05 năm
penalty_article_300_clause_1_1,article_300_clause_1,Clause,300,imprisonment,60,120,,,false,false,phạt tù từ 05 năm đến 10 năm
penalty_article_300_clause_2_1,article_300_clause_2,Clause,300,imprisonment,12,60,,,false,false,phạt tù từ 01 năm đến 05 năm
penalty_article_300_clause_4_1,article_300_clause_4,Clause,300,fine,,,7000000000,15000000000,false,false,phạt tiền từ 7.000.000.000 đồng đến 15.000.000.000 đồng
penalty_article_300_clause_4_2,article_300_clause_4,Clause,300,fine,,,1000000000,5000000000,false,false,phạt tiền từ 1.000.000.000 đồng đến 5.000.000.000 đồng
penalty_article_300_clause_4_point_a_1,article_300_clause_4_point_a,Point,300,fine,,,7000000000,15000000000,false,false,phạt tiền từ 7.000.000.000 đồng đến 15.000.000.000 đồng
penalty_article_300_clause_4_point_c_1,article_300_clause_4_point_c,Point,300,fine,,,1000000000,5000000000,false,false,phạt tiền từ 1.000.000.000 đồng đến 5.000.000.000 đồng
penalty_article_301_clause_1_1,article_301_clause_1,Clause,301,imprisonment,12,48,,,false,false,phạt tù từ 01 năm đến 04 năm
penalty_article_301_clause_2_1,article_301_clause_2,Clause,301,imprisonment,36,84,,,false,false,phạt tù từ 03 năm đến 07 năm
penalty_article_301_clause_3_1,article_301_clause_3,Clause,301,imprisonment,60,120,,,false,false,phạt tù từ 05 năm đến 10 năm
penalty_article_301_clause_4_1,article_301_clause_4,Clause,301,imprisonment,96,180,,,false,false,phạt tù từ 08 năm đến 15 năm
penalty_article_301_clause_5_1,article_301_clause_5,Clause,301,imprisonment,6,36,,,false,false,phạt tù từ 06 tháng đến 03 năm
penalty_article_302_clause_1_1,article_302_clause_1,Clause,302,imprisonment,60,120,,,false,false,phạt tù từ 05 năm đến 10 năm
penalty_article_302_clause_2_1,article_302_clause_2,Clause,302,imprisonment,84,180,,,false,false,phạt tù từ 07 năm đến 15 năm
penalty_article_302_clause_3_1,article_302_clause_3,Clause,302,imprisonment,144,240,,,false,false,phạt tù từ 12 năm đến 20 năm
penalty_article_302_clause_4_1,article_302_clause_4,Clause,302,imprisonment,216,240,,,true,false,phạt tù từ 18 năm đến 20 năm
penalty_article_302_clause_5_1,article_302_clause_5,Clause,302,imprisonment,12,60,,,false,false,phạt tù từ 01 năm đến 05 năm
penalty_article_303_clause_1_1,article_303_clause_1,Clause,303,imprisonment,36,144,,,false,false,phạt tù từ 03 năm đến 12 năm
penalty_article_303_clause_2_1,article_303_clause_2,Clause,303,imprisonment,120,240,,,true,false,phạt tù từ 10 năm đến 20 năm
penalty_article_303_clause_3_1,article_303_clause_3,Clause,303,imprisonment,12,60,,,false,false,phạt tù từ 01 năm đến 05 năm
penalty_article_304_clause_1_1,article_304_clause_1,Clause,304,imprisonment,12,84,,,false,false,phạt tù từ 01 năm đến 07 năm
penalty_article_304_clause_2_1,article_304_clause_2,Clause,304,imprisonment,60,144,,,false,false,phạt tù từ 05 năm đến 12 năm
penalty_article_304_clause_3_1,article_304_clause_3,Clause,304,imprisonment,120,180,,,false,false,phạt tù từ 10 năm đến 15 năm
penalty_article_304_clause_4_1,article_304_clause_4,Clause,304,imprisonment,180,240,,,true,false,phạt tù từ 15 năm đến 20 năm
penalty_article_304_clause_5_1,article_304_clause_5,Clause,304,fine,,,10000000,50000000,false,false,phạt tiền từ 10.000.000 đồng đến 50.000.000 đồng
penalty_article_305_clause_1_1,article_305_clause_1,Clause,305,imprisonment,12,60,,,false,false,phạt tù từ 01 năm đến 05 năm
penalty_article_305_clause_2_1,article_305_clause_2,Clause,305,imprisonment,36,120,,,false,false,phạt tù từ 03 năm đến 10 năm
penalty_article_305_clause_3_1,article_305_clause_3,Clause,305,imprisonment,84,180,,,false,false,phạt tù từ 07 năm đến 15 năm
penalty_article_305_clause_4_1,article_305_clause_4,Clause,305,imprisonment,180,240,,,true,false,phạt tù từ 15 năm đến 20 năm
penalty_article_305_clause_5_1,article_305_clause_5,Clause,305,fine,,,10000000,50000000,false,false,phạt tiền từ 10.000.000 đồng đến 50.000.000 đồng
penalty_article_306_clause_1_1,article_306_clause_1,Clause,306,imprisonment,3,24,,,false,false,phạt tù từ 03 tháng đến 02 năm
penalty_article_306_clause_2_1,article_306_clause_2,Clause,306,imprisonment,12,60,,,false,false,phạt tù từ 01 năm đến 05 năm
penalty_article_306_clause_3_1,article_306_clause_3,Clause,306,imprisonment,36,84,,,false,false,phạt tù từ 03 năm đến 07 năm
penalty_article_306_clause_4_1,article_306_clause_4,Clause,306,fine,,,10000000,50000000,false,false,phạt tiền từ 10.000.000 đồng đến 50.000.000 đồng
penalty_article_307_clause_1_1,article_307_clause_1,Clause,307,imprisonment,12,60,,,false,false,phạt tù từ 01 năm đến 05 năm
penalty_article_307_clause_2_1,article_307_clause_2,Clause,307,imprisonment,36,120,,,false,false,phạt tù từ 03 năm đến 10 năm
penalty_article_307_clause_3_1,article_307_clause_3,Clause,307,imprisonment,84,180,,,false,false,phạt tù từ 07 năm đến 15 năm
penalty_article_307_clause_4_1,article_307_clause_4,Clause,307,imprisonment,3,24,,,false,false,phạt tù từ 03 tháng đến 02 năm
penalty_article_307_clause_4_2,article_307_clause_4,Clause,307,fine,,,10000000,50000000,false,false,phạt tiền từ 10.000.000 đồng đến 50.000.000 đồng
penalty_article_308_clause_1_1,article_308_clause_1,Clause,308,imprisonment,6,36,,,false,false,phạt tù từ 06 tháng đến 03 năm
penalty_article_308_clause_2_1,article_308_clause_2,Clause,308,imprisonment,24,84,,,false,false,phạt tù từ 02 năm đến 07 năm
penalty_article_308_clause_3_1,article_308_clause_3,Clause,308,imprisonment,60,120,,,false,false,phạt tù từ 05 năm đến 10 năm
penalty_article_309_clause_1_1,article_309_clause_1,Clause,309,imprisonment,24,84,,,false,false,phạt tù từ 02 năm đến 07 năm
penalty_article_309_clause_2_1,article_309_clause_2,Clause,309,imprisonment,60,144,,,false,false,phạt tù từ 05 năm đến 12 năm
penalty_article_309_clause_3_1,article_309_clause_3,Clause,309,imprisonment,120,180,,,false,false,phạt tù từ 10 năm đến 15 năm
penalty_article_309_clause_4_1,article_309_clause_4,Clause,309,imprisonment,180,240,,,true,false,phạt tù từ 15 năm đến 20 năm
penalty_article_309_clause_5_1,article_309_clause_5,Clause,309,fine,,,10000000,50000000,false,false,phạt tiền từ 10.000.000 đồng đến 50.000.000 đồng
penalty_article_310_clause_1_1,article_310_clause_1,Clause,310,imprisonment,36,120,,,false,false,phạt tù từ 03 năm đến 10 năm
penalty_article_310_clause_2_1,article_310_clause_2,Clause,310,imprisonment,84,180,,,false,false,phạt tù từ 07 năm đến 15 năm
penalty_article_310_clause_3_1,article_310_clause_3,Clause,310,imprisonment,180,240,,,false,false,phạt tù từ 15 năm đến 20 năm
penalty_article_310_clause_4_1,article_310_clause_4,Clause,310,imprisonment,6,36,,,false,false,phạt tù từ 06 tháng đến 03 năm
penalty_article_311_clause_1_1,article_311_clause_1,Clause,311,imprisonment,12,60,,,false,false,phạt tù từ 01 năm đến 05 năm
penalty_article_311_clause_2_1,article_311_clause_2,Clause,311,imprisonment,36,120,,,false,false,phạt tù từ 03 năm đến 10 năm
penalty_article_311_clause_3_1,article_311_clause_3,Clause,311,imprisonment,84,180,,,false,false,phạt tù từ 07 năm đến 15 năm
penalty_article_311_clause_4_1,article_311_clause_4,Clause,311,imprisonment,180,240,,,true,false,phạt tù từ 15 năm đến 20 năm
penalty_article_311_clause_5_1,article_311_clause_5,Clause,311,fine,,,5000000,50000000,false,false,phạt tiền từ 5.000.000 đồng đến 50.000.000 đồng
penalty_article_312_clause_1_1,article_312_clause_1,Clause,312,imprisonment,12,60,,,false,false,phạt tù từ 01 năm đến 05 năm
penalty_article_312_clause_2_1,article_312_clause_2,Clause,312,imprisonment,36,120,,,false,false,phạt tù từ 03 năm đến 10 năm
penalty_article_312_clause_3_1,article_312_clause_3,Clause,312,imprisonment,84,180,,,false,false,phạt tù từ 07 năm đến 15 năm
penalty_article_313_clause_1_1,article_313_clause_1,Clause,313,imprisonment,24,60,,,false,false,phạt tù từ 02 năm đến 05 năm
penalty_article_313_clause_2_1,article_313_clause_2,Clause,313,imprisonment,60,96,,,false,false,phạt tù từ 05 năm đến 08 năm
penalty_article_313_clause_3_1,article_313_clause_3,Clause,313,imprisonment,84,144,,,false,false,phạt tù từ 07 năm đến 12 năm
penalty_article_313_clause_4_1,article_313_clause_4,Clause,313,imprisonment,3,12,,,false,false,phạt tù từ 03 tháng đến 01 năm
penalty_article_313_clause_5_1,article_313_clause_5,Clause,313,fine,,,10000000,50000000,false,false,phạt tiền từ 10.000.000 đồng đến 50.000.000 đồng
penalty_article_314_clause_1_1,article_314_clause_1,Clause,314,imprisonment,6,60,,,false,false,phạt tù từ 06 tháng đến 05 năm
penalty_article_314_clause_1_2,article_314_clause_1,Clause,314,fine,,,20000000,100000000,false,false,phạt tiền từ 20.000.000 đồng đến 100.000.000 đồng
penalty_article_314_clause_2_1,article_314_clause_2,Clause,314,imprisonment,24,84,,,false,false,phạt tù từ 02 năm đến 07 năm
penalty_article_314_clause_2_2,article_314_clause_2,Clause,314,fine,,,100000000,300000000,false,false,phạt tiền từ 100.000.000 đồng đến 300.000.000 đồng
penalty_article_314_clause_3_1,article_314_clause_3,Clause,314,imprisonment,72,120,,,false,false,phạt tù từ 06 năm đến 10 năm
penalty_article_314_clause_4_1,article_314_clause_4,Clause,314,imprisonment,3,24,,,false,false,phạt tù từ 03 tháng đến 02 năm
penalty_article_314_clause_4_2,article_314_clause_4,Clause,314,fine,,,20000000,100000000,false,false,phạt tiền từ 20.000.000 đồng đến 100.000.000 đồng
penalty_article_315_clause_1_1,article_315_clause_1,Clause,315,imprisonment,12,60,,,false,false,phạt tù từ 01 năm đến 05 năm
penalty_article_315_clause_2_1,article_315_clause_2,Clause,315,imprisonment,36,120,,,false,false,phạt tù từ 03 năm đến 10 năm
penalty_article_315_clause_3_1,article_315_clause_3,Clause,315,imprisonment,84,180,,,false,false,phạt tù từ 07 năm đến 15 năm
penalty_article_315_clause_4_1,article_315_clause_4,Clause,315,fine,,,10000000,50000000,false,false,phạt tiền từ 10.000.000 đồng đến 50.000.000 đồng
penalty_article_316_clause_1_1,article_316_clause_1,Clause,316,imprisonment,12,36,,,false,false,phạt tù từ 01 năm đến 03 năm
penalty_article_316_clause_2_1,article_316_clause_2,Clause,316,imprisonment,36,84,,,false,false,phạt tù từ 03 năm đến 07 năm
penalty_article_316_clause_3_1,article_316_clause_3,Clause,316,imprisonment,84,180,,,false,false,phạt tù từ 07 năm đến 15 năm
penalty_article_316_clause_4_1,article_316_clause_4,Clause,316,fine,,,5000000,50000000,false,false,phạt tiền từ 5.000.000 đồng đến 50.000.000 đồng
penalty_article_316_clause_1_1,article_316_clause_1,Clause,316,imprisonment,24,60,,,false,false,phạt tù từ 02 năm đến 05 năm
penalty_article_316_clause_1_2,article_316_clause_1,Clause,316,fine,,,100000000,400000000,false,false,phạt tiền từ 100.000.000 đồng đến 400.000.000 đồng
penalty_article_316_clause_2_1,article_316_clause_2,Clause,316,imprisonment,36,84,,,false,false,phạt tù từ 03 năm đến 07 năm
penalty_article_316_clause_2_2,article_316_clause_2,Clause,316,fine,,,400000000,1000000000,false,false,phạt tiền từ 400.000.000 đồng đến 1.000.000.000 đồng
penalty_article_316_clause_3_1,article_316_clause_3,Clause,316,imprisonment,84,180,,,false,false,phạt tù từ 07 năm đến 15 năm
penalty_article_316_clause_4_1,article_316_clause_4,Clause,316,imprisonment,144,240,,,false,false,phạt tù từ 12 năm đến 20 năm
penalty_article_316_clause_5_1,article_316_clause_5,Clause,316,fine,,,40000000,200000000,false,false,phạt tiền từ 40.000.000 đồng đến 200.000.000 đồng
penalty_article_318_clause_1_1,article_318_clause_1,Clause,318,imprisonment,3,24,,,false,false,phạt tù từ 03 tháng đến 02 năm
penalty_article_318_clause_1_2,article_318_clause_1,Clause,318,fine,,,5000000,50000000,false,false,phạt tiền từ 5.000.000 đồng đến 50.000.000 đồng
penalty_article_318_clause_2_1,article_318_clause_2,Clause,318,imprisonment,24,84,,,false,false,phạt tù từ 02 năm đến 07 năm
penalty_article_319_clause_1_1,article_319_clause_1,Clause,319,imprisonment,3,24,,,false,false,phạt tù từ 03 tháng đến 02 năm
penalty_article_319_clause_2_1,article_319_clause_2,Clause,319,imprisonment,24,84,,,false,false,phạt tù từ 02 năm đến 07 năm
penalty_article_320_clause_1_1,article_320_clause_1,Clause,320,imprisonment,6,36,,,false,false,phạt tù từ 06 tháng đến 03 năm
penalty_article_320_clause_1_2,article_320_clause_1,Clause,320,fine,,,10000000,100000000,false,false,phạt tiền từ 10.000.000 đồng đến 100.000.000 đồng
penalty_article_320_clause_2_1,article_320_clause_2,Clause,320,imprisonment,36,120,,,false,false,phạt tù từ 03 năm đến 10 năm
penalty_article_320_clause_3_1,article_320_clause_3,Clause,320,fine,,,10000000,50000000,false,false,phạt tiền từ 10.000.000 đồng đến 50.000.000 đồng
penalty_article_321_clause_1_1,article_321_clause_1,Clause,321,imprisonment,6,36,,,false,false,phạt tù từ 06 tháng đến 03 năm
penalty_article_321_clause_1_2,article_321_clause_1,Clause,321,fine,,,20000000,100000000,false,false,phạt tiền từ 20.000.000 đồng đến 100.000.000 đồng
penalty_article_321_clause_2_1,article_321_clause_2,Clause,321,imprisonment,36,84,,,false,false,phạt tù từ 03 năm đến 07 năm
penalty_article_321_clause_3_1,article_321_clause_3,Clause,321,fine,,,10000000,50000000,false,false,phạt tiền từ 10.000.000 đồng đến 50.000.000 đồng
penalty_article_322_clause_1_1,article_322_clause_1,Clause,322,imprisonment,12,60,,,false,false,phạt tù từ 01 năm đến 05 năm
penalty_article_322_clause_1_2,article_322_clause_1,Clause,322,fine,,,50000000,300000000,false,false,phạt tiền từ 50.000.000 đồng đến 300.000.000 đồng
penalty_article_322_clause_2_1,article_322_clause_2,Clause,322,imprisonment,60,120,,,false,false,phạt tù từ 05 năm đến 10 năm
penalty_article_322_clause_3_1,article_322_clause_3,Clause,322,fine,,,20000000,100000000,false,false,phạt tiền từ 20.000.000 đồng đến 100.000.000 đồng
penalty_article_323_clause_1_1,article_323_clause_1,Clause,323,imprisonment,6,36,,,false,false,phạt tù từ 06 tháng đến 03 năm
penalty_article_323_clause_1_2,article_323_clause_1,Clause,323,fine,,,10000000,100000000,false,false,phạt tiền từ 10.000.000 đồng đến 100.000.000 đồng
penalty_article_323_clause_2_1,article_323_clause_2,Clause,323,imprisonment,36,84,,,false,false,phạt tù từ 03 năm đến 07 năm
penalty_article_323_clause_3_1,article_323_clause_3,Clause,323,imprisonment,84,120,,,false,false,phạt tù từ 07 năm đến 10 năm
penalty_article_323_clause_4_1,article_323_clause_4,Clause,323,imprisonment,120,180,,,false,false,phạt tù từ 10 năm đến 15 năm
penalty_article_323_clause_5_1,article_323_clause_5,Clause,323,fine,,,5000000,50000000,false,false,phạt tiền từ 5.000.000 đồng đến 50.000.000 đồng
penalty_article_324_clause_1_1,article_324_clause_1,Clause,324,imprisonment,12,60,,,false,false,phạt tù từ 01 năm đến 05 năm
penalty_article_324_clause_2_1,article_324_clause_2,Clause,324,imprisonment,60,120,,,false,false,phạt tù từ 05 năm đến 10 năm
penalty_article_324_clause_3_1,article_324_clause_3,Clause,324,imprisonment,120,180,,,false,false,phạt tù từ 10 năm đến 15 năm
penalty_article_324_clause_4_1,article_324_clause_4,Clause,324,imprisonment,6,36,,,false,false,phạt tù từ 06 tháng đến 03 năm
penalty_article_324_clause_5_1,article_324_clause_5,Clause,324,fine,,,20000000,100000000,false,false,phạt tiền từ 20.000.000 đồng đến 100.000.000 đồng
penalty_article_324_clause_6_1,article_324_clause_6,Clause,324,fine,,,1000000000,5000000000,false,false,phạt tiền từ 1.000.000.000 đồng đến 5.000.000.000 đồng
penalty_article_324_clause_6_2,article_324_clause_6,Clause,324,fine,,,5000000000,10000000000,false,false,phạt tiền từ 5.000.000.000 đồng đến 10.000.000.000 đồng
penalty_article_324_clause_6_3,article_324_clause_6,Clause,324,fine,,,10000000000,20000000000,false,false,phạt tiền từ 10.000.000.000 đồng đến 20.000.000.000 đồng
penalty_article_324_clause_6_4,article_324_clause_6,Clause,324,fine,,,1000000000,5000000000,false,false,phạt tiền từ 1.000.000.000 đồng đến 5.000.000.000 đồng
penalty_article_324_clause_6_point_a_1,article_324_clause_6_point_a,Point,324,fine,,,1000000000,5000000000,false,false,phạt tiền từ 1.000.000.000 đồng đến 5.000.000.000 đồng
penalty_article_324_clause_6_point_b_1,article_324_clause_6_point_b,Point,324,fine,,,5000000000,10000000000,false,false,phạt tiền từ 5.000.000.000 đồng đến 10.000.000.000 đồng
penalty_article_324_clause_6_point_c_1,article_324_clause_6_point_c,Point,324,fine,,,10000000000,20000000000,false,false,phạt tiền từ 10.000.000.000 đồng đến 20.000.000.000 đồng
penalty_article_324_clause_6_point_d_1,article_324_clause_6_point_d,Point,324,fine,,,1000000000,5000000000,false,false,phạt tiền từ 1.000.000.000 đồng đến 5.000.000.000 đồng
penalty_article_325_clause_1_1,article_325_clause_1,Clause,325,imprisonment,12,60,,,false,false,phạt tù từ 01 năm đến 05 năm
penalty_article_325_clause_2_1,article_325_clause_2,Clause,325,imprisonment,36,84,,,false,false,phạt tù từ 03 năm đến 07 năm
penalty_article_325_clause_3_1,article_325_clause_3,Clause,325,fine,,,10000000,100000000,false,false,phạt tiền từ 10.000.000 đồng đến 100.000.000 đồng
penalty_article_326_clause_1_1,article_326_clause_1,Clause,326,imprisonment,6,36,,,false,false,phạt tù từ 06 tháng đến 03 năm
penalty_article_326_clause_1_2,article_326_clause_1,Clause,326,fine,,,10000000,100000000,false,false,phạt tiền từ 10.000.000 đồng đến 100.000.000 đồng
penalty_article_326_clause_2_1,article_326_clause_2,Clause,326,imprisonment,36,120,,,false,false,phạt tù từ 03 năm đến 10 năm
penalty_article_326_clause_3_1,article_326_clause_3,Clause,326,imprisonment,84,180,,,false,false,phạt tù từ 07 năm đến 15 năm
penalty_article_326_clause_4_1,article_326_clause_4,Clause,326,fine,,,5000000,30000000,false,false,phạt tiền từ 5.000.000 đồng đến 30.000.000 đồng
penalty_article_327_clause_1_1,article_327_clause_1,Clause,327,imprisonment,12,60,,,false,false,phạt tù từ 01 năm đến 05 năm
penalty_article_327_clause_2_1,article_327_clause_2,Clause,327,imprisonment,60,120,,,false,false,phạt tù từ 05 năm đến 10 năm
penalty_article_327_clause_3_1,article_327_clause_3,Clause,327,imprisonment,120,180,,,false,false,phạt tù từ 10 năm đến 15 năm
penalty_article_327_clause_4_1,article_327_clause_4,Clause,327,imprisonment,180,240,,,true,false,phạt tù từ 15 năm đến 20 năm
penalty_article_327_clause_5_1,article_327_clause_5,Clause,327,fine,,,10000000,100000000,false,false,phạt tiền từ 10.000.000 đồng đến 100.000.000 đồng
penalty_article_328_clause_1_1,article_328_clause_1,Clause,328,imprisonment,6,36,,,false,false,phạt tù từ 06 tháng đến 03 năm
penalty_article_328_clause_2_1,article_328_clause_2,Clause,328,imprisonment,36,84,,,false,false,phạt tù từ 03 năm đến 07 năm
penalty_article_328_clause_3_1,article_328_clause_3,Clause,328,imprisonment,84,180,,,false,false,phạt tù từ 07 năm đến 15 năm
penalty_article_328_clause_4_1,article_328_clause_4,Clause,328,fine,,,10000000,50000000,false,false,phạt tiền từ 10.000.000 đồng đến 50.000.000 đồng
penalty_article_329_clause_1_1,article_329_clause_1,Clause,329,imprisonment,12,60,,,false,false,phạt tù từ 01 năm đến 05 năm
penalty_article_329_clause_2_1,article_329_clause_2,Clause,329,imprisonment,36,84,,,false,false,phạt tù từ 03 năm đến 07 năm
penalty_article_329_clause_3_1,article_329_clause_3,Clause,329,imprisonment,84,180,,,false,false,phạt tù từ 07 năm đến 15 năm
penalty_article_329_clause_4_1,article_329_clause_4,Clause,329,fine,,,10000000,50000000,false,false,phạt tiền từ 10.000.000 đồng đến 50.000.000 đồng
penalty_article_330_clause_1_1,article_330_clause_1,Clause,330,imprisonment,6,36,,,false,false,phạt tù từ 06 tháng đến 03 năm
penalty_article_330_clause_2_1,article_330_clause_2,Clause,330,imprisonment,24,84,,,false,false,phạt tù từ 02 năm đến 07 năm
penalty_article_331_clause_1_1,article_331_clause_1,Clause,331,imprisonment,6,36,,,false,false,phạt tù từ 06 tháng đến 03 năm
penalty_article_331_clause_2_1,article_331_clause_2,Clause,331,imprisonment,24,84,,,false,false,phạt tù từ 02 năm đến 07 năm
penalty_article_332_clause_1_1,article_332_clause_1,Clause,332,imprisonment,3,24,,,false,false,phạt tù từ 03 tháng đến 02 năm
penalty_article_332_clause_2_1,article_332_clause_2,Clause,332,imprisonment,12,60,,,false,false,phạt tù từ 01 năm đến 05 năm
penalty_article_333_clause_1_1,article_333_clause_1,Clause,333,imprisonment,6,36,,,false,false,phạt tù từ 06 tháng đến 03 năm
penalty_article_333_clause_2_1,article_333_clause_2,Clause,333,imprisonment,24,84,,,false,false,phạt tù từ 02 năm đến 07 năm
penalty_article_334_clause_1_1,article_334_clause_1,Clause,334,imprisonment,6,36,,,false,false,phạt tù từ 06 tháng đến 03 năm
penalty_article_334_clause_2_1,article_334_clause_2,Clause,334,imprisonment,24,84,,,false,false,phạt tù từ 02 năm đến 07 năm
penalty_article_335_clause_1_1,article_335_clause_1,Clause,335,imprisonment,3,24,,,false,false,phạt tù từ 03 tháng đến 02 năm
penalty_article_335_clause_2_1,article_335_clause_2,Clause,335,imprisonment,24,60,,,false,false,phạt tù từ 02 năm đến 05 năm
penalty_article_336_clause_2_1,article_336_clause_2,Clause,336,imprisonment,3,24,,,false,false,phạt tù từ 03 tháng đến 02 năm
penalty_article_337_clause_1_1,article_337_clause_1,Clause,337,imprisonment,24,84,,,false,false,phạt tù từ 02 năm đến 07 năm
penalty_article_337_clause_2_1,article_337_clause_2,Clause,337,imprisonment,60,120,,,false,false,phạt tù từ 05 năm đến 10 năm
penalty_article_337_clause_3_1,article_337_clause_3,Clause,337,imprisonment,120,180,,,false,false,phạt tù từ 10 năm đến 15 năm
penalty_article_337_clause_4_1,article_337_clause_4,Clause,337,fine,,,10000000,100000000,false,false,phạt tiền từ 10.000.000 đồng đến 100.000.000 đồng
penalty_article_338_clause_1_1,article_338_clause_1,Clause,338,imprisonment,6,36,,,false,false,phạt tù từ 06 tháng đến 03 năm
penalty_article_338_clause_2_1,article_338_clause_2,Clause,338,imprisonment,24,84,,,false,false,phạt tù từ 02 năm đến 07 năm
penalty_article_339_clause_0_1,article_339_clause_0,Clause,339,imprisonment,3,24,,,false,false,phạt tù từ 03 tháng đến 02 năm
penalty_article_340_clause_1_1,article_340_clause_1,Clause,340,imprisonment,6,36,,,false,false,phạt tù từ 06 tháng đến 03 năm
penalty_article_340_clause_1_2,article_340_clause_1,Clause,340,fine,,,10000000,50000000,false,false,phạt tiền từ 10.000.000 đồng đến 50.000.000 đồng
penalty_article_340_clause_2_1,article_340_clause_2,Clause,340,imprisonment,24,60,,,false,false,phạt tù từ 02 năm đến 05 năm
penalty_article_340_clause_3_1,article_340_clause_3,Clause,340,fine,,,5000000,20000000,false,false,phạt tiền từ 5.000.000 đồng đến 20.000.000 đồng
penalty_article_341_clause_1_1,article_341_clause_1,Clause,341,imprisonment,6,24,,,false,false,phạt tù từ 06 tháng đến 02 năm
penalty_article_341_clause_1_2,article_341_clause_1,Clause,341,fine,,,30000000,100000000,false,false,phạt tiền từ 30.000.000 đồng đến 100.000.000 đồng
penalty_article_341_clause_2_1,article_341_clause_2,Clause,341,imprisonment,24,60,,,false,false,phạt tù từ 02 năm đến 05 năm
penalty_article_341_clause_3_1,article_341_clause_3,Clause,341,imprisonment,36,84,,,false,false,phạt tù từ 03 năm đến 07 năm
penalty_article_341_clause_4_1,article_341_clause_4,Clause,341,fine,,,5000000,50000000,false,false,phạt tiền từ 5.000.000 đồng đến 50.000.000 đồng
penalty_article_342_clause_1_1,article_342_clause_1,Clause,342,imprisonment,3,24,,,false,false,phạt tù từ 03 tháng đến 02 năm
penalty_article_342_clause_1_2,article_342_clause_1,Clause,342,fine,,,5000000,50000000,false,false,phạt tiền từ 5.000.000 đồng đến 50.000.000 đồng
penalty_article_342_clause_2_1,article_342_clause_2,Clause,342,imprisonment,24,60,,,false,false,phạt tù từ 02 năm đến 05 năm
penalty_article_342_clause_3_1,article_342_clause_3,Clause,342,fine,,,5000000,20000000,false,false,phạt tiền từ 5.000.000 đồng đến 20.000.000 đồng
penalty_article_343_clause_1_1,article_343_clause_1,Clause,343,imprisonment,3,24,,,false,false,phạt tù từ 03 tháng đến 02 năm
penalty_article_343_clause_2_1,article_343_clause_2,Clause,343,fine,,,5000000,50000000,false,false,phạt tiền từ 5.000.000 đồng đến 50.000.000 đồng
penalty_article_344_clause_1_1,article_344_clause_1,Clause,344,imprisonment,3,24,,,false,false,phạt tù từ 03 tháng đến 02 năm
penalty_article_344_clause_1_2,article_344_clause_1,Clause,344,fine,,,20000000,200000000,false,false,phạt tiền từ 20.000.000 đồng đến 200.000.000 đồng
penalty_article_344_clause_2_1,article_344_clause_2,Clause,344,imprisonment,24,60,,,false,false,phạt tù từ 02 năm đến 05 năm
penalty_article_344_clause_3_1,article_344_clause_3,Clause,344,fine,,,20000000,100000000,false,false,phạt tiền từ 20.000.000 đồng đến 100.000.000 đồng
penalty_article_345_clause_1_1,article_345_clause_1,Clause,345,imprisonment,6,36,,,false,false,phạt tù từ 06 tháng đến 03 năm
penalty_article_345_clause_1_2,article_345_clause_1,Clause,345,fine,,,10000000,100000000,false,false,phạt tiền từ 10.000.000 đồng đến 100.000.000 đồng
penalty_article_345_clause_2_1,article_345_clause_2,Clause,345,imprisonment,36,84,,,false,false,phạt tù từ 03 năm đến 07 năm
penalty_article_346_clause_1_1,article_346_clause_1,Clause,346,imprisonment,6,36,,,false,false,phạt tù từ 06 tháng đến 03 năm
penalty_article_346_clause_1_2,article_346_clause_1,Clause,346,fine,,,10000000,100000000,false,false,phạt tiền từ 10.000.000 đồng đến 100.000.000 đồng
penalty_article_346_clause_2_1,article_346_clause_2,Clause,346,imprisonment,24,84,,,false,false,phạt tù từ 02 năm đến 07 năm
penalty_article_346_clause_3_1,article_346_clause_3,Clause,346,fine,,,5000000,50000000,false,false,phạt tiền từ 5.000.000 đồng đến 50.000.000 đồng
penalty_article_347_clause_0_1,article_347_clause_0,Clause,347,imprisonment,6,36,,,false,false,phạt tù từ 06 tháng đến 03 năm
penalty_article_347_clause_0_2,article_347_clause_0,Clause,347,fine,,,5000000,50000000,false,false,phạt tiền từ 5.000.000 đồng đến 50.000.000 đồng
penalty_article_348_clause_2_1,article_348_clause_2,Clause,348,imprisonment,60,120,,,false,false,phạt tù từ 05 năm đến 10 năm
penalty_article_348_clause_3_1,article_348_clause_3,Clause,348,imprisonment,84,180,,,false,false,phạt tù từ 07 năm đến 15 năm
penalty_article_348_clause_4_1,article_348_clause_4,Clause,348,fine,,,10000000,50000000,false,false,phạt tiền từ 10.000.000 đồng đến 50.000.000 đồng
penalty_article_349_clause_1_1,article_349_clause_1,Clause,349,imprisonment,12,60,,,false,false,phạt tù từ 01 năm đến 05 năm
penalty_article_349_clause_2_1,article_349_clause_2,Clause,349,imprisonment,60,120,,,false,false,phạt tù từ 05 năm đến 10 năm
penalty_article_349_clause_3_1,article_349_clause_3,Clause,349,imprisonment,84,180,,,false,false,phạt tù từ 07 năm đến 15 năm
penalty_article_349_clause_4_1,article_349_clause_4,Clause,349,fine,,,10000000,50000000,false,false,phạt tiền từ 10.000.000 đồng đến 50.000.000 đồng
penalty_article_350_clause_1_1,article_350_clause_1,Clause,350,imprisonment,24,84,,,false,false,phạt tù từ 02 năm đến 07 năm
penalty_article_350_clause_2_1,article_350_clause_2,Clause,350,imprisonment,60,144,,,false,false,phạt tù từ 05 năm đến 12 năm
penalty_article_350_clause_3_1,article_350_clause_3,Clause,350,imprisonment,144,240,,,false,false,phạt tù từ 12 năm đến 20 năm
penalty_article_351_clause_0_1,article_351_clause_0,Clause,351,imprisonment,6,36,,,false,false,phạt tù từ 06 tháng đến 03 năm
penalty_article_353_clause_1_1,article_353_clause_1,Clause,353,imprisonment,24,84,,,false,false,phạt tù từ 02 năm đến 07 năm
penalty_article_353_clause_2_1,article_353_clause_2,Clause,353,imprisonment,84,180,,,false,false,phạt tù từ 07 năm đến 15 năm
penalty_article_353_clause_3_1,article_353_clause_3,Clause,353,imprisonment,180,240,,,false,false,phạt tù từ 15 năm đến 20 năm
penalty_article_353_clause_4_1,article_353_clause_4,Clause,353,imprisonment,240,240,,,true,false,phạt tù 20 năm hoặc tù chung thân
penalty_article_353_clause_4_2,article_353_clause_4,Clause,353,imprisonment,240,240,,,true,false,phạt tù 20 năm
penalty_article_353_clause_5_1,article_353_clause_5,Clause,353,fine,,,60000000,200000000,false,false,phạt tiền từ 60.000.000 đồng đến 200.000.000 đồng
penalty_article_354_clause_1_1,article_354_clause_1,Clause,354,imprisonment,24,84,,,false,false,phạt tù từ 02 năm đến 07 năm
penalty_article_354_clause_2_1,article_354_clause_2,Clause,354,imprisonment,84,180,,,false,false,phạt tù từ 07 năm đến 15 năm
penalty_article_354_clause_3_1,article_354_clause_3,Clause,354,imprisonment,180,240,,,false,false,phạt tù từ 15 năm đến 20 năm
penalty_article_354_clause_4_1,article_354_clause_4,Clause,354,imprisonment,240,240,,,true,false,phạt tù 20 năm hoặc tù chung thân
penalty_article_354_clause_4_2,article_354_clause_4,Clause,354,imprisonment,240,240,,,true,false,phạt tù 20 năm
penalty_article_354_clause_5_1,article_354_clause_5,Clause,354,fine,,,60000000,200000000,false,false,phạt tiền từ 60.000.000 đồng đến 200.000.000 đồng
penalty_article_355_clause_1_1,article_355_clause_1,Clause,355,imprisonment,12,72,,,false,false,phạt tù từ 01 năm đến 06 năm
penalty_article_355_clause_2_1,article_355_clause_2,Clause,355,imprisonment,72,156,,,false,false,phạt tù từ 06 năm đến 13 năm
penalty_article_355_clause_3_1,article_355_clause_3,Clause,355,imprisonment,156,240,,,false,false,phạt tù từ 13 năm đến 20 năm
penalty_article_355_clause_4_1,article_355_clause_4,Clause,355,imprisonment,240,240,,,true,false,phạt tù 20 năm hoặc tù chung thân
penalty_article_355_clause_4_2,article_355_clause_4,Clause,355,imprisonment,240,240,,,true,false,phạt tù 20 năm
penalty_article_355_clause_5_1,article_355_clause_5,Clause,355,fine,,,60000000,200000000,false,false,phạt tiền từ 60.000.000 đồng đến 200.000.000 đồng
penalty_article_356_clause_1_1,article_356_clause_1,Clause,356,imprisonment,12,60,,,false,false,phạt tù từ 01 năm đến 05 năm
penalty_article_356_clause_2_1,article_356_clause_2,Clause,356,imprisonment,60,120,,,false,false,phạt tù từ 05 năm đến 10 năm
penalty_article_356_clause_3_1,article_356_clause_3,Clause,356,imprisonment,120,180,,,false,false,phạt tù từ 10 năm đến 15 năm
penalty_article_356_clause_4_1,article_356_clause_4,Clause,356,fine,,,20000000,200000000,false,false,phạt tiền từ 20.000.000 đồng đến 200.000.000 đồng
penalty_article_357_clause_1_1,article_357_clause_1,Clause,357,imprisonment,12,84,,,false,false,phạt tù từ 01 năm đến 07 năm
penalty_article_357_clause_2_1,article_357_clause_2,Clause,357,imprisonment,60,120,,,false,false,phạt tù từ 05 năm đến 10 năm
penalty_article_357_clause_3_1,article_357_clause_3,Clause,357,imprisonment,120,180,,,false,false,phạt tù từ 10 năm đến 15 năm
penalty_article_357_clause_4_1,article_357_clause_4,Clause,357,imprisonment,180,240,,,false,false,phạt tù từ 15 năm đến 20 năm
penalty_article_357_clause_5_1,article_357_clause_5,Clause,357,fine,,,20000000,200000000,false,false,phạt tiền từ 20.000.000 đồng đến 200.000.000 đồng
penalty_article_358_clause_1_1,article_358_clause_1,Clause,358,imprisonment,12,72,,,false,false,phạt tù từ 01 năm đến 06 năm
penalty_article_358_clause_2_1,article_358_clause_2,Clause,358,imprisonment,72,156,,,false,false,phạt tù từ 06 năm đến 13 năm
penalty_article_358_clause_3_1,article_358_clause_3,Clause,358,imprisonment,156,240,,,false,false,phạt tù từ 13 năm đến 20 năm
penalty_article_358_clause_4_1,article_358_clause_4,Clause,358,imprisonment,240,240,,,true,false,phạt tù 20 năm hoặc tù chung thân
penalty_article_358_clause_4_2,article_358_clause_4,Clause,358,imprisonment,240,240,,,true,false,phạt tù 20 năm
penalty_article_358_clause_5_1,article_358_clause_5,Clause,358,fine,,,60000000,200000000,false,false,phạt tiền từ 60.000.000 đồng đến 200.000.000 đồng
penalty_article_359_clause_1_1,article_359_clause_1,Clause,359,imprisonment,12,60,,,false,false,phạt tù từ 01 năm đến 05 năm
penalty_article_359_clause_2_1,article_359_clause_2,Clause,359,imprisonment,36,120,,,false,false,phạt tù từ 03 năm đến 10 năm
penalty_article_359_clause_3_1,article_359_clause_3,Clause,359,imprisonment,84,180,,,false,false,phạt tù từ 07 năm đến 15 năm
penalty_article_359_clause_4_1,article_359_clause_4,Clause,359,imprisonment,144,240,,,false,false,phạt tù từ 12 năm đến 20 năm
penalty_article_359_clause_5_1,article_359_clause_5,Clause,359,fine,,,20000000,200000000,false,false,phạt tiền từ 20.000.000 đồng đến 200.000.000 đồng
penalty_article_360_clause_1_1,article_360_clause_1,Clause,360,imprisonment,6,60,,,false,false,phạt tù từ 06 tháng đến 05 năm
penalty_article_360_clause_2_1,article_360_clause_2,Clause,360,imprisonment,36,84,,,false,false,phạt tù từ 03 năm đến 07 năm
penalty_article_360_clause_3_1,article_360_clause_3,Clause,360,imprisonment,84,144,,,false,false,phạt tù từ 07 năm đến 12 năm
penalty_article_361_clause_1_1,article_361_clause_1,Clause,361,imprisonment,6,36,,,false,false,phạt tù từ 06 tháng đến 03 năm
penalty_article_361_clause_2_1,article_361_clause_2,Clause,361,imprisonment,24,84,,,false,false,phạt tù từ 02 năm đến 07 năm
penalty_article_362_clause_2_1,article_362_clause_2,Clause,362,imprisonment,3,24,,,false,false,phạt tù từ 03 tháng đến 02 năm
penalty_article_363_clause_1_1,article_363_clause_1,Clause,363,imprisonment,6,36,,,false,false,phạt tù từ 06 tháng đến 03 năm
penalty_article_363_clause_2_1,article_363_clause_2,Clause,363,imprisonment,24,84,,,false,false,phạt tù từ 02 năm đến 07 năm
penalty_article_364_clause_1_1,article_364_clause_1,Clause,364,imprisonment,6,36,,,false,false,phạt tù từ 06 tháng đến 03 năm
penalty_article_364_clause_1_2,article_364_clause_1,Clause,364,fine,,,20000000,200000000,false,false,phạt tiền từ 20.000.000 đồng đến 200.000.000 đồng
penalty_article_364_clause_2_1,article_364_clause_2,Clause,364,imprisonment,24,84,,,false,false,phạt tù từ 02 năm đến 07 năm
penalty_article_364_clause_3_1,article_364_clause_3,Clause,364,imprisonment,84,144,,,false,false,phạt tù từ 07 năm đến 12 năm
penalty_article_364_clause_5_1,article_364_clause_5,Clause,364,fine,,,10000000,50000000,false,false,phạt tiền từ 10.000.000 đồng đến 50.000.000 đồng
penalty_article_365_clause_1_1,article_365_clause_1,Clause,365,imprisonment,6,36,,,false,false,phạt tù từ 06 tháng đến 03 năm
penalty_article_365_clause_2_1,article_365_clause_2,Clause,365,imprisonment,24,84,,,false,false,phạt tù từ 02 năm đến 07 năm
penalty_article_365_clause_3_1,article_365_clause_3,Clause,365,imprisonment,60,120,,,false,false,phạt tù từ 05 năm đến 10 năm
penalty_article_365_clause_4_1,article_365_clause_4,Clause,365,imprisonment,96,180,,,false,false,phạt tù từ 08 năm đến 15 năm
penalty_article_365_clause_5_1,article_365_clause_5,Clause,365,fine,,,20000000,200000000,false,false,phạt tiền từ 20.000.000 đồng đến 200.000.000 đồng
penalty_article_366_clause_1_1,article_366_clause_1,Clause,366,imprisonment,6,36,,,false,false,phạt tù từ 06 tháng đến 03 năm
penalty_article_366_clause_2_1,article_366_clause_2,Clause,366,imprisonment,24,84,,,false,false,phạt tù từ 02 năm đến 07 năm
penalty_article_366_clause_3_1,article_366_clause_3,Clause,366,imprisonment,60,120,,,false,false,phạt tù từ 05 năm đến 10 năm
penalty_article_366_clause_4_1,article_366_clause_4,Clause,366,fine,,,10000000,50000000,false,false,phạt tiền từ 10.000.000 đồng đến 50.000.000 đồng
penalty_article_368_clause_1_1,article_368_clause_1,Clause,368,imprisonment,12,60,,,false,false,phạt tù từ 01 năm đến 05 năm
penalty_article_368_clause_2_1,article_368_clause_2,Clause,368,imprisonment,60,120,,,false,false,phạt tù từ 05 năm đến 10 năm
penalty_article_368_clause_3_1,article_368_clause_3,Clause,368,imprisonment,120,180,,,false,false,phạt tù từ 10 năm đến 15 năm
penalty_article_369_clause_1_1,article_369_clause_1,Clause,369,imprisonment,6,36,,,false,false,phạt tù từ 06 tháng đến 03 năm
penalty_article_369_clause_2_1,article_369_clause_2,Clause,369,imprisonment,24,84,,,false,false,phạt tù từ 02 năm đến 07 năm
penalty_article_369_clause_3_1,article_369_clause_3,Clause,369,imprisonment,84,144,,,false,false,phạt tù từ 07 năm đến 12 năm
penalty_article_370_clause_1_1,article_370_clause_1,Clause,370,imprisonment,12,60,,,false,false,phạt tù từ 01 năm đến 05 năm
penalty_article_370_clause_2_1,article_370_clause_2,Clause,370,imprisonment,60,120,,,false,false,phạt tù từ 05 năm đến 10 năm
penalty_article_370_clause_3_1,article_370_clause_3,Clause,370,imprisonment,120,180,,,false,false,phạt tù từ 10 năm đến 15 năm
penalty_article_371_clause_1_1,article_371_clause_1,Clause,371,imprisonment,6,36,,,false,false,phạt tù từ 06 tháng đến 03 năm
penalty_article_371_clause_2_1,article_371_clause_2,Clause,371,imprisonment,24,84,,,false,false,phạt tù từ 02 năm đến 07 năm
penalty_article_371_clause_3_1,article_371_clause_3,Clause,371,imprisonment,84,144,,,false,false,phạt tù từ 07 năm đến 12 năm
penalty_article_372_clause_1_1,article_372_clause_1,Clause,372,imprisonment,6,36,,,false,false,phạt tù từ 06 tháng đến 03 năm
penalty_article_372_clause_2_1,article_372_clause_2,Clause,372,imprisonment,24,60,,,false,false,phạt tù từ 02 năm đến 05 năm
penalty_article_372_clause_3_1,article_372_clause_3,Clause,372,imprisonment,60,120,,,false,false,phạt tù từ 05 năm đến 10 năm
penalty_article_373_clause_1_1,article_373_clause_1,Clause,373,imprisonment,6,36,,,false,false,phạt tù từ 06 tháng đến 03 năm
penalty_article_373_clause_2_1,article_373_clause_2,Clause,373,imprisonment,24,84,,,false,false,phạt tù từ 02 năm đến 07 năm
penalty_article_373_clause_3_1,article_373_clause_3,Clause,373,imprisonment,84,144,,,false,false,phạt tù từ 07 năm đến 12 năm
penalty_article_373_clause_4_1,article_373_clause_4,Clause,373,imprisonment,144,240,,,true,false,phạt tù từ 12 năm đến 20 năm
penalty_article_374_clause_1_1,article_374_clause_1,Clause,374,imprisonment,6,36,,,false,false,phạt tù từ 06 tháng đến 03 năm
penalty_article_374_clause_2_1,article_374_clause_2,Clause,374,imprisonment,24,84,,,false,false,phạt tù từ 02 năm đến 07 năm
penalty_article_374_clause_3_1,article_374_clause_3,Clause,374,imprisonment,84,144,,,false,false,phạt tù từ 07 năm đến 12 năm
penalty_article_374_clause_4_1,article_374_clause_4,Clause,374,imprisonment,144,240,,,true,false,phạt tù từ 12 năm đến 20 năm
penalty_article_375_clause_1_1,article_375_clause_1,Clause,375,imprisonment,12,60,,,false,false,phạt tù từ 01 năm đến 05 năm
penalty_article_375_clause_2_1,article_375_clause_2,Clause,375,imprisonment,60,120,,,false,false,phạt tù từ 05 năm đến 10 năm
penalty_article_375_clause_3_1,article_375_clause_3,Clause,375,imprisonment,120,180,,,false,false,phạt tù từ 10 năm đến 15 năm
penalty_article_376_clause_1_1,article_376_clause_1,Clause,376,imprisonment,6,36,,,false,false,phạt tù từ 06 tháng đến 03 năm
penalty_article_376_clause_2_1,article_376_clause_2,Clause,376,imprisonment,24,84,,,false,false,phạt tù từ 02 năm đến 07 năm
penalty_article_376_clause_3_1,article_376_clause_3,Clause,376,imprisonment,60,120,,,false,false,phạt tù từ 05 năm đến 10 năm
penalty_article_377_clause_1_1,article_377_clause_1,Clause,377,imprisonment,6,36,,,false,false,phạt tù từ 06 tháng đến 03 năm
penalty_article_377_clause_2_1,article_377_clause_2,Clause,377,imprisonment,24,84,,,false,false,phạt tù từ 02 năm đến 07 năm
penalty_article_377_clause_3_1,article_377_clause_3,Clause,377,imprisonment,60,144,,,false,false,phạt tù từ 05 năm đến 12 năm
penalty_article_378_clause_1_1,article_378_clause_1,Clause,378,imprisonment,6,36,,,false,false,phạt tù từ 06 tháng đến 03 năm
penalty_article_378_clause_2_1,article_378_clause_2,Clause,378,imprisonment,24,84,,,false,false,phạt tù từ 02 năm đến 07 năm
penalty_article_378_clause_3_1,article_378_clause_3,Clause,378,imprisonment,60,120,,,false,false,phạt tù từ 05 năm đến 10 năm
penalty_article_379_clause_1_1,article_379_clause_1,Clause,379,imprisonment,6,36,,,false,false,phạt tù từ 06 tháng đến 03 năm
penalty_article_379_clause_2_1,article_379_clause_2,Clause,379,imprisonment,24,84,,,false,false,phạt tù từ 02 năm đến 07 năm
penalty_article_379_clause_3_1,article_379_clause_3,Clause,379,imprisonment,60,120,,,false,false,phạt tù từ 05 năm đến 10 năm
penalty_article_380_clause_1_1,article_380_clause_1,Clause,380,imprisonment,3,24,,,false,false,phạt tù từ 03 tháng đến 02 năm
penalty_article_380_clause_2_1,article_380_clause_2,Clause,380,imprisonment,24,60,,,false,false,phạt tù từ 02 năm đến 05 năm
penalty_article_380_clause_3_1,article_380_clause_3,Clause,380,fine,,,5000000,50000000,false,false,phạt tiền từ 5.000.000 đồng đến 50.000.000 đồng
penalty_article_381_clause_1_1,article_381_clause_1,Clause,381,imprisonment,6,36,,,false,false,phạt tù từ 06 tháng đến 03 năm
penalty_article_381_clause_2_1,article_381_clause_2,Clause,381,imprisonment,24,60,,,false,false,phạt tù từ 02 năm đến 05 năm
penalty_article_382_clause_1_1,article_382_clause_1,Clause,382,imprisonment,3,12,,,false,false,phạt tù từ 03 tháng đến 01 năm
penalty_article_382_clause_2_1,article_382_clause_2,Clause,382,imprisonment,12,36,,,false,false,phạt tù từ 01 năm đến 03 năm
penalty_article_382_clause_3_1,article_382_clause_3,Clause,382,imprisonment,36,84,,,false,false,phạt tù từ 03 năm đến 07 năm
penalty_article_383_clause_1_1,article_383_clause_1,Clause,383,imprisonment,3,12,,,false,false,phạt tù từ 03 tháng đến 01 năm
penalty_article_384_clause_1_1,article_384_clause_1,Clause,384,imprisonment,3,36,,,false,false,phạt tù từ 03 tháng đến 03 năm
penalty_article_384_clause_2_1,article_384_clause_2,Clause,384,imprisonment,24,84,,,false,false,phạt tù từ 02 năm đến 07 năm
penalty_article_385_clause_1_1,article_385_clause_1,Clause,385,imprisonment,3,24,,,false,false,phạt tù từ 03 tháng đến 02 năm
penalty_article_385_clause_2_1,article_385_clause_2,Clause,385,imprisonment,24,84,,,false,false,phạt tù từ 02 năm đến 07 năm
penalty_article_386_clause_1_1,article_386_clause_1,Clause,386,imprisonment,6,36,,,false,false,phạt tù từ 06 tháng đến 03 năm
penalty_article_386_clause_2_1,article_386_clause_2,Clause,386,imprisonment,36,120,,,false,false,phạt tù từ 03 năm đến 10 năm
penalty_article_387_clause_1_1,article_387_clause_1,Clause,387,imprisonment,24,84,,,false,false,phạt tù từ 02 năm đến 07 năm
penalty_article_387_clause_2_1,article_387_clause_2,Clause,387,imprisonment,60,144,,,false,true,phạt tù từ 05 năm đến 12 năm
penalty_article_387_clause_2_point_d_1,article_387_clause_2_point_d,Point,387,death_penalty,,,,,false,true,tử hình
penalty_article_388_clause_1_1,article_388_clause_1,Clause,388,imprisonment,6,36,,,false,false,phạt tù từ 06 tháng đến 03 năm
penalty_article_388_clause_2_1,article_388_clause_2,Clause,388,imprisonment,24,84,,,false,false,phạt tù từ 02 năm đến 07 năm
penalty_article_389_clause_1_1,article_389_clause_1,Clause,389,imprisonment,6,60,,,false,false,phạt tù từ 06 tháng đến 05 năm
penalty_article_389_clause_2_1,article_389_clause_2,Clause,389,imprisonment,24,84,,,false,false,phạt tù từ 02 năm đến 07 năm
penalty_article_390_clause_1_1,article_390_clause_1,Clause,390,imprisonment,6,36,,,false,false,phạt tù từ 06 tháng đến 03 năm
penalty_article_391_clause_1_1,article_391_clause_1,Clause,391,imprisonment,6,24,,,false,false,phạt tù từ 06 tháng đến 02 năm
penalty_article_391_clause_1_2,article_391_clause_1,Clause,391,fine,,,10000000,100000000,false,false,phạt tiền từ 10.000.000 đồng đến 100.000.000 đồng
penalty_article_391_clause_2_1,article_391_clause_2,Clause,391,imprisonment,12,36,,,false,false,phạt tù từ 01 năm đến 03 năm
penalty_article_393_clause_1_1,article_393_clause_1,Clause,393,imprisonment,6,60,,,false,false,phạt tù từ 06 tháng đến 05 năm
penalty_article_393_clause_2_1,article_393_clause_2,Clause,393,imprisonment,36,120,,,false,false,phạt tù từ 03 năm đến 10 năm
penalty_article_393_clause_3_1,article_393_clause_3,Clause,393,imprisonment,84,180,,,false,false,phạt tù từ 07 năm đến 15 năm
penalty_article_394_clause_1_1,article_394_clause_1,Clause,394,imprisonment,6,60,,,false,false,phạt tù từ 06 tháng đến 05 năm
penalty_article_394_clause_2_1,article_394_clause_2,Clause,394,imprisonment,36,120,,,false,false,phạt tù từ 03 năm đến 10 năm
penalty_article_394_clause_3_1,article_394_clause_3,Clause,394,imprisonment,84,180,,,false,false,phạt tù từ 07 năm đến 15 năm
penalty_article_394_clause_4_1,article_394_clause_4,Clause,394,imprisonment,144,240,,,true,false,phạt tù từ 12 năm đến 20 năm
penalty_article_395_clause_1_1,article_395_clause_1,Clause,395,imprisonment,6,36,,,false,false,phạt tù từ 06 tháng đến 03 năm
penalty_article_395_clause_2_1,article_395_clause_2,Clause,395,imprisonment,36,120,,,false,false,phạt tù từ 03 năm đến 10 năm
penalty_article_396_clause_1_1,article_396_clause_1,Clause,396,imprisonment,3,36,,,false,false,phạt tù từ 03 tháng đến 03 năm
penalty_article_396_clause_2_1,article_396_clause_2,Clause,396,imprisonment,24,84,,,false,false,phạt tù từ 02 năm đến 07 năm
penalty_article_396_clause_3_1,article_396_clause_3,Clause,396,imprisonment,60,120,,,false,false,phạt tù từ 05 năm đến 10 năm
penalty_article_397_clause_1_1,article_397_clause_1,Clause,397,imprisonment,3,24,,,false,false,phạt tù từ 03 tháng đến 02 năm
penalty_article_397_clause_2_1,article_397_clause_2,Clause,397,imprisonment,24,60,,,false,false,phạt tù từ 02 năm đến 05 năm
penalty_article_398_clause_1_1,article_398_clause_1,Clause,398,imprisonment,3,24,,,false,false,phạt tù từ 03 tháng đến 02 năm
penalty_article_398_clause_2_1,article_398_clause_2,Clause,398,imprisonment,24,84,,,false,false,phạt tù từ 02 năm đến 07 năm
penalty_article_399_clause_1_1,article_399_clause_1,Clause,399,imprisonment,36,120,,,false,false,phạt tù từ 03 năm đến 10 năm
penalty_article_399_clause_2_1,article_399_clause_2,Clause,399,imprisonment,84,180,,,false,false,phạt tù từ 07 năm đến 15 năm
penalty_article_399_clause_3_1,article_399_clause_3,Clause,399,imprisonment,144,240,,,true,false,phạt tù từ 12 năm đến 20 năm
penalty_article_400_clause_1_1,article_400_clause_1,Clause,400,imprisonment,12,84,,,false,false,phạt tù từ 01 năm đến 07 năm
penalty_article_400_clause_2_1,article_400_clause_2,Clause,400,imprisonment,60,144,,,false,false,phạt tù từ 05 năm đến 12 năm
penalty_article_400_clause_3_1,article_400_clause_3,Clause,400,imprisonment,144,240,,,false,false,phạt tù từ 12 năm đến 20 năm
penalty_article_401_clause_1_1,article_401_clause_1,Clause,401,imprisonment,24,84,,,false,false,phạt tù từ 02 năm đến 07 năm
penalty_article_401_clause_2_1,article_401_clause_2,Clause,401,imprisonment,60,144,,,false,false,phạt tù từ 05 năm đến 12 năm
penalty_article_401_clause_3_1,article_401_clause_3,Clause,401,imprisonment,120,240,,,false,false,phạt tù từ 10 năm đến 20 năm
penalty_article_402_clause_1_1,article_402_clause_1,Clause,402,imprisonment,6,36,,,false,false,phạt tù từ 06 tháng đến 03 năm
penalty_article_402_clause_2_1,article_402_clause_2,Clause,402,imprisonment,24,84,,,false,false,phạt tù từ 02 năm đến 07 năm
penalty_article_402_clause_3_1,article_402_clause_3,Clause,402,imprisonment,60,144,,,false,false,phạt tù từ 05 năm đến 12 năm
penalty_article_403_clause_1_1,article_403_clause_1,Clause,403,imprisonment,3,24,,,false,false,phạt tù từ 03 tháng đến 02 năm
penalty_article_403_clause_2_1,article_403_clause_2,Clause,403,imprisonment,24,84,,,false,false,phạt tù từ 02 năm đến 07 năm
penalty_article_404_clause_1_1,article_404_clause_1,Clause,404,imprisonment,6,60,,,false,false,phạt tù từ 06 tháng đến 05 năm
penalty_article_404_clause_2_1,article_404_clause_2,Clause,404,imprisonment,36,120,,,false,false,phạt tù từ 03 năm đến 10 năm
penalty_article_405_clause_1_1,article_405_clause_1,Clause,405,imprisonment,6,60,,,false,false,phạt tù từ 06 tháng đến 05 năm
penalty_article_405_clause_2_1,article_405_clause_2,Clause,405,imprisonment,36,120,,,false,false,phạt tù từ 03 năm đến 10 năm
penalty_article_406_clause_1_1,article_406_clause_1,Clause,406,imprisonment,3,24,,,false,false,phạt tù từ 03 tháng đến 02 năm
penalty_article_406_clause_2_1,article_406_clause_2,Clause,406,imprisonment,12,60,,,false,false,phạt tù từ 01 năm đến 05 năm
penalty_article_407_clause_1_1,article_407_clause_1,Clause,407,imprisonment,3,24,,,false,false,phạt tù từ 03 tháng đến 02 năm
penalty_article_407_clause_2_1,article_407_clause_2,Clause,407,imprisonment,12,60,,,false,false,phạt tù từ 01 năm đến 05 năm
penalty_article_408_clause_1_1,article_408_clause_1,Clause,408,imprisonment,6,36,,,false,false,phạt tù từ 06 tháng đến 03 năm
penalty_article_408_clause_2_1,article_408_clause_2,Clause,408,imprisonment,24,84,,,false,false,phạt tù từ 02 năm đến 07 năm
penalty_article_409_clause_1_1,article_409_clause_1,Clause,409,imprisonment,6,60,,,false,false,phạt tù từ 06 tháng đến 05 năm
penalty_article_409_clause_2_1,article_409_clause_2,Clause,409,imprisonment,36,120,,,false,false,phạt tù từ 03 năm đến 10 năm
penalty_article_410_clause_1_1,article_410_clause_1,Clause,410,imprisonment,6,60,,,false,false,phạt tù từ 06 tháng đến 05 năm
penalty_article_410_clause_2_1,article_410_clause_2,Clause,410,imprisonment,36,84,,,false,false,phạt tù từ 03 năm đến 07 năm
penalty_article_411_clause_1_1,article_411_clause_1,Clause,411,imprisonment,12,60,,,false,false,phạt tù từ 01 năm đến 05 năm
penalty_article_411_clause_2_1,article_411_clause_2,Clause,411,imprisonment,36,120,,,false,false,phạt tù từ 03 năm đến 10 năm
penalty_article_412_clause_1_1,article_412_clause_1,Clause,412,imprisonment,6,60,,,false,false,phạt tù từ 06 tháng đến 05 năm
penalty_article_412_clause_2_1,article_412_clause_2,Clause,412,imprisonment,36,120,,,false,false,phạt tù từ 03 năm đến 10 năm
penalty_article_413_clause_1_1,article_413_clause_1,Clause,413,imprisonment,24,84,,,false,false,phạt tù từ 02 năm đến 07 năm
penalty_article_413_clause_2_1,article_413_clause_2,Clause,413,imprisonment,84,144,,,false,false,phạt tù từ 07 năm đến 12 năm
penalty_article_413_clause_3_1,article_413_clause_3,Clause,413,imprisonment,144,240,,,true,false,phạt tù từ 12 năm đến 20 năm
penalty_article_414_clause_1_1,article_414_clause_1,Clause,414,imprisonment,6,60,,,false,false,phạt tù từ 06 tháng đến 05 năm
penalty_article_414_clause_2_1,article_414_clause_2,Clause,414,imprisonment,36,84,,,false,false,phạt tù từ 03 năm đến 07 năm
penalty_article_415_clause_1_1,article_415_clause_1,Clause,415,imprisonment,6,36,,,false,false,phạt tù từ 06 tháng đến 03 năm
penalty_article_415_clause_2_1,article_415_clause_2,Clause,415,imprisonment,24,84,,,false,false,phạt tù từ 02 năm đến 07 năm
penalty_article_416_clause_1_1,article_416_clause_1,Clause,416,imprisonment,6,36,,,false,false,phạt tù từ 06 tháng đến 03 năm
penalty_article_416_clause_2_1,article_416_clause_2,Clause,416,imprisonment,36,84,,,false,false,phạt tù từ 03 năm đến 07 năm
penalty_article_417_clause_1_1,article_417_clause_1,Clause,417,imprisonment,6,60,,,false,false,phạt tù từ 06 tháng đến 05 năm
penalty_article_417_clause_2_1,article_417_clause_2,Clause,417,imprisonment,36,120,,,false,false,phạt tù từ 03 năm đến 10 năm
penalty_article_418_clause_1_1,article_418_clause_1,Clause,418,imprisonment,6,36,,,false,false,phạt tù từ 06 tháng đến 03 năm
penalty_article_418_clause_2_1,article_418_clause_2,Clause,418,imprisonment,24,84,,,false,false,phạt tù từ 02 năm đến 07 năm
penalty_article_419_clause_1_1,article_419_clause_1,Clause,419,imprisonment,6,36,,,false,false,phạt tù từ 06 tháng đến 03 năm
penalty_article_419_clause_2_1,article_419_clause_2,Clause,419,imprisonment,36,84,,,false,false,phạt tù từ 03 năm đến 07 năm
penalty_article_419_clause_3_1,article_419_clause_3,Clause,419,imprisonment,60,120,,,false,false,phạt tù từ 05 năm đến 10 năm
penalty_article_420_clause_0_1,article_420_clause_0,Clause,420,imprisonment,3,24,,,false,false,phạt tù từ 03 tháng đến 02 năm
penalty_article_421_clause_1_1,article_421_clause_1,Clause,421,imprisonment,144,240,,,true,false,phạt tù từ 12 năm đến 20 năm
penalty_article_421_clause_2_1,article_421_clause_2,Clause,421,imprisonment,120,240,,,false,false,phạt tù từ 10 năm đến 20 năm
penalty_article_422_clause_1_1,article_422_clause_1,Clause,422,imprisonment,120,240,,,true,true,phạt tù từ 10 năm đến 20 năm
penalty_article_422_clause_2_1,article_422_clause_2,Clause,422,imprisonment,120,240,,,false,false,phạt tù từ 10 năm đến 20 năm
penalty_article_423_clause_1_1,article_423_clause_1,Clause,423,imprisonment,120,240,,,true,true,phạt tù từ 10 năm đến 20 năm
penalty_article_423_clause_2_1,article_423_clause_2,Clause,423,imprisonment,120,240,,,false,false,phạt tù từ 10 năm đến 20 năm
penalty_article_424_clause_0_1,article_424_clause_0,Clause,424,imprisonment,120,240,,,true,false,phạt tù từ 10 năm đến 20 năm
penalty_article_425_clause_0_1,article_425_clause_0,Clause,425,imprisonment,60,180,,,false,false,phạt tù từ 05 năm đến 15 năm
penalty_article_426_clause_2_1,article_426_clause_2,Clause,426,life_imprisonment,,,,,true,false,tù chung thân
penalty_article_426_clause_2_2,article_426_clause_2,Clause,426,death_penalty,,,,,false,true,tử hình
penalty_article_426_clause_3_1,article_426_clause_3,Clause,426,life_imprisonment,,,,,true,false,tù chung thân
penalty_article_426_clause_3_2,article_426_clause_3,Clause,426,death_penalty,,,,,false,true,tử hình
penalty_article_426_clause_4_1,article_426_clause_4,Clause,426,life_imprisonment,,,,,true,false,tù chung thân
penalty_article_426_clause_5_1,article_426_clause_5,Clause,426,life_imprisonment,,,,,true,false,tù chung thân
penalty_article_426_clause_6_1,article_426_clause_6,Clause,426,life_imprisonment,,,,,true,false,tù chung thân
penalty_article_426_clause_6_2,article_426_clause_6,Clause,426,death_penalty,,,,,false,true,tử hình
penalty_article_426_clause_6_point_a_1,article_426_clause_6_point_a,Point,426,life_imprisonment,,,,,true,false,tù chung thân
penalty_article_426_clause_6_point_a_2,article_426_clause_6_point_a,Point,426,death_penalty,,,,,false,true,tử hình
