id,penalty_frame_id,role,penalty_type,text,min_imprisonment_months,max_imprisonment_months,fine_min_vnd,fine_max_vnd,has_life_imprisonment,has_death_penalty
penalty_penalty_article_9_clause_1_1_main,penalty_article_9_clause_1_1,main,life_imprisonment,tù chung thân,,,,,true,false
penalty_penalty_article_9_clause_1_2_main,penalty_article_9_clause_1_2,main,death_penalty,tử hình,,,,,false,true
penalty_penalty_article_9_clause_1_point_d_1_main,penalty_article_9_clause_1_point_d_1,main,life_imprisonment,tù chung thân,,,,,true,false
penalty_penalty_article_9_clause_1_point_d_2_main,penalty_article_9_clause_1_point_d_2,main,death_penalty,tử hình,,,,,false,true
penalty_penalty_article_32_clause_1_1_main,penalty_article_32_clause_1_1,main,life_imprisonment,tù chung thân,,,,,true,false
penalty_penalty_article_32_clause_1_2_main,penalty_article_32_clause_1_2,main,death_penalty,tử hình,,,,,false,true
penalty_penalty_article_32_clause_1_point_e_1_main,penalty_article_32_clause_1_point_e_1,main,life_imprisonment,tù chung thân,,,,,true,false
penalty_penalty_article_32_clause_1_point_g_1_main,penalty_article_32_clause_1_point_g_1,main,death_penalty,tử hình,,,,,false,true
penalty_penalty_article_39_clause_0_1_main,penalty_article_39_clause_0_1,main,life_imprisonment,tù chung thân,,,,,true,false
penalty_penalty_article_39_clause_0_2_main,penalty_article_39_clause_0_2,main,death_penalty,tử hình,,,,,false,true
penalty_penalty_article_40_clause_1_1_main,penalty_article_40_clause_1_1,main,death_penalty,tử hình,,,,,false,true
penalty_penalty_article_40_clause_2_1_main,penalty_article_40_clause_2_1,main,death_penalty,tử hình,,,,,false,true
penalty_penalty_article_40_clause_3_1_main,penalty_article_40_clause_3_1,main,death_penalty,tử hình,,,,,false,true
penalty_penalty_article_40_clause_4_1_main,penalty_article_40_clause_4_1,main,life_imprisonment,tù chung thân,,,,,true,false
penalty_penalty_article_40_clause_4_2_main,penalty_article_40_clause_4_2,main,death_penalty,tử hình,,,,,false,true
penalty_penalty_article_55_clause_1_1_main,penalty_article_55_clause_1_1,main,life_imprisonment,tù chung thân,,,,,true,false
penalty_penalty_article_55_clause_1_2_main,penalty_article_55_clause_1_2,main,death_penalty,tử hình,,,,,false,true
penalty_penalty_article_55_clause_1_point_c_1_main,penalty_article_55_clause_1_point_c_1,main,life_imprisonment,tù chung thân,,,,,true,false
penalty_penalty_article_55_clause_1_point_d_1_main,penalty_article_55_clause_1_point_d_1,main,death_penalty,tử hình,,,,,false,true
penalty_penalty_article_57_clause_3_1_main,penalty_article_57_clause_3_1,main,imprisonment,phạt tù không quá 20 năm,,240,,,true,true
penalty_penalty_article_60_clause_2_1_main,penalty_article_60_clause_2_1,main,life_imprisonment,tù chung thân,,,,,true,false
penalty_penalty_article_60_clause_2_2_main,penalty_article_60_clause_2_2,main,death_penalty,tử hình,,,,,false,true
penalty_penalty_article_60_clause_2_point_d_1_main,penalty_article_60_clause_2_point_d_1,main,life_imprisonment,tù chung thân,,,,,true,false
penalty_penalty_article_60_clause_2_point_d_2_main,penalty_article_60_clause_2_point_d_2,main,death_penalty,tử hình,,,,,false,true
penalty_penalty_article_63_clause_1_1_main,penalty_article_63_clause_1_1,main,life_imprisonment,tù chung thân,,,,,true,false
penalty_penalty_article_63_clause_2_1_main,penalty_article_63_clause_2_1,main,life_imprisonment,tù chung thân,,,,,true,false
penalty_penalty_article_63_clause_3_1_main,penalty_article_63_clause_3_1,main,life_imprisonment,tù chung thân,,,,,true,false
penalty_penalty_article_63_clause_5_1_main,penalty_article_63_clause_5_1,main,life_imprisonment,tù chung thân,,,,,true,false
penalty_penalty_article_63_clause_6_1_main,penalty_article_63_clause_6_1,main,death_penalty,tử hình,,,,,false,true
penalty_penalty_article_65_clause_1_1_main,penalty_article_65_clause_1_1,main,imprisonment,phạt tù không quá 03 năm,,36,,,false,false
penalty_penalty_article_66_clause_1_1_additional,penalty_article_66_clause_1_1,additional,life_imprisonment,tù chung thân,,,,,true,false
penalty_penalty_article_66_clause_2_1_main,penalty_article_66_clause_2_1,main,death_penalty,tử hình,,,,,false,true
penalty_penalty_article_66_clause_1_point_d_1_main,penalty_article_66_clause_1_point_d_1,main,life_imprisonment,tù chung thân,,,,,true,false
penalty_penalty_article_66_clause_2_point_b_1_main,penalty_article_66_clause_2_point_b_1,main,death_penalty,tử hình,,,,,false,true
penalty_penalty_article_70_clause_2_1_additional,penalty_article_70_clause_2_1,additional,life_imprisonment,tù chung thân,,,,,true,false
penalty_penalty_article_70_clause_2_2_additional,penalty_article_70_clause_2_2,additional,death_penalty,tử hình,,,,,false,true
penalty_penalty_article_70_clause_2_point_d_1_additional,penalty_article_70_clause_2_point_d_1,additional,life_imprisonment,tù chung thân,,,,,true,false
penalty_penalty_article_70_clause_2_point_d_2_additional,penalty_article_70_clause_2_point_d_2,additional,death_penalty,tử hình,,,,,false,true
penalty_penalty_article_71_clause_2_1_additional,penalty_article_71_clause_2_1,additional,life_imprisonment,tù chung thân,,,,,true,false
penalty_penalty_article_71_clause_2_2_additional,penalty_article_71_clause_2_2,additional,death_penalty,tử hình,,,,,false,true
penalty_penalty_article_71_clause_2_point_d_1_additional,penalty_article_71_clause_2_point_d_1,additional,life_imprisonment,tù chung thân,,,,,true,false
penalty_penalty_article_71_clause_2_point_d_2_additional,penalty_article_71_clause_2_point_d_2,additional,death_penalty,tử hình,,,,,false,true
penalty_penalty_article_91_clause_5_1_main,penalty_article_91_clause_5_1,main,life_imprisonment,tù chung thân,,,,,true,false
penalty_penalty_article_91_clause_5_2_main,penalty_article_91_clause_5_2,main,death_penalty,tử hình,,,,,false,true
penalty_penalty_article_101_clause_1_1_main,penalty_article_101_clause_1_1,main,life_imprisonment,tù chung thân,,,,,true,false
penalty_penalty_article_101_clause_1_2_main,penalty_article_101_clause_1_2,main,death_penalty,tử hình,,,,,false,true
penalty_penalty_article_101_clause_2_1_main,penalty_article_101_clause_2_1,main,life_imprisonment,tù chung thân,,,,,true,false
penalty_penalty_article_101_clause_2_2_main,penalty_article_101_clause_2_2,main,death_penalty,tử hình,,,,,false,true
penalty_penalty_article_108_clause_1_1_main,penalty_article_108_clause_1_1,main,imprisonment,phạt tù từ 12 năm đến 20 năm,144,240,,,true,true
penalty_penalty_article_108_clause_2_1_main,penalty_article_108_clause_2_1,main,imprisonment,phạt tù từ 07 năm đến 15 năm,84,180,,,false,false
penalty_penalty_article_108_clause_3_1_main,penalty_article_108_clause_3_1,main,imprisonment,phạt tù từ 01 năm đến 05 năm,12,60,,,false,false
penalty_penalty_article_109_clause_1_1_main,penalty_article_109_clause_1_1,main,imprisonment,phạt tù từ 12 năm đến 20 năm,144,240,,,true,false
penalty_penalty_article_109_clause_2_1_main,penalty_article_109_clause_2_1,main,imprisonment,phạt tù từ 05 năm đến 12 năm,60,144,,,false,false
penalty_penalty_article_109_clause_3_1_main,penalty_article_109_clause_3_1,main,imprisonment,phạt tù từ 01 năm đến 05 năm,12,60,,,false,false
penalty_penalty_article_110_clause_1_1_main,penalty_article_110_clause_1_1,main,imprisonment,phạt tù từ 12 năm đến 20 năm,144,240,,,true,false
penalty_penalty_article_110_clause_2_1_main,penalty_article_110_clause_2_1,main,imprisonment,phạt tù từ 05 năm đến 15 năm,60,180,,,false,false
penalty_penalty_article_110_clause_3_1_main,penalty_article_110_clause_3_1,main,imprisonment,phạt tù từ 01 năm đến 05 năm,12,60,,,false,false
penalty_penalty_article_111_clause_1_1_main,penalty_article_111_clause_1_1,main,imprisonment,phạt tù từ 12 năm đến 20 năm,144,240,,,true,false
penalty_penalty_article_111_clause_2_1_main,penalty_article_111_clause_2_1,main,imprisonment,phạt tù từ 05 năm đến 15 năm,60,180,,,false,false
penalty_penalty_article_111_clause_3_1_main,penalty_article_111_clause_3_1,main,imprisonment,phạt tù từ 01 năm đến 05 năm,12,60,,,false,false
penalty_penalty_article_112_clause_1_1_main,penalty_article_112_clause_1_1,main,imprisonment,phạt tù từ 12 năm đến 20 năm,144,240,,,true,true
penalty_penalty_article_112_clause_2_1_main,penalty_article_112_clause_2_1,main,imprisonment,phạt tù từ 05 năm đến 15 năm,60,180,,,false,false
penalty_penalty_article_112_clause_3_1_main,penalty_article_112_clause_3_1,main,imprisonment,phạt tù từ 01 năm đến 05 năm,12,60,,,false,false
penalty_penalty_article_113_clause_1_1_main,penalty_article_113_clause_1_1,main,imprisonment,phạt tù từ 12 năm đến 20 năm,144,240,,,true,true
penalty_penalty_article_113_clause_2_1_main,penalty_article_113_clause_2_1,main,imprisonment,phạt tù từ 10 năm đến 15 năm,120,180,,,false,false
penalty_penalty_article_113_clause_3_1_main,penalty_article_113_clause_3_1,main,imprisonment,phạt tù từ 05 năm đến 10 năm,60,120,,,false,false
penalty_penalty_article_113_clause_5_1_main,penalty_article_113_clause_5_1,main,imprisonment,phạt tù từ 01 năm đến 05 năm,12,60,,,false,false
penalty_penalty_article_114_clause_1_1_main,penalty_article_114_clause_1_1,main,imprisonment,phạt tù từ 12 năm đến 20 năm,144,240,,,true,false
penalty_penalty_article_114_clause_2_1_main,penalty_article_114_clause_2_1,main,imprisonment,phạt tù từ 05 năm đến 15 năm,60,180,,,false,false
penalty_penalty_article_114_clause_3_1_main,penalty_article_114_clause_3_1,main,imprisonment,phạt tù từ 01 năm đến 05 năm,12,60,,,false,false
penalty_penalty_article_115_clause_1_1_main,penalty_article_115_clause_1_1,main,imprisonment,phạt tù từ 07 năm đến 15 năm,84,180,,,false,false
penalty_penalty_article_115_clause_2_1_main,penalty_article_115_clause_2_1,main,imprisonment,phạt tù từ 03 năm đến 07 năm,36,84,,,false,false
penalty_penalty_article_115_clause_3_1_main,penalty_article_115_clause_3_1,main,imprisonment,phạt tù từ 06 tháng đến 03 năm,6,36,,,false,false
penalty_penalty_article_116_clause_1_1_main,penalty_article_116_clause_1_1,main,imprisonment,phạt tù từ 07 năm đến 15 năm,84,180,,,false,false
penalty_penalty_article_116_clause_2_1_main,penalty_article_116_clause_2_1,main,imprisonment,phạt tù từ 02 năm đến 07 năm,24,84,,,false,false
penalty_penalty_article_116_clause_3_1_main,penalty_article_116_clause_3_1,main,imprisonment,phạt tù từ 06 tháng đến 03 năm,6,36,,,false,false
penalty_penalty_article_117_clause_1_1_main,penalty_article_117_clause_1_1,main,imprisonment,phạt tù từ 05 năm đến 12 năm,60,144,,,false,false
penalty_penalty_article_117_clause_2_1_main,penalty_article_117_clause_2_1,main,imprisonment,phạt tù từ 10 năm đến 20 năm,120,240,,,false,false
penalty_penalty_article_117_clause_3_1_main,penalty_article_117_clause_3_1,main,imprisonment,phạt tù từ 01 năm đến 05 năm,12,60,,,false,false
penalty_penalty_article_118_clause_1_1_main,penalty_article_118_clause_1_1,main,imprisonment,phạt tù từ 05 năm đến 15 năm,60,180,,,false,false
penalty_penalty_article_118_clause_2_1_main,penalty_article_118_clause_2_1,main,imprisonment,phạt tù từ 02 năm đến 07 năm,24,84,,,false,false
penalty_penalty_article_118_clause_3_1_main,penalty_article_118_clause_3_1,main,imprisonment,phạt tù từ 06 tháng đến 03 năm,6,36,,,false,false
penalty_penalty_article_119_clause_1_1_main,penalty_article_119_clause_1_1,main,imprisonment,phạt tù từ 10 năm đến 20 năm,120,240,,,true,false
penalty_penalty_article_119_clause_2_1_main,penalty_article_119_clause_2_1,main,imprisonment,phạt tù từ 03 năm đến 10 năm,36,120,,,false,false
penalty_penalty_article_119_clause_3_1_main,penalty_article_119_clause_3_1,main,imprisonment,phạt tù từ 01 năm đến 05 năm,12,60,,,false,false
penalty_penalty_article_120_clause_1_1_main,penalty_article_120_clause_1_1,main,imprisonment,phạt tù từ 05 năm đến 15 năm,60,180,,,false,false
penalty_penalty_article_120_clause_2_1_main,penalty_article_120_clause_2_1,main,imprisonment,phạt tù từ 12 năm đến 20 năm,144,240,,,true,false
penalty_penalty_article_120_clause_3_1_main,penalty_article_120_clause_3_1,main,imprisonment,phạt tù từ 01 năm đến 05 năm,12,60,,,false,false
penalty_penalty_article_121_clause_1_1_main,penalty_article_121_clause_1_1,main,imprisonment,phạt tù từ 03 năm đến 12 năm,36,144,,,false,false
penalty_penalty_article_121_clause_2_1_main,penalty_article_121_clause_2_1,main,imprisonment,phạt tù từ 12 năm đến 20 năm,144,240,,,false,false
penalty_penalty_article_121_clause_3_1_main,penalty_article_121_clause_3_1,main,imprisonment,phạt tù từ 01 năm đến 05 năm,12,60,,,false,false
penalty_penalty_article_123_clause_1_1_main,penalty_article_123_clause_1_1,main,imprisonment,phạt tù từ 12 năm đến 20 năm,144,240,,,true,true
penalty_penalty_article_123_clause_2_1_main,penalty_article_123_clause_2_1,main,imprisonment,phạt tù từ 07 năm đến 15 năm,84,180,,,false,false
penalty_penalty_article_123_clause_3_1_main,penalty_article_123_clause_3_1,main,imprisonment,phạt tù từ 01 năm đến 05 năm,12,60,,,false,false
penalty_penalty_article_124_clause_1_1_main,penalty_article_124_clause_1_1,main,imprisonment,phạt tù từ 06 tháng đến 03 năm,6,36,,,false,false
penalty_penalty_article_124_clause_2_1_main,penalty_article_124_clause_2_1,main,imprisonment,phạt tù từ 03 tháng đến 02 năm,3,24,,,false,false
penalty_penalty_article_125_clause_1_1_main,penalty_article_125_clause_1_1,main,imprisonment,phạt tù từ 06 tháng đến 03 năm,6,36,,,false,false
penalty_penalty_article_125_clause_2_1_main,penalty_article_125_clause_2_1,main,imprisonment,phạt tù từ 03 năm đến 07 năm,36,84,,,false,false
penalty_penalty_article_126_clause_1_1_main,penalty_article_126_clause_1_1,main,imprisonment,phạt tù từ 03 tháng đến 02 năm,3,24,,,false,false
penalty_penalty_article_126_clause_2_1_main,penalty_article_126_clause_2_1,main,imprisonment,phạt tù từ 02 năm đến 05 năm,24,60,,,false,false
penalty_penalty_article_127_clause_1_1_main,penalty_article_127_clause_1_1,main,imprisonment,phạt tù từ 05 năm đến 10 năm,60,120,,,false,false
penalty_penalty_article_127_clause_2_1_main,penalty_article_127_clause_2_1,main,imprisonment,phạt tù từ 08 năm đến 15 năm,96,180,,,false,false
penalty_penalty_article_128_clause_1_1_main,penalty_article_128_clause_1_1,main,imprisonment,phạt tù từ 01 năm đến 05 năm,12,60,,,false,false
penalty_penalty_article_128_clause_2_1_main,penalty_article_128_clause_2_1,main,imprisonment,phạt tù từ 03 năm đến 10 năm,36,120,,,false,false
penalty_penalty_article_129_clause_1_1_main,penalty_article_129_clause_1_1,main,imprisonment,phạt tù từ 01 năm đến 05 năm,12,60,,,false,false
penalty_penalty_article_129_clause_2_1_main,penalty_article_129_clause_2_1,main,imprisonment,phạt tù từ 05 năm đến 12 năm,60,144,,,false,false
penalty_penalty_article_130_clause_1_1_main,penalty_article_130_clause_1_1,main,imprisonment,phạt tù từ 02 năm đến 07 năm,24,84,,,false,false
penalty_penalty_article_130_clause_2_1_main,penalty_article_130_clause_2_1,main,imprisonment,phạt tù từ 05 năm đến 12 năm,60,144,,,false,false
penalty_penalty_article_131_clause_1_1_main,penalty_article_131_clause_1_1,main,imprisonment,phạt tù từ 06 tháng đến 03 năm,6,36,,,false,false
penalty_penalty_article_131_clause_2_1_main,penalty_article_131_clause_2_1,main,imprisonment,phạt tù từ 02 năm đến 07 năm,24,84,,,false,false
penalty_penalty_article_132_clause_1_1_main,penalty_article_132_clause_1_1,main,imprisonment,phạt tù từ 03 tháng đến 02 năm,3,24,,,false,false
penalty_penalty_article_132_clause_2_1_main,penalty_article_132_clause_2_1,main,imprisonment,phạt tù từ 01 năm đến 05 năm,12,60,,,false,false
penalty_penalty_article_132_clause_3_1_main,penalty_article_132_clause_3_1,main,imprisonment,phạt tù từ 03 năm đến 07 năm,36,84,,,false,false
penalty_penalty_article_133_clause_1_1_main,penalty_article_133_clause_1_1,main,imprisonment,phạt tù từ 06 tháng đến 03 năm,6,36,,,false,false
penalty_penalty_article_133_clause_2_1_main,penalty_article_133_clause_2_1,main,imprisonment,phạt tù từ 02 năm đến 07 năm,24,84,,,false,false
penalty_penalty_article_134_clause_1_1_main,penalty_article_134_clause_1_1,main,imprisonment,phạt tù từ 06 tháng đến 03 năm,6,36,,,false,false
penalty_penalty_article_134_clause_2_1_main,penalty_article_134_clause_2_1,main,imprisonment,phạt tù từ 02 năm đến 06 năm,24,72,,,false,false
penalty_penalty_article_134_clause_3_1_main,penalty_article_134_clause_3_1,main,imprisonment,phạt tù từ 05 năm đến 10 năm,60,120,,,false,false
penalty_penalty_article_134_clause_4_1_main,penalty_article_134_clause_4_1,main,imprisonment,phạt tù từ 07 năm đến 14 năm,84,168,,,false,false
penalty_penalty_article_134_clause_5_1_main,penalty_article_134_clause_5_1,main,imprisonment,phạt tù từ 12 năm đến 20 năm,144,240,,,true,false
penalty_penalty_article_134_clause_6_1_main,penalty_article_134_clause_6_1,main,imprisonment,phạt tù từ 03 tháng đến 02 năm,3,24,,,false,false
penalty_penalty_article_135_clause_1_1_main,penalty_article_135_clause_1_1,main,fine,phạt tiền từ 10.000.000 đồng đến 50.000.000 đồng,,,10000000,50000000,false,false
penalty_penalty_article_135_clause_2_1_main,penalty_article_135_clause_2_1,main,imprisonment,phạt tù từ 06 tháng đến 03 năm,6,36,,,false,false
penalty_penalty_article_136_clause_1_1_main,penalty_article_136_clause_1_1,main,fine,phạt tiền từ 5.000.000 đồng đến 20.000.000 đồng,,,5000000,20000000,false,false
penalty_penalty_article_136_clause_2_1_main,penalty_article_136_clause_2_1,main,imprisonment,phạt tù từ 03 tháng đến 02 năm,3,24,,,false,false
penalty_penalty_article_136_clause_3_1_main,penalty_article_136_clause_3_1,main,imprisonment,phạt tù từ 01 năm đến 03 năm,12,36,,,false,false
penalty_penalty_article_137_clause_1_1_main,penalty_article_137_clause_1_1,main,imprisonment,phạt tù từ 06 tháng đến 03 năm,6,36,,,false,false
penalty_penalty_article_137_clause_2_1_main,penalty_article_137_clause_2_1,main,imprisonment,phạt tù từ 02 năm đến 07 năm,24,84,,,false,false
penalty_penalty_article_138_clause_1_1_main,penalty_article_138_clause_1_1,main,fine,phạt tiền từ 5.000.000 đồng đến 20.000.000 đồng,,,5000000,20000000,false,false
penalty_penalty_article_138_clause_2_1_main,penalty_article_138_clause_2_1,main,imprisonment,phạt tù từ 03 tháng đến 02 năm,3,24,,,false,false
penalty_penalty_article_138_clause_3_1_main,penalty_article_138_clause_3_1,main,imprisonment,phạt tù từ 01 năm đến 03 năm,12,36,,,false,false
penalty_penalty_article_139_clause_1_1_main,penalty_article_139_clause_1_1,main,imprisonment,phạt tù từ 03 tháng đến 01 năm,3,12,,,false,false
penalty_penalty_article_139_clause_1_2_main,penalty_article_139_clause_1_2,main,fine,phạt tiền từ 20.000.000 đồng đến 100.000.000 đồng,,,20000000,100000000,false,false
penalty_penalty_article_139_clause_2_1_main,penalty_article_139_clause_2_1,main,imprisonment,phạt tù từ 06 tháng đến 03 năm,6,36,,,false,false
penalty_penalty_article_139_clause_3_1_main,penalty_article_139_clause_3_1,main,imprisonment,phạt tù từ 02 năm đến 05 năm,24,60,,,false,false
penalty_penalty_article_140_clause_1_1_main,penalty_article_140_clause_1_1,main,imprisonment,phạt tù từ 03 tháng đến 02 năm,3,24,,,false,false
penalty_penalty_article_140_clause_2_1_main,penalty_article_140_clause_2_1,main,imprisonment,phạt tù từ 01 năm đến 03 năm,12,36,,,false,false
penalty_penalty_article_141_clause_1_1_main,penalty_article_141_clause_1_1,main,imprisonment,phạt tù từ 02 năm đến 07 năm,24,84,,,false,false
penalty_penalty_article_141_clause_2_1_main,penalty_article_141_clause_2_1,main,imprisonment,phạt tù từ 07 năm đến 15 năm,84,180,,,false,false
penalty_penalty_article_141_clause_3_1_main,penalty_article_141_clause_3_1,main,imprisonment,phạt tù từ 12 năm đến 20 năm,144,240,,,true,false
penalty_penalty_article_141_clause_4_1_main,penalty_article_141_clause_4_1,main,imprisonment,phạt tù từ 05 năm đến 10 năm,60,120,,,false,false
penalty_penalty_article_142_clause_1_1_main,penalty_article_142_clause_1_1,main,imprisonment,phạt tù từ 07 năm đến 15 năm,84,180,,,false,false
penalty_penalty_article_142_clause_2_1_main,penalty_article_142_clause_2_1,main,imprisonment,phạt tù từ 12 năm đến 20 năm,144,240,,,false,false
penalty_penalty_article_142_clause_3_1_main,penalty_article_142_clause_3_1,main,imprisonment,phạt tù 20 năm,240,240,,,true,true
penalty_penalty_article_143_clause_1_1_main,penalty_article_143_clause_1_1,main,imprisonment,phạt tù từ 01 năm đến 05 năm,12,60,,,false,false
penalty_penalty_article_143_clause_2_1_main,penalty_article_143_clause_2_1,main,imprisonment,phạt tù từ 03 năm đến 10 năm,36,120,,,false,false
penalty_penalty_article_143_clause_3_1_main,penalty_article_143_clause_3_1,main,imprisonment,phạt tù từ 10 năm đến 18 năm,120,216,,,false,false
penalty_penalty_article_143_clause_4_1_main,penalty_article_143_clause_4_1,main,imprisonment,phạt tù từ 02 năm đến 07 năm,24,84,,,false,false
penalty_penalty_article_144_clause_1_1_main,penalty_article_144_clause_1_1,main,imprisonment,phạt tù từ 05 năm đến 10 năm,60,120,,,false,false
penalty_penalty_article_144_clause_2_1_main,penalty_article_144_clause_2_1,main,imprisonment,phạt tù từ 07 năm đến 15 năm,84,180,,,false,false
penalty_penalty_article_144_clause_3_1_main,penalty_article_144_clause_3_1,main,imprisonment,phạt tù từ 12 năm đến 20 năm,144,240,,,true,false
penalty_penalty_article_145_clause_1_1_main,penalty_article_145_clause_1_1,main,imprisonment,phạt tù từ 01 năm đến 05 năm,12,60,,,false,false
penalty_penalty_article_145_clause_2_1_main,penalty_article_145_clause_2_1,main,imprisonment,phạt tù từ 03 năm đến 10 năm,36,120,,,false,false
penalty_penalty_article_145_clause_3_1_main,penalty_article_145_clause_3_1,main,imprisonment,phạt tù từ 07 năm đến 15 năm,84,180,,,false,false
penalty_penalty_article_146_clause_1_1_main,penalty_article_146_clause_1_1,main,imprisonment,phạt tù từ 06 tháng đến 03 năm,6,36,,,false,false
penalty_penalty_article_146_clause_2_1_main,penalty_article_146_clause_2_1,main,imprisonment,phạt tù từ 03 năm đến 07 năm,36,84,,,false,false
penalty_penalty_article_146_clause_3_1_main,penalty_article_146_clause_3_1,main,imprisonment,phạt tù từ 07 năm đến 12 năm,84,144,,,false,false
penalty_penalty_article_147_clause_1_1_main,penalty_article_147_clause_1_1,main,imprisonment,phạt tù từ 06 tháng đến 03 năm,6,36,,,false,false
penalty_penalty_article_147_clause_2_1_main,penalty_article_147_clause_2_1,main,imprisonment,phạt tù từ 03 năm đến 07 năm,36,84,,,false,false
penalty_penalty_article_147_clause_3_1_main,penalty_article_147_clause_3_1,main,imprisonment,phạt tù từ 07 năm đến 12 năm,84,144,,,false,false
penalty_penalty_article_148_clause_1_1_main,penalty_article_148_clause_1_1,main,imprisonment,phạt tù từ 01 năm đến 03 năm,12,36,,,false,false
penalty_penalty_article_148_clause_2_1_main,penalty_article_148_clause_2_1,main,imprisonment,phạt tù từ 03 năm đến 07 năm,36,84,,,false,false
penalty_penalty_article_149_clause_1_1_main,penalty_article_149_clause_1_1,main,imprisonment,phạt tù từ 03 năm đến 07 năm,36,84,,,false,false
penalty_penalty_article_149_clause_2_1_main,penalty_article_149_clause_2_1,main,imprisonment,phạt tù từ 07 năm đến 15 năm,84,180,,,false,false
penalty_penalty_article_149_clause_3_1_main,penalty_article_149_clause_3_1,main,imprisonment,phạt tù từ 12 năm đến 20 năm,144,240,,,true,false
penalty_penalty_article_150_clause_1_1_main,penalty_article_150_clause_1_1,main,imprisonment,phạt tù từ 05 năm đến 10 năm,60,120,,,false,false
penalty_penalty_article_150_clause_2_1_main,penalty_article_150_clause_2_1,main,imprisonment,phạt tù từ 08 năm đến 15 năm,96,180,,,false,false
penalty_penalty_article_150_clause_3_1_main,penalty_article_150_clause_3_1,main,imprisonment,phạt tù từ 12 năm đến 20 năm,144,240,,,false,false
penalty_penalty_article_150_clause_4_1_main,penalty_article_150_clause_4_1,main,fine,phạt tiền từ 20.000.000 đồng đến 100.000.000 đồng,,,20000000,100000000,false,false
penalty_penalty_article_151_clause_1_1_main,penalty_article_151_clause_1_1,main,imprisonment,phạt tù từ 07 năm đến 12 năm,84,144,,,false,false
penalty_penalty_article_151_clause_2_1_main,penalty_article_151_clause_2_1,main,imprisonment,phạt tù từ 12 năm đến 20 năm,144,240,,,false,false
penalty_penalty_article_151_clause_3_1_main,penalty_article_151_clause_3_1,main,imprisonment,phạt tù từ 18 năm đến 20 năm,216,240,,,true,false
penalty_penalty_article_151_clause_4_1_main,penalty_article_151_clause_4_1,main,fine,phạt tiền từ 50.000.000 đồng đến 200.000.000 đồng,,,50000000,200000000,false,false
penalty_penalty_article_152_clause_1_1_main,penalty_article_152_clause_1_1,main,imprisonment,phạt tù từ 02 năm đến 05 năm,24,60,,,false,false
penalty_penalty_article_152_clause_2_1_main,penalty_article_152_clause_2_1,main,imprisonment,phạt tù từ 03 năm đến 07 năm,36,84,,,false,false
penalty_penalty_article_152_clause_3_1_main,penalty_article_152_clause_3_1,main,imprisonment,phạt tù từ 07 năm đến 12 năm,84,144,,,false,false
penalty_penalty_article_152_clause_4_1_main,penalty_article_152_clause_4_1,main,fine,phạt tiền từ 10.000.000 đồng đến 50.000.000 đồng,,,10000000,50000000,false,false
penalty_penalty_article_153_clause_1_1_main,penalty_article_153_clause_1_1,main,imprisonment,phạt tù từ 03 năm đến 07 năm,36,84,,,false,false
penalty_penalty_article_153_clause_2_1_main,penalty_article_153_clause_2_1,main,imprisonment,phạt tù từ 05 năm đến 10 năm,60,120,,,false,false
penalty_penalty_article_153_clause_3_1_main,penalty_article_153_clause_3_1,main,imprisonment,phạt tù từ 10 năm đến 15 năm,120,180,,,false,false
penalty_penalty_article_153_clause_4_1_main,penalty_article_153_clause_4_1,main,fine,phạt tiền từ 10.000.000 đồng đến 50.000.000 đồng,,,10000000,50000000,false,false
penalty_penalty_article_154_clause_1_1_main,penalty_article_154_clause_1_1,main,imprisonment,phạt tù từ 03 năm đến 07 năm,36,84,,,false,false
penalty_penalty_article_154_clause_2_1_main,penalty_article_154_clause_2_1,main,imprisonment,phạt tù từ 07 năm đến 15 năm,84,180,,,false,false
penalty_penalty_article_154_clause_3_1_main,penalty_article_154_clause_3_1,main,imprisonment,phạt tù từ 12 năm đến 20 năm,144,240,,,true,false
penalty_penalty_article_154_clause_4_1_main,penalty_article_154_clause_4_1,main,fine,phạt tiền từ 10.000.000 đồng đến 100.000.000 đồng,,,10000000,100000000,false,false
penalty_penalty_article_155_clause_1_1_main,penalty_article_155_clause_1_1,main,fine,phạt tiền từ 10.000.000 đồng đến 30.000.000 đồng,,,10000000,30000000,false,false
penalty_penalty_article_155_clause_2_1_main,penalty_article_155_clause_2_1,main,imprisonment,phạt tù từ 03 tháng đến 02 năm,3,24,,,false,false
penalty_penalty_article_155_clause_3_1_main,penalty_article_155_clause_3_1,main,imprisonment,phạt tù từ 02 năm đến 05 năm,24,60,,,false,false
penalty_penalty_article_156_clause_1_1_main,penalty_article_156_clause_1_1,main,imprisonment,phạt tù từ 03 tháng đến 01 năm,3,12,,,false,false
penalty_penalty_article_156_clause_1_2_main,penalty_article_156_clause_1_2,main,fine,phạt tiền từ 10.000.000 đồng đến 50.000.000 đồng,,,10000000,50000000,false,false
penalty_penalty_article_156_clause_2_1_main,penalty_article_156_clause_2_1,main,imprisonment,phạt tù từ 01 năm đến 03 năm,12,36,,,false,false
penalty_penalty_article_156_clause_3_1_main,penalty_article_156_clause_3_1,main,imprisonment,phạt tù từ 03 năm đến 07 năm,36,84,,,false,false
penalty_penalty_article_156_clause_4_1_main,penalty_article_156_clause_4_1,main,fine,phạt tiền từ 10.000.000 đồng đến 50.000.000 đồng,,,10000000,50000000,false,false
penalty_penalty_article_157_clause_1_1_main,penalty_article_157_clause_1_1,main,imprisonment,phạt tù từ 06 tháng đến 03 năm,6,36,,,false,false
penalty_penalty_article_157_clause_2_1_main,penalty_article_157_clause_2_1,main,imprisonment,phạt tù từ 02 năm đến 07 năm,24,84,,,false,false
penalty_penalty_article_157_clause_3_1_main,penalty_article_157_clause_3_1,main,imprisonment,phạt tù từ 05 năm đến 12 năm,60,144,,,false,false
penalty_penalty_article_158_clause_1_1_main,penalty_article_158_clause_1_1,main,imprisonment,phạt tù từ 03 tháng đến 02 năm,3,24,,,false,false
penalty_penalty_article_158_clause_2_1_main,penalty_article_158_clause_2_1,main,imprisonment,phạt tù từ 01 năm đến 05 năm,12,60,,,false,false
penalty_penalty_article_159_clause_1_1_main,penalty_article_159_clause_1_1,main,fine,phạt tiền từ 20.000.000 đồng đến 50.000.000 đồng,,,20000000,50000000,false,false
penalty_penalty_article_159_clause_2_1_main,penalty_article_159_clause_2_1,main,imprisonment,phạt tù từ 01 năm đến 03 năm,12,36,,,false,false
penalty_penalty_article_159_clause_3_1_main,penalty_article_159_clause_3_1,main,fine,phạt tiền từ 5.000.000 đồng đến 20.000.000 đồng,,,5000000,20000000,false,false
penalty_penalty_article_160_clause_1_1_main,penalty_article_160_clause_1_1,main,imprisonment,phạt tù từ 03 tháng đến 01 năm,3,12,,,false,false
penalty_penalty_article_160_clause_2_1_main,penalty_article_160_clause_2_1,main,imprisonment,phạt tù từ 01 năm đến 02 năm,12,24,,,false,false
penalty_penalty_article_161_clause_1_1_main,penalty_article_161_clause_1_1,main,imprisonment,phạt tù từ 03 tháng đến 02 năm,3,24,,,false,false
penalty_penalty_article_161_clause_2_1_main,penalty_article_161_clause_2_1,main,imprisonment,phạt tù từ 01 năm đến 03 năm,12,36,,,false,false
penalty_penalty_article_162_clause_1_1_main,penalty_article_162_clause_1_1,main,imprisonment,phạt tù từ 03 tháng đến 01 năm,3,12,,,false,false
penalty_penalty_article_162_clause_1_2_main,penalty_article_162_clause_1_2,main,fine,phạt tiền từ 10.000.000 đồng đến 100.000.000 đồng,,,10000000,100000000,false,false
penalty_penalty_article_162_clause_2_1_main,penalty_article_162_clause_2_1,main,imprisonment,phạt tù từ 01 năm đến 03 năm,12,36,,,false,false
penalty_penalty_article_162_clause_2_2_main,penalty_article_162_clause_2_2,main,fine,phạt tiền từ 100.000.000 đồng đến 200.000.000 đồng,,,100000000,200000000,false,false
penalty_penalty_article_163_clause_1_1_main,penalty_article_163_clause_1_1,main,imprisonment,phạt tù từ 03 tháng đến 01 năm,3,12,,,false,false
penalty_penalty_article_163_clause_2_1_main,penalty_article_163_clause_2_1,main,imprisonment,phạt tù từ 01 năm đến 03 năm,12,36,,,false,false
penalty_penalty_article_164_clause_1_1_main,penalty_article_164_clause_1_1,main,imprisonment,phạt tù từ 03 tháng đến 01 năm,3,12,,,false,false
penalty_penalty_article_164_clause_2_1_main,penalty_article_164_clause_2_1,main,imprisonment,phạt tù từ 01 năm đến 03 năm,12,36,,,false,false
penalty_penalty_article_165_clause_1_1_main,penalty_article_165_clause_1_1,main,fine,phạt tiền từ 5.000.000 đồng đến 50.000.000 đồng,,,5000000,50000000,false,false
penalty_penalty_article_165_clause_2_1_main,penalty_article_165_clause_2_1,main,imprisonment,phạt tù từ 03 tháng đến 02 năm,3,24,,,false,false
penalty_penalty_article_165_clause_2_2_main,penalty_article_165_clause_2_2,main,fine,phạt tiền từ 50.000.000 đồng đến 100.000.000 đồng,,,50000000,100000000,false,false
penalty_penalty_article_166_clause_1_1_main,penalty_article_166_clause_1_1,main,imprisonment,phạt tù từ 06 tháng đến 03 năm,6,36,,,false,false
penalty_penalty_article_166_clause_2_1_main,penalty_article_166_clause_2_1,main,imprisonment,phạt tù từ 02 năm đến 07 năm,24,84,,,false,false
penalty_penalty_article_167_clause_1_1_main,penalty_article_167_clause_1_1,main,imprisonment,phạt tù từ 03 tháng đến 02 năm,3,24,,,false,false
penalty_penalty_article_167_clause_2_1_main,penalty_article_167_clause_2_1,main,imprisonment,phạt tù từ 01 năm đến 05 năm,12,60,,,false,false
penalty_penalty_article_168_clause_1_1_main,penalty_article_168_clause_1_1,main,imprisonment,phạt tù từ 03 năm đến 10 năm,36,120,,,false,false
penalty_penalty_article_168_clause_2_1_main,penalty_article_168_clause_2_1,main,imprisonment,phạt tù từ 07 năm đến 15 năm,84,180,,,false,false
penalty_penalty_article_168_clause_3_1_main,penalty_article_168_clause_3_1,main,imprisonment,phạt tù từ 12 năm đến 20 năm,144,240,,,false,false
penalty_penalty_article_168_clause_4_1_main,penalty_article_168_clause_4_1,main,imprisonment,phạt tù từ 18 năm đến 20 năm,216,240,,,true,false
penalty_penalty_article_168_clause_5_1_main,penalty_article_168_clause_5_1,main,imprisonment,phạt tù từ 01 năm đến 05 năm,12,60,,,false,false
penalty_penalty_article_168_clause_6_1_main,penalty_article_168_clause_6_1,main,fine,phạt tiền từ 10.000.000 đồng đến 100.000.000 đồng,,,10000000,100000000,false,false
penalty_penalty_article_169_clause_1_1_main,penalty_article_169_clause_1_1,main,imprisonment,phạt tù từ 02 năm đến 07 năm,24,84,,,false,false
penalty_penalty_article_169_clause_2_1_main,penalty_article_169_clause_2_1,main,imprisonment,phạt tù từ 05 năm đến 12 năm,60,144,,,false,false
penalty_penalty_article_169_clause_3_1_main,penalty_article_169_clause_3_1,main,imprisonment,phạt tù từ 10 năm đến 18 năm,120,216,,,false,false
penalty_penalty_article_169_clause_4_1_main,penalty_article_169_clause_4_1,main,imprisonment,phạt tù từ 15 năm đến 20 năm,180,240,,,true,false
penalty_penalty_article_169_clause_5_1_main,penalty_article_169_clause_5_1,main,imprisonment,phạt tù từ 01 năm đến 05 năm,12,60,,,false,false
penalty_penalty_article_169_clause_6_1_main,penalty_article_169_clause_6_1,main,fine,phạt tiền từ 10.000.000 đồng đến 100.000.000 đồng,,,10000000,100000000,false,false
penalty_penalty_article_170_clause_1_1_main,penalty_article_170_clause_1_1,main,imprisonment,phạt tù từ 01 năm đến 05 năm,12,60,,,false,false
penalty_penalty_article_170_clause_2_1_main,penalty_article_170_clause_2_1,main,imprisonment,phạt tù từ 03 năm đến 10 năm,36,120,,,false,false
penalty_penalty_article_170_clause_3_1_main,penalty_article_170_clause_3_1,main,imprisonment,phạt tù từ 07 năm đến 15 năm,84,180,,,false,false
penalty_penalty_article_170_clause_4_1_main,penalty_article_170_clause_4_1,main,imprisonment,phạt tù từ 12 năm đến 20 năm,144,240,,,false,false
penalty_penalty_article_170_clause_5_1_main,penalty_article_170_clause_5_1,main,fine,phạt tiền từ 10.000.000 đồng đến 100.000.000 đồng,,,10000000,100000000,false,false
penalty_penalty_article_171_clause_1_1_main,penalty_article_171_clause_1_1,main,imprisonment,phạt tù từ 01 năm đến 05 năm,12,60,,,false,false
penalty_penalty_article_171_clause_2_1_main,penalty_article_171_clause_2_1,main,imprisonment,phạt tù từ 03 năm đến 10 năm,36,120,,,false,false
penalty_penalty_article_171_clause_3_1_main,penalty_article_171_clause_3_1,main,imprisonment,phạt tù từ 07 năm đến 15 năm,84,180,,,false,false
penalty_penalty_article_171_clause_4_1_main,penalty_article_171_clause_4_1,main,imprisonment,phạt tù từ 12 năm đến 20 năm,144,240,,,true,false
penalty_penalty_article_171_clause_5_1_main,penalty_article_171_clause_5_1,main,fine,phạt tiền từ 10.000.000 đồng đến 100.000.000 đồng,,,10000000,100000000,false,false
penalty_penalty_article_172_clause_1_1_main,penalty_article_172_clause_1_1,main,imprisonment,phạt tù từ 06 tháng đến 03 năm,6,36,,,false,false
penalty_penalty_article_172_clause_2_1_main,penalty_article_172_clause_2_1,main,imprisonment,phạt tù từ 02 năm đến 07 năm,24,84,,,false,false
penalty_penalty_article_172_clause_3_1_main,penalty_article_172_clause_3_1,main,imprisonment,phạt tù từ 07 năm đến 15 năm,84,180,,,false,false
penalty_penalty_article_172_clause_4_1_main,penalty_article_172_clause_4_1,main,imprisonment,phạt tù từ 12 năm đến 20 năm,144,240,,,false,false
penalty_penalty_article_172_clause_5_1_main,penalty_article_172_clause_5_1,main,fine,phạt tiền từ 10.000.000 đồng đến 100.000.000 đồng,,,10000000,100000000,false,false
penalty_penalty_article_173_clause_1_1_main,penalty_article_173_clause_1_1,main,imprisonment,phạt tù từ 06 tháng đến 03 năm,6,36,,,false,false
penalty_penalty_article_173_clause_2_1_main,penalty_article_173_clause_2_1,main,imprisonment,phạt tù từ 02 năm đến 07 năm,24,84,,,false,false
penalty_penalty_article_173_clause_3_1_main,penalty_article_173_clause_3_1,main,imprisonment,phạt tù từ 07 năm đến 15 năm,84,180,,,false,false
penalty_penalty_article_173_clause_4_1_main,penalty_article_173_clause_4_1,main,imprisonment,phạt tù từ 12 năm đến 20 năm,144,240,,,false,false
penalty_penalty_article_173_clause_5_1_main,penalty_article_173_clause_5_1,main,fine,phạt tiền từ 5.000.000 đồng đến 50.000.000 đồng,,,5000000,50000000,false,false
penalty_penalty_article_174_clause_1_1_main,penalty_article_174_clause_1_1,main,imprisonment,phạt tù từ 06 tháng đến 03 năm,6,36,,,false,false
penalty_penalty_article_174_clause_2_1_main,penalty_article_174_clause_2_1,main,imprisonment,phạt tù từ 02 năm đến 07 năm,24,84,,,false,false
penalty_penalty_article_174_clause_3_1_main,penalty_article_174_clause_3_1,main,imprisonment,phạt tù từ 07 năm đến 15 năm,84,180,,,false,false
penalty_penalty_article_174_clause_4_1_main,penalty_article_174_clause_4_1,main,imprisonment,phạt tù từ 12 năm đến 20 năm,144,240,,,true,false
penalty_penalty_article_174_clause_5_1_main,penalty_article_174_clause_5_1,main,fine,phạt tiền từ 10.000.000 đồng đến 100.000.000 đồng,,,10000000,100000000,false,false
penalty_penalty_article_175_clause_1_1_main,penalty_article_175_clause_1_1,main,imprisonment,phạt tù từ 06 tháng đến 03 năm,6,36,,,false,false
penalty_penalty_article_175_clause_2_1_main,penalty_article_175_clause_2_1,main,imprisonment,phạt tù từ 02 năm đến 07 năm,24,84,,,false,false
penalty_penalty_article_175_clause_3_1_main,penalty_article_175_clause_3_1,main,imprisonment,phạt tù từ 05 năm đến 12 năm,60,144,,,false,false
penalty_penalty_article_175_clause_4_1_main,penalty_article_175_clause_4_1,main,imprisonment,phạt tù từ 12 năm đến 20 năm,144,240,,,false,false
penalty_penalty_article_175_clause_5_1_main,penalty_article_175_clause_5_1,main,fine,phạt tiền từ 10.000.000 đồng đến 100.000.000 đồng,,,10000000,100000000,false,false
penalty_penalty_article_176_clause_1_1_main,penalty_article_176_clause_1_1,main,imprisonment,phạt tù từ 03 tháng đến 02 năm,3,24,,,false,false
penalty_penalty_article_176_clause_1_2_main,penalty_article_176_clause_1_2,main,fine,phạt tiền từ 10.000.000 đồng đến 50.000.000 đồng,,,10000000,50000000,false,false
penalty_penalty_article_176_clause_2_1_main,penalty_article_176_clause_2_1,main,imprisonment,phạt tù từ 01 năm đến 05 năm,12,60,,,false,false
penalty_penalty_article_177_clause_1_1_main,penalty_article_177_clause_1_1,main,imprisonment,phạt tù từ 03 tháng đến 02 năm,3,24,,,false,false
penalty_penalty_article_177_clause_1_2_main,penalty_article_177_clause_1_2,main,fine,phạt tiền từ 10.000.000 đồng đến 50.000.000 đồng,,,10000000,50000000,false,false
penalty_penalty_article_177_clause_2_1_main,penalty_article_177_clause_2_1,main,imprisonment,phạt tù từ 01 năm đến 05 năm,12,60,,,false,false
penalty_penalty_article_177_clause_2_2_main,penalty_article_177_clause_2_2,main,fine,phạt tiền từ 50.000.000 đồng đến 100.000.000 đồng,,,50000000,100000000,false,false
penalty_penalty_article_177_clause_3_1_main,penalty_article_177_clause_3_1,main,imprisonment,phạt tù từ 03 năm đến 07 năm,36,84,,,false,false
penalty_penalty_article_177_clause_4_1_main,penalty_article_177_clause_4_1,main,fine,phạt tiền từ 5.000.000 đồng đến 20.000.000 đồng,,,5000000,20000000,false,false
penalty_penalty_article_178_clause_1_1_main,penalty_article_178_clause_1_1,main,imprisonment,phạt tù từ 06 tháng đến 03 năm,6,36,,,false,false
penalty_penalty_article_178_clause_1_2_main,penalty_article_178_clause_1_2,main,fine,phạt tiền từ 10.000.000 đồng đến 50.000.000 đồng,,,10000000,50000000,false,false
penalty_penalty_article_178_clause_2_1_main,penalty_article_178_clause_2_1,main,imprisonment,phạt tù từ 02 năm đến 07 năm,24,84,,,false,false
penalty_penalty_article_178_clause_3_1_main,penalty_article_178_clause_3_1,main,imprisonment,phạt tù từ 05 năm đến 10 năm,60,120,,,false,false
penalty_penalty_article_178_clause_4_1_main,penalty_article_178_clause_4_1,main,imprisonment,phạt tù từ 10 năm đến 20 năm,120,240,,,false,false
penalty_penalty_article_178_clause_5_1_main,penalty_article_178_clause_5_1,main,fine,phạt tiền từ 10.000.000 đồng đến 100.000.000 đồng,,,10000000,100000000,false,false
penalty_penalty_article_179_clause_2_1_main,penalty_article_179_clause_2_1,main,imprisonment,phạt tù từ 01 năm đến 05 năm,12,60,,,false,false
penalty_penalty_article_179_clause_3_1_main,penalty_article_179_clause_3_1,main,imprisonment,phạt tù từ 05 năm đến 10 năm,60,120,,,false,false
penalty_penalty_article_180_clause_2_1_main,penalty_article_180_clause_2_1,main,imprisonment,phạt tù từ 03 tháng đến 02 năm,3,24,,,false,false
penalty_penalty_article_181_clause_0_1_main,penalty_article_181_clause_0_1,main,imprisonment,phạt tù từ 03 tháng đến 03 năm,3,36,,,false,false
penalty_penalty_article_182_clause_1_1_main,penalty_article_182_clause_1_1,main,imprisonment,phạt tù từ 03 tháng đến 01 năm,3,12,,,false,false
penalty_penalty_article_182_clause_2_1_main,penalty_article_182_clause_2_1,main,imprisonment,phạt tù từ 06 tháng đến 03 năm,6,36,,,false,false
penalty_penalty_article_183_clause_0_1_main,penalty_article_183_clause_0_1,main,fine,phạt tiền từ 10.000.000 đồng đến 30.000.000 đồng,,,10000000,30000000,false,false
penalty_penalty_article_184_clause_0_1_main,penalty_article_184_clause_0_1,main,imprisonment,phạt tù từ 01 năm đến 05 năm,12,60,,,false,false
penalty_penalty_article_185_clause_1_1_main,penalty_article_185_clause_1_1,main,imprisonment,phạt tù từ 06 tháng đến 03 năm,6,36,,,false,false
penalty_penalty_article_185_clause_2_1_main,penalty_article_185_clause_2_1,main,imprisonment,phạt tù từ 02 năm đến 05 năm,24,60,,,false,false
penalty_penalty_article_186_clause_0_1_main,penalty_article_186_clause_0_1,main,imprisonment,phạt tù từ 03 tháng đến 02 năm,3,24,,,false,false
penalty_penalty_article_187_clause_1_1_main,penalty_article_187_clause_1_1,main,imprisonment,phạt tù từ 03 tháng đến 02 năm,3,24,,,false,false
penalty_penalty_article_187_clause_1_2_main,penalty_article_187_clause_1_2,main,fine,phạt tiền từ 50.000.000 đồng đến 200.000.000 đồng,,,50000000,200000000,false,false
penalty_penalty_article_187_clause_2_1_main,penalty_article_187_clause_2_1,main,imprisonment,phạt tù từ 01 năm đến 05 năm,12,60,,,false,false
penalty_penalty_article_187_clause_3_1_main,penalty_article_187_clause_3_1,main,fine,phạt tiền từ 10.000.000 đồng đến 50.000.000 đồng,,,10000000,50000000,false,false
penalty_penalty_article_188_clause_1_1_main,penalty_article_188_clause_1_1,main,imprisonment,phạt tù từ 06 tháng đến 03 năm,6,36,,,false,false
penalty_penalty_article_188_clause_1_2_main,penalty_article_188_clause_1_2,main,fine,phạt tiền từ 50.000.000 đồng đến 300.000.000 đồng,,,50000000,300000000,false,false
penalty_penalty_article_188_clause_2_1_main,penalty_article_188_clause_2_1,main,imprisonment,phạt tù từ 03 năm đến 07 năm,36,84,,,false,false
penalty_penalty_article_188_clause_2_2_main,penalty_article_188_clause_2_2,main,fine,phạt tiền từ 300.000.000 đồng đến 1.500.000.000 đồng,,,300000000,1500000000,false,false
penalty_penalty_article_188_clause_3_1_main,penalty_article_188_clause_3_1,main,imprisonment,phạt tù từ 7 năm đến 15 năm,84,180,,,false,false
penalty_penalty_article_188_clause_3_2_main,penalty_article_188_clause_3_2,main,fine,phạt tiền từ 1.500.000.000 đồng đến 5.000.000.000 đồng,,,1500000000,5000000000,false,false
penalty_penalty_article_188_clause_4_1_main,penalty_article_188_clause_4_1,main,imprisonment,phạt tù từ 12 năm đến 20 năm,144,240,,,false,false
penalty_penalty_article_188_clause_5_1_main,penalty_article_188_clause_5_1,main,fine,phạt tiền từ 20.000.000 đồng đến 100.000.000 đồng,,,20000000,100000000,false,false
penalty_penalty_article_188_clause_6_1_main,penalty_article_188_clause_6_1,main,fine,phạt tiền từ 300.000.000 đồng đến 1.000.000.000 đồng,,,300000000,1000000000,false,false
penalty_penalty_article_188_clause_6_2_main,penalty_article_188_clause_6_2,main,fine,phạt tiền từ 1.000.000.000 đồng đến 3.000.000.000 đồng,,,1000000000,3000000000,false,false
penalty_penalty_article_188_clause_6_3_main,penalty_article_188_clause_6_3,main,fine,phạt tiền từ 3.000.000.000 đồng đến 7.000.000.000 đồng,,,3000000000,7000000000,false,false
penalty_penalty_article_188_clause_6_4_main,penalty_article_188_clause_6_4,main,fine,phạt tiền từ 7.000.000.000 đồng đến 15.000.000.000 đồng,,,7000000000,15000000000,false,false
penalty_penalty_article_188_clause_6_5_main,penalty_article_188_clause_6_5,main,fine,phạt tiền từ 50.000.000 đồng đến 300.000.000 đồng,,,50000000,300000000,false,false
penalty_penalty_article_188_clause_6_point_a_1_main,penalty_article_188_clause_6_point_a_1,main,fine,phạt tiền từ 300.000.000 đồng đến 1.000.000.000 đồng,,,300000000,1000000000,false,false
penalty_penalty_article_188_clause_6_point_b_1_main,penalty_article_188_clause_6_point_b_1,main,fine,phạt tiền từ 1.000.000.000 đồng đến 3.000.000.000 đồng,,,1000000000,3000000000,false,false
penalty_penalty_article_188_clause_6_point_c_1_main,penalty_article_188_clause_6_point_c_1,main,fine,phạt tiền từ 3.000.000.000 đồng đến 7.000.000.000 đồng,,,3000000000,7000000000,false,false
penalty_penalty_article_188_clause_6_point_d_1_main,penalty_article_188_clause_6_point_d_1,main,fine,phạt tiền từ 7.000.000.000 đồng đến 15.000.000.000 đồng,,,7000000000,15000000000,false,false
penalty_penalty_article_188_clause_6_point_e_1_main,penalty_article_188_clause_6_point_e_1,main,fine,phạt tiền từ 50.000.000 đồng đến 300.000.000 đồng,,,50000000,300000000,false,false
penalty_penalty_article_189_clause_1_1_main,penalty_article_189_clause_1_1,main,imprisonment,phạt tù từ 03 tháng đến 02 năm,3,24,,,false,false
penalty_penalty_article_189_clause_1_2_main,penalty_article_189_clause_1_2,main,fine,phạt tiền từ 20.000.000 đồng đến 200.000.000 đồng,,,20000000,200000000,false,false
penalty_penalty_article_189_clause_2_1_main,penalty_article_189_clause_2_1,main,imprisonment,phạt tù từ 02 năm đến 05 năm,24,60,,,false,false
penalty_penalty_article_189_clause_2_2_main,penalty_article_189_clause_2_2,main,fine,phạt tiền từ 200.000.000 đồng đến 1.000.000.000 đồng,,,200000000,1000000000,false,false
penalty_penalty_article_189_clause_3_1_main,penalty_article_189_clause_3_1,main,imprisonment,phạt tù từ 05 năm đến 10 năm,60,120,,,false,false
penalty_penalty_article_189_clause_3_2_main,penalty_article_189_clause_3_2,main,fine,phạt tiền từ 1.000.000.000 đồng đến 3.000.000.000 đồng,,,1000000000,3000000000,false,false
penalty_penalty_article_189_clause_3_1_main,penalty_article_189_clause_3_1,main,imprisonment,phạt tù từ 05 năm đến 10 năm,60,120,,,false,false
penalty_penalty_article_189_clause_3_2_main,penalty_article_189_clause_3_2,main,fine,phạt tiền từ 1.000.000.000 đồng đến 3.000.000.000 đồng,,,1000000000,3000000000,false,false
penalty_penalty_article_189_clause_4_1_main,penalty_article_189_clause_4_1,main,fine,phạt tiền từ 10.000.000 đồng đến 50.000.000 đồng,,,10000000,50000000,false,false
penalty_penalty_article_189_clause_5_1_main,penalty_article_189_clause_5_1,main,fine,phạt tiền từ 200.000.000 đồng đến 500.000.000 đồng,,,200000000,500000000,false,false
penalty_penalty_article_189_clause_5_2_main,penalty_article_189_clause_5_2,main,fine,phạt tiền từ 500.000.000 đồng đến 2.000.000.000 đồng,,,500000000,2000000000,false,false
penalty_penalty_article_189_clause_5_3_main,penalty_article_189_clause_5_3,main,fine,phạt tiền từ 2.000.000.000 đồng đến 5.000.000.000 đồng,,,2000000000,5000000000,false,false
penalty_penalty_article_189_clause_5_4_main,penalty_article_189_clause_5_4,main,fine,phạt tiền từ 50.000.000 đồng đến 200.000.000 đồng,,,50000000,200000000,false,false
penalty_penalty_article_189_clause_5_point_a_1_main,penalty_article_189_clause_5_point_a_1,main,fine,phạt tiền từ 200.000.000 đồng đến 500.000.000 đồng,,,200000000,500000000,false,false
penalty_penalty_article_189_clause_5_point_b_1_main,penalty_article_189_clause_5_point_b_1,main,fine,phạt tiền từ 500.000.000 đồng đến 2.000.000.000 đồng,,,500000000,2000000000,false,false
penalty_penalty_article_189_clause_5_point_c_1_main,penalty_article_189_clause_5_point_c_1,main,fine,phạt tiền từ 2.000.000.000 đồng đến 5.000.000.000 đồng,,,2000000000,5000000000,false,false
penalty_penalty_article_189_clause_5_point_d_1_main,penalty_article_189_clause_5_point_d_1,main,fine,phạt tiền từ 50.000.000 đồng đến 200.000.000 đồng,,,50000000,200000000,false,false
penalty_penalty_article_190_clause_1_1_main,penalty_article_190_clause_1_1,main,imprisonment,phạt tù từ 01 năm đến 05 năm,12,60,,,false,false
penalty_penalty_article_190_clause_1_2_main,penalty_article_190_clause_1_2,main,fine,phạt tiền từ 100.000.000 đồng đến 1.000.000.000 đồng,,,100000000,1000000000,false,false
penalty_penalty_article_190_clause_2_1_main,penalty_article_190_clause_2_1,main,imprisonment,phạt tù từ 05 năm đến 10 năm,60,120,,,false,false
penalty_penalty_article_190_clause_2_2_main,penalty_article_190_clause_2_2,main,fine,phạt tiền từ 1.000.000.000 đồng đến 3.000.000.000 đồng,,,1000000000,3000000000,false,false
penalty_penalty_article_190_clause_3_1_main,penalty_article_190_clause_3_1,main,imprisonment,phạt tù từ 08 năm đến 15 năm,96,180,,,false,false
penalty_penalty_article_190_clause_4_1_main,penalty_article_190_clause_4_1,main,fine,phạt tiền từ 20.000.000 đồng đến 100.000.000 đồng,,,20000000,100000000,false,false
penalty_penalty_article_190_clause_5_1_main,penalty_article_190_clause_5_1,main,fine,phạt tiền từ 1.000.000.000 đồng đến 3.000.000.000 đồng,,,1000000000,3000000000,false,false
penalty_penalty_article_190_clause_5_2_main,penalty_article_190_clause_5_2,main,fine,phạt tiền từ 3.000.000.000 đồng đến 6.000.000.000 đồng,,,3000000000,6000000000,false,false
penalty_penalty_article_190_clause_5_3_main,penalty_article_190_clause_5_3,main,fine,phạt tiền từ 6.000.000.000 đồng đến 9.000.000.000 đồng,,,6000000000,9000000000,false,false
penalty_penalty_article_190_clause_5_4_main,penalty_article_190_clause_5_4,main,fine,phạt tiền từ 50.000.000 đồng đến 200.000.000 đồng,,,50000000,200000000,false,false
penalty_penalty_article_190_clause_5_point_a_1_main,penalty_article_190_clause_5_point_a_1,main,fine,phạt tiền từ 1.000.000.000 đồng đến 3.000.000.000 đồng,,,1000000000,3000000000,false,false
penalty_penalty_article_190_clause_5_point_b_1_main,penalty_article_190_clause_5_point_b_1,main,fine,phạt tiền từ 3.000.000.000 đồng đến 6.000.000.000 đồng,,,3000000000,6000000000,false,false
penalty_penalty_article_190_clause_5_point_c_1_main,penalty_article_190_clause_5_point_c_1,main,fine,phạt tiền từ 6.000.000.000 đồng đến 9.000.000.000 đồng,,,6000000000,9000000000,false,false
penalty_penalty_article_190_clause_5_point_d_1_main,penalty_article_190_clause_5_point_d_1,main,fine,phạt tiền từ 50.000.000 đồng đến 200.000.000 đồng,,,50000000,200000000,false,false
penalty_penalty_article_191_clause_1_1_main,penalty_article_191_clause_1_1,main,imprisonment,phạt tù từ 06 tháng đến 03 năm,6,36,,,false,false
penalty_penalty_article_191_clause_1_2_main,penalty_article_191_clause_1_2,main,fine,phạt tiền từ 50.000.000 đồng đến 300.000.000 đồng,,,50000000,300000000,false,false
penalty_penalty_article_191_clause_2_1_main,penalty_article_191_clause_2_1,main,imprisonment,phạt tù từ 02 năm đến 05 năm,24,60,,,false,false
penalty_penalty_article_191_clause_2_2_main,penalty_article_191_clause_2_2,main,fine,phạt tiền từ 300.000.000 đồng đến 1.000.000.000 đồng,,,300000000,1000000000,false,false
penalty_penalty_article_191_clause_3_1_main,penalty_article_191_clause_3_1,main,imprisonment,phạt tù từ 05 năm đến 10 năm,60,120,,,false,false
penalty_penalty_article_191_clause_4_1_main,penalty_article_191_clause_4_1,main,fine,phạt tiền từ 10.000.000 đồng đến 50.000.000 đồng,,,10000000,50000000,false,false
penalty_penalty_article_191_clause_5_1_main,penalty_article_191_clause_5_1,main,fine,phạt tiền từ 300.000.000 đồng đến 1.000.000.000 đồng,,,300000000,1000000000,false,false
penalty_penalty_article_191_clause_5_2_main,penalty_article_191_clause_5_2,main,fine,phạt tiền từ 1.000.000.000 đồng đến 3.000.000.000 đồng,,,1000000000,3000000000,false,false
penalty_penalty_article_191_clause_5_3_main,penalty_article_191_clause_5_3,main,fine,phạt tiền từ 3.000.000.000 đồng đến 5.000.000.000 đồng,,,3000000000,5000000000,false,false
penalty_penalty_article_191_clause_5_4_main,penalty_article_191_clause_5_4,main,fine,phạt tiền từ 50.000.000 đồng đến 200.000.000 đồng,,,50000000,200000000,false,false
penalty_penalty_article_191_clause_5_point_a_1_main,penalty_article_191_clause_5_point_a_1,main,fine,phạt tiền từ 300.000.000 đồng đến 1.000.000.000 đồng,,,300000000,1000000000,false,false
penalty_penalty_article_191_clause_5_point_b_1_main,penalty_article_191_clause_5_point_b_1,main,fine,phạt tiền từ 1.000.000.000 đồng đến 3.000.000.000 đồng,,,1000000000,3000000000,false,false
penalty_penalty_article_191_clause_5_point_c_1_main,penalty_article_191_clause_5_point_c_1,main,fine,phạt tiền từ 3.000.000.000 đồng đến 5.000.000.000 đồng,,,3000000000,5000000000,false,false
penalty_penalty_article_191_clause_5_point_d_1_main,penalty_article_191_clause_5_point_d_1,main,fine,phạt tiền từ 50.000.000 đồng đến 200.000.000 đồng,,,50000000,200000000,false,false
penalty_penalty_article_192_clause_1_1_main,penalty_article_192_clause_1_1,main,imprisonment,phạt tù từ 01 năm đến 05 năm,12,60,,,false,false
penalty_penalty_article_192_clause_1_2_main,penalty_article_192_clause_1_2,main,fine,phạt tiền từ 200.000.000 đồng đến 2.000.000.000 đồng,,,200000000,2000000000,false,false
penalty_penalty_article_192_clause_2_1_main,penalty_article_192_clause_2_1,main,imprisonment,phạt tù từ 05 năm đến 10 năm,60,120,,,false,false
penalty_penalty_article_192_clause_3_1_main,penalty_article_192_clause_3_1,main,imprisonment,phạt tù từ 07 năm đến 15 năm,84,180,,,false,false
penalty_penalty_article_192_clause_4_1_main,penalty_article_192_clause_4_1,main,fine,phạt tiền từ 40.000.000 đồng đến 100.000.000 đồng,,,40000000,100000000,false,false
penalty_penalty_article_192_clause_5_1_main,penalty_article_192_clause_5_1,main,fine,phạt tiền từ 2.000.000.000 đồng đến 6.000.000.000 đồng,,,2000000000,6000000000,false,false
penalty_penalty_article_192_clause_5_2_main,penalty_article_192_clause_5_2,main,fine,phạt tiền từ 6.000.000.000 đồng đến 12.000.000.000 đồng,,,6000000000,12000000000,false,false
penalty_penalty_article_192_clause_5_3_main,penalty_article_192_clause_5_3,main,fine,phạt tiền từ 12.000.000.000 đồng đến 18.000.000.000 đồng,,,12000000000,18000000000,false,false
penalty_penalty_article_192_clause_5_4_main,penalty_article_192_clause_5_4,main,fine,phạt tiền từ 100.000.000 đồng đến 400.000.000 đồng,,,100000000,400000000,false,false
penalty_penalty_article_192_clause_5_point_a_1_main,penalty_article_192_clause_5_point_a_1,main,fine,phạt tiền từ 2.000.000.000 đồng đến 6.000.000.000 đồng,,,2000000000,6000000000,false,false
penalty_penalty_article_192_clause_5_point_b_1_main,penalty_article_192_clause_5_point_b_1,main,fine,phạt tiền từ 6.000.000.000 đồng đến 12.000.000.000 đồng,,,6000000000,12000000000,false,false
penalty_penalty_article_192_clause_5_point_c_1_main,penalty_article_192_clause_5_point_c_1,main,fine,phạt tiền từ 12.000.000.000 đồng đến 18.000.000.000 đồng,,,12000000000,18000000000,false,false
penalty_penalty_article_192_clause_5_point_d_1_main,penalty_article_192_clause_5_point_d_1,main,fine,phạt tiền từ 100.000.000 đồng đến 400.000.000 đồng,,,100000000,400000000,false,false
penalty_penalty_article_193_clause_1_1_main,penalty_article_193_clause_1_1,main,imprisonment,phạt tù từ 02 năm đến 05 năm,24,60,,,false,false
penalty_penalty_article_193_clause_2_1_main,penalty_article_193_clause_2_1,main,imprisonment,phạt tù từ 05 năm đến 10 năm,60,120,,,false,false
penalty_penalty_article_193_clause_3_1_main,penalty_article_193_clause_3_1,main,imprisonment,phạt tù từ 10 năm đến 15 năm,120,180,,,false,false
penalty_penalty_article_193_clause_4_1_main,penalty_article_193_clause_4_1,main,imprisonment,phạt tù từ 15 năm đến 20 năm,180,240,,,true,false
penalty_penalty_article_193_clause_5_1_main,penalty_article_193_clause_5_1,main,fine,phạt tiền từ 40.000.000 đồng đến 200.000.000 đồng,,,40000000,200000000,false,false
penalty_penalty_article_193_clause_6_1_main,penalty_article_193_clause_6_1,main,fine,phạt tiền từ 2.000.000.000 đồng đến 6.000.000.000 đồng,,,2000000000,6000000000,false,false
penalty_penalty_article_193_clause_6_2_main,penalty_article_193_clause_6_2,main,fine,phạt tiền từ 6.000.000.000 đồng đến 12.000.000.000 đồng,,,6000000000,12000000000,false,false
penalty_penalty_article_193_clause_6_3_main,penalty_article_193_clause_6_3,main,fine,phạt tiền từ 12.000.000.000 đồng đến 18.000.000.000 đồng,,,12000000000,18000000000,false,false
penalty_penalty_article_193_clause_6_4_main,penalty_article_193_clause_6_4,main,fine,phạt tiền từ 18.000.000.000 đồng đến 36.000.000.000 đồng,,,18000000000,36000000000,false,false
penalty_penalty_article_193_clause_6_5_main,penalty_article_193_clause_6_5,main,fine,phạt tiền từ 200.000.000 đồng đến 600.000.000 đồng,,,200000000,600000000,false,false
penalty_penalty_article_193_clause_6_point_a_1_main,penalty_article_193_clause_6_point_a_1,main,fine,phạt tiền từ 2.000.000.000 đồng đến 6.000.000.000 đồng,,,2000000000,6000000000,false,false
penalty_penalty_article_193_clause_6_point_b_1_main,penalty_article_193_clause_6_point_b_1,main,fine,phạt tiền từ 6.000.000.000 đồng đến 12.000.000.000 đồng,,,6000000000,12000000000,false,false
penalty_penalty_article_193_clause_6_point_c_1_main,penalty_article_193_clause_6_point_c_1,main,fine,phạt tiền từ 12.000.000.000 đồng đến 18.000.000.000 đồng,,,12000000000,18000000000,false,false
penalty_penalty_article_193_clause_6_point_d_1_main,penalty_article_193_clause_6_point_d_1,main,fine,phạt tiền từ 18.000.000.000 đồng đến 36.000.000.000 đồng,,,18000000000,36000000000,false,false
penalty_penalty_article_193_clause_6_point_e_1_main,penalty_article_193_clause_6_point_e_1,main,fine,phạt tiền từ 200.000.000 đồng đến 600.000.000 đồng,,,200000000,600000000,false,false
penalty_penalty_article_194_clause_1_1_main,penalty_article_194_clause_1_1,main,imprisonment,phạt tù từ 02 năm đến 07 năm,24,84,,,false,false
penalty_penalty_article_194_clause_2_1_main,penalty_article_194_clause_2_1,main,imprisonment,phạt tù từ 05 năm đến 12 năm,60,144,,,false,false
penalty_penalty_article_194_clause_3_1_main,penalty_article_194_clause_3_1,main,imprisonment,phạt tù từ 12 năm đến 20 năm,144,240,,,false,false
penalty_penalty_article_194_clause_4_1_main,penalty_article_194_clause_4_1,main,imprisonment,phạt tù 20 năm hoặc tù chung thân,240,240,,,true,false
penalty_penalty_article_194_clause_4_2_main,penalty_article_194_clause_4_2,main,imprisonment,phạt tù 20 năm,240,240,,,true,false
penalty_penalty_article_194_clause_5_1_main,penalty_article_194_clause_5_1,main,fine,phạt tiền từ 40.000.000 đồng đến 200.000.000 đồng,,,40000000,200000000,false,false
penalty_penalty_article_194_clause_6_1_main,penalty_article_194_clause_6_1,main,fine,phạt tiền từ 2.000.000.000 đồng đến 8.000.000.000 đồng,,,2000000000,8000000000,false,false
penalty_penalty_article_194_clause_6_2_main,penalty_article_194_clause_6_2,main,fine,phạt tiền từ 8.000.000.000 đồng đến 18.000.000.000 đồng,,,8000000000,18000000000,false,false
penalty_penalty_article_194_clause_6_3_main,penalty_article_194_clause_6_3,main,fine,phạt tiền từ 18.000.000.000 đồng đến 30.000.000.000 đồng,,,18000000000,30000000000,false,false
penalty_penalty_article_194_clause_6_4_main,penalty_article_194_clause_6_4,main,fine,phạt tiền từ 30.000.000.000 đồng đến 40.000.000.000 đồng,,,30000000000,40000000000,false,false
penalty_penalty_article_194_clause_6_5_main,penalty_article_194_clause_6_5,main,fine,phạt tiền từ 200.000.000 đồng đến 600.000.000 đồng,,,200000000,600000000,false,false
penalty_penalty_article_194_clause_6_point_a_1_main,penalty_article_194_clause_6_point_a_1,main,fine,phạt tiền từ 2.000.000.000 đồng đến 8.000.000.000 đồng,,,2000000000,8000000000,false,false
penalty_penalty_article_194_clause_6_point_b_1_main,penalty_article_194_clause_6_point_b_1,main,fine,phạt tiền từ 8.000.000.000 đồng đến 18.000.000.000 đồng,,,8000000000,18000000000,false,false
penalty_penalty_article_194_clause_6_point_c_1_main,penalty_article_194_clause_6_point_c_1,main,fine,phạt tiền từ 18.000.000.000 đồng đến 30.000.000.000 đồng,,,18000000000,30000000000,false,false
penalty_penalty_article_194_clause_6_point_d_1_main,penalty_article_194_clause_6_point_d_1,main,fine,phạt tiền từ 30.000.000.000 đồng đến 40.000.000.000 đồng,,,30000000000,40000000000,false,false
penalty_penalty_article_194_clause_6_point_e_1_main,penalty_article_194_clause_6_point_e_1,main,fine,phạt tiền từ 200.000.000 đồng đến 600.000.000 đồng,,,200000000,600000000,false,false
penalty_penalty_article_195_clause_1_1_main,penalty_article_195_clause_1_1,main,imprisonment,phạt tù từ 01 năm đến 05 năm,12,60,,,false,false
penalty_penalty_article_195_clause_1_2_main,penalty_article_195_clause_1_2,main,fine,phạt tiền từ 200.000.000 đồng đến 2.000.000.000 đồng,,,200000000,2000000000,false,false
penalty_penalty_article_195_clause_2_1_main,penalty_article_195_clause_2_1,main,imprisonment,phạt tù từ 05 năm đến 10 năm,60,120,,,false,false
penalty_penalty_article_195_clause_3_1_main,penalty_article_195_clause_3_1,main,imprisonment,phạt tù từ 10 năm đến 15 năm,120,180,,,false,false
penalty_penalty_article_195_clause_4_1_main,penalty_article_195_clause_4_1,main,imprisonment,phạt tù từ 15 năm đến 20 năm,180,240,,,false,false
penalty_penalty_article_195_clause_5_1_main,penalty_article_195_clause_5_1,main,fine,phạt tiền từ 40.000.000 đồng đến 200.000.000 đồng,,,40000000,200000000,false,false
penalty_penalty_article_195_clause_6_1_main,penalty_article_195_clause_6_1,main,fine,phạt tiền từ 2.000.000.000 đồng đến 6.000.000.000 đồng,,,2000000000,6000000000,false,false
penalty_penalty_article_195_clause_6_2_main,penalty_article_195_clause_6_2,main,fine,phạt tiền từ 6.000.000.000 đồng đến 12.000.000.000 đồng,,,6000000000,12000000000,false,false
penalty_penalty_article_195_clause_6_3_main,penalty_article_195_clause_6_3,main,fine,phạt tiền từ 12.000.000.000 đồng đến 18.000.000.000 đồng,,,12000000000,18000000000,false,false
penalty_penalty_article_195_clause_6_4_main,penalty_article_195_clause_6_4,main,fine,phạt tiền từ 18.000.000.000 đồng đến 30.000.000.000 đồng,,,18000000000,30000000000,false,false
penalty_penalty_article_195_clause_6_5_main,penalty_article_195_clause_6_5,main,fine,phạt tiền từ 200.000.000 đồng đến 600.000.000 đồng,,,200000000,600000000,false,false
penalty_penalty_article_195_clause_6_point_a_1_main,penalty_article_195_clause_6_point_a_1,main,fine,phạt tiền từ 2.000.000.000 đồng đến 6.000.000.000 đồng,,,2000000000,6000000000,false,false
penalty_penalty_article_195_clause_6_point_b_1_main,penalty_article_195_clause_6_point_b_1,main,fine,phạt tiền từ 6.000.000.000 đồng đến 12.000.000.000 đồng,,,6000000000,12000000000,false,false
penalty_penalty_article_195_clause_6_point_c_1_main,penalty_article_195_clause_6_point_c_1,main,fine,phạt tiền từ 12.000.000.000 đồng đến 18.000.000.000 đồng,,,12000000000,18000000000,false,false
penalty_penalty_article_195_clause_6_point_d_1_main,penalty_article_195_clause_6_point_d_1,main,fine,phạt tiền từ 18.000.000.000 đồng đến 30.000.000.000 đồng,,,18000000000,30000000000,false,false
penalty_penalty_article_195_clause_6_point_e_1_main,penalty_article_195_clause_6_point_e_1,main,fine,phạt tiền từ 200.000.000 đồng đến 600.000.000 đồng,,,200000000,600000000,false,false
penalty_penalty_article_196_clause_1_1_main,penalty_article_196_clause_1_1,main,imprisonment,phạt tù từ 06 tháng đến 03 năm,6,36,,,false,false
penalty_penalty_article_196_clause_1_2_main,penalty_article_196_clause_1_2,main,fine,phạt tiền từ 30.000.000 đồng đến 300.000.000 đồng,,,30000000,300000000,false,false
penalty_penalty_article_196_clause_2_1_main,penalty_article_196_clause_2_1,main,imprisonment,phạt tù từ 03 năm đến 07 năm,36,84,,,false,false
penalty_penalty_article_196_clause_2_2_main,penalty_article_196_clause_2_2,main,fine,phạt tiền từ 300.000.000 đồng đến 1.500.000.000 đồng,,,300000000,1500000000,false,false
penalty_penalty_article_196_clause_3_1_main,penalty_article_196_clause_3_1,main,imprisonment,phạt tù từ 07 năm đến 15 năm,84,180,,,false,false
penalty_penalty_article_196_clause_3_2_main,penalty_article_196_clause_3_2,main,fine,phạt tiền từ 1.500.000.000 đồng đến 5.000.000.000 đồng,,,1500000000,5000000000,false,false
penalty_penalty_article_196_clause_4_1_main,penalty_article_196_clause_4_1,main,fine,phạt tiền từ 20.000.000 đồng đến 200.000.000 đồng,,,20000000,200000000,false,false
penalty_penalty_article_196_clause_5_1_main,penalty_article_196_clause_5_1,main,fine,phạt tiền từ 300.000.000 đồng đến 1.000.000.000 đồng,,,300000000,1000000000,false,false
penalty_penalty_article_196_clause_5_2_main,penalty_article_196_clause_5_2,main,fine,phạt tiền từ 1.000.000.000 đồng đến 4.000.000.000 đồng,,,1000000000,4000000000,false,false
penalty_penalty_article_196_clause_5_3_main,penalty_article_196_clause_5_3,main,fine,phạt tiền từ 4.000.000.000 đồng đến 9.000.000.000 đồng,,,4000000000,9000000000,false,false
penalty_penalty_article_196_clause_5_4_main,penalty_article_196_clause_5_4,main,fine,phạt tiền từ 100.000.000 đồng đến 300.000.000 đồng,,,100000000,300000000,false,false
penalty_penalty_article_196_clause_5_point_a_1_main,penalty_article_196_clause_5_point_a_1,main,fine,phạt tiền từ 300.000.000 đồng đến 1.000.000.000 đồng,,,300000000,1000000000,false,false
penalty_penalty_article_196_clause_5_point_b_1_main,penalty_article_196_clause_5_point_b_1,main,fine,phạt tiền từ 1.000.000.000 đồng đến 4.000.000.000 đồng,,,1000000000,4000000000,false,false
penalty_penalty_article_196_clause_5_point_c_1_main,penalty_article_196_clause_5_point_c_1,main,fine,phạt tiền từ 4.000.000.000 đồng đến 9.000.000.000 đồng,,,4000000000,9000000000,false,false
penalty_penalty_article_196_clause_5_point_d_1_main,penalty_article_196_clause_5_point_d_1,main,fine,phạt tiền từ 100.000.000 đồng đến 300.000.000 đồng,,,100000000,300000000,false,false
penalty_penalty_article_197_clause_1_1_main,penalty_article_197_clause_1_1,main,fine,phạt tiền từ 10.000.000 đồng đến 100.000.000 đồng,,,10000000,100000000,false,false
penalty_penalty_article_197_clause_2_1_main,penalty_article_197_clause_2_1,main,fine,phạt tiền từ 5.000.000 đồng đến 50.000.000 đồng,,,5000000,50000000,false,false
penalty_penalty_article_198_clause_1_1_main,penalty_article_198_clause_1_1,main,fine,phạt tiền từ 10.000.000 đồng đến 100.000.000 đồng,,,10000000,100000000,false,false
penalty_penalty_article_198_clause_2_1_main,penalty_article_198_clause_2_1,main,imprisonment,phạt tù từ 01 năm đến 05 năm,12,60,,,false,false
penalty_penalty_article_198_clause_2_2_main,penalty_article_198_clause_2_2,main,fine,phạt tiền từ 100.000.000 đồng đến 500.000.000 đồng,,,100000000,500000000,false,false
penalty_penalty_article_198_clause_3_1_main,penalty_article_198_clause_3_1,main,fine,phạt tiền từ 20.000.000 đồng đến 100.000.000 đồng,,,20000000,100000000,false,false
penalty_penalty_article_199_clause_1_1_main,penalty_article_199_clause_1_1,main,imprisonment,phạt tù từ 03 tháng đến 02 năm,3,24,,,false,false
penalty_penalty_article_199_clause_1_2_main,penalty_article_199_clause_1_2,main,fine,phạt tiền từ 30.000.000 đồng đến 150.000.000 đồng,,,30000000,150000000,false,false
penalty_penalty_article_199_clause_2_1_main,penalty_article_199_clause_2_1,main,imprisonment,phạt tù từ 01 năm đến 05 năm,12,60,,,false,false
penalty_penalty_article_199_clause_2_2_main,penalty_article_199_clause_2_2,main,fine,phạt tiền từ 150.000.000 đồng đến 500.000.000 đồng,,,150000000,500000000,false,false
penalty_penalty_article_199_clause_3_1_main,penalty_article_199_clause_3_1,main,imprisonment,phạt tù từ 03 năm đến 07 năm,36,84,,,false,false
penalty_penalty_article_199_clause_4_1_main,penalty_article_199_clause_4_1,main,fine,phạt tiền từ 10.000.000 đồng đến 50.000.000 đồng,,,10000000,50000000,false,false
penalty_penalty_article_200_clause_1_1_additional,penalty_article_200_clause_1_1,additional,imprisonment,phạt tù từ 03 tháng đến 01 năm,3,12,,,false,false
penalty_penalty_article_200_clause_1_2_additional,penalty_article_200_clause_1_2,additional,fine,phạt tiền từ 100.000.000 đồng đến 500.000.000 đồng,,,100000000,500000000,false,false
penalty_penalty_article_200_clause_2_1_main,penalty_article_200_clause_2_1,main,imprisonment,phạt tù từ 01 năm đến 03 năm,12,36,,,false,false
penalty_penalty_article_200_clause_2_2_main,penalty_article_200_clause_2_2,main,fine,phạt tiền từ 500.000.000 đồng đến 1.500.000.000 đồng,,,500000000,1500000000,false,false
penalty_penalty_article_200_clause_3_1_main,penalty_article_200_clause_3_1,main,imprisonment,phạt tù từ 02 năm đến 07 năm,24,84,,,false,false
penalty_penalty_article_200_clause_3_2_main,penalty_article_200_clause_3_2,main,fine,phạt tiền từ 1.500.000.000 đồng đến 4.500.000.000 đồng,,,1500000000,4500000000,false,false
penalty_penalty_article_200_clause_4_1_main,penalty_article_200_clause_4_1,main,fine,phạt tiền từ 20.000.000 đồng đến 100.000.000 đồng,,,20000000,100000000,false,false
penalty_penalty_article_200_clause_5_1_main,penalty_article_200_clause_5_1,main,fine,phạt tiền từ 300.000.000 đồng đến 1.000.000.000 đồng,,,300000000,1000000000,false,false
penalty_penalty_article_200_clause_5_2_main,penalty_article_200_clause_5_2,main,fine,phạt tiền từ 1.000.000.000 đồng đến 3.000.000.000 đồng,,,1000000000,3000000000,false,false
penalty_penalty_article_200_clause_5_3_main,penalty_article_200_clause_5_3,main,fine,phạt tiền từ 3.000.000.000 đồng đến 10.000.000.000 đồng,,,3000000000,10000000000,false,false
penalty_penalty_article_200_clause_5_4_main,penalty_article_200_clause_5_4,main,fine,phạt tiền từ 50.000.000 đồng đến 200.000.000 đồng,,,50000000,200000000,false,false
penalty_penalty_article_200_clause_5_point_a_1_main,penalty_article_200_clause_5_point_a_1,main,fine,phạt tiền từ 300.000.000 đồng đến 1.000.000.000 đồng,,,300000000,1000000000,false,false
penalty_penalty_article_200_clause_5_point_b_1_main,penalty_article_200_clause_5_point_b_1,main,fine,phạt tiền từ 1.000.000.000 đồng đến 3.000.000.000 đồng,,,1000000000,3000000000,false,false
penalty_penalty_article_200_clause_5_point_c_1_main,penalty_article_200_clause_5_point_c_1,main,fine,phạt tiền từ 3.000.000.000 đồng đến 10.000.000.000 đồng,,,3000000000,10000000000,false,false
penalty_penalty_article_200_clause_5_point_d_1_main,penalty_article_200_clause_5_point_d_1,main,fine,phạt tiền từ 50.000.000 đồng đến 200.000.000 đồng,,,50000000,200000000,false,false
penalty_penalty_article_201_clause_1_1_main,penalty_article_201_clause_1_1,main,fine,phạt tiền từ 50.000.000 đồng đến 200.000.000 đồng,,,50000000,200000000,false,false
penalty_penalty_article_201_clause_2_1_main,penalty_article_201_clause_2_1,main,imprisonment,phạt tù từ 06 tháng đến 03 năm,6,36,,,false,false
penalty_penalty_article_201_clause_2_2_main,penalty_article_201_clause_2_2,main,fine,phạt tiền từ 200.000.000 đồng đến 1.000.000.000 đồng,,,200000000,1000000000,false,false
penalty_penalty_article_201_clause_3_1_main,penalty_article_201_clause_3_1,main,fine,phạt tiền từ 30.000.000 đồng đến 100.000.000 đồng,,,30000000,100000000,false,false
penalty_penalty_article_202_clause_1_1_main,penalty_article_202_clause_1_1,main,imprisonment,phạt tù từ 06 tháng đến 03 năm,6,36,,,false,false
penalty_penalty_article_202_clause_1_2_main,penalty_article_202_clause_1_2,main,fine,phạt tiền từ 30.000.000 đồng đến 100.000.000 đồng,,,30000000,100000000,false,false
penalty_penalty_article_202_clause_2_1_main,penalty_article_202_clause_2_1,main,imprisonment,phạt tù từ 02 năm đến 07 năm,24,84,,,false,false
penalty_penalty_article_202_clause_2_2_main,penalty_article_202_clause_2_2,main,fine,phạt tiền từ 100.000.000 đồng đến 500.000.000 đồng,,,100000000,500000000,false,false
penalty_penalty_article_202_clause_3_1_main,penalty_article_202_clause_3_1,main,fine,phạt tiền từ 5.000.000 đồng đến 50.000.000 đồng,,,5000000,50000000,false,false
penalty_penalty_article_203_clause_1_1_main,penalty_article_203_clause_1_1,main,imprisonment,phạt tù từ 06 tháng đến 03 năm,6,36,,,false,false
penalty_penalty_article_203_clause_1_2_main,penalty_article_203_clause_1_2,main,fine,phạt tiền từ 50.000.000 đồng đến 200.000.000 đồng,,,50000000,200000000,false,false
penalty_penalty_article_203_clause_2_1_main,penalty_article_203_clause_2_1,main,imprisonment,phạt tù từ 01 năm đến 05 năm,12,60,,,false,false
penalty_penalty_article_203_clause_2_2_main,penalty_article_203_clause_2_2,main,fine,phạt tiền từ 200.000.000 đồng đến 500.000.000 đồng,,,200000000,500000000,false,false
penalty_penalty_article_203_clause_3_1_main,penalty_article_203_clause_3_1,main,fine,phạt tiền từ 10.000.000 đồng đến 50.000.000 đồng,,,10000000,50000000,false,false
penalty_penalty_article_203_clause_4_1_main,penalty_article_203_clause_4_1,main,fine,phạt tiền từ 100.000.000 đồng đến 500.000.000 đồng,,,100000000,500000000,false,false
penalty_penalty_article_203_clause_4_2_main,penalty_article_203_clause_4_2,main,fine,phạt tiền từ 500.000.000 đồng đến 1.000.000.000 đồng,,,500000000,1000000000,false,false
penalty_penalty_article_203_clause_4_3_main,penalty_article_203_clause_4_3,main,fine,phạt tiền từ 50.000.000 đồng đến 200.000.000 đồng,,,50000000,200000000,false,false
penalty_penalty_article_203_clause_4_point_a_1_main,penalty_article_203_clause_4_point_a_1,main,fine,phạt tiền từ 100.000.000 đồng đến 500.000.000 đồng,,,100000000,500000000,false,false
penalty_penalty_article_203_clause_4_point_b_1_main,penalty_article_203_clause_4_point_b_1,main,fine,phạt tiền từ 500.000.000 đồng đến 1.000.000.000 đồng,,,500000000,1000000000,false,false
penalty_penalty_article_203_clause_4_point_d_1_main,penalty_article_203_clause_4_point_d_1,main,fine,phạt tiền từ 50.000.000 đồng đến 200.000.000 đồng,,,50000000,200000000,false,false
penalty_penalty_article_204_clause_1_1_main,penalty_article_204_clause_1_1,main,fine,phạt tiền từ 10.000.000 đồng đến 100.000.000 đồng,,,10000000,100000000,false,false
penalty_penalty_article_204_clause_2_1_main,penalty_article_204_clause_2_1,main,imprisonment,phạt tù từ 06 tháng đến 03 năm,6,36,,,false,false
penalty_penalty_article_204_clause_2_2_main,penalty_article_204_clause_2_2,main,fine,phạt tiền từ 100.000.000 đồng đến 500.000.000 đồng,,,100000000,500000000,false,false
penalty_penalty_article_205_clause_1_1_main,penalty_article_205_clause_1_1,main,fine,phạt tiền từ 50.000.000 đồng đến 100.000.000 đồng,,,50000000,100000000,false,false
penalty_penalty_article_205_clause_2_1_main,penalty_article_205_clause_2_1,main,imprisonment,phạt tù từ 01 năm đến 05 năm,12,60,,,false,false
penalty_penalty_article_205_clause_2_2_main,penalty_article_205_clause_2_2,main,fine,phạt tiền từ 100.000.000 đồng đến 500.000.000 đồng,,,100000000,500000000,false,false
penalty_penalty_article_205_clause_3_1_main,penalty_article_205_clause_3_1,main,imprisonment,phạt tù từ 05 năm đến 10 năm,60,120,,,false,false
penalty_penalty_article_205_clause_4_1_main,penalty_article_205_clause_4_1,main,fine,phạt tiền từ 10.000.000 đồng đến 50.000.000 đồng,,,10000000,50000000,false,false
penalty_penalty_article_206_clause_1_1_main,penalty_article_206_clause_1_1,main,imprisonment,phạt tù từ 06 tháng đến 03 năm,6,36,,,false,false
penalty_penalty_article_206_clause_1_2_main,penalty_article_206_clause_1_2,main,fine,phạt tiền từ 50.000.000 đồng đến 300.000.000 đồng,,,50000000,300000000,false,false
penalty_penalty_article_206_clause_2_1_main,penalty_article_206_clause_2_1,main,imprisonment,phạt tù từ 03 năm đến 07 năm,36,84,,,false,false
penalty_penalty_article_206_clause_3_1_main,penalty_article_206_clause_3_1,main,imprisonment,phạt tù từ 07 năm đến 12 năm,84,144,,,false,false
penalty_penalty_article_206_clause_4_1_main,penalty_article_206_clause_4_1,main,imprisonment,phạt tù từ 12 năm đến 20 năm,144,240,,,false,false
penalty_penalty_article_207_clause_1_1_main,penalty_article_207_clause_1_1,main,imprisonment,phạt tù từ 03 năm đến 07 năm,36,84,,,false,false
penalty_penalty_article_207_clause_2_1_main,penalty_article_207_clause_2_1,main,imprisonment,phạt tù từ 05 năm đến 12 năm,60,144,,,false,false
penalty_penalty_article_207_clause_3_1_main,penalty_article_207_clause_3_1,main,imprisonment,phạt tù từ 10 năm đến 20 năm,120,240,,,true,false
penalty_penalty_article_207_clause_4_1_main,penalty_article_207_clause_4_1,main,imprisonment,phạt tù từ 01 năm đến 03 năm,12,36,,,false,false
penalty_penalty_article_207_clause_5_1_main,penalty_article_207_clause_5_1,main,fine,phạt tiền từ 10.000.000 đồng đến 100.000.000 đồng,,,10000000,100000000,false,false
penalty_penalty_article_208_clause_1_1_main,penalty_article_208_clause_1_1,main,imprisonment,phạt tù từ 02 năm đến 07 năm,24,84,,,false,false
penalty_penalty_article_208_clause_2_1_main,penalty_article_208_clause_2_1,main,imprisonment,phạt tù từ 05 năm đến 10 năm,60,120,,,false,false
penalty_penalty_article_208_clause_3_1_main,penalty_article_208_clause_3_1,main,imprisonment,phạt tù từ 10 năm đến 15 năm,120,180,,,false,false
penalty_penalty_article_208_clause_4_1_main,penalty_article_208_clause_4_1,main,imprisonment,phạt tù từ 15 năm đến 20 năm,180,240,,,false,false
penalty_penalty_article_208_clause_5_1_main,penalty_article_208_clause_5_1,main,fine,phạt tiền từ 10.000.000 đồng đến 100.000.000 đồng,,,10000000,100000000,false,false
penalty_penalty_article_209_clause_1_1_main,penalty_article_209_clause_1_1,main,imprisonment,phạt tù từ 03 tháng đến 02 năm,3,24,,,false,false
penalty_penalty_article_209_clause_1_2_main,penalty_article_209_clause_1_2,main,fine,phạt tiền từ 100.000.000 đồng đến 500.000.000 đồng,,,100000000,500000000,false,false
penalty_penalty_article_209_clause_2_1_main,penalty_article_209_clause_2_1,main,imprisonment,phạt tù từ 01 năm đến 05 năm,12,60,,,false,false
penalty_penalty_article_209_clause_2_2_main,penalty_article_209_clause_2_2,main,fine,phạt tiền từ 500.000.000 đồng đến 2.000.000.000 đồng,,,500000000,2000000000,false,false
penalty_penalty_article_209_clause_3_1_main,penalty_article_209_clause_3_1,main,fine,phạt tiền từ 50.000.000 đồng đến 200.000.000 đồng,,,50000000,200000000,false,false
penalty_penalty_article_209_clause_4_1_main,penalty_article_209_clause_4_1,main,fine,phạt tiền từ 500.000.000 đồng đến 2.000.000.000 đồng,,,500000000,2000000000,false,false
penalty_penalty_article_209_clause_4_2_main,penalty_article_209_clause_4_2,main,fine,phạt tiền từ 2.000.000.000 đồng đến 5.000.000.000 đồng,,,2000000000,5000000000,false,false
penalty_penalty_article_209_clause_4_point_a_1_main,penalty_article_209_clause_4_point_a_1,main,fine,phạt tiền từ 500.000.000 đồng đến 2.000.000.000 đồng,,,500000000,2000000000,false,false
penalty_penalty_article_209_clause_4_point_b_1_main,penalty_article_209_clause_4_point_b_1,main,fine,phạt tiền từ 2.000.000.000 đồng đến 5.000.000.000 đồng,,,2000000000,5000000000,false,false
penalty_penalty_article_210_clause_1_1_main,penalty_article_210_clause_1_1,main,imprisonment,phạt tù từ 06 tháng đến 03 năm,6,36,,,false,false
penalty_penalty_article_210_clause_1_2_main,penalty_article_210_clause_1_2,main,fine,phạt tiền từ 500.000.000 đồng đến 2.000.000.000 đồng,,,500000000,2000000000,false,false
penalty_penalty_article_210_clause_2_1_main,penalty_article_210_clause_2_1,main,imprisonment,phạt tù từ 02 năm đến 07 năm,24,84,,,false,false
penalty_penalty_article_210_clause_2_2_main,penalty_article_210_clause_2_2,main,fine,phạt tiền từ 2.000.000.000 đồng đến 5.000.000.000 đồng,,,2000000000,5000000000,false,false
penalty_penalty_article_210_clause_3_1_main,penalty_article_210_clause_3_1,main,fine,phạt tiền từ 50.000.000 đồng đến 200.000.000 đồng,,,50000000,200000000,false,false
penalty_penalty_article_210_clause_4_1_main,penalty_article_210_clause_4_1,main,fine,phạt tiền từ 1.000.000.000 đồng đến 5.000.000.000 đồng,,,1000000000,5000000000,false,false
penalty_penalty_article_210_clause_4_2_main,penalty_article_210_clause_4_2,main,fine,phạt tiền từ 5.000.000.000 đồng đến 10.000.000.000 đồng,,,5000000000,10000000000,false,false
penalty_penalty_article_210_clause_4_point_a_1_main,penalty_article_210_clause_4_point_a_1,main,fine,phạt tiền từ 1.000.000.000 đồng đến 5.000.000.000 đồng,,,1000000000,5000000000,false,false
penalty_penalty_article_210_clause_4_point_b_1_main,penalty_article_210_clause_4_point_b_1,main,fine,phạt tiền từ 5.000.000.000 đồng đến 10.000.000.000 đồng,,,5000000000,10000000000,false,false
penalty_penalty_article_211_clause_1_1_main,penalty_article_211_clause_1_1,main,imprisonment,phạt tù từ 06 tháng đến 03 năm,6,36,,,false,false
penalty_penalty_article_211_clause_1_2_main,penalty_article_211_clause_1_2,main,fine,phạt tiền từ 500.000.000 đồng đến 2.000.000.000 đồng,,,500000000,2000000000,false,false
penalty_penalty_article_211_clause_2_1_main,penalty_article_211_clause_2_1,main,imprisonment,phạt tù từ 02 năm đến 07 năm,24,84,,,false,false
penalty_penalty_article_211_clause_2_2_main,penalty_article_211_clause_2_2,main,fine,phạt tiền từ 2.000.000.000 đồng đến 4.000.000.000 đồng,,,2000000000,4000000000,false,false
penalty_penalty_article_211_clause_3_1_main,penalty_article_211_clause_3_1,main,fine,phạt tiền từ 50.000.000 đồng đến 250.000.000 đồng,,,50000000,250000000,false,false
penalty_penalty_article_211_clause_4_1_main,penalty_article_211_clause_4_1,main,fine,phạt tiền từ 2.000.000.000 đồng đến 5.000.000.000 đồng,,,2000000000,5000000000,false,false
penalty_penalty_article_211_clause_4_2_main,penalty_article_211_clause_4_2,main,fine,phạt tiền từ 5.000.000.000 đồng đến 10.000.000.000 đồng,,,5000000000,10000000000,false,false
penalty_penalty_article_211_clause_4_3_main,penalty_article_211_clause_4_3,main,fine,phạt tiền từ 500.000.000 đồng đến 2.000.000.000 đồng,,,500000000,2000000000,false,false
penalty_penalty_article_211_clause_4_point_a_1_main,penalty_article_211_clause_4_point_a_1,main,fine,phạt tiền từ 2.000.000.000 đồng đến 5.000.000.000 đồng,,,2000000000,5000000000,false,false
penalty_penalty_article_211_clause_4_point_b_1_main,penalty_article_211_clause_4_point_b_1,main,fine,phạt tiền từ 5.000.000.000 đồng đến 10.000.000.000 đồng,,,5000000000,10000000000,false,false
penalty_penalty_article_211_clause_4_point_d_1_main,penalty_article_211_clause_4_point_d_1,main,fine,phạt tiền từ 500.000.000 đồng đến 2.000.000.000 đồng,,,500000000,2000000000,false,false
penalty_penalty_article_212_clause_1_1_main,penalty_article_212_clause_1_1,main,imprisonment,phạt tù từ 06 tháng đến 03 năm,6,36,,,false,false
penalty_penalty_article_212_clause_1_2_main,penalty_article_212_clause_1_2,main,fine,phạt tiền từ 500.000.000 đồng đến 2.000.000.000 đồng,,,500000000,2000000000,false,false
penalty_penalty_article_212_clause_2_1_main,penalty_article_212_clause_2_1,main,imprisonment,phạt tù từ 02 năm đến 07 năm,24,84,,,false,false
penalty_penalty_article_212_clause_2_2_main,penalty_article_212_clause_2_2,main,fine,phạt tiền từ 2.000.000.000 đồng đến 5.000.000.000 đồng,,,2000000000,5000000000,false,false
penalty_penalty_article_212_clause_3_1_main,penalty_article_212_clause_3_1,main,fine,phạt tiền từ 50.000.000 đồng đến 250.000.000 đồng,,,50000000,250000000,false,false
penalty_penalty_article_213_clause_1_1_main,penalty_article_213_clause_1_1,main,fine,phạt tiền từ 30.000.000 đồng đến 100.000.000 đồng,,,30000000,100000000,false,false
penalty_penalty_article_213_clause_2_1_main,penalty_article_213_clause_2_1,main,imprisonment,phạt tù từ 01 năm đến 03 năm,12,36,,,false,false
penalty_penalty_article_213_clause_2_2_main,penalty_article_213_clause_2_2,main,fine,phạt tiền từ 100.000.000 đồng đến 300.000.000 đồng,,,100000000,300000000,false,false
penalty_penalty_article_213_clause_3_1_main,penalty_article_213_clause_3_1,main,imprisonment,phạt tù từ 03 năm đến 07 năm,36,84,,,false,false
penalty_penalty_article_213_clause_4_1_main,penalty_article_213_clause_4_1,main,fine,phạt tiền từ 10.000.000 đồng đến 100.000.000 đồng,,,10000000,100000000,false,false
penalty_penalty_article_213_clause_5_1_main,penalty_article_213_clause_5_1,main,fine,phạt tiền từ 200.000.000 đồng đến 1.000.000.000 đồng,,,200000000,1000000000,false,false
penalty_penalty_article_213_clause_5_2_main,penalty_article_213_clause_5_2,main,fine,phạt tiền từ 1.000.000.000 đồng đến 3.000.000.000 đồng,,,1000000000,3000000000,false,false
penalty_penalty_article_213_clause_5_3_main,penalty_article_213_clause_5_3,main,fine,phạt tiền từ 3.000.000.000 đồng đến 7.000.000.000 đồng,,,3000000000,7000000000,false,false
penalty_penalty_article_213_clause_5_point_a_1_main,penalty_article_213_clause_5_point_a_1,main,fine,phạt tiền từ 200.000.000 đồng đến 1.000.000.000 đồng,,,200000000,1000000000,false,false
penalty_penalty_article_213_clause_5_point_b_1_main,penalty_article_213_clause_5_point_b_1,main,fine,phạt tiền từ 1.000.000.000 đồng đến 3.000.000.000 đồng,,,1000000000,3000000000,false,false
penalty_penalty_article_213_clause_5_point_c_1_main,penalty_article_213_clause_5_point_c_1,main,fine,phạt tiền từ 3.000.000.000 đồng đến 7.000.000.000 đồng,,,3000000000,7000000000,false,false
penalty_penalty_article_214_clause_1_1_main,penalty_article_214_clause_1_1,main,imprisonment,phạt tù từ 03 tháng đến 02 năm,3,24,,,false,false
penalty_penalty_article_214_clause_1_2_main,penalty_article_214_clause_1_2,main,fine,phạt tiền từ 20.000.000 đồng đến 100.000.000 đồng,,,20000000,100000000,false,false
penalty_penalty_article_214_clause_2_1_main,penalty_article_214_clause_2_1,main,imprisonment,phạt tù từ 01 năm đến 05 năm,12,60,,,false,false
penalty_penalty_article_214_clause_2_2_main,penalty_article_214_clause_2_2,main,fine,phạt tiền từ 100.000.000 đồng đến 200.000.000 đồng,,,100000000,200000000,false,false
penalty_penalty_article_214_clause_3_1_main,penalty_article_214_clause_3_1,main,imprisonment,phạt tù từ 05 năm đến 10 năm,60,120,,,false,false
penalty_penalty_article_214_clause_4_1_main,penalty_article_214_clause_4_1,main,fine,phạt tiền từ 10.000.000 đồng đến 100.000.000 đồng,,,10000000,100000000,false,false
penalty_penalty_article_215_clause_1_1_main,penalty_article_215_clause_1_1,main,imprisonment,phạt tù từ 03 tháng đến 02 năm,3,24,,,false,false
penalty_penalty_article_215_clause_1_2_main,penalty_article_215_clause_1_2,main,fine,phạt tiền từ 20.000.000 đồng đến 100.000.000 đồng,,,20000000,100000000,false,false
penalty_penalty_article_215_clause_2_1_main,penalty_article_215_clause_2_1,main,imprisonment,phạt tù từ 01 năm đến 05 năm,12,60,,,false,false
penalty_penalty_article_215_clause_2_2_main,penalty_article_215_clause_2_2,main,fine,phạt tiền từ 100.000.000 đồng đến 200.000.000 đồng,,,100000000,200000000,false,false
penalty_penalty_article_215_clause_3_1_main,penalty_article_215_clause_3_1,main,imprisonment,phạt tù từ 05 năm đến 10 năm,60,120,,,false,false
penalty_penalty_article_215_clause_4_1_main,penalty_article_215_clause_4_1,main,fine,phạt tiền từ 10.000.000 đồng đến 100.000.000 đồng,,,10000000,100000000,false,false
penalty_penalty_article_216_clause_1_1_main,penalty_article_216_clause_1_1,main,imprisonment,phạt tù từ 03 tháng đến 01 năm,3,12,,,false,false
penalty_penalty_article_216_clause_1_2_main,penalty_article_216_clause_1_2,main,fine,phạt tiền từ 50.000.000 đồng đến 200.000.000 đồng,,,50000000,200000000,false,false
penalty_penalty_article_216_clause_2_1_main,penalty_article_216_clause_2_1,main,fine,phạt tiền từ 200.000.000 đồng đến 500.000.000 đồng,,,200000000,500000000,false,false
penalty_penalty_article_216_clause_3_1_main,penalty_article_216_clause_3_1,main,imprisonment,phạt tù từ 02 năm đến 07 năm,24,84,,,false,false
penalty_penalty_article_216_clause_3_2_main,penalty_article_216_clause_3_2,main,fine,phạt tiền từ 500.000.000 đồng đến 1.000.000.000 đồng,,,500000000,1000000000,false,false
penalty_penalty_article_216_clause_4_1_main,penalty_article_216_clause_4_1,main,fine,phạt tiền từ 20.000.000 đồng đến 100.000.000 đồng,,,20000000,100000000,false,false
penalty_penalty_article_216_clause_5_1_main,penalty_article_216_clause_5_1,main,fine,phạt tiền từ 200.000.000 đồng đến 500.000.000 đồng,,,200000000,500000000,false,false
penalty_penalty_article_216_clause_5_2_main,penalty_article_216_clause_5_2,main,fine,phạt tiền từ 500.000.000 đồng đến 1.000.000.000 đồng,,,500000000,1000000000,false,false
penalty_penalty_article_216_clause_5_3_main,penalty_article_216_clause_5_3,main,fine,phạt tiền từ 1.000.000.000 đồng đến 3.000.000.000 đồng,,,1000000000,3000000000,false,false
penalty_penalty_article_216_clause_5_point_a_1_main,penalty_article_216_clause_5_point_a_1,main,fine,phạt tiền từ 200.000.000 đồng đến 500.000.000 đồng,,,200000000,500000000,false,false
penalty_penalty_article_216_clause_5_point_b_1_main,penalty_article_216_clause_5_point_b_1,main,fine,phạt tiền từ 500.000.000 đồng đến 1.000.000.000 đồng,,,500000000,1000000000,false,false
penalty_penalty_article_216_clause_5_point_c_1_main,penalty_article_216_clause_5_point_c_1,main,fine,phạt tiền từ 1.000.000.000 đồng đến 3.000.000.000 đồng,,,1000000000,3000000000,false,false
penalty_penalty_article_217_clause_1_1_main,penalty_article_217_clause_1_1,main,imprisonment,phạt tù từ 03 tháng đến 02 năm,3,24,,,false,false
penalty_penalty_article_217_clause_1_2_main,penalty_article_217_clause_1_2,main,fine,phạt tiền từ 200.000.000 đồng đến 1.000.000.000 đồng,,,200000000,1000000000,false,false
penalty_penalty_article_217_clause_2_1_main,penalty_article_217_clause_2_1,main,imprisonment,phạt tù từ 01 năm đến 05 năm,12,60,,,false,false
penalty_penalty_article_217_clause_2_2_main,penalty_article_217_clause_2_2,main,fine,phạt tiền từ 1.000.000.000 đồng đến 3.000.000.000 đồng,,,1000000000,3000000000,false,false
penalty_penalty_article_217_clause_3_1_main,penalty_article_217_clause_3_1,main,fine,phạt tiền từ 50.000.000 đồng đến 200.000.000 đồng,,,50000000,200000000,false,false
penalty_penalty_article_217_clause_4_1_main,penalty_article_217_clause_4_1,main,fine,phạt tiền từ 1.000.000.000 đồng đến 3.000.000.000 đồng,,,1000000000,3000000000,false,false
penalty_penalty_article_217_clause_4_2_main,penalty_article_217_clause_4_2,main,fine,phạt tiền từ 3.000.000.000 đồng đến 5.000.000.000 đồng,,,3000000000,5000000000,false,false
penalty_penalty_article_217_clause_4_3_main,penalty_article_217_clause_4_3,main,fine,phạt tiền từ 100.000.000 đồng đến 500.000.000 đồng,,,100000000,500000000,false,false
penalty_penalty_article_217_clause_4_point_a_1_main,penalty_article_217_clause_4_point_a_1,main,fine,phạt tiền từ 1.000.000.000 đồng đến 3.000.000.000 đồng,,,1000000000,3000000000,false,false
penalty_penalty_article_217_clause_4_point_b_1_main,penalty_article_217_clause_4_point_b_1,main,fine,phạt tiền từ 3.000.000.000 đồng đến 5.000.000.000 đồng,,,3000000000,5000000000,false,false
penalty_penalty_article_217_clause_4_point_c_1_main,penalty_article_217_clause_4_point_c_1,main,fine,phạt tiền từ 100.000.000 đồng đến 500.000.000 đồng,,,100000000,500000000,false,false
penalty_penalty_article_217a_clause_1_1_main,penalty_article_217a_clause_1_1,main,imprisonment,phạt tù từ 06 tháng đến 02 năm,6,24,,,false,false
penalty_penalty_article_217a_clause_1_2_main,penalty_article_217a_clause_1_2,main,fine,phạt tiền từ 500.000.000 đồng đến 1.000.000.000 đồng,,,500000000,1000000000,false,false
penalty_penalty_article_217a_clause_2_1_main,penalty_article_217a_clause_2_1,main,imprisonment,phạt tù từ 01 năm đến 05 năm,12,60,,,false,false
penalty_penalty_article_217a_clause_2_2_main,penalty_article_217a_clause_2_2,main,fine,phạt tiền từ 1.000.000.000 đồng đến 5.000.000.000 đồng,,,1000000000,5000000000,false,false
penalty_penalty_article_217a_clause_3_1_main,penalty_article_217a_clause_3_1,main,fine,phạt tiền từ 100.000.000 đồng đến 500.000.000 đồng,,,100000000,500000000,false,false
penalty_penalty_article_218_clause_1_1_main,penalty_article_218_clause_1_1,main,imprisonment,phạt tù từ 03 tháng đến 02 năm,3,24,,,false,false
penalty_penalty_article_218_clause_1_2_main,penalty_article_218_clause_1_2,main,fine,phạt tiền từ 20.000.000 đồng đến 200.000.000 đồng,,,20000000,200000000,false,false
penalty_penalty_article_218_clause_2_1_main,penalty_article_218_clause_2_1,main,imprisonment,phạt tù từ 01 năm đến 05 năm,12,60,,,false,false
penalty_penalty_article_218_clause_2_2_main,penalty_article_218_clause_2_2,main,fine,phạt tiền từ 200.000.000 đồng đến 1.000.000.000 đồng,,,200000000,1000000000,false,false
penalty_penalty_article_218_clause_3_1_main,penalty_article_218_clause_3_1,main,fine,phạt tiền từ 10.000.000 đồng đến 50.000.000 đồng,,,10000000,50000000,false,false
penalty_penalty_article_219_clause_1_1_main,penalty_article_219_clause_1_1,main,imprisonment,phạt tù từ 01 năm đến 05 năm,12,60,,,false,false
penalty_penalty_article_219_clause_2_1_main,penalty_article_219_clause_2_1,main,imprisonment,phạt tù từ 03 năm đến 12 năm,36,144,,,false,false
penalty_penalty_article_219_clause_3_1_main,penalty_article_219_clause_3_1,main,imprisonment,phạt tù từ 10 năm đến 20 năm,120,240,,,false,false
penalty_penalty_article_220_clause_1_1_main,penalty_article_220_clause_1_1,main,imprisonment,phạt tù từ 01 năm đến 05 năm,12,60,,,false,false
penalty_penalty_article_220_clause_2_1_main,penalty_article_220_clause_2_1,main,imprisonment,phạt tù từ 03 năm đến 12 năm,36,144,,,false,false
penalty_penalty_article_220_clause_3_1_main,penalty_article_220_clause_3_1,main,imprisonment,phạt tù từ 10 năm đến 20 năm,120,240,,,false,false
penalty_penalty_article_221_clause_1_1_main,penalty_article_221_clause_1_1,main,imprisonment,phạt tù từ 01 năm đến 05 năm,12,60,,,false,false
penalty_penalty_article_221_clause_2_1_main,penalty_article_221_clause_2_1,main,imprisonment,phạt tù từ 03 năm đến 12 năm,36,144,,,false,false
penalty_penalty_article_221_clause_3_1_main,penalty_article_221_clause_3_1,main,imprisonment,phạt tù từ 10 năm đến 20 năm,120,240,,,false,false
penalty_penalty_article_222_clause_1_1_main,penalty_article_222_clause_1_1,main,imprisonment,phạt tù từ 01 năm đến 05 năm,12,60,,,false,false
penalty_penalty_article_222_clause_2_1_main,penalty_article_222_clause_2_1,main,imprisonment,phạt tù từ 03 năm đến 12 năm,36,144,,,false,false
penalty_penalty_article_222_clause_3_1_main,penalty_article_222_clause_3_1,main,imprisonment,phạt tù từ 10 năm đến 20 năm,120,240,,,false,false
penalty_penalty_article_223_clause_1_1_main,penalty_article_223_clause_1_1,main,imprisonment,phạt tù từ 01 năm đến 05 năm,12,60,,,false,false
penalty_penalty_article_223_clause_2_1_main,penalty_article_223_clause_2_1,main,imprisonment,phạt tù từ 03 năm đến 12 năm,36,144,,,false,false
penalty_penalty_article_223_clause_3_1_main,penalty_article_223_clause_3_1,main,imprisonment,phạt tù từ 10 năm đến 20 năm,120,240,,,false,false
penalty_penalty_article_224_clause_1_1_main,penalty_article_224_clause_1_1,main,imprisonment,phạt tù từ 01 năm đến 05 năm,12,60,,,false,false
penalty_penalty_article_224_clause_2_1_main,penalty_article_224_clause_2_1,main,imprisonment,phạt tù từ 03 năm đến 12 năm,36,144,,,false,false
penalty_penalty_article_224_clause_3_1_main,penalty_article_224_clause_3_1,main,imprisonment,phạt tù từ 10 năm đến 20 năm,120,240,,,false,false
penalty_penalty_article_225_clause_1_1_main,penalty_article_225_clause_1_1,main,fine,phạt tiền từ 50.000.000 đồng đến 300.000.000 đồng,,,50000000,300000000,false,false
penalty_penalty_article_225_clause_2_1_main,penalty_article_225_clause_2_1,main,imprisonment,phạt tù từ 06 tháng đến 03 năm,6,36,,,false,false
penalty_penalty_article_225_clause_2_2_main,penalty_article_225_clause_2_2,main,fine,phạt tiền từ 300.000.000 đồng đến 1.000.000.000 đồng,,,300000000,1000000000,false,false
penalty_penalty_article_225_clause_3_1_main,penalty_article_225_clause_3_1,main,fine,phạt tiền từ 20.000.000 đồng đến 200.000.000 đồng,,,20000000,200000000,false,false
penalty_penalty_article_225_clause_4_1_main,penalty_article_225_clause_4_1,main,fine,phạt tiền từ 300.000.000 đồng đến 1.000.000.000 đồng,,,300000000,1000000000,false,false
penalty_penalty_article_225_clause_4_2_main,penalty_article_225_clause_4_2,main,fine,phạt tiền từ 1.000.000.000 đồng đến 3.000.000.000 đồng,,,1000000000,3000000000,false,false
penalty_penalty_article_225_clause_4_3_main,penalty_article_225_clause_4_3,main,fine,phạt tiền từ 100.000.000 đồng đến 300.000.000 đồng,,,100000000,300000000,false,false
penalty_penalty_article_225_clause_4_point_a_1_main,penalty_article_225_clause_4_point_a_1,main,fine,phạt tiền từ 300.000.000 đồng đến 1.000.000.000 đồng,,,300000000,1000000000,false,false
penalty_penalty_article_225_clause_4_point_b_1_main,penalty_article_225_clause_4_point_b_1,main,fine,phạt tiền từ 1.000.000.000 đồng đến 3.000.000.000 đồng,,,1000000000,3000000000,false,false
penalty_penalty_article_225_clause_4_point_c_1_main,penalty_article_225_clause_4_point_c_1,main,fine,phạt tiền từ 100.000.000 đồng đến 300.000.000 đồng,,,100000000,300000000,false,false
penalty_penalty_article_226_clause_1_1_main,penalty_article_226_clause_1_1,main,fine,phạt tiền từ 50.000.000 đồng đến 500.000.000 đồng,,,50000000,500000000,false,false
penalty_penalty_article_226_clause_2_1_main,penalty_article_226_clause_2_1,main,imprisonment,phạt tù từ 06 tháng đến 03 năm,6,36,,,false,false
penalty_penalty_article_226_clause_2_2_main,penalty_article_226_clause_2_2,main,fine,phạt tiền từ 500.000.000 đồng đến 1.000.000.000 đồng,,,500000000,1000000000,false,false
penalty_penalty_article_226_clause_3_1_main,penalty_article_226_clause_3_1,main,fine,phạt tiền từ 20.000.000 đồng đến 200.000.000 đồng,,,20000000,200000000,false,false
penalty_penalty_article_226_clause_4_1_main,penalty_article_226_clause_4_1,main,fine,phạt tiền từ 500.000.000 đồng đến 2.000.000.000 đồng,,,500000000,2000000000,false,false
penalty_penalty_article_226_clause_4_2_main,penalty_article_226_clause_4_2,main,fine,phạt tiền từ 2.000.000.000 đồng đến 5.000.000.000 đồng,,,2000000000,5000000000,false,false
penalty_penalty_article_226_clause_4_3_main,penalty_article_226_clause_4_3,main,fine,phạt tiền từ 100.000.000 đồng đến 500.000.000 đồng,,,100000000,500000000,false,false
penalty_penalty_article_226_clause_4_point_a_1_main,penalty_article_226_clause_4_point_a_1,main,fine,phạt tiền từ 500.000.000 đồng đến 2.000.000.000 đồng,,,500000000,2000000000,false,false
penalty_penalty_article_226_clause_4_point_b_1_main,penalty_article_226_clause_4_point_b_1,main,fine,phạt tiền từ 2.000.000.000 đồng đến 5.000.000.000 đồng,,,2000000000,5000000000,false,false
penalty_penalty_article_226_clause_4_point_c_1_main,penalty_article_226_clause_4_point_c_1,main,fine,phạt tiền từ 100.000.000 đồng đến 500.000.000 đồng,,,100000000,500000000,false,false
penalty_penalty_article_227_clause_1_1_main,penalty_article_227_clause_1_1,main,imprisonment,phạt tù từ 06 tháng đến 03 năm,6,36,,,false,false
penalty_penalty_article_227_clause_1_2_main,penalty_article_227_clause_1_2,main,fine,phạt tiền từ 300.000.000 đồng đến 1.500.000.000 đồng,,,300000000,1500000000,false,false
penalty_penalty_article_227_clause_2_1_main,penalty_article_227_clause_2_1,main,imprisonment,phạt tù từ 02 năm đến 07 năm,24,84,,,false,false
penalty_penalty_article_227_clause_2_2_main,penalty_article_227_clause_2_2,main,fine,phạt tiền từ 1.500.000.000 đồng đến 5.000.000.000 đồng,,,1500000000,5000000000,false,false
penalty_penalty_article_227_clause_3_1_main,penalty_article_227_clause_3_1,main,fine,phạt tiền từ 50.000.000 đồng đến 500.000.000 đồng,,,50000000,500000000,false,false
penalty_penalty_article_227_clause_4_1_main,penalty_article_227_clause_4_1,main,fine,phạt tiền từ 1.500.000.000 đồng đến 3.000.000.000 đồng,,,1500000000,3000000000,false,false
penalty_penalty_article_227_clause_4_2_main,penalty_article_227_clause_4_2,main,fine,phạt tiền từ 3.000.000.000 đồng đến 7.000.000.000 đồng,,,3000000000,7000000000,false,false
penalty_penalty_article_227_clause_4_3_main,penalty_article_227_clause_4_3,main,fine,phạt tiền từ 100.000.000 đồng đến 500.000.000 đồng,,,100000000,500000000,false,false
penalty_penalty_article_227_clause_4_point_a_1_main,penalty_article_227_clause_4_point_a_1,main,fine,phạt tiền từ 1.500.000.000 đồng đến 3.000.000.000 đồng,,,1500000000,3000000000,false,false
penalty_penalty_article_227_clause_4_point_b_1_main,penalty_article_227_clause_4_point_b_1,main,fine,phạt tiền từ 3.000.000.000 đồng đến 7.000.000.000 đồng,,,3000000000,7000000000,false,false
penalty_penalty_article_227_clause_4_point_c_1_main,penalty_article_227_clause_4_point_c_1,main,fine,phạt tiền từ 100.000.000 đồng đến 500.000.000 đồng,,,100000000,500000000,false,false
penalty_penalty_article_228_clause_1_1_main,penalty_article_228_clause_1_1,main,imprisonment,phạt tù từ 06 tháng đến 03 năm,6,36,,,false,false
penalty_penalty_article_228_clause_1_2_main,penalty_article_228_clause_1_2,main,fine,phạt tiền từ 50.000.000 đồng đến 500.000.000 đồng,,,50000000,500000000,false,false
penalty_penalty_article_228_clause_2_1_main,penalty_article_228_clause_2_1,main,imprisonment,phạt tù từ 02 năm đến 07 năm,24,84,,,false,false
penalty_penalty_article_228_clause_2_2_main,penalty_article_228_clause_2_2,main,fine,phạt tiền từ 500.000.000 đồng đến 2.000.000.000 đồng,,,500000000,2000000000,false,false
penalty_penalty_article_228_clause_3_1_main,penalty_article_228_clause_3_1,main,fine,phạt tiền từ 10.000.000 đồng đến 50.000.000 đồng,,,10000000,50000000,false,false
penalty_penalty_article_229_clause_1_1_main,penalty_article_229_clause_1_1,main,imprisonment,phạt tù từ 06 tháng đến 03 năm,6,36,,,false,false
penalty_penalty_article_229_clause_2_1_main,penalty_article_229_clause_2_1,main,imprisonment,phạt tù từ 02 năm đến 07 năm,24,84,,,false,false
penalty_penalty_article_229_clause_3_1_main,penalty_article_229_clause_3_1,main,imprisonment,phạt tù từ 05 năm đến 12 năm,60,144,,,false,false
penalty_penalty_article_229_clause_4_1_main,penalty_article_229_clause_4_1,main,fine,phạt tiền từ 10.000.000 đồng đến 150.000.000 đồng,,,10000000,150000000,false,false
penalty_penalty_article_230_clause_1_1_main,penalty_article_230_clause_1_1,main,imprisonment,phạt tù từ 01 năm đến 05 năm,12,60,,,false,false
penalty_penalty_article_230_clause_2_1_main,penalty_article_230_clause_2_1,main,imprisonment,phạt tù từ 03 năm đến 12 năm,36,144,,,false,false
penalty_penalty_article_230_clause_3_1_main,penalty_article_230_clause_3_1,main,imprisonment,phạt tù từ 10 năm đến 20 năm,120,240,,,false,false
penalty_penalty_article_231_clause_1_1_main,penalty_article_231_clause_1_1,main,fine,phạt tiền từ 50.000.000 đồng đến 200.000.000 đồng,,,50000000,200000000,false,false
penalty_penalty_article_231_clause_2_1_main,penalty_article_231_clause_2_1,main,imprisonment,phạt tù từ 01 năm đến 05 năm,12,60,,,false,false
penalty_penalty_article_231_clause_2_2_main,penalty_article_231_clause_2_2,main,fine,phạt tiền từ 200.000.000 đồng đến 1.000.000.000 đồng,,,200000000,1000000000,false,false
penalty_penalty_article_232_clause_1_1_main,penalty_article_232_clause_1_1,main,imprisonment,phạt tù từ 06 tháng đến 03 năm,6,36,,,false,false
penalty_penalty_article_232_clause_1_2_main,penalty_article_232_clause_1_2,main,fine,phạt tiền từ 50.000.000 đồng đến 300.000.000 đồng,,,50000000,300000000,false,false
penalty_penalty_article_232_clause_2_1_main,penalty_article_232_clause_2_1,main,imprisonment,phạt tù từ 02 năm đến 07 năm,24,84,,,false,false
penalty_penalty_article_232_clause_2_2_main,penalty_article_232_clause_2_2,main,fine,phạt tiền từ 300.000.000 đồng đến 1.500.000.000 đồng,,,300000000,1500000000,false,false
penalty_penalty_article_232_clause_3_1_main,penalty_article_232_clause_3_1,main,imprisonment,phạt tù từ 05 năm đến 10 năm,60,120,,,false,false
penalty_penalty_article_232_clause_4_1_main,penalty_article_232_clause_4_1,main,fine,phạt tiền từ 10.000.000 đồng đến 50.000.000 đồng,,,10000000,50000000,false,false
penalty_penalty_article_232_clause_5_1_main,penalty_article_232_clause_5_1,main,fine,phạt tiền từ 300.000.000 đồng đến 1.000.000.000 đồng,,,300000000,1000000000,false,false
penalty_penalty_article_232_clause_5_2_main,penalty_article_232_clause_5_2,main,fine,phạt tiền từ 1.000.000.000 đồng đến 3.000.000.000 đồng,,,1000000000,3000000000,false,false
penalty_penalty_article_232_clause_5_3_main,penalty_article_232_clause_5_3,main,fine,phạt tiền từ 3.000.000.000 đồng đến 6.000.000.000 đồng,,,3000000000,6000000000,false,false
penalty_penalty_article_232_clause_5_4_main,penalty_article_232_clause_5_4,main,fine,phạt tiền từ 100.000.000 đồng đến 500.000.000 đồng,,,100000000,500000000,false,false
penalty_penalty_article_232_clause_5_point_a_1_main,penalty_article_232_clause_5_point_a_1,main,fine,phạt tiền từ 300.000.000 đồng đến 1.000.000.000 đồng,,,300000000,1000000000,false,false
penalty_penalty_article_232_clause_5_point_b_1_main,penalty_article_232_clause_5_point_b_1,main,fine,phạt tiền từ 1.000.000.000 đồng đến 3.000.000.000 đồng,,,1000000000,3000000000,false,false
penalty_penalty_article_232_clause_5_point_c_1_main,penalty_article_232_clause_5_point_c_1,main,fine,phạt tiền từ 3.000.000.000 đồng đến 6.000.000.000 đồng,,,3000000000,6000000000,false,false
penalty_penalty_article_232_clause_5_point_d_1_main,penalty_article_232_clause_5_point_d_1,main,fine,phạt tiền từ 100.000.000 đồng đến 500.000.000 đồng,,,100000000,500000000,false,false
penalty_penalty_article_233_clause_1_1_main,penalty_article_233_clause_1_1,main,imprisonment,phạt tù từ 06 tháng đến 03 năm,6,36,,,false,false
penalty_penalty_article_233_clause_2_1_main,penalty_article_233_clause_2_1,main,imprisonment,phạt tù từ 02 năm đến 07 năm,24,84,,,false,false
penalty_penalty_article_233_clause_3_1_main,penalty_article_233_clause_3_1,main,imprisonment,phạt tù từ 05 năm đến 12 năm,60,144,,,false,false
penalty_penalty_article_233_clause_4_1_main,penalty_article_233_clause_4_1,main,fine,phạt tiền từ 10.000.000 đồng đến 100.000.000 đồng,,,10000000,100000000,false,false
penalty_penalty_article_234_clause_1_1_main,penalty_article_234_clause_1_1,main,imprisonment,phạt tù từ 06 tháng đến 03 năm,6,36,,,false,false
penalty_penalty_article_234_clause_1_2_main,penalty_article_234_clause_1_2,main,fine,phạt tiền từ 50.000.000 đồng đến 300.000.000 đồng,,,50000000,300000000,false,false
penalty_penalty_article_234_clause_2_1_main,penalty_article_234_clause_2_1,main,imprisonment,phạt tù từ 03 năm đến 07 năm,36,84,,,false,false
penalty_penalty_article_234_clause_2_2_main,penalty_article_234_clause_2_2,main,fine,phạt tiền từ 300.000.000 đồng đến 1.500.000.000 đồng,,,300000000,1500000000,false,false
penalty_penalty_article_234_clause_3_1_main,penalty_article_234_clause_3_1,main,imprisonment,phạt tù từ 07 năm đến 12 năm,84,144,,,false,false
penalty_penalty_article_234_clause_4_1_main,penalty_article_234_clause_4_1,main,fine,phạt tiền từ 50.000.000 đồng đến 200.000.000 đồng,,,50000000,200000000,false,false
penalty_penalty_article_234_clause_5_1_main,penalty_article_234_clause_5_1,main,fine,phạt tiền từ 300.000.000 đồng đến 1.000.000.000 đồng,,,300000000,1000000000,false,false
penalty_penalty_article_234_clause_5_2_main,penalty_article_234_clause_5_2,main,fine,phạt tiền từ 1.000.000.000 đồng đến 3.000.000.000 đồng,,,1000000000,3000000000,false,false
penalty_penalty_article_234_clause_5_3_main,penalty_article_234_clause_5_3,main,fine,phạt tiền từ 3.000.000.000 đồng đến 6.000.000.000 đồng,,,3000000000,6000000000,false,false
penalty_penalty_article_234_clause_5_4_main,penalty_article_234_clause_5_4,main,fine,phạt tiền từ 50.000.000 đồng đến 200.000.000 đồng,,,50000000,200000000,false,false
penalty_penalty_article_234_clause_5_point_a_1_main,penalty_article_234_clause_5_point_a_1,main,fine,phạt tiền từ 300.000.000 đồng đến 1.000.000.000 đồng,,,300000000,1000000000,false,false
penalty_penalty_article_234_clause_5_point_b_1_main,penalty_article_234_clause_5_point_b_1,main,fine,phạt tiền từ 1.000.000.000 đồng đến 3.000.000.000 đồng,,,1000000000,3000000000,false,false
penalty_penalty_article_234_clause_5_point_c_1_main,penalty_article_234_clause_5_point_c_1,main,fine,phạt tiền từ 3.000.000.000 đồng đến 6.000.000.000 đồng,,,3000000000,6000000000,false,false
penalty_penalty_article_234_clause_5_point_d_1_main,penalty_article_234_clause_5_point_d_1,main,fine,phạt tiền từ 50.000.000 đồng đến 200.000.000 đồng,,,50000000,200000000,false,false
penalty_penalty_article_235_clause_1_1_main,penalty_article_235_clause_1_1,main,imprisonment,phạt tù từ 02 năm đến 03 năm,24,36,,,false,false
penalty_penalty_article_235_clause_1_2_main,penalty_article_235_clause_1_2,main,fine,phạt tiền từ 100.000.000 đồng đến 1.000.000.000 đồng,,,100000000,1000000000,false,false
penalty_penalty_article_235_clause_2_1_main,penalty_article_235_clause_2_1,main,imprisonment,phạt tù từ 03 năm đến 05 năm,36,60,,,false,false
penalty_penalty_article_235_clause_2_2_main,penalty_article_235_clause_2_2,main,fine,phạt tiền từ 1.000.000.000 đồng đến 2.000.000.000 đồng,,,1000000000,2000000000,false,false
penalty_penalty_article_235_clause_3_1_main,penalty_article_235_clause_3_1,main,imprisonment,phạt tù từ 05 năm đến 07 năm,60,84,,,false,false
penalty_penalty_article_235_clause_3_2_main,penalty_article_235_clause_3_2,main,fine,phạt tiền từ 2.000.000.000 đồng đến 6.000.000.000 đồng,,,2000000000,6000000000,false,false
penalty_penalty_article_235_clause_4_1_main,penalty_article_235_clause_4_1,main,fine,phạt tiền từ 60.000.000 đồng đến 400.000.000 đồng,,,60000000,400000000,false,false
penalty_penalty_article_235_clause_5_1_main,penalty_article_235_clause_5_1,main,fine,phạt tiền từ 6.000.000.000 đồng đến 14.000.000.000 đồng,,,6000000000,14000000000,false,false
penalty_penalty_article_235_clause_5_2_main,penalty_article_235_clause_5_2,main,fine,phạt tiền từ 14.000.000.000 đồng đến 24.000.000.000 đồng,,,14000000000,24000000000,false,false
penalty_penalty_article_235_clause_5_3_main,penalty_article_235_clause_5_3,main,fine,phạt tiền từ 24.000.000.000 đồng đến 40.000.000.000 đồng,,,24000000000,40000000000,false,false
penalty_penalty_article_235_clause_5_4_main,penalty_article_235_clause_5_4,main,fine,phạt tiền từ 2.000.000.000 đồng đến 10.000.000.000 đồng,,,2000000000,10000000000,false,false
penalty_penalty_article_235_clause_5_point_a_1_main,penalty_article_235_clause_5_point_a_1,main,fine,phạt tiền từ 6.000.000.000 đồng đến 14.000.000.000 đồng,,,6000000000,14000000000,false,false
penalty_penalty_article_235_clause_5_point_b_1_main,penalty_article_235_clause_5_point_b_1,main,fine,phạt tiền từ 14.000.000.000 đồng đến 24.000.000.000 đồng,,,14000000000,24000000000,false,false
penalty_penalty_article_235_clause_5_point_c_1_main,penalty_article_235_clause_5_point_c_1,main,fine,phạt tiền từ 24.000.000.000 đồng đến 40.000.000.000 đồng,,,24000000000,40000000000,false,false
penalty_penalty_article_235_clause_5_point_d_1_main,penalty_article_235_clause_5_point_d_1,main,fine,phạt tiền từ 2.000.000.000 đồng đến 10.000.000.000 đồng,,,2000000000,10000000000,false,false
penalty_penalty_article_236_clause_1_1_main,penalty_article_236_clause_1_1,main,imprisonment,phạt tù từ 02 năm đến 03 năm,24,36,,,false,false
penalty_penalty_article_236_clause_1_2_main,penalty_article_236_clause_1_2,main,fine,phạt tiền từ 100.000.000 đồng đến 400.000.000 đồng,,,100000000,400000000,false,false
penalty_penalty_article_236_clause_2_1_main,penalty_article_236_clause_2_1,main,imprisonment,phạt tù từ 03 năm đến 05 năm,36,60,,,false,false
penalty_penalty_article_236_clause_2_2_main,penalty_article_236_clause_2_2,main,fine,phạt tiền từ 400.000.000 đồng đến 2.000.000.000 đồng,,,400000000,2000000000,false,false
penalty_penalty_article_236_clause_3_1_main,penalty_article_236_clause_3_1,main,imprisonment,phạt tù từ 05 năm đến 10 năm,60,120,,,false,false
penalty_penalty_article_236_clause_4_1_main,penalty_article_236_clause_4_1,main,fine,phạt tiền từ 20.000.000 đồng đến 300.000.000 đồng,,,20000000,300000000,false,false
penalty_penalty_article_237_clause_1_1_main,penalty_article_237_clause_1_1,main,imprisonment,phạt tù từ 06 tháng đến 03 năm,6,36,,,false,false
penalty_penalty_article_237_clause_1_2_main,penalty_article_237_clause_1_2,main,fine,phạt tiền từ 100.000.000 đồng đến 1.000.000.000 đồng,,,100000000,1000000000,false,false
penalty_penalty_article_237_clause_2_1_main,penalty_article_237_clause_2_1,main,imprisonment,phạt tù từ 02 năm đến 07 năm,24,84,,,false,false
penalty_penalty_article_237_clause_2_2_main,penalty_article_237_clause_2_2,main,fine,phạt tiền từ 1.000.000.000 đồng đến 4.000.000.000 đồng,,,1000000000,4000000000,false,false
penalty_penalty_article_237_clause_3_1_main,penalty_article_237_clause_3_1,main,imprisonment,phạt tù từ 05 năm đến 10 năm,60,120,,,false,false
penalty_penalty_article_237_clause_4_1_main,penalty_article_237_clause_4_1,main,fine,phạt tiền từ 20.000.000 đồng đến 100.000.000 đồng,,,20000000,100000000,false,false
penalty_penalty_article_237_clause_5_1_main,penalty_article_237_clause_5_1,main,fine,phạt tiền từ 2.000.000.000 đồng đến 6.000.000.000 đồng,,,2000000000,6000000000,false,false
penalty_penalty_article_237_clause_5_2_main,penalty_article_237_clause_5_2,main,fine,phạt tiền từ 6.000.000.000 đồng đến 10.000.000.000 đồng,,,6000000000,10000000000,false,false
penalty_penalty_article_237_clause_5_3_main,penalty_article_237_clause_5_3,main,fine,phạt tiền từ 10.000.000.000 đồng đến 20.000.000.000 đồng,,,10000000000,20000000000,false,false
penalty_penalty_article_237_clause_5_4_main,penalty_article_237_clause_5_4,main,fine,phạt tiền từ 200.000.000 đồng đến 1.000.000.000 đồng,,,200000000,1000000000,false,false
penalty_penalty_article_237_clause_5_point_a_1_main,penalty_article_237_clause_5_point_a_1,main,fine,phạt tiền từ 2.000.000.000 đồng đến 6.000.000.000 đồng,,,2000000000,6000000000,false,false
penalty_penalty_article_237_clause_5_point_b_1_main,penalty_article_237_clause_5_point_b_1,main,fine,phạt tiền từ 6.000.000.000 đồng đến 10.000.000.000 đồng,,,6000000000,10000000000,false,false
penalty_penalty_article_237_clause_5_point_c_1_main,penalty_article_237_clause_5_point_c_1,main,fine,phạt tiền từ 10.000.000.000 đồng đến 20.000.000.000 đồng,,,10000000000,20000000000,false,false
penalty_penalty_article_237_clause_5_point_d_1_main,penalty_article_237_clause_5_point_d_1,main,fine,phạt tiền từ 200.000.000 đồng đến 1.000.000.000 đồng,,,200000000,1000000000,false,false
penalty_penalty_article_238_clause_1_1_main,penalty_article_238_clause_1_1,main,imprisonment,phạt tù từ 03 tháng đến 02 năm,3,24,,,false,false
penalty_penalty_article_238_clause_1_2_main,penalty_article_238_clause_1_2,main,fine,phạt tiền từ 100.000.000 đồng đến 600.000.000 đồng,,,100000000,600000000,false,false
penalty_penalty_article_238_clause_2_1_main,penalty_article_238_clause_2_1,main,imprisonment,phạt tù từ 02 năm đến 07 năm,24,84,,,false,false
penalty_penalty_article_238_clause_2_2_main,penalty_article_238_clause_2_2,main,fine,phạt tiền từ 600.000.000 đồng đến 4.000.000.000 đồng,,,600000000,4000000000,false,false
penalty_penalty_article_238_clause_3_1_main,penalty_article_238_clause_3_1,main,imprisonment,phạt tù từ 05 năm đến 10 năm,60,120,,,false,false
penalty_penalty_article_238_clause_4_1_main,penalty_article_238_clause_4_1,main,fine,phạt tiền từ 20.000.000 đồng đến 100.000.000 đồng,,,20000000,100000000,false,false
penalty_penalty_article_238_clause_5_1_main,penalty_article_238_clause_5_1,main,fine,phạt tiền từ 600.000.000 đồng đến 2.000.000.000 đồng,,,600000000,2000000000,false,false
penalty_penalty_article_238_clause_5_2_main,penalty_article_238_clause_5_2,main,fine,phạt tiền từ 2.000.000.000 đồng đến 6.000.000.000 đồng,,,2000000000,6000000000,false,false
penalty_penalty_article_238_clause_5_3_main,penalty_article_238_clause_5_3,main,fine,phạt tiền từ 6.000.000.000 đồng đến 10.000.000.000 đồng,,,6000000000,10000000000,false,false
penalty_penalty_article_238_clause_5_4_main,penalty_article_238_clause_5_4,main,fine,phạt tiền từ 200.000.000 đồng đến 1.000.000.000 đồng,,,200000000,1000000000,false,false
penalty_penalty_article_238_clause_5_point_a_1_main,penalty_article_238_clause_5_point_a_1,main,fine,phạt tiền từ 600.000.000 đồng đến 2.000.000.000 đồng,,,600000000,2000000000,false,false
penalty_penalty_article_238_clause_5_point_b_1_main,penalty_article_238_clause_5_point_b_1,main,fine,phạt tiền từ 2.000.000.000 đồng đến 6.000.000.000 đồng,,,2000000000,6000000000,false,false
penalty_penalty_article_238_clause_5_point_c_1_main,penalty_article_238_clause_5_point_c_1,main,fine,phạt tiền từ 6.000.000.000 đồng đến 10.000.000.000 đồng,,,6000000000,10000000000,false,false
penalty_penalty_article_238_clause_5_point_d_1_main,penalty_article_238_clause_5_point_d_1,main,fine,phạt tiền từ 200.000.000 đồng đến 1.000.000.000 đồng,,,200000000,1000000000,false,false
penalty_penalty_article_239_clause_1_1_main,penalty_article_239_clause_1_1,main,imprisonment,phạt tù từ 06 tháng đến 03 năm,6,36,,,false,false
penalty_penalty_article_239_clause_1_2_main,penalty_article_239_clause_1_2,main,fine,phạt tiền từ 400.000.000 đồng đến 2.000.000.000 đồng,,,400000000,2000000000,false,false
penalty_penalty_article_239_clause_2_1_main,penalty_article_239_clause_2_1,main,imprisonment,phạt tù từ 02 năm đến 07 năm,24,84,,,false,false
penalty_penalty_article_239_clause_2_2_main,penalty_article_239_clause_2_2,main,fine,phạt tiền từ 2.000.000.000 đồng đến 4.000.000.000 đồng,,,2000000000,4000000000,false,false
penalty_penalty_article_239_clause_3_1_main,penalty_article_239_clause_3_1,main,imprisonment,phạt tù từ 05 năm đến 10 năm,60,120,,,false,false
penalty_penalty_article_239_clause_3_2_main,penalty_article_239_clause_3_2,main,fine,phạt tiền từ 4.000.000.000 đồng đến 10.000.000.000 đồng,,,4000000000,10000000000,false,false
penalty_penalty_article_239_clause_4_1_main,penalty_article_239_clause_4_1,main,fine,phạt tiền từ 100.000.000 đồng đến 400.000.000 đồng,,,100000000,400000000,false,false
penalty_penalty_article_239_clause_5_1_main,penalty_article_239_clause_5_1,main,fine,phạt tiền từ 2.000.000.000 đồng đến 6.000.000.000 đồng,,,2000000000,6000000000,false,false
penalty_penalty_article_239_clause_5_2_main,penalty_article_239_clause_5_2,main,fine,phạt tiền từ 6.000.000.000 đồng đến 10.000.000.000 đồng,,,6000000000,10000000000,false,false
penalty_penalty_article_239_clause_5_3_main,penalty_article_239_clause_5_3,main,fine,phạt tiền từ 200.000.000 đồng đến 1.000.000.000 đồng,,,200000000,1000000000,false,false
penalty_penalty_article_239_clause_5_point_a_1_main,penalty_article_239_clause_5_point_a_1,main,fine,phạt tiền từ 2.000.000.000 đồng đến 6.000.000.000 đồng,,,2000000000,6000000000,false,false
penalty_penalty_article_239_clause_5_point_b_1_main,penalty_article_239_clause_5_point_b_1,main,fine,phạt tiền từ 6.000.000.000 đồng đến 10.000.000.000 đồng,,,6000000000,10000000000,false,false
penalty_penalty_article_239_clause_5_point_d_1_main,penalty_article_239_clause_5_point_d_1,main,fine,phạt tiền từ 200.000.000 đồng đến 1.000.000.000 đồng,,,200000000,1000000000,false,false
penalty_penalty_article_240_clause_1_1_main,penalty_article_240_clause_1_1,main,imprisonment,phạt tù từ 01 năm đến 05 năm,12,60,,,false,false
penalty_penalty_article_240_clause_1_2_main,penalty_article_240_clause_1_2,main,fine,phạt tiền từ 100.000.000 đồng đến 400.000.000 đồng,,,100000000,400000000,false,false
penalty_penalty_article_240_clause_2_1_main,penalty_article_240_clause_2_1,main,imprisonment,phạt tù từ 05 năm đến 10 năm,60,120,,,false,false
penalty_penalty_article_240_clause_3_1_main,penalty_article_240_clause_3_1,main,imprisonment,phạt tù từ 10 năm đến 12 năm,120,144,,,false,false
penalty_penalty_article_240_clause_4_1_main,penalty_article_240_clause_4_1,main,fine,phạt tiền từ 40.000.000 đồng đến 200.000.000 đồng,,,40000000,200000000,false,false
penalty_penalty_article_241_clause_1_1_main,penalty_article_241_clause_1_1,main,imprisonment,phạt tù từ 06 tháng đến 02 năm,6,24,,,false,false
penalty_penalty_article_241_clause_1_2_main,penalty_article_241_clause_1_2,main,fine,phạt tiền từ 100.000.000 đồng đến 400.000.000 đồng,,,100000000,400000000,false,false
penalty_penalty_article_241_clause_2_1_main,penalty_article_241_clause_2_1,main,imprisonment,phạt tù từ 02 năm đến 05 năm,24,60,,,false,false
penalty_penalty_article_241_clause_3_1_main,penalty_article_241_clause_3_1,main,imprisonment,phạt tù từ 03 năm đến 07 năm,36,84,,,false,false
penalty_penalty_article_241_clause_4_1_main,penalty_article_241_clause_4_1,main,fine,phạt tiền từ 40.000.000 đồng đến 200.000.000 đồng,,,40000000,200000000,false,false
penalty_penalty_article_242_clause_1_1_main,penalty_article_242_clause_1_1,main,imprisonment,phạt tù từ 06 tháng đến 03 năm,6,36,,,false,false
penalty_penalty_article_242_clause_1_2_main,penalty_article_242_clause_1_2,main,fine,phạt tiền từ 100.000.000 đồng đến 600.000.000 đồng,,,100000000,600000000,false,false
penalty_penalty_article_242_clause_2_1_main,penalty_article_242_clause_2_1,main,imprisonment,phạt tù từ 03 năm đến 05 năm,36,60,,,false,false
penalty_penalty_article_242_clause_2_2_main,penalty_article_242_clause_2_2,main,fine,phạt tiền từ 600.000.000 đồng đến 2.000.000.000 đồng,,,600000000,2000000000,false,false
penalty_penalty_article_242_clause_3_1_main,penalty_article_242_clause_3_1,main,imprisonment,phạt tù từ 05 năm đến 10 năm,60,120,,,false,false
penalty_penalty_article_242_clause_4_1_main,penalty_article_242_clause_4_1,main,fine,phạt tiền từ 40.000.000 đồng đến 200.000.000 đồng,,,40000000,200000000,false,false
penalty_penalty_article_242_clause_5_1_main,penalty_article_242_clause_5_1,main,fine,phạt tiền từ 600.000.000 đồng đến 2.000.000.000 đồng,,,600000000,2000000000,false,false
penalty_penalty_article_242_clause_5_2_main,penalty_article_242_clause_5_2,main,fine,phạt tiền từ 2.000.000.000 đồng đến 6.000.000.000 đồng,,,2000000000,6000000000,false,false
penalty_penalty_article_242_clause_5_3_main,penalty_article_242_clause_5_3,main,fine,phạt tiền từ 6.000.000.000 đồng đến 10.000.000.000 đồng,,,6000000000,10000000000,false,false
penalty_penalty_article_242_clause_5_4_main,penalty_article_242_clause_5_4,main,fine,phạt tiền từ 100.000.000 đồng đến 400.000.000 đồng,,,100000000,400000000,false,false
penalty_penalty_article_242_clause_5_point_a_1_main,penalty_article_242_clause_5_point_a_1,main,fine,phạt tiền từ 600.000.000 đồng đến 2.000.000.000 đồng,,,600000000,2000000000,false,false
penalty_penalty_article_242_clause_5_point_b_1_main,penalty_article_242_clause_5_point_b_1,main,fine,phạt tiền từ 2.000.000.000 đồng đến 6.000.000.000 đồng,,,2000000000,6000000000,false,false
penalty_penalty_article_242_clause_5_point_c_1_main,penalty_article_242_clause_5_point_c_1,main,fine,phạt tiền từ 6.000.000.000 đồng đến 10.000.000.000 đồng,,,6000000000,10000000000,false,false
penalty_penalty_article_242_clause_5_point_d_1_main,penalty_article_242_clause_5_point_d_1,main,fine,phạt tiền từ 100.000.000 đồng đến 400.000.000 đồng,,,100000000,400000000,false,false
penalty_penalty_article_243_clause_1_1_main,penalty_article_243_clause_1_1,main,imprisonment,phạt tù từ 01 năm đến 05 năm,12,60,,,false,false
penalty_penalty_article_243_clause_1_2_main,penalty_article_243_clause_1_2,main,fine,phạt tiền từ 100.000.000 đồng đến 1.000.000.000 đồng,,,100000000,1000000000,false,false
penalty_penalty_article_243_clause_2_1_main,penalty_article_243_clause_2_1,main,imprisonment,phạt tù từ 03 năm đến 07 năm,36,84,,,false,false
penalty_penalty_article_243_clause_3_1_main,penalty_article_243_clause_3_1,main,imprisonment,phạt tù từ 07 năm đến 15 năm,84,180,,,false,false
penalty_penalty_article_243_clause_4_1_main,penalty_article_243_clause_4_1,main,fine,phạt tiền từ 40.000.000 đồng đến 200.000.000 đồng,,,40000000,200000000,false,false
penalty_penalty_article_243_clause_5_1_main,penalty_article_243_clause_5_1,main,fine,phạt tiền từ 1.000.000.000 đồng đến 4.000.000.000 đồng,,,1000000000,4000000000,false,false
penalty_penalty_article_243_clause_5_2_main,penalty_article_243_clause_5_2,main,fine,phạt tiền từ 4.000.000.000 đồng đến 10.000.000.000 đồng,,,4000000000,10000000000,false,false
penalty_penalty_article_243_clause_5_3_main,penalty_article_243_clause_5_3,main,fine,phạt tiền từ 10.000.000.000 đồng đến 14.000.000.000 đồng,,,10000000000,14000000000,false,false
penalty_penalty_article_243_clause_5_4_main,penalty_article_243_clause_5_4,main,fine,phạt tiền từ 100.000.000 đồng đến 400.000.000 đồng,,,100000000,400000000,false,false
penalty_penalty_article_243_clause_5_point_a_1_main,penalty_article_243_clause_5_point_a_1,main,fine,phạt tiền từ 1.000.000.000 đồng đến 4.000.000.000 đồng,,,1000000000,4000000000,false,false
penalty_penalty_article_243_clause_5_point_b_1_main,penalty_article_243_clause_5_point_b_1,main,fine,phạt tiền từ 4.000.000.000 đồng đến 10.000.000.000 đồng,,,4000000000,10000000000,false,false
penalty_penalty_article_243_clause_5_point_c_1_main,penalty_article_243_clause_5_point_c_1,main,fine,phạt tiền từ 10.000.000.000 đồng đến 14.000.000.000 đồng,,,10000000000,14000000000,false,false
penalty_penalty_article_243_clause_5_point_d_1_main,penalty_article_243_clause_5_point_d_1,main,fine,phạt tiền từ 100.000.000 đồng đến 400.000.000 đồng,,,100000000,400000000,false,false
penalty_penalty_article_244_clause_1_1_main,penalty_article_244_clause_1_1,main,imprisonment,phạt tù từ 01 năm đến 05 năm,12,60,,,false,false
penalty_penalty_article_244_clause_1_2_main,penalty_article_244_clause_1_2,main,fine,phạt tiền từ 1.000.000.000 đồng đến 4.000.000.000 đồng,,,1000000000,4000000000,false,false
penalty_penalty_article_244_clause_2_1_main,penalty_article_244_clause_2_1,main,imprisonment,phạt tù từ 05 năm đến 10 năm,60,120,,,false,false
penalty_penalty_article_244_clause_3_1_main,penalty_article_244_clause_3_1,main,imprisonment,phạt tù từ 10 năm đến 15 năm,120,180,,,false,false
penalty_penalty_article_244_clause_4_1_main,penalty_article_244_clause_4_1,main,fine,phạt tiền từ 100.000.000 đồng đến 400.000.000 đồng,,,100000000,400000000,false,false
penalty_penalty_article_244_clause_5_1_main,penalty_article_244_clause_5_1,main,fine,phạt tiền từ 2.000.000.000 đồng đến 10.000.000.000 đồng,,,2000000000,10000000000,false,false
penalty_penalty_article_244_clause_5_2_main,penalty_article_244_clause_5_2,main,fine,phạt tiền từ 10.000.000.000 đồng đến 20.000.000.000 đồng,,,10000000000,20000000000,false,false
penalty_penalty_article_244_clause_5_3_main,penalty_article_244_clause_5_3,main,fine,phạt tiền từ 20.000.000.000 đồng đến 30.000.000.000 đồng,,,20000000000,30000000000,false,false
penalty_penalty_article_244_clause_5_4_main,penalty_article_244_clause_5_4,main,fine,phạt tiền từ 600.000.000 đồng đến 1.200.000.000 đồng,,,600000000,1200000000,false,false
penalty_penalty_article_244_clause_5_point_a_1_main,penalty_article_244_clause_5_point_a_1,main,fine,phạt tiền từ 2.000.000.000 đồng đến 10.000.000.000 đồng,,,2000000000,10000000000,false,false
penalty_penalty_article_244_clause_5_point_b_1_main,penalty_article_244_clause_5_point_b_1,main,fine,phạt tiền từ 10.000.000.000 đồng đến 20.000.000.000 đồng,,,10000000000,20000000000,false,false
penalty_penalty_article_244_clause_5_point_c_1_main,penalty_article_244_clause_5_point_c_1,main,fine,phạt tiền từ 20.000.000.000 đồng đến 30.000.000.000 đồng,,,20000000000,30000000000,false,false
penalty_penalty_article_244_clause_5_point_d_1_main,penalty_article_244_clause_5_point_d_1,main,fine,phạt tiền từ 600.000.000 đồng đến 1.200.000.000 đồng,,,600000000,1200000000,false,false
penalty_penalty_article_245_clause_1_1_main,penalty_article_245_clause_1_1,main,imprisonment,phạt tù từ 06 tháng đến 03 năm,6,36,,,false,false
penalty_penalty_article_245_clause_1_2_main,penalty_article_245_clause_1_2,main,fine,phạt tiền từ 100.000.000 đồng đến 600.000.000 đồng,,,100000000,600000000,false,false
penalty_penalty_article_245_clause_2_1_main,penalty_article_245_clause_2_1,main,imprisonment,phạt tù từ 03 năm đến 07 năm,36,84,,,false,false
penalty_penalty_article_245_clause_3_1_main,penalty_article_245_clause_3_1,main,fine,phạt tiền từ 20.000.000 đồng đến 200.000.000 đồng,,,20000000,200000000,false,false
penalty_penalty_article_245_clause_4_1_main,penalty_article_245_clause_4_1,main,fine,phạt tiền từ 600.000.000 đồng đến 2.000.000.000 đồng,,,600000000,2000000000,false,false
penalty_penalty_article_245_clause_4_2_main,penalty_article_245_clause_4_2,main,fine,phạt tiền từ 2.000.000.000 đồng đến 6.000.000.000 đồng,,,2000000000,6000000000,false,false
penalty_penalty_article_245_clause_4_3_main,penalty_article_245_clause_4_3,main,fine,phạt tiền từ 100.000.000 đồng đến 1.000.000.000 đồng,,,100000000,1000000000,false,false
penalty_penalty_article_245_clause_4_point_a_1_main,penalty_article_245_clause_4_point_a_1,main,fine,phạt tiền từ 600.000.000 đồng đến 2.000.000.000 đồng,,,600000000,2000000000,false,false
penalty_penalty_article_245_clause_4_point_b_1_main,penalty_article_245_clause_4_point_b_1,main,fine,phạt tiền từ 2.000.000.000 đồng đến 6.000.000.000 đồng,,,2000000000,6000000000,false,false
penalty_penalty_article_245_clause_4_point_d_1_main,penalty_article_245_clause_4_point_d_1,main,fine,phạt tiền từ 100.000.000 đồng đến 1.000.000.000 đồng,,,100000000,1000000000,false,false
penalty_penalty_article_246_clause_1_1_main,penalty_article_246_clause_1_1,main,imprisonment,phạt tù từ 01 năm đến 05 năm,12,60,,,false,false
penalty_penalty_article_246_clause_1_2_main,penalty_article_246_clause_1_2,main,fine,phạt tiền từ 200.000.000 đồng đến 2.000.000.000 đồng,,,200000000,2000000000,false,false
penalty_penalty_article_246_clause_2_1_main,penalty_article_246_clause_2_1,main,imprisonment,phạt tù từ 03 năm đến 07 năm,36,84,,,false,false
penalty_penalty_article_246_clause_3_1_main,penalty_article_246_clause_3_1,main,fine,phạt tiền từ 100.000.000 đồng đến 1.000.000.000 đồng,,,100000000,1000000000,false,false
penalty_penalty_article_246_clause_4_1_main,penalty_article_246_clause_4_1,main,fine,phạt tiền từ 2.000.000.000 đồng đến 6.000.000.000 đồng,,,2000000000,6000000000,false,false
penalty_penalty_article_246_clause_4_2_main,penalty_article_246_clause_4_2,main,fine,phạt tiền từ 6.000.000.000 đồng đến 10.000.000.000 đồng,,,6000000000,10000000000,false,false
penalty_penalty_article_246_clause_4_3_main,penalty_article_246_clause_4_3,main,fine,phạt tiền từ 200.000.000 đồng đến 2.000.000.000 đồng,,,200000000,2000000000,false,false
penalty_penalty_article_246_clause_4_point_a_1_main,penalty_article_246_clause_4_point_a_1,main,fine,phạt tiền từ 2.000.000.000 đồng đến 6.000.000.000 đồng,,,2000000000,6000000000,false,false
penalty_penalty_article_246_clause_4_point_b_1_main,penalty_article_246_clause_4_point_b_1,main,fine,phạt tiền từ 6.000.000.000 đồng đến 10.000.000.000 đồng,,,6000000000,10000000000,false,false
penalty_penalty_article_246_clause_4_point_c_1_main,penalty_article_246_clause_4_point_c_1,main,fine,phạt tiền từ 200.000.000 đồng đến 2.000.000.000 đồng,,,200000000,2000000000,false,false
penalty_penalty_article_247_clause_1_1_main,penalty_article_247_clause_1_1,main,imprisonment,phạt tù từ 06 tháng đến 03 năm,6,36,,,false,false
penalty_penalty_article_247_clause_2_1_main,penalty_article_247_clause_2_1,main,imprisonment,phạt tù từ 03 năm đến 07 năm,36,84,,,false,false
penalty_penalty_article_247_clause_3_1_main,penalty_article_247_clause_3_1,main,fine,phạt tiền từ 5.000.000 đồng đến 50.000.000 đồng,,,5000000,50000000,false,false
penalty_penalty_article_248_clause_1_1_main,penalty_article_248_clause_1_1,main,imprisonment,phạt tù từ 03 năm đến 07 năm,36,84,,,false,false
penalty_penalty_article_248_clause_2_1_main,penalty_article_248_clause_2_1,main,imprisonment,phạt tù từ 07 năm đến 15 năm,84,180,,,false,false
penalty_penalty_article_248_clause_3_1_main,penalty_article_248_clause_3_1,main,imprisonment,phạt tù từ 15 năm đến 20 năm,180,240,,,false,false
penalty_penalty_article_248_clause_4_1_main,penalty_article_248_clause_4_1,main,imprisonment,phạt tù 20 năm hoặc tù chung thân,240,240,,,true,false
penalty_penalty_article_248_clause_4_2_main,penalty_article_248_clause_4_2,main,imprisonment,phạt tù 20 năm,240,240,,,true,false
penalty_penalty_article_248_clause_5_1_main,penalty_article_248_clause_5_1,main,life_imprisonment,tù chung thân,,,,,true,false
penalty_penalty_article_248_clause_5_2_main,penalty_article_248_clause_5_2,main,death_penalty,tử hình,,,,,false,true
penalty_penalty_article_248_clause_6_1_main,penalty_article_248_clause_6_1,main,fine,phạt tiền từ 5.000.000 đồng đến 500.000.000 đồng,,,5000000,500000000,false,false
penalty_penalty_article_249_clause_1_1_main,penalty_article_249_clause_1_1,main,imprisonment,phạt tù từ 03 năm đến 05 năm,36,60,,,false,false
penalty_penalty_article_249_clause_2_1_main,penalty_article_249_clause_2_1,main,imprisonment,phạt tù từ 05 năm đến 10 năm,60,120,,,false,false
penalty_penalty_article_249_clause_3_1_main,penalty_article_249_clause_3_1,main,imprisonment,phạt tù từ 10 năm đến 15 năm,120,180,,,false,false
penalty_penalty_article_249_clause_4_1_main,penalty_article_249_clause_4_1,main,imprisonment,phạt tù từ 15 năm đến 20 năm,180,240,,,true,false
penalty_penalty_article_249_clause_5_1_main,penalty_article_249_clause_5_1,main,fine,phạt tiền từ 5.000.000 đồng đến 500.000.000 đồng,,,5000000,500000000,false,false
penalty_penalty_article_250_clause_1_1_main,penalty_article_250_clause_1_1,main,imprisonment,phạt tù từ 03 năm đến 07 năm,36,84,,,false,false
penalty_penalty_article_250_clause_2_1_main,penalty_article_250_clause_2_1,main,imprisonment,phạt tù từ 07 năm đến 15 năm,84,180,,,false,false
penalty_penalty_article_250_clause_3_1_main,penalty_article_250_clause_3_1,main,imprisonment,phạt tù từ 15 năm đến 20 năm,180,240,,,false,false
penalty_penalty_article_250_clause_4_1_main,penalty_article_250_clause_4_1,main,imprisonment,phạt tù 20 năm hoặc tù chung thân,240,240,,,true,false
penalty_penalty_article_250_clause_4_2_main,penalty_article_250_clause_4_2,main,imprisonment,phạt tù 20 năm,240,240,,,true,false
penalty_penalty_article_250_clause_5_1_main,penalty_article_250_clause_5_1,main,fine,phạt tiền từ 5.000.000 đồng đến 500.000.000 đồng,,,5000000,500000000,false,false
penalty_penalty_article_251_clause_1_1_main,penalty_article_251_clause_1_1,main,imprisonment,phạt tù từ 03 năm đến 07 năm,36,84,,,false,false
penalty_penalty_article_251_clause_2_1_main,penalty_article_251_clause_2_1,main,imprisonment,phạt tù từ 07 năm đến 15 năm,84,180,,,false,false
penalty_penalty_article_251_clause_3_1_main,penalty_article_251_clause_3_1,main,imprisonment,phạt tù từ 15 năm đến 20 năm,180,240,,,false,false
penalty_penalty_article_251_clause_4_1_main,penalty_article_251_clause_4_1,main,imprisonment,phạt tù 20 năm hoặc tù chung thân,240,240,,,true,false
penalty_penalty_article_251_clause_4_2_main,penalty_article_251_clause_4_2,main,imprisonment,phạt tù 20 năm,240,240,,,true,false
penalty_penalty_article_251_clause_5_1_main,penalty_article_251_clause_5_1,main,life_imprisonment,tù chung thân,,,,,true,false
penalty_penalty_article_251_clause_5_2_main,penalty_article_251_clause_5_2,main,death_penalty,tử hình,,,,,false,true
penalty_penalty_article_251_clause_6_1_main,penalty_article_251_clause_6_1,main,fine,phạt tiền từ 5.000.000 đồng đến 500.000.000 đồng,,,5000000,500000000,false,false
penalty_penalty_article_252_clause_1_1_main,penalty_article_252_clause_1_1,main,imprisonment,phạt tù từ 01 năm đến 05 năm,12,60,,,false,false
penalty_penalty_article_252_clause_2_1_main,penalty_article_252_clause_2_1,main,imprisonment,phạt tù từ 05 năm đến 10 năm,60,120,,,false,false
penalty_penalty_article_252_clause_3_1_main,penalty_article_252_clause_3_1,main,imprisonment,phạt tù từ 10 năm đến 15 năm,120,180,,,false,false
penalty_penalty_article_252_clause_4_1_main,penalty_article_252_clause_4_1,main,imprisonment,phạt tù từ 15 năm đến 20 năm,180,240,,,true,false
penalty_penalty_article_252_clause_5_1_main,penalty_article_252_clause_5_1,main,fine,phạt tiền từ 5.000.000 đồng đến 500.000.000 đồng,,,5000000,500000000,false,false
penalty_penalty_article_253_clause_1_1_main,penalty_article_253_clause_1_1,main,imprisonment,phạt tù từ 01 năm đến 06 năm,12,72,,,false,false
penalty_penalty_article_253_clause_2_1_main,penalty_article_253_clause_2_1,main,imprisonment,phạt tù từ 06 năm đến 13 năm,72,156,,,false,false
penalty_penalty_article_253_clause_3_1_main,penalty_article_253_clause_3_1,main,imprisonment,phạt tù từ 13 năm đến 20 năm,156,240,,,false,false
penalty_penalty_article_253_clause_4_1_main,penalty_article_253_clause_4_1,main,imprisonment,phạt tù 20 năm hoặc tù chung thân,240,240,,,true,false
penalty_penalty_article_253_clause_4_2_main,penalty_article_253_clause_4_2,main,imprisonment,phạt tù 20 năm,240,240,,,true,false
penalty_penalty_article_253_clause_6_1_main,penalty_article_253_clause_6_1,main,fine,phạt tiền từ 5.000.000 đồng đến 50.000.000 đồng,,,5000000,50000000,false,false
penalty_penalty_article_254_clause_1_1_main,penalty_article_254_clause_1_1,main,imprisonment,phạt tù từ 01 năm đến 05 năm,12,60,,,false,false
penalty_penalty_article_254_clause_2_1_main,penalty_article_254_clause_2_1,main,imprisonment,phạt tù từ 05 năm đến 10 năm,60,120,,,false,false
penalty_penalty_article_254_clause_3_1_main,penalty_article_254_clause_3_1,main,fine,phạt tiền từ 5.000.000 đồng đến 500.000.000 đồng,,,5000000,500000000,false,false
penalty_penalty_article_255_clause_1_1_main,penalty_article_255_clause_1_1,main,imprisonment,phạt tù từ 03 năm đến 07 năm,36,84,,,false,false
penalty_penalty_article_255_clause_2_1_main,penalty_article_255_clause_2_1,main,imprisonment,phạt tù từ 07 năm đến 15 năm,84,180,,,false,false
penalty_penalty_article_255_clause_3_1_main,penalty_article_255_clause_3_1,main,imprisonment,phạt tù từ 15 năm đến 20 năm,180,240,,,false,false
penalty_penalty_article_255_clause_4_1_main,penalty_article_255_clause_4_1,main,imprisonment,phạt tù 20 năm hoặc tù chung thân,240,240,,,true,false
penalty_penalty_article_255_clause_4_2_main,penalty_article_255_clause_4_2,main,imprisonment,phạt tù 20 năm,240,240,,,true,false
penalty_penalty_article_255_clause_5_1_main,penalty_article_255_clause_5_1,main,fine,phạt tiền từ 50.000.000 đồng đến 500.000.000 đồng,,,50000000,500000000,false,false
penalty_penalty_article_256_clause_1_1_main,penalty_article_256_clause_1_1,main,imprisonment,phạt tù từ 02 năm đến 07 năm,24,84,,,false,false
penalty_penalty_article_256_clause_2_1_main,penalty_article_256_clause_2_1,main,imprisonment,phạt tù từ 07 năm đến 15 năm,84,180,,,false,false
penalty_penalty_article_256_clause_3_1_main,penalty_article_256_clause_3_1,main,fine,phạt tiền từ 50.000.000 đồng đến 200.000.000 đồng,,,50000000,200000000,false,false
penalty_penalty_article_256a_clause_1_1_main,penalty_article_256a_clause_1_1,main,imprisonment,phạt tù từ 02 năm đến 03 năm,24,36,,,false,false
penalty_penalty_article_256a_clause_2_1_main,penalty_article_256a_clause_2_1,main,imprisonment,phạt tù từ 03 năm đến 05 năm,36,60,,,false,false
penalty_penalty_article_257_clause_1_1_main,penalty_article_257_clause_1_1,main,imprisonment,phạt tù từ 02 năm đến 07 năm,24,84,,,false,false
penalty_penalty_article_257_clause_2_1_main,penalty_article_257_clause_2_1,main,imprisonment,phạt tù từ 07 năm đến 15 năm,84,180,,,false,false
penalty_penalty_article_257_clause_3_1_main,penalty_article_257_clause_3_1,main,imprisonment,phạt tù từ 15 năm đến 20 năm,180,240,,,false,false
penalty_penalty_article_257_clause_4_1_main,penalty_article_257_clause_4_1,main,imprisonment,phạt tù 20 năm hoặc tù chung thân,240,240,,,true,false
penalty_penalty_article_257_clause_4_2_main,penalty_article_257_clause_4_2,main,imprisonment,phạt tù 20 năm,240,240,,,true,false
penalty_penalty_article_257_clause_5_1_main,penalty_article_257_clause_5_1,main,fine,phạt tiền từ 5.000.000 đồng đến 100.000.000 đồng,,,5000000,100000000,false,false
penalty_penalty_article_258_clause_1_1_main,penalty_article_258_clause_1_1,main,imprisonment,phạt tù từ 01 năm đến 05 năm,12,60,,,false,false
penalty_penalty_article_258_clause_2_1_main,penalty_article_258_clause_2_1,main,imprisonment,phạt tù từ 05 năm đến 10 năm,60,120,,,false,false
penalty_penalty_article_258_clause_3_1_main,penalty_article_258_clause_3_1,main,imprisonment,phạt tù từ 10 năm đến 15 năm,120,180,,,false,false
penalty_penalty_article_258_clause_4_1_main,penalty_article_258_clause_4_1,main,imprisonment,phạt tù từ 15 năm đến 20 năm,180,240,,,true,false
penalty_penalty_article_258_clause_5_1_main,penalty_article_258_clause_5_1,main,fine,phạt tiền từ 5.000.000 đồng đến 100.000.000 đồng,,,5000000,100000000,false,false
penalty_penalty_article_259_clause_1_1_main,penalty_article_259_clause_1_1,main,imprisonment,phạt tù từ 01 năm đến 05 năm,12,60,,,false,false
penalty_penalty_article_259_clause_1_2_main,penalty_article_259_clause_1_2,main,fine,phạt tiền từ 10.000.000 đồng đến 100.000.000 đồng,,,10000000,100000000,false,false
penalty_penalty_article_259_clause_2_1_main,penalty_article_259_clause_2_1,main,imprisonment,phạt tù từ 05 năm đến 10 năm,60,120,,,false,false
penalty_penalty_article_259_clause_3_1_main,penalty_article_259_clause_3_1,main,fine,phạt tiền từ 10.000.000 đồng đến 50.000.000 đồng,,,10000000,50000000,false,false
penalty_penalty_article_260_clause_1_1_main,penalty_article_260_clause_1_1,main,imprisonment,phạt tù từ 01 năm đến 05 năm,12,60,,,false,false
penalty_penalty_article_260_clause_1_2_main,penalty_article_260_clause_1_2,main,fine,phạt tiền từ 30.000.000 đồng đến 100.000.000 đồng,,,30000000,100000000,false,false
penalty_penalty_article_260_clause_2_1_main,penalty_article_260_clause_2_1,main,imprisonment,phạt tù từ 03 năm đến 10 năm,36,120,,,false,false
penalty_penalty_article_260_clause_3_1_main,penalty_article_260_clause_3_1,main,imprisonment,phạt tù từ 07 năm đến 15 năm,84,180,,,false,false
penalty_penalty_article_260_clause_4_1_main,penalty_article_260_clause_4_1,main,imprisonment,phạt tù từ 03 tháng đến 01 năm,3,12,,,false,false
penalty_penalty_article_260_clause_4_2_main,penalty_article_260_clause_4_2,main,fine,phạt tiền từ 10.000.000 đồng đến 50.000.000 đồng,,,10000000,50000000,false,false
penalty_penalty_article_261_clause_1_1_main,penalty_article_261_clause_1_1,main,imprisonment,phạt tù từ 06 tháng đến 03 năm,6,36,,,false,false
penalty_penalty_article_261_clause_1_2_main,penalty_article_261_clause_1_2,main,fine,phạt tiền từ 30.000.000 đồng đến 100.000.000 đồng,,,30000000,100000000,false,false
penalty_penalty_article_261_clause_2_1_main,penalty_article_261_clause_2_1,main,imprisonment,phạt tù từ 02 năm đến 07 năm,24,84,,,false,false
penalty_penalty_article_261_clause_2_2_main,penalty_article_261_clause_2_2,main,fine,phạt tiền từ 100.000.000 đồng đến 300.000.000 đồng,,,100000000,300000000,false,false
penalty_penalty_article_261_clause_3_1_main,penalty_article_261_clause_3_1,main,imprisonment,phạt tù từ 05 năm đến 10 năm,60,120,,,false,false
penalty_penalty_article_261_clause_4_1_main,penalty_article_261_clause_4_1,main,fine,phạt tiền từ 5.000.000 đồng đến 20.000.000 đồng,,,5000000,20000000,false,false
penalty_penalty_article_262_clause_1_1_main,penalty_article_262_clause_1_1,main,imprisonment,phạt tù từ 06 tháng đến 03 năm,6,36,,,false,false
penalty_penalty_article_262_clause_1_2_main,penalty_article_262_clause_1_2,main,fine,phạt tiền từ 20.000.000 đồng đến 100.000.000 đồng,,,20000000,100000000,false,false
penalty_penalty_article_262_clause_2_1_main,penalty_article_262_clause_2_1,main,imprisonment,phạt tù từ 02 năm đến 07 năm,24,84,,,false,false
penalty_penalty_article_262_clause_3_1_main,penalty_article_262_clause_3_1,main,imprisonment,phạt tù từ 05 năm đến 10 năm,60,120,,,false,false
penalty_penalty_article_263_clause_1_1_main,penalty_article_263_clause_1_1,main,imprisonment,phạt tù từ 01 năm đến 03 năm,12,36,,,false,false
penalty_penalty_article_263_clause_1_2_main,penalty_article_263_clause_1_2,main,fine,phạt tiền từ 20.000.000 đồng đến 100.000.000 đồng,,,20000000,100000000,false,false
penalty_penalty_article_263_clause_2_1_main,penalty_article_263_clause_2_1,main,imprisonment,phạt tù từ 02 năm đến 07 năm,24,84,,,false,false
penalty_penalty_article_263_clause_3_1_main,penalty_article_263_clause_3_1,main,imprisonment,phạt tù từ 05 năm đến 12 năm,60,144,,,false,false
penalty_penalty_article_263_clause_4_1_main,penalty_article_263_clause_4_1,main,fine,phạt tiền từ 10.000.000 đồng đến 30.000.000 đồng,,,10000000,30000000,false,false
penalty_penalty_article_264_clause_1_1_main,penalty_article_264_clause_1_1,main,fine,phạt tiền từ 10.000.000 đồng đến 50.000.000 đồng,,,10000000,50000000,false,false
penalty_penalty_article_264_clause_2_1_main,penalty_article_264_clause_2_1,main,imprisonment,phạt tù từ 06 tháng đến 03 năm,6,36,,,false,false
penalty_penalty_article_264_clause_2_2_main,penalty_article_264_clause_2_2,main,fine,phạt tiền từ 50.000.000 đồng đến 200.000.000 đồng,,,50000000,200000000,false,false
penalty_penalty_article_264_clause_3_1_main,penalty_article_264_clause_3_1,main,imprisonment,phạt tù từ 02 năm đến 07 năm,24,84,,,false,false
penalty_penalty_article_264_clause_4_1_main,penalty_article_264_clause_4_1,main,fine,phạt tiền từ 10.000.000 đồng đến 30.000.000 đồng,,,10000000,30000000,false,false
penalty_penalty_article_265_clause_1_1_main,penalty_article_265_clause_1_1,main,imprisonment,phạt tù từ 01 năm đến 05 năm,12,60,,,false,false
penalty_penalty_article_265_clause_1_2_main,penalty_article_265_clause_1_2,main,fine,phạt tiền từ 30.000.000 đồng đến 100.000.000 đồng,,,30000000,100000000,false,false
penalty_penalty_article_265_clause_2_1_main,penalty_article_265_clause_2_1,main,imprisonment,phạt tù từ 04 năm đến 10 năm,48,120,,,false,false
penalty_penalty_article_265_clause_2_2_main,penalty_article_265_clause_2_2,main,fine,phạt tiền từ 100.000.000 đồng đến 500.000.000 đồng,,,100000000,500000000,false,false
penalty_penalty_article_265_clause_3_1_main,penalty_article_265_clause_3_1,main,imprisonment,phạt tù từ 08 năm đến 15 năm,96,180,,,false,false
penalty_penalty_article_265_clause_4_1_main,penalty_article_265_clause_4_1,main,imprisonment,phạt tù từ 12 năm đến 20 năm,144,240,,,true,false
penalty_penalty_article_265_clause_5_1_main,penalty_article_265_clause_5_1,main,fine,phạt tiền từ 10.000.000 đồng đến 50.000.000 đồng,,,10000000,50000000,false,false
penalty_penalty_article_266_clause_1_1_main,penalty_article_266_clause_1_1,main,imprisonment,phạt tù từ 06 tháng đến 03 năm,6,36,,,false,false
penalty_penalty_article_266_clause_1_2_main,penalty_article_266_clause_1_2,main,fine,phạt tiền từ 10.000.000 đồng đến 50.000.000 đồng,,,10000000,50000000,false,false
penalty_penalty_article_266_clause_2_1_main,penalty_article_266_clause_2_1,main,imprisonment,phạt tù từ 03 năm đến 10 năm,36,120,,,false,false
penalty_penalty_article_266_clause_2_2_main,penalty_article_266_clause_2_2,main,fine,phạt tiền từ 50.000.000 đồng đến 150.000.000 đồng,,,50000000,150000000,false,false
penalty_penalty_article_266_clause_3_1_main,penalty_article_266_clause_3_1,main,imprisonment,phạt tù từ 07 năm đến 15 năm,84,180,,,false,false
penalty_penalty_article_266_clause_4_1_main,penalty_article_266_clause_4_1,main,imprisonment,phạt tù từ 12 năm đến 20 năm,144,240,,,false,false
penalty_penalty_article_266_clause_5_1_main,penalty_article_266_clause_5_1,main,fine,phạt tiền từ 10.000.000 đồng đến 50.000.000 đồng,,,10000000,50000000,false,false
penalty_penalty_article_267_clause_1_1_main,penalty_article_267_clause_1_1,main,imprisonment,phạt tù từ 01 năm đến 05 năm,12,60,,,false,false
penalty_penalty_article_267_clause_1_2_main,penalty_article_267_clause_1_2,main,fine,phạt tiền từ 50.000.000 đồng đến 200.000.000 đồng,,,50000000,200000000,false,false
penalty_penalty_article_267_clause_2_1_main,penalty_article_267_clause_2_1,main,imprisonment,phạt tù từ 03 năm đến 10 năm,36,120,,,false,false
penalty_penalty_article_267_clause_3_1_main,penalty_article_267_clause_3_1,main,imprisonment,phạt tù từ 07 năm đến 15 năm,84,180,,,false,false
penalty_penalty_article_267_clause_4_1_main,penalty_article_267_clause_4_1,main,imprisonment,phạt tù từ 03 tháng đến 01 năm,3,12,,,false,false
penalty_penalty_article_267_clause_4_2_main,penalty_article_267_clause_4_2,main,fine,phạt tiền từ 10.000.000 đồng đến 50.000.000 đồng,,,10000000,50000000,false,false
penalty_penalty_article_268_clause_1_1_main,penalty_article_268_clause_1_1,main,imprisonment,phạt tù từ 01 năm đến 03 năm,12,36,,,false,false
penalty_penalty_article_268_clause_1_2_main,penalty_article_268_clause_1_2,main,fine,phạt tiền từ 30.000.000 đồng đến 100.000.000 đồng,,,30000000,100000000,false,false
penalty_penalty_article_268_clause_2_1_main,penalty_article_268_clause_2_1,main,imprisonment,phạt tù từ 03 năm đến 10 năm,36,120,,,false,false
penalty_penalty_article_268_clause_3_1_main,penalty_article_268_clause_3_1,main,imprisonment,phạt tù từ 07 năm đến 15 năm,84,180,,,false,false
penalty_penalty_article_268_clause_4_1_main,penalty_article_268_clause_4_1,main,imprisonment,phạt tù từ 03 tháng đến 01 năm,3,12,,,false,false
penalty_penalty_article_268_clause_4_2_main,penalty_article_268_clause_4_2,main,fine,phạt tiền từ 10.000.000 đồng đến 50.000.000 đồng,,,10000000,50000000,false,false
penalty_penalty_article_269_clause_1_1_main,penalty_article_269_clause_1_1,main,imprisonment,phạt tù từ 01 năm đến 05 năm,12,60,,,false,false
penalty_penalty_article_269_clause_1_2_main,penalty_article_269_clause_1_2,main,fine,phạt tiền từ 20.000.000 đồng đến 100.000.000 đồng,,,20000000,100000000,false,false
penalty_penalty_article_269_clause_2_1_main,penalty_article_269_clause_2_1,main,imprisonment,phạt tù từ 03 năm đến 10 năm,36,120,,,false,false
penalty_penalty_article_269_clause_3_1_main,penalty_article_269_clause_3_1,main,imprisonment,phạt tù từ 07 năm đến 15 năm,84,180,,,false,false
penalty_penalty_article_270_clause_1_1_main,penalty_article_270_clause_1_1,main,imprisonment,phạt tù từ 01 năm đến 05 năm,12,60,,,false,false
penalty_penalty_article_270_clause_1_2_main,penalty_article_270_clause_1_2,main,fine,phạt tiền từ 30.000.000 đồng đến 100.000.000 đồng,,,30000000,100000000,false,false
penalty_penalty_article_270_clause_2_1_main,penalty_article_270_clause_2_1,main,imprisonment,phạt tù từ 03 năm đến 10 năm,36,120,,,false,false
penalty_penalty_article_270_clause_3_1_main,penalty_article_270_clause_3_1,main,imprisonment,phạt tù từ 07 năm đến 15 năm,84,180,,,false,false
penalty_penalty_article_271_clause_1_1_main,penalty_article_271_clause_1_1,main,imprisonment,phạt tù từ 06 tháng đến 03 năm,6,36,,,false,false
penalty_penalty_article_271_clause_1_2_main,penalty_article_271_clause_1_2,main,fine,phạt tiền từ 30.000.000 đồng đến 100.000.000 đồng,,,30000000,100000000,false,false
penalty_penalty_article_271_clause_2_1_main,penalty_article_271_clause_2_1,main,imprisonment,phạt tù từ 02 năm đến 07 năm,24,84,,,false,false
penalty_penalty_article_271_clause_3_1_main,penalty_article_271_clause_3_1,main,imprisonment,phạt tù từ 07 năm đến 12 năm,84,144,,,false,false
penalty_penalty_article_272_clause_1_1_main,penalty_article_272_clause_1_1,main,imprisonment,phạt tù từ 01 năm đến 05 năm,12,60,,,false,false
penalty_penalty_article_272_clause_1_2_main,penalty_article_272_clause_1_2,main,fine,phạt tiền từ 30.000.000 đồng đến 100.000.000 đồng,,,30000000,100000000,false,false
penalty_penalty_article_272_clause_2_1_main,penalty_article_272_clause_2_1,main,imprisonment,phạt tù từ 03 năm đến 10 năm,36,120,,,false,false
penalty_penalty_article_272_clause_3_1_main,penalty_article_272_clause_3_1,main,imprisonment,phạt tù từ 07 năm đến 15 năm,84,180,,,false,false
penalty_penalty_article_272_clause_4_1_main,penalty_article_272_clause_4_1,main,imprisonment,phạt tù từ 03 tháng đến 01 năm,3,12,,,false,false
penalty_penalty_article_272_clause_4_2_main,penalty_article_272_clause_4_2,main,fine,phạt tiền từ 10.000.000 đồng đến 50.000.000 đồng,,,10000000,50000000,false,false
penalty_penalty_article_273_clause_1_1_main,penalty_article_273_clause_1_1,main,imprisonment,phạt tù từ 01 năm đến 05 năm,12,60,,,false,false
penalty_penalty_article_273_clause_1_2_main,penalty_article_273_clause_1_2,main,fine,phạt tiền từ 30.000.000 đồng đến 100.000.000 đồng,,,30000000,100000000,false,false
penalty_penalty_article_273_clause_2_1_main,penalty_article_273_clause_2_1,main,imprisonment,phạt tù từ 03 năm đến 10 năm,36,120,,,false,false
penalty_penalty_article_273_clause_3_1_main,penalty_article_273_clause_3_1,main,imprisonment,phạt tù từ 07 năm đến 15 năm,84,180,,,false,false
penalty_penalty_article_273_clause_4_1_main,penalty_article_273_clause_4_1,main,imprisonment,phạt tù từ 03 tháng đến 01 năm,3,12,,,false,false
penalty_penalty_article_273_clause_4_2_main,penalty_article_273_clause_4_2,main,fine,phạt tiền từ 10.000.000 đồng đến 30.000.000 đồng,,,10000000,30000000,false,false
penalty_penalty_article_274_clause_1_1_main,penalty_article_274_clause_1_1,main,imprisonment,phạt tù từ 01 năm đến 05 năm,12,60,,,false,false
penalty_penalty_article_274_clause_1_2_main,penalty_article_274_clause_1_2,main,fine,phạt tiền từ 30.000.000 đồng đến 100.000.000 đồng,,,30000000,100000000,false,false
penalty_penalty_article_274_clause_2_1_main,penalty_article_274_clause_2_1,main,imprisonment,phạt tù từ 03 năm đến 10 năm,36,120,,,false,false
penalty_penalty_article_274_clause_3_1_main,penalty_article_274_clause_3_1,main,imprisonment,phạt tù từ 07 năm đến 15 năm,84,180,,,false,false
penalty_penalty_article_275_clause_1_1_main,penalty_article_275_clause_1_1,main,imprisonment,phạt tù từ 01 năm đến 05 năm,12,60,,,false,false
penalty_penalty_article_275_clause_1_2_main,penalty_article_275_clause_1_2,main,fine,phạt tiền từ 30.000.000 đồng đến 100.000.000 đồng,,,30000000,100000000,false,false
penalty_penalty_article_275_clause_2_1_main,penalty_article_275_clause_2_1,main,imprisonment,phạt tù từ 03 năm đến 10 năm,36,120,,,false,false
penalty_penalty_article_275_clause_3_1_main,penalty_article_275_clause_3_1,main,imprisonment,phạt tù từ 07 năm đến 15 năm,84,180,,,false,false
penalty_penalty_article_276_clause_1_1_main,penalty_article_276_clause_1_1,main,imprisonment,phạt tù từ 06 tháng đến 03 năm,6,36,,,false,false
penalty_penalty_article_276_clause_1_2_main,penalty_article_276_clause_1_2,main,fine,phạt tiền từ 30.000.000 đồng đến 100.000.000 đồng,,,30000000,100000000,false,false
penalty_penalty_article_276_clause_2_1_main,penalty_article_276_clause_2_1,main,imprisonment,phạt tù từ 03 năm đến 10 năm,36,120,,,false,false
penalty_penalty_article_276_clause_3_1_main,penalty_article_276_clause_3_1,main,imprisonment,phạt tù từ 07 năm đến 15 năm,84,180,,,false,false
penalty_penalty_article_277_clause_1_1_main,penalty_article_277_clause_1_1,main,imprisonment,phạt tù từ 01 năm đến 05 năm,12,60,,,false,false
penalty_penalty_article_277_clause_1_2_main,penalty_article_277_clause_1_2,main,fine,phạt tiền từ 30.000.000 đồng đến 100.000.000 đồng,,,30000000,100000000,false,false
penalty_penalty_article_277_clause_2_1_main,penalty_article_277_clause_2_1,main,imprisonment,phạt tù từ 03 năm đến 10 năm,36,120,,,false,false
penalty_penalty_article_277_clause_3_1_main,penalty_article_277_clause_3_1,main,imprisonment,phạt tù từ 07 năm đến 15 năm,84,180,,,false,false
penalty_penalty_article_277_clause_4_1_main,penalty_article_277_clause_4_1,main,imprisonment,phạt tù từ 12 năm đến 20 năm,144,240,,,false,false
penalty_penalty_article_278_clause_1_1_main,penalty_article_278_clause_1_1,main,imprisonment,phạt tù từ 01 năm đến 05 năm,12,60,,,false,false
penalty_penalty_article_278_clause_1_2_main,penalty_article_278_clause_1_2,main,fine,phạt tiền từ 30.000.000 đồng đến 100.000.000 đồng,,,30000000,100000000,false,false
penalty_penalty_article_278_clause_2_1_main,penalty_article_278_clause_2_1,main,imprisonment,phạt tù từ 03 năm đến 10 năm,36,120,,,false,false
penalty_penalty_article_278_clause_3_1_main,penalty_article_278_clause_3_1,main,imprisonment,phạt tù từ 07 năm đến 15 năm,84,180,,,false,false
penalty_penalty_article_278_clause_4_1_main,penalty_article_278_clause_4_1,main,imprisonment,phạt tù từ 03 tháng đến 02 năm,3,24,,,false,false
penalty_penalty_article_278_clause_4_2_main,penalty_article_278_clause_4_2,main,fine,phạt tiền từ 10.000.000 đồng đến 50.000.000 đồng,,,10000000,50000000,false,false
penalty_penalty_article_279_clause_1_1_main,penalty_article_279_clause_1_1,main,imprisonment,phạt tù từ 01 năm đến 05 năm,12,60,,,false,false
penalty_penalty_article_279_clause_2_1_main,penalty_article_279_clause_2_1,main,imprisonment,phạt tù từ 03 năm đến 10 năm,36,120,,,false,false
penalty_penalty_article_279_clause_3_1_main,penalty_article_279_clause_3_1,main,imprisonment,phạt tù từ 08 năm đến 15 năm,96,180,,,false,false
penalty_penalty_article_279_clause_4_1_main,penalty_article_279_clause_4_1,main,imprisonment,phạt tù từ 12 năm đến 20 năm,144,240,,,false,false
penalty_penalty_article_280_clause_1_1_main,penalty_article_280_clause_1_1,main,imprisonment,phạt tù từ 01 năm đến 05 năm,12,60,,,false,false
penalty_penalty_article_280_clause_2_1_main,penalty_article_280_clause_2_1,main,imprisonment,phạt tù từ 05 năm đến 10 năm,60,120,,,false,false
penalty_penalty_article_280_clause_3_1_main,penalty_article_280_clause_3_1,main,imprisonment,phạt tù từ 07 năm đến 15 năm,84,180,,,false,false
penalty_penalty_article_280_clause_4_1_main,penalty_article_280_clause_4_1,main,imprisonment,phạt tù từ 12 năm đến 20 năm,144,240,,,false,false
penalty_penalty_article_281_clause_1_1_main,penalty_article_281_clause_1_1,main,imprisonment,phạt tù từ 06 tháng đến 03 năm,6,36,,,false,false
penalty_penalty_article_281_clause_2_1_main,penalty_article_281_clause_2_1,main,imprisonment,phạt tù từ 02 năm đến 07 năm,24,84,,,false,false
penalty_penalty_article_281_clause_3_1_main,penalty_article_281_clause_3_1,main,imprisonment,phạt tù từ 06 năm đến 15 năm,72,180,,,false,false
penalty_penalty_article_281_clause_4_1_main,penalty_article_281_clause_4_1,main,fine,phạt tiền từ 10.000.000 đồng đến 50.000.000 đồng,,,10000000,50000000,false,false
penalty_penalty_article_282_clause_1_1_main,penalty_article_282_clause_1_1,main,imprisonment,phạt tù từ 07 năm đến 15 năm,84,180,,,false,false
penalty_penalty_article_282_clause_2_1_main,penalty_article_282_clause_2_1,main,imprisonment,phạt tù từ 12 năm đến 20 năm,144,240,,,false,false
penalty_penalty_article_282_clause_3_1_main,penalty_article_282_clause_3_1,main,imprisonment,phạt tù 20 năm hoặc tù chung thân,240,240,,,true,false
penalty_penalty_article_282_clause_3_2_main,penalty_article_282_clause_3_2,main,imprisonment,phạt tù 20 năm,240,240,,,true,false
penalty_penalty_article_282_clause_4_1_main,penalty_article_282_clause_4_1,main,fine,phạt tiền từ 10.000.000 đồng đến 100.000.000 đồng,,,10000000,100000000,false,false
penalty_penalty_article_283_clause_1_1_main,penalty_article_283_clause_1_1,main,imprisonment,phạt tù từ 03 tháng đến 03 năm,3,36,,,false,false
penalty_penalty_article_283_clause_1_2_main,penalty_article_283_clause_1_2,main,fine,phạt tiền từ 100.000.000 đồng đến 300.000.000 đồng,,,100000000,300000000,false,false
penalty_penalty_article_283_clause_2_1_main,penalty_article_283_clause_2_1,main,imprisonment,phạt tù từ 02 năm đến 07 năm,24,84,,,false,false
penalty_penalty_article_283_clause_2_2_main,penalty_article_283_clause_2_2,main,fine,phạt tiền từ 300.000.000 đồng đến 1.000.000.000 đồng,,,300000000,1000000000,false,false
penalty_penalty_article_283_clause_3_1_main,penalty_article_283_clause_3_1,main,imprisonment,phạt tù từ 05 năm đến 12 năm,60,144,,,false,false
penalty_penalty_article_283_clause_3_2_main,penalty_article_283_clause_3_2,main,fine,phạt tiền từ 1.000.000.000 đồng đến 3.000.000.000 đồng,,,1000000000,3000000000,false,false
penalty_penalty_article_284_clause_1_1_main,penalty_article_284_clause_1_1,main,fine,phạt tiền từ 50.000.000 đồng đến 200.000.000 đồng,,,50000000,200000000,false,false
penalty_penalty_article_284_clause_2_1_main,penalty_article_284_clause_2_1,main,imprisonment,phạt tù từ 01 năm đến 03 năm,12,36,,,false,false
penalty_penalty_article_284_clause_2_2_main,penalty_article_284_clause_2_2,main,fine,phạt tiền từ 200.000.000 đồng đến 500.000.000 đồng,,,200000000,500000000,false,false
penalty_penalty_article_284_clause_3_1_main,penalty_article_284_clause_3_1,main,imprisonment,phạt tù từ 03 năm đến 07 năm,36,84,,,false,false
penalty_penalty_article_284_clause_3_2_main,penalty_article_284_clause_3_2,main,fine,phạt tiền từ 500.000.000 đồng đến 1.500.000.000 đồng,,,500000000,1500000000,false,false
penalty_penalty_article_285_clause_1_1_main,penalty_article_285_clause_1_1,main,imprisonment,phạt tù từ 03 tháng đến 02 năm,3,24,,,false,false
penalty_penalty_article_285_clause_1_2_main,penalty_article_285_clause_1_2,main,fine,phạt tiền từ 20.000.000 đồng đến 100.000.000 đồng,,,20000000,100000000,false,false
penalty_penalty_article_285_clause_2_1_main,penalty_article_285_clause_2_1,main,imprisonment,phạt tù từ 01 năm đến 05 năm,12,60,,,false,false
penalty_penalty_article_285_clause_2_2_main,penalty_article_285_clause_2_2,main,fine,phạt tiền từ 100.000.000 đồng đến 500.000.000 đồng,,,100000000,500000000,false,false
penalty_penalty_article_285_clause_3_1_main,penalty_article_285_clause_3_1,main,imprisonment,phạt tù từ 03 năm đến 07 năm,36,84,,,false,false
penalty_penalty_article_285_clause_3_2_main,penalty_article_285_clause_3_2,main,fine,phạt tiền từ 500.000.000 đồng đến 1.000.000.000 đồng,,,500000000,1000000000,false,false
penalty_penalty_article_285_clause_4_1_main,penalty_article_285_clause_4_1,main,fine,phạt tiền từ 5.000.000 đồng đến 100.000.000 đồng,,,5000000,100000000,false,false
penalty_penalty_article_286_clause_1_1_main,penalty_article_286_clause_1_1,main,imprisonment,phạt tù từ 06 tháng đến 03 năm,6,36,,,false,false
penalty_penalty_article_286_clause_1_2_main,penalty_article_286_clause_1_2,main,fine,phạt tiền từ 50.000.000 đồng đến 200.000.000 đồng,,,50000000,200000000,false,false
penalty_penalty_article_286_clause_2_1_main,penalty_article_286_clause_2_1,main,imprisonment,phạt tù từ 03 năm đến 07 năm,36,84,,,false,false
penalty_penalty_article_286_clause_2_2_main,penalty_article_286_clause_2_2,main,fine,phạt tiền từ 200.000.000 đồng đến 500.000.000 đồng,,,200000000,500000000,false,false
penalty_penalty_article_286_clause_3_1_main,penalty_article_286_clause_3_1,main,imprisonment,phạt tù từ 07 năm đến 12 năm,84,144,,,false,false
penalty_penalty_article_286_clause_4_1_main,penalty_article_286_clause_4_1,main,fine,phạt tiền từ 30.000.000 đồng đến 200.000.000 đồng,,,30000000,200000000,false,false
penalty_penalty_article_287_clause_1_1_main,penalty_article_287_clause_1_1,main,imprisonment,phạt tù từ 06 tháng đến 03 năm,6,36,,,false,false
penalty_penalty_article_287_clause_1_2_main,penalty_article_287_clause_1_2,main,fine,phạt tiền từ 30.000.000 đồng đến 200.000.000 đồng,,,30000000,200000000,false,false
penalty_penalty_article_287_clause_2_1_main,penalty_article_287_clause_2_1,main,imprisonment,phạt tù từ 03 năm đến 07 năm,36,84,,,false,false
penalty_penalty_article_287_clause_2_2_main,penalty_article_287_clause_2_2,main,fine,phạt tiền từ 200.000.000 đồng đến 1.000.000.000 đồng,,,200000000,1000000000,false,false
penalty_penalty_article_287_clause_3_1_main,penalty_article_287_clause_3_1,main,imprisonment,phạt tù từ 07 năm đến 12 năm,84,144,,,false,false
penalty_penalty_article_287_clause_4_1_main,penalty_article_287_clause_4_1,main,fine,phạt tiền từ 30.000.000 đồng đến 200.000.000 đồng,,,30000000,200000000,false,false
penalty_penalty_article_288_clause_1_1_main,penalty_article_288_clause_1_1,main,imprisonment,phạt tù từ 06 tháng đến 03 năm,6,36,,,false,false
penalty_penalty_article_288_clause_1_2_main,penalty_article_288_clause_1_2,main,fine,phạt tiền từ 30.000.000 đồng đến 200.000.000 đồng,,,30000000,200000000,false,false
penalty_penalty_article_288_clause_2_1_main,penalty_article_288_clause_2_1,main,imprisonment,phạt tù từ 02 năm đến 07 năm,24,84,,,false,false
penalty_penalty_article_288_clause_2_2_main,penalty_article_288_clause_2_2,main,fine,phạt tiền từ 200.000.000 đồng đến 1.000.000.000 đồng,,,200000000,1000000000,false,false
penalty_penalty_article_288_clause_3_1_main,penalty_article_288_clause_3_1,main,fine,phạt tiền từ 20.000.000 đồng đến 200.000.000 đồng,,,20000000,200000000,false,false
penalty_penalty_article_289_clause_1_1_main,penalty_article_289_clause_1_1,main,imprisonment,phạt tù từ 01 năm đến 05 năm,12,60,,,false,false
penalty_penalty_article_289_clause_1_2_main,penalty_article_289_clause_1_2,main,fine,phạt tiền từ 50.000.000 đồng đến 300.000.000 đồng,,,50000000,300000000,false,false
penalty_penalty_article_289_clause_2_1_main,penalty_article_289_clause_2_1,main,imprisonment,phạt tù từ 03 năm đến 07 năm,36,84,,,false,false
penalty_penalty_article_289_clause_2_2_main,penalty_article_289_clause_2_2,main,fine,phạt tiền từ 300.000.000 đồng đến 1.000.000.000 đồng,,,300000000,1000000000,false,false
penalty_penalty_article_289_clause_3_1_main,penalty_article_289_clause_3_1,main,imprisonment,phạt tù từ 07 năm đến 12 năm,84,144,,,false,false
penalty_penalty_article_289_clause_4_1_main,penalty_article_289_clause_4_1,main,fine,phạt tiền từ 5.000.000 đồng đến 50.000.000 đồng,,,5000000,50000000,false,false
penalty_penalty_article_290_clause_1_1_main,penalty_article_290_clause_1_1,main,imprisonment,phạt tù từ 06 tháng đến 03 năm,6,36,,,false,false
penalty_penalty_article_290_clause_2_1_main,penalty_article_290_clause_2_1,main,imprisonment,phạt tù từ 02 năm đến 07 năm,24,84,,,false,false
penalty_penalty_article_290_clause_3_1_main,penalty_article_290_clause_3_1,main,imprisonment,phạt tù từ 07 năm đến 15 năm,84,180,,,false,false
penalty_penalty_article_290_clause_4_1_main,penalty_article_290_clause_4_1,main,imprisonment,phạt tù từ 12 năm đến 20 năm,144,240,,,false,false
penalty_penalty_article_290_clause_5_1_main,penalty_article_290_clause_5_1,main,fine,phạt tiền từ 20.000.000 đồng đến 100.000.000 đồng,,,20000000,100000000,false,false
penalty_penalty_article_291_clause_1_1_main,penalty_article_291_clause_1_1,main,fine,phạt tiền từ 20.000.000 đồng đến 100.000.000 đồng,,,20000000,100000000,false,false
penalty_penalty_article_291_clause_2_1_main,penalty_article_291_clause_2_1,main,imprisonment,phạt tù từ 03 tháng đến 02 năm,3,24,,,false,false
penalty_penalty_article_291_clause_2_2_main,penalty_article_291_clause_2_2,main,fine,phạt tiền từ 100.000.000 đồng đến 200.000.000 đồng,,,100000000,200000000,false,false
penalty_penalty_article_291_clause_3_1_main,penalty_article_291_clause_3_1,main,imprisonment,phạt tù từ 02 năm đến 07 năm,24,84,,,false,false
penalty_penalty_article_291_clause_3_2_main,penalty_article_291_clause_3_2,main,fine,phạt tiền từ 200.000.000 đồng đến 500.000.000 đồng,,,200000000,500000000,false,false
penalty_penalty_article_291_clause_4_1_main,penalty_article_291_clause_4_1,main,fine,phạt tiền từ 10.000.000 đồng đến 50.000.000 đồng,,,10000000,50000000,false,false
penalty_penalty_article_293_clause_1_1_main,penalty_article_293_clause_1_1,main,fine,phạt tiền từ 50.000.000 đồng đến 100.000.000 đồng,,,50000000,100000000,false,false
penalty_penalty_article_293_clause_2_1_main,penalty_article_293_clause_2_1,main,imprisonment,phạt tù từ 01 năm đến 05 năm,12,60,,,false,false
penalty_penalty_article_294_clause_1_1_main,penalty_article_294_clause_1_1,main,fine,phạt tiền từ 50.000.000 đồng đến 100.000.000 đồng,,,50000000,100000000,false,false
penalty_penalty_article_294_clause_2_1_main,penalty_article_294_clause_2_1,main,imprisonment,phạt tù từ 01 năm đến 05 năm,12,60,,,false,false
penalty_penalty_article_295_clause_1_1_main,penalty_article_295_clause_1_1,main,imprisonment,phạt tù từ 01 năm đến 05 năm,12,60,,,false,false
penalty_penalty_article_295_clause_1_2_main,penalty_article_295_clause_1_2,main,fine,phạt tiền từ 20.000.000 đồng đến 100.000.000 đồng,,,20000000,100000000,false,false
penalty_penalty_article_295_clause_2_1_main,penalty_article_295_clause_2_1,main,imprisonment,phạt tù từ 03 năm đến 07 năm,36,84,,,false,false
penalty_penalty_article_295_clause_3_1_main,penalty_article_295_clause_3_1,main,imprisonment,phạt tù từ 06 năm đến 12 năm,72,144,,,false,false
penalty_penalty_article_295_clause_4_1_main,penalty_article_295_clause_4_1,main,imprisonment,phạt tù từ 03 tháng đến 02 năm,3,24,,,false,false
penalty_penalty_article_295_clause_5_1_main,penalty_article_295_clause_5_1,main,fine,phạt tiền từ 10.000.000 đồng đến 50.000.000 đồng,,,10000000,50000000,false,false
penalty_penalty_article_296_clause_1_1_main,penalty_article_296_clause_1_1,main,imprisonment,phạt tù từ 06 tháng đến 03 năm,6,36,,,false,false
penalty_penalty_article_296_clause_1_2_main,penalty_article_296_clause_1_2,main,fine,phạt tiền từ 30.000.000 đồng đến 200.000.000 đồng,,,30000000,200000000,false,false
penalty_penalty_article_296_clause_2_1_main,penalty_article_296_clause_2_1,main,imprisonment,phạt tù từ 03 năm đến 07 năm,36,84,,,false,false
penalty_penalty_article_296_clause_3_1_main,penalty_article_296_clause_3_1,main,imprisonment,phạt tù từ 05 năm đến 12 năm,60,144,,,false,false
penalty_penalty_article_296_clause_4_1_main,penalty_article_296_clause_4_1,main,fine,phạt tiền từ 10.000.000 đồng đến 50.000.000 đồng,,,10000000,50000000,false,false
penalty_penalty_article_297_clause_1_1_main,penalty_article_297_clause_1_1,main,imprisonment,phạt tù từ 06 tháng đến 03 năm,6,36,,,false,false
penalty_penalty_article_297_clause_1_2_main,penalty_article_297_clause_1_2,main,fine,phạt tiền từ 50.000.000 đồng đến 200.000.000 đồng,,,50000000,200000000,false,false
penalty_penalty_article_297_clause_2_1_main,penalty_article_297_clause_2_1,main,imprisonment,phạt tù từ 02 năm đến 07 năm,24,84,,,false,false
penalty_penalty_article_297_clause_3_1_main,penalty_article_297_clause_3_1,main,imprisonment,phạt tù từ 05 năm đến 12 năm,60,144,,,false,false
penalty_penalty_article_297_clause_4_1_main,penalty_article_297_clause_4_1,main,fine,phạt tiền từ 30.000.000 đồng đến 100.000.000 đồng,,,30000000,100000000,false,false
penalty_penalty_article_298_clause_1_1_main,penalty_article_298_clause_1_1,main,imprisonment,phạt tù từ 01 năm đến 05 năm,12,60,,,false,false
penalty_penalty_article_298_clause_1_2_main,penalty_article_298_clause_1_2,main,fine,phạt tiền từ 50.000.000 đồng đến 500.000.000 đồng,,,50000000,500000000,false,false
penalty_penalty_article_298_clause_2_1_main,penalty_article_298_clause_2_1,main,imprisonment,phạt tù từ 03 năm đến 10 năm,36,120,,,false,false
penalty_penalty_article_298_clause_3_1_main,penalty_article_298_clause_3_1,main,imprisonment,phạt tù từ 07 năm đến 15 năm,84,180,,,false,false
penalty_penalty_article_298_clause_4_1_main,penalty_article_298_clause_4_1,main,fine,phạt tiền từ 30.000.000 đồng đến 100.000.000 đồng,,,30000000,100000000,false,false
penalty_penalty_article_299_clause_1_1_main,penalty_article_299_clause_1_1,main,imprisonment,phạt tù từ 10 năm đến 20 năm,120,240,,,true,true
penalty_penalty_article_299_clause_2_1_main,penalty_article_299_clause_2_1,main,imprisonment,phạt tù từ 05 năm đến 15 năm,60,180,,,false,false
penalty_penalty_article_299_clause_3_1_main,penalty_article_299_clause_3_1,main,imprisonment,phạt tù từ 02 năm đến 07 năm,24,84,,,false,false
penalty_penalty_article_299_clause_4_1_main,penalty_article_299_clause_4_1,main,imprisonment,phạt tù từ 01 năm đến 05 năm,12,60,,,false,false
penalty_penalty_article_300_clause_1_1_main,penalty_article_300_clause_1_1,main,imprisonment,phạt tù từ 05 năm đến 10 năm,60,120,,,false,false
penalty_penalty_article_300_clause_2_1_main,penalty_article_300_clause_2_1,main,imprisonment,phạt tù từ 01 năm đến 05 năm,12,60,,,false,false
penalty_penalty_article_300_clause_4_1_main,penalty_article_300_clause_4_1,main,fine,phạt tiền từ 7.000.000.000 đồng đến 15.000.000.000 đồng,,,7000000000,15000000000,false,false
penalty_penalty_article_300_clause_4_2_main,penalty_article_300_clause_4_2,main,fine,phạt tiền từ 1.000.000.000 đồng đến 5.000.000.000 đồng,,,1000000000,5000000000,false,false
penalty_penalty_article_300_clause_4_point_a_1_main,penalty_article_300_clause_4_point_a_1,main,fine,phạt tiền từ 7.000.000.000 đồng đến 15.000.000.000 đồng,,,7000000000,15000000000,false,false
penalty_penalty_article_300_clause_4_point_c_1_main,penalty_article_300_clause_4_point_c_1,main,fine,phạt tiền từ 1.000.000.000 đồng đến 5.000.000.000 đồng,,,1000000000,5000000000,false,false
penalty_penalty_article_301_clause_1_1_main,penalty_article_301_clause_1_1,main,imprisonment,phạt tù từ 01 năm đến 04 năm,12,48,,,false,false
penalty_penalty_article_301_clause_2_1_main,penalty_article_301_clause_2_1,main,imprisonment,phạt tù từ 03 năm đến 07 năm,36,84,,,false,false
penalty_penalty_article_301_clause_3_1_main,penalty_article_301_clause_3_1,main,imprisonment,phạt tù từ 05 năm đến 10 năm,60,120,,,false,false
penalty_penalty_article_301_clause_4_1_main,penalty_article_301_clause_4_1,main,imprisonment,phạt tù từ 08 năm đến 15 năm,96,180,,,false,false
penalty_penalty_article_301_clause_5_1_main,penalty_article_301_clause_5_1,main,imprisonment,phạt tù từ 06 tháng đến 03 năm,6,36,,,false,false
penalty_penalty_article_302_clause_1_1_main,penalty_article_302_clause_1_1,main,imprisonment,phạt tù từ 05 năm đến 10 năm,60,120,,,false,false
penalty_penalty_article_302_clause_2_1_main,penalty_article_302_clause_2_1,main,imprisonment,phạt tù từ 07 năm đến 15 năm,84,180,,,false,false
penalty_penalty_article_302_clause_3_1_main,penalty_article_302_clause_3_1,main,imprisonment,phạt tù từ 12 năm đến 20 năm,144,240,,,false,false
penalty_penalty_article_302_clause_4_1_main,penalty_article_302_clause_4_1,main,imprisonment,phạt tù từ 18 năm đến 20 năm,216,240,,,true,false
penalty_penalty_article_302_clause_5_1_main,penalty_article_302_clause_5_1,main,imprisonment,phạt tù từ 01 năm đến 05 năm,12,60,,,false,false
penalty_penalty_article_303_clause_1_1_main,penalty_article_303_clause_1_1,main,imprisonment,phạt tù từ 03 năm đến 12 năm,36,144,,,false,false
penalty_penalty_article_303_clause_2_1_main,penalty_article_303_clause_2_1,main,imprisonment,phạt tù từ 10 năm đến 20 năm,120,240,,,true,false
penalty_penalty_article_303_clause_3_1_main,penalty_article_303_clause_3_1,main,imprisonment,phạt tù từ 01 năm đến 05 năm,12,60,,,false,false
penalty_penalty_article_304_clause_1_1_main,penalty_article_304_clause_1_1,main,imprisonment,phạt tù từ 01 năm đến 07 năm,12,84,,,false,false
penalty_penalty_article_304_clause_2_1_main,penalty_article_304_clause_2_1,main,imprisonment,phạt tù từ 05 năm đến 12 năm,60,144,,,false,false
penalty_penalty_article_304_clause_3_1_main,penalty_article_304_clause_3_1,main,imprisonment,phạt tù từ 10 năm đến 15 năm,120,180,,,false,false
penalty_penalty_article_304_clause_4_1_main,penalty_article_304_clause_4_1,main,imprisonment,phạt tù từ 15 năm đến 20 năm,180,240,,,true,false
penalty_penalty_article_304_clause_5_1_main,penalty_article_304_clause_5_1,main,fine,phạt tiền từ 10.000.000 đồng đến 50.000.000 đồng,,,10000000,50000000,false,false
penalty_penalty_article_305_clause_1_1_main,penalty_article_305_clause_1_1,main,imprisonment,phạt tù từ 01 năm đến 05 năm,12,60,,,false,false
penalty_penalty_article_305_clause_2_1_main,penalty_article_305_clause_2_1,main,imprisonment,phạt tù từ 03 năm đến 10 năm,36,120,,,false,false
penalty_penalty_article_305_clause_3_1_main,penalty_article_305_clause_3_1,main,imprisonment,phạt tù từ 07 năm đến 15 năm,84,180,,,false,false
penalty_penalty_article_305_clause_4_1_main,penalty_article_305_clause_4_1,main,imprisonment,phạt tù từ 15 năm đến 20 năm,180,240,,,true,false
penalty_penalty_article_305_clause_5_1_main,penalty_article_305_clause_5_1,main,fine,phạt tiền từ 10.000.000 đồng đến 50.000.000 đồng,,,10000000,50000000,false,false
penalty_penalty_article_306_clause_1_1_main,penalty_article_306_clause_1_1,main,imprisonment,phạt tù từ 03 tháng đến 02 năm,3,24,,,false,false
penalty_penalty_article_306_clause_2_1_main,penalty_article_306_clause_2_1,main,imprisonment,phạt tù từ 01 năm đến 05 năm,12,60,,,false,false
penalty_penalty_article_306_clause_3_1_main,penalty_article_306_clause_3_1,main,imprisonment,phạt tù từ 03 năm đến 07 năm,36,84,,,false,false
penalty_penalty_article_306_clause_4_1_main,penalty_article_306_clause_4_1,main,fine,phạt tiền từ 10.000.000 đồng đến 50.000.000 đồng,,,10000000,50000000,false,false
penalty_penalty_article_307_clause_1_1_main,penalty_article_307_clause_1_1,main,imprisonment,phạt tù từ 01 năm đến 05 năm,12,60,,,false,false
penalty_penalty_article_307_clause_2_1_main,penalty_article_307_clause_2_1,main,imprisonment,phạt tù từ 03 năm đến 10 năm,36,120,,,false,false
penalty_penalty_article_307_clause_3_1_main,penalty_article_307_clause_3_1,main,imprisonment,phạt tù từ 07 năm đến 15 năm,84,180,,,false,false
penalty_penalty_article_307_clause_4_1_main,penalty_article_307_clause_4_1,main,imprisonment,phạt tù từ 03 tháng đến 02 năm,3,24,,,false,false
penalty_penalty_article_307_clause_4_2_main,penalty_article_307_clause_4_2,main,fine,phạt tiền từ 10.000.000 đồng đến 50.000.000 đồng,,,10000000,50000000,false,false
penalty_penalty_article_308_clause_1_1_main,penalty_article_308_clause_1_1,main,imprisonment,phạt tù từ 06 tháng đến 03 năm,6,36,,,false,false
penalty_penalty_article_308_clause_2_1_main,penalty_article_308_clause_2_1,main,imprisonment,phạt tù từ 02 năm đến 07 năm,24,84,,,false,false
penalty_penalty_article_308_clause_3_1_main,penalty_article_308_clause_3_1,main,imprisonment,phạt tù từ 05 năm đến 10 năm,60,120,,,false,false
penalty_penalty_article_309_clause_1_1_main,penalty_article_309_clause_1_1,main,imprisonment,phạt tù từ 02 năm đến 07 năm,24,84,,,false,false
penalty_penalty_article_309_clause_2_1_main,penalty_article_309_clause_2_1,main,imprisonment,phạt tù từ 05 năm đến 12 năm,60,144,,,false,false
penalty_penalty_article_309_clause_3_1_main,penalty_article_309_clause_3_1,main,imprisonment,phạt tù từ 10 năm đến 15 năm,120,180,,,false,false
penalty_penalty_article_309_clause_4_1_main,penalty_article_309_clause_4_1,main,imprisonment,phạt tù từ 15 năm đến 20 năm,180,240,,,true,false
penalty_penalty_article_309_clause_5_1_main,penalty_article_309_clause_5_1,main,fine,phạt tiền từ 10.000.000 đồng đến 50.000.000 đồng,,,10000000,50000000,false,false
penalty_penalty_article_310_clause_1_1_main,penalty_article_310_clause_1_1,main,imprisonment,phạt tù từ 03 năm đến 10 năm,36,120,,,false,false
penalty_penalty_article_310_clause_2_1_main,penalty_article_310_clause_2_1,main,imprisonment,phạt tù từ 07 năm đến 15 năm,84,180,,,false,false
penalty_penalty_article_310_clause_3_1_main,penalty_article_310_clause_3_1,main,imprisonment,phạt tù từ 15 năm đến 20 năm,180,240,,,false,false
penalty_penalty_article_310_clause_4_1_main,penalty_article_310_clause_4_1,main,imprisonment,phạt tù từ 06 tháng đến 03 năm,6,36,,,false,false
penalty_penalty_article_311_clause_1_1_main,penalty_article_311_clause_1_1,main,imprisonment,phạt tù từ 01 năm đến 05 năm,12,60,,,false,false
penalty_penalty_article_311_clause_2_1_main,penalty_article_311_clause_2_1,main,imprisonment,phạt tù từ 03 năm đến 10 năm,36,120,,,false,false
penalty_penalty_article_311_clause_3_1_main,penalty_article_311_clause_3_1,main,imprisonment,phạt tù từ 07 năm đến 15 năm,84,180,,,false,false
penalty_penalty_article_311_clause_4_1_main,penalty_article_311_clause_4_1,main,imprisonment,phạt tù từ 15 năm đến 20 năm,180,240,,,true,false
penalty_penalty_article_311_clause_5_1_main,penalty_article_311_clause_5_1,main,fine,phạt tiền từ 5.000.000 đồng đến 50.000.000 đồng,,,5000000,50000000,false,false
penalty_penalty_article_312_clause_1_1_main,penalty_article_312_clause_1_1,main,imprisonment,phạt tù từ 01 năm đến 05 năm,12,60,,,false,false
penalty_penalty_article_312_clause_2_1_main,penalty_article_312_clause_2_1,main,imprisonment,phạt tù từ 03 năm đến 10 năm,36,120,,,false,false
penalty_penalty_article_312_clause_3_1_main,penalty_article_312_clause_3_1,main,imprisonment,phạt tù từ 07 năm đến 15 năm,84,180,,,false,false
penalty_penalty_article_313_clause_1_1_main,penalty_article_313_clause_1_1,main,imprisonment,phạt tù từ 02 năm đến 05 năm,24,60,,,false,false
penalty_penalty_article_313_clause_2_1_main,penalty_article_313_clause_2_1,main,imprisonment,phạt tù từ 05 năm đến 08 năm,60,96,,,false,false
penalty_penalty_article_313_clause_3_1_main,penalty_article_313_clause_3_1,main,imprisonment,phạt tù từ 07 năm đến 12 năm,84,144,,,false,false
penalty_penalty_article_313_clause_4_1_main,penalty_article_313_clause_4_1,main,imprisonment,phạt tù từ 03 tháng đến 01 năm,3,12,,,false,false
penalty_penalty_article_313_clause_5_1_main,penalty_article_313_clause_5_1,main,fine,phạt tiền từ 10.000.000 đồng đến 50.000.000 đồng,,,10000000,50000000,false,false
penalty_penalty_article_314_clause_1_1_main,penalty_article_314_clause_1_1,main,imprisonment,phạt tù từ 06 tháng đến 05 năm,6,60,,,false,false
penalty_penalty_article_314_clause_1_2_main,penalty_article_314_clause_1_2,main,fine,phạt tiền từ 20.000.000 đồng đến 100.000.000 đồng,,,20000000,100000000,false,false
penalty_penalty_article_314_clause_2_1_main,penalty_article_314_clause_2_1,main,imprisonment,phạt tù từ 02 năm đến 07 năm,24,84,,,false,false
penalty_penalty_article_314_clause_2_2_main,penalty_article_314_clause_2_2,main,fine,phạt tiền từ 100.000.000 đồng đến 300.000.000 đồng,,,100000000,300000000,false,false
penalty_penalty_article_314_clause_3_1_main,penalty_article_314_clause_3_1,main,imprisonment,phạt tù từ 06 năm đến 10 năm,72,120,,,false,false
penalty_penalty_article_314_clause_4_1_main,penalty_article_314_clause_4_1,main,imprisonment,phạt tù từ 03 tháng đến 02 năm,3,24,,,false,false
penalty_penalty_article_314_clause_4_2_main,penalty_article_314_clause_4_2,main,fine,phạt tiền từ 20.000.000 đồng đến 100.000.000 đồng,,,20000000,100000000,false,false
penalty_penalty_article_315_clause_1_1_main,penalty_article_315_clause_1_1,main,imprisonment,phạt tù từ 01 năm đến 05 năm,12,60,,,false,false
penalty_penalty_article_315_clause_2_1_main,penalty_article_315_clause_2_1,main,imprisonment,phạt tù từ 03 năm đến 10 năm,36,120,,,false,false
penalty_penalty_article_315_clause_3_1_main,penalty_article_315_clause_3_1,main,imprisonment,phạt tù từ 07 năm đến 15 năm,84,180,,,false,false
penalty_penalty_article_315_clause_4_1_main,penalty_article_315_clause_4_1,main,fine,phạt tiền từ 10.000.000 đồng đến 50.000.000 đồng,,,10000000,50000000,false,false
penalty_penalty_article_316_clause_1_1_main,penalty_article_316_clause_1_1,main,imprisonment,phạt tù từ 01 năm đến 03 năm,12,36,,,false,false
penalty_penalty_article_316_clause_2_1_main,penalty_article_316_clause_2_1,main,imprisonment,phạt tù từ 03 năm đến 07 năm,36,84,,,false,false
penalty_penalty_article_316_clause_3_1_main,penalty_article_316_clause_3_1,main,imprisonment,phạt tù từ 07 năm đến 15 năm,84,180,,,false,false
penalty_penalty_article_316_clause_4_1_main,penalty_article_316_clause_4_1,main,fine,phạt tiền từ 5.000.000 đồng đến 50.000.000 đồng,,,5000000,50000000,false,false
penalty_penalty_article_316_clause_1_1_main,penalty_article_316_clause_1_1,main,imprisonment,phạt tù từ 02 năm đến 05 năm,24,60,,,false,false
penalty_penalty_article_316_clause_1_2_main,penalty_article_316_clause_1_2,main,fine,phạt tiền từ 100.000.000 đồng đến 400.000.000 đồng,,,100000000,400000000,false,false
penalty_penalty_article_316_clause_2_1_main,penalty_article_316_clause_2_1,main,imprisonment,phạt tù từ 03 năm đến 07 năm,36,84,,,false,false
penalty_penalty_article_316_clause_2_2_main,penalty_article_316_clause_2_2,main,fine,phạt tiền từ 400.000.000 đồng đến 1.000.000.000 đồng,,,400000000,1000000000,false,false
penalty_penalty_article_316_clause_3_1_main,penalty_article_316_clause_3_1,main,imprisonment,phạt tù từ 07 năm đến 15 năm,84,180,,,false,false
penalty_penalty_article_316_clause_4_1_main,penalty_article_316_clause_4_1,main,imprisonment,phạt tù từ 12 năm đến 20 năm,144,240,,,false,false
penalty_penalty_article_316_clause_5_1_main,penalty_article_316_clause_5_1,main,fine,phạt tiền từ 40.000.000 đồng đến 200.000.000 đồng,,,40000000,200000000,false,false
penalty_penalty_article_318_clause_1_1_main,penalty_article_318_clause_1_1,main,imprisonment,phạt tù từ 03 tháng đến 02 năm,3,24,,,false,false
penalty_penalty_article_318_clause_1_2_main,penalty_article_318_clause_1_2,main,fine,phạt tiền từ 5.000.000 đồng đến 50.000.000 đồng,,,5000000,50000000,false,false
penalty_penalty_article_318_clause_2_1_main,penalty_article_318_clause_2_1,main,imprisonment,phạt tù từ 02 năm đến 07 năm,24,84,,,false,false
penalty_penalty_article_319_clause_1_1_main,penalty_article_319_clause_1_1,main,imprisonment,phạt tù từ 03 tháng đến 02 năm,3,24,,,false,false
penalty_penalty_article_319_clause_2_1_main,penalty_article_319_clause_2_1,main,imprisonment,phạt tù từ 02 năm đến 07 năm,24,84,,,false,false
penalty_penalty_article_320_clause_1_1_main,penalty_article_320_clause_1_1,main,imprisonment,phạt tù từ 06 tháng đến 03 năm,6,36,,,false,false
penalty_penalty_article_320_clause_1_2_main,penalty_article_320_clause_1_2,main,fine,phạt tiền từ 10.000.000 đồng đến 100.000.000 đồng,,,10000000,100000000,false,false
penalty_penalty_article_320_clause_2_1_main,penalty_article_320_clause_2_1,main,imprisonment,phạt tù từ 03 năm đến 10 năm,36,120,,,false,false
penalty_penalty_article_320_clause_3_1_main,penalty_article_320_clause_3_1,main,fine,phạt tiền từ 10.000.000 đồng đến 50.000.000 đồng,,,10000000,50000000,false,false
penalty_penalty_article_321_clause_1_1_main,penalty_article_321_clause_1_1,main,imprisonment,phạt tù từ 06 tháng đến 03 năm,6,36,,,false,false
penalty_penalty_article_321_clause_1_2_main,penalty_article_321_clause_1_2,main,fine,phạt tiền từ 20.000.000 đồng đến 100.000.000 đồng,,,20000000,100000000,false,false
penalty_penalty_article_321_clause_2_1_main,penalty_article_321_clause_2_1,main,imprisonment,phạt tù từ 03 năm đến 07 năm,36,84,,,false,false
penalty_penalty_article_321_clause_3_1_main,penalty_article_321_clause_3_1,main,fine,phạt tiền từ 10.000.000 đồng đến 50.000.000 đồng,,,10000000,50000000,false,false
penalty_penalty_article_322_clause_1_1_main,penalty_article_322_clause_1_1,main,imprisonment,phạt tù từ 01 năm đến 05 năm,12,60,,,false,false
penalty_penalty_article_322_clause_1_2_main,penalty_article_322_clause_1_2,main,fine,phạt tiền từ 50.000.000 đồng đến 300.000.000 đồng,,,50000000,300000000,false,false
penalty_penalty_article_322_clause_2_1_main,penalty_article_322_clause_2_1,main,imprisonment,phạt tù từ 05 năm đến 10 năm,60,120,,,false,false
penalty_penalty_article_322_clause_3_1_main,penalty_article_322_clause_3_1,main,fine,phạt tiền từ 20.000.000 đồng đến 100.000.000 đồng,,,20000000,100000000,false,false
penalty_penalty_article_323_clause_1_1_main,penalty_article_323_clause_1_1,main,imprisonment,phạt tù từ 06 tháng đến 03 năm,6,36,,,false,false
penalty_penalty_article_323_clause_1_2_main,penalty_article_323_clause_1_2,main,fine,phạt tiền từ 10.000.000 đồng đến 100.000.000 đồng,,,10000000,100000000,false,false
penalty_penalty_article_323_clause_2_1_main,penalty_article_323_clause_2_1,main,imprisonment,phạt tù từ 03 năm đến 07 năm,36,84,,,false,false
penalty_penalty_article_323_clause_3_1_main,penalty_article_323_clause_3_1,main,imprisonment,phạt tù từ 07 năm đến 10 năm,84,120,,,false,false
penalty_penalty_article_323_clause_4_1_main,penalty_article_323_clause_4_1,main,imprisonment,phạt tù từ 10 năm đến 15 năm,120,180,,,false,false
penalty_penalty_article_323_clause_5_1_main,penalty_article_323_clause_5_1,main,fine,phạt tiền từ 5.000.000 đồng đến 50.000.000 đồng,,,5000000,50000000,false,false
penalty_penalty_article_324_clause_1_1_main,penalty_article_324_clause_1_1,main,imprisonment,phạt tù từ 01 năm đến 05 năm,12,60,,,false,false
penalty_penalty_article_324_clause_2_1_main,penalty_article_324_clause_2_1,main,imprisonment,phạt tù từ 05 năm đến 10 năm,60,120,,,false,false
penalty_penalty_article_324_clause_3_1_main,penalty_article_324_clause_3_1,main,imprisonment,phạt tù từ 10 năm đến 15 năm,120,180,,,false,false
penalty_penalty_article_324_clause_4_1_main,penalty_article_324_clause_4_1,main,imprisonment,phạt tù từ 06 tháng đến 03 năm,6,36,,,false,false
penalty_penalty_article_324_clause_5_1_main,penalty_article_324_clause_5_1,main,fine,phạt tiền từ 20.000.000 đồng đến 100.000.000 đồng,,,20000000,100000000,false,false
penalty_penalty_article_324_clause_6_1_main,penalty_article_324_clause_6_1,main,fine,phạt tiền từ 1.000.000.000 đồng đến 5.000.000.000 đồng,,,1000000000,5000000000,false,false
penalty_penalty_article_324_clause_6_2_main,penalty_article_324_clause_6_2,main,fine,phạt tiền từ 5.000.000.000 đồng đến 10.000.000.000 đồng,,,5000000000,10000000000,false,false
penalty_penalty_article_324_clause_6_3_main,penalty_article_324_clause_6_3,main,fine,phạt tiền từ 10.000.000.000 đồng đến 20.000.000.000 đồng,,,10000000000,20000000000,false,false
penalty_penalty_article_324_clause_6_4_main,penalty_article_324_clause_6_4,main,fine,phạt tiền từ 1.000.000.000 đồng đến 5.000.000.000 đồng,,,1000000000,5000000000,false,false
penalty_penalty_article_324_clause_6_point_a_1_main,penalty_article_324_clause_6_point_a_1,main,fine,phạt tiền từ 1.000.000.000 đồng đến 5.000.000.000 đồng,,,1000000000,5000000000,false,false
penalty_penalty_article_324_clause_6_point_b_1_main,penalty_article_324_clause_6_point_b_1,main,fine,phạt tiền từ 5.000.000.000 đồng đến 10.000.000.000 đồng,,,5000000000,10000000000,false,false
penalty_penalty_article_324_clause_6_point_c_1_main,penalty_article_324_clause_6_point_c_1,main,fine,phạt tiền từ 10.000.000.000 đồng đến 20.000.000.000 đồng,,,10000000000,20000000000,false,false
penalty_penalty_article_324_clause_6_point_d_1_main,penalty_article_324_clause_6_point_d_1,main,fine,phạt tiền từ 1.000.000.000 đồng đến 5.000.000.000 đồng,,,1000000000,5000000000,false,false
penalty_penalty_article_325_clause_1_1_main,penalty_article_325_clause_1_1,main,imprisonment,phạt tù từ 01 năm đến 05 năm,12,60,,,false,false
penalty_penalty_article_325_clause_2_1_main,penalty_article_325_clause_2_1,main,imprisonment,phạt tù từ 03 năm đến 07 năm,36,84,,,false,false
penalty_penalty_article_325_clause_3_1_main,penalty_article_325_clause_3_1,main,fine,phạt tiền từ 10.000.000 đồng đến 100.000.000 đồng,,,10000000,100000000,false,false
penalty_penalty_article_326_clause_1_1_main,penalty_article_326_clause_1_1,main,imprisonment,phạt tù từ 06 tháng đến 03 năm,6,36,,,false,false
penalty_penalty_article_326_clause_1_2_main,penalty_article_326_clause_1_2,main,fine,phạt tiền từ 10.000.000 đồng đến 100.000.000 đồng,,,10000000,100000000,false,false
penalty_penalty_article_326_clause_2_1_main,penalty_article_326_clause_2_1,main,imprisonment,phạt tù từ 03 năm đến 10 năm,36,120,,,false,false
penalty_penalty_article_326_clause_3_1_main,penalty_article_326_clause_3_1,main,imprisonment,phạt tù từ 07 năm đến 15 năm,84,180,,,false,false
penalty_penalty_article_326_clause_4_1_main,penalty_article_326_clause_4_1,main,fine,phạt tiền từ 5.000.000 đồng đến 30.000.000 đồng,,,5000000,30000000,false,false
penalty_penalty_article_327_clause_1_1_main,penalty_article_327_clause_1_1,main,imprisonment,phạt tù từ 01 năm đến 05 năm,12,60,,,false,false
penalty_penalty_article_327_clause_2_1_main,penalty_article_327_clause_2_1,main,imprisonment,phạt tù từ 05 năm đến 10 năm,60,120,,,false,false
penalty_penalty_article_327_clause_3_1_main,penalty_article_327_clause_3_1,main,imprisonment,phạt tù từ 10 năm đến 15 năm,120,180,,,false,false
penalty_penalty_article_327_clause_4_1_main,penalty_article_327_clause_4_1,main,imprisonment,phạt tù từ 15 năm đến 20 năm,180,240,,,true,false
penalty_penalty_article_327_clause_5_1_main,penalty_article_327_clause_5_1,main,fine,phạt tiền từ 10.000.000 đồng đến 100.000.000 đồng,,,10000000,100000000,false,false
penalty_penalty_article_328_clause_1_1_main,penalty_article_328_clause_1_1,main,imprisonment,phạt tù từ 06 tháng đến 03 năm,6,36,,,false,false
penalty_penalty_article_328_clause_2_1_main,penalty_article_328_clause_2_1,main,imprisonment,phạt tù từ 03 năm đến 07 năm,36,84,,,false,false
penalty_penalty_article_328_clause_3_1_main,penalty_article_328_clause_3_1,main,imprisonment,phạt tù từ 07 năm đến 15 năm,84,180,,,false,false
penalty_penalty_article_328_clause_4_1_main,penalty_article_328_clause_4_1,main,fine,phạt tiền từ 10.000.000 đồng đến 50.000.000 đồng,,,10000000,50000000,false,false
penalty_penalty_article_329_clause_1_1_main,penalty_article_329_clause_1_1,main,imprisonment,phạt tù từ 01 năm đến 05 năm,12,60,,,false,false
penalty_penalty_article_329_clause_2_1_main,penalty_article_329_clause_2_1,main,imprisonment,phạt tù từ 03 năm đến 07 năm,36,84,,,false,false
penalty_penalty_article_329_clause_3_1_main,penalty_article_329_clause_3_1,main,imprisonment,phạt tù từ 07 năm đến 15 năm,84,180,,,false,false
penalty_penalty_article_329_clause_4_1_main,penalty_article_329_clause_4_1,main,fine,phạt tiền từ 10.000.000 đồng đến 50.000.000 đồng,,,10000000,50000000,false,false
penalty_penalty_article_330_clause_1_1_main,penalty_article_330_clause_1_1,main,imprisonment,phạt tù từ 06 tháng đến 03 năm,6,36,,,false,false
penalty_penalty_article_330_clause_2_1_main,penalty_article_330_clause_2_1,main,imprisonment,phạt tù từ 02 năm đến 07 năm,24,84,,,false,false
penalty_penalty_article_331_clause_1_1_main,penalty_article_331_clause_1_1,main,imprisonment,phạt tù từ 06 tháng đến 03 năm,6,36,,,false,false
penalty_penalty_article_331_clause_2_1_main,penalty_article_331_clause_2_1,main,imprisonment,phạt tù từ 02 năm đến 07 năm,24,84,,,false,false
penalty_penalty_article_332_clause_1_1_main,penalty_article_332_clause_1_1,main,imprisonment,phạt tù từ 03 tháng đến 02 năm,3,24,,,false,false
penalty_penalty_article_332_clause_2_1_main,penalty_article_332_clause_2_1,main,imprisonment,phạt tù từ 01 năm đến 05 năm,12,60,,,false,false
penalty_penalty_article_333_clause_1_1_main,penalty_article_333_clause_1_1,main,imprisonment,phạt tù từ 06 tháng đến 03 năm,6,36,,,false,false
penalty_penalty_article_333_clause_2_1_main,penalty_article_333_clause_2_1,main,imprisonment,phạt tù từ 02 năm đến 07 năm,24,84,,,false,false
penalty_penalty_article_334_clause_1_1_main,penalty_article_334_clause_1_1,main,imprisonment,phạt tù từ 06 tháng đến 03 năm,6,36,,,false,false
penalty_penalty_article_334_clause_2_1_main,penalty_article_334_clause_2_1,main,imprisonment,phạt tù từ 02 năm đến 07 năm,24,84,,,false,false
penalty_penalty_article_335_clause_1_1_main,penalty_article_335_clause_1_1,main,imprisonment,phạt tù từ 03 tháng đến 02 năm,3,24,,,false,false
penalty_penalty_article_335_clause_2_1_main,penalty_article_335_clause_2_1,main,imprisonment,phạt tù từ 02 năm đến 05 năm,24,60,,,false,false
penalty_penalty_article_336_clause_2_1_main,penalty_article_336_clause_2_1,main,imprisonment,phạt tù từ 03 tháng đến 02 năm,3,24,,,false,false
penalty_penalty_article_337_clause_1_1_main,penalty_article_337_clause_1_1,main,imprisonment,phạt tù từ 02 năm đến 07 năm,24,84,,,false,false
penalty_penalty_article_337_clause_2_1_main,penalty_article_337_clause_2_1,main,imprisonment,phạt tù từ 05 năm đến 10 năm,60,120,,,false,false
penalty_penalty_article_337_clause_3_1_main,penalty_article_337_clause_3_1,main,imprisonment,phạt tù từ 10 năm đến 15 năm,120,180,,,false,false
penalty_penalty_article_337_clause_4_1_main,penalty_article_337_clause_4_1,main,fine,phạt tiền từ 10.000.000 đồng đến 100.000.000 đồng,,,10000000,100000000,false,false
penalty_penalty_article_338_clause_1_1_main,penalty_article_338_clause_1_1,main,imprisonment,phạt tù từ 06 tháng đến 03 năm,6,36,,,false,false
penalty_penalty_article_338_clause_2_1_main,penalty_article_338_clause_2_1,main,imprisonment,phạt tù từ 02 năm đến 07 năm,24,84,,,false,false
penalty_penalty_article_339_clause_0_1_main,penalty_article_339_clause_0_1,main,imprisonment,phạt tù từ 03 tháng đến 02 năm,3,24,,,false,false
penalty_penalty_article_340_clause_1_1_main,penalty_article_340_clause_1_1,main,imprisonment,phạt tù từ 06 tháng đến 03 năm,6,36,,,false,false
penalty_penalty_article_340_clause_1_2_main,penalty_article_340_clause_1_2,main,fine,phạt tiền từ 10.000.000 đồng đến 50.000.000 đồng,,,10000000,50000000,false,false
penalty_penalty_article_340_clause_2_1_main,penalty_article_340_clause_2_1,main,imprisonment,phạt tù từ 02 năm đến 05 năm,24,60,,,false,false
penalty_penalty_article_340_clause_3_1_main,penalty_article_340_clause_3_1,main,fine,phạt tiền từ 5.000.000 đồng đến 20.000.000 đồng,,,5000000,20000000,false,false
penalty_penalty_article_341_clause_1_1_main,penalty_article_341_clause_1_1,main,imprisonment,phạt tù từ 06 tháng đến 02 năm,6,24,,,false,false
penalty_penalty_article_341_clause_1_2_main,penalty_article_341_clause_1_2,main,fine,phạt tiền từ 30.000.000 đồng đến 100.000.000 đồng,,,30000000,100000000,false,false
penalty_penalty_article_341_clause_2_1_main,penalty_article_341_clause_2_1,main,imprisonment,phạt tù từ 02 năm đến 05 năm,24,60,,,false,false
penalty_penalty_article_341_clause_3_1_main,penalty_article_341_clause_3_1,main,imprisonment,phạt tù từ 03 năm đến 07 năm,36,84,,,false,false
penalty_penalty_article_341_clause_4_1_main,penalty_article_341_clause_4_1,main,fine,phạt tiền từ 5.000.000 đồng đến 50.000.000 đồng,,,5000000,50000000,false,false
penalty_penalty_article_342_clause_1_1_main,penalty_article_342_clause_1_1,main,imprisonment,phạt tù từ 03 tháng đến 02 năm,3,24,,,false,false
penalty_penalty_article_342_clause_1_2_main,penalty_article_342_clause_1_2,main,fine,phạt tiền từ 5.000.000 đồng đến 50.000.000 đồng,,,5000000,50000000,false,false
penalty_penalty_article_342_clause_2_1_main,penalty_article_342_clause_2_1,main,imprisonment,phạt tù từ 02 năm đến 05 năm,24,60,,,false,false
penalty_penalty_article_342_clause_3_1_main,penalty_article_342_clause_3_1,main,fine,phạt tiền từ 5.000.000 đồng đến 20.000.000 đồng,,,5000000,20000000,false,false
penalty_penalty_article_343_clause_1_1_main,penalty_article_343_clause_1_1,main,imprisonment,phạt tù từ 03 tháng đến 02 năm,3,24,,,false,false
penalty_penalty_article_343_clause_2_1_main,penalty_article_343_clause_2_1,main,fine,phạt tiền từ 5.000.000 đồng đến 50.000.000 đồng,,,5000000,50000000,false,false
penalty_penalty_article_344_clause_1_1_main,penalty_article_344_clause_1_1,main,imprisonment,phạt tù từ 03 tháng đến 02 năm,3,24,,,false,false
penalty_penalty_article_344_clause_1_2_main,penalty_article_344_clause_1_2,main,fine,phạt tiền từ 20.000.000 đồng đến 200.000.000 đồng,,,20000000,200000000,false,false
penalty_penalty_article_344_clause_2_1_main,penalty_article_344_clause_2_1,main,imprisonment,phạt tù từ 02 năm đến 05 năm,24,60,,,false,false
penalty_penalty_article_344_clause_3_1_main,penalty_article_344_clause_3_1,main,fine,phạt tiền từ 20.000.000 đồng đến 100.000.000 đồng,,,20000000,100000000,false,false
penalty_penalty_article_345_clause_1_1_main,penalty_article_345_clause_1_1,main,imprisonment,phạt tù từ 06 tháng đến 03 năm,6,36,,,false,false
penalty_penalty_article_345_clause_1_2_main,penalty_article_345_clause_1_2,main,fine,phạt tiền từ 10.000.000 đồng đến 100.000.000 đồng,,,10000000,100000000,false,false
penalty_penalty_article_345_clause_2_1_main,penalty_article_345_clause_2_1,main,imprisonment,phạt tù từ 03 năm đến 07 năm,36,84,,,false,false
penalty_penalty_article_346_clause_1_1_main,penalty_article_346_clause_1_1,main,imprisonment,phạt tù từ 06 tháng đến 03 năm,6,36,,,false,false
penalty_penalty_article_346_clause_1_2_main,penalty_article_346_clause_1_2,main,fine,phạt tiền từ 10.000.000 đồng đến 100.000.000 đồng,,,10000000,100000000,false,false
penalty_penalty_article_346_clause_2_1_main,penalty_article_346_clause_2_1,main,imprisonment,phạt tù từ 02 năm đến 07 năm,24,84,,,false,false
penalty_penalty_article_346_clause_3_1_main,penalty_article_346_clause_3_1,main,fine,phạt tiền từ 5.000.000 đồng đến 50.000.000 đồng,,,5000000,50000000,false,false
penalty_penalty_article_347_clause_0_1_main,penalty_article_347_clause_0_1,main,imprisonment,phạt tù từ 06 tháng đến 03 năm,6,36,,,false,false
penalty_penalty_article_347_clause_0_2_main,penalty_article_347_clause_0_2,main,fine,phạt tiền từ 5.000.000 đồng đến 50.000.000 đồng,,,5000000,50000000,false,false
penalty_penalty_article_348_clause_2_1_main,penalty_article_348_clause_2_1,main,imprisonment,phạt tù từ 05 năm đến 10 năm,60,120,,,false,false
penalty_penalty_article_348_clause_3_1_main,penalty_article_348_clause_3_1,main,imprisonment,phạt tù từ 07 năm đến 15 năm,84,180,,,false,false
penalty_penalty_article_348_clause_4_1_main,penalty_article_348_clause_4_1,main,fine,phạt tiền từ 10.000.000 đồng đến 50.000.000 đồng,,,10000000,50000000,false,false
penalty_penalty_article_349_clause_1_1_main,penalty_article_349_clause_1_1,main,imprisonment,phạt tù từ 01 năm đến 05 năm,12,60,,,false,false
penalty_penalty_article_349_clause_2_1_main,penalty_article_349_clause_2_1,main,imprisonment,phạt tù từ 05 năm đến 10 năm,60,120,,,false,false
penalty_penalty_article_349_clause_3_1_main,penalty_article_349_clause_3_1,main,imprisonment,phạt tù từ 07 năm đến 15 năm,84,180,,,false,false
penalty_penalty_article_349_clause_4_1_main,penalty_article_349_clause_4_1,main,fine,phạt tiền từ 10.000.000 đồng đến 50.000.000 đồng,,,10000000,50000000,false,false
penalty_penalty_article_350_clause_1_1_main,penalty_article_350_clause_1_1,main,imprisonment,phạt tù từ 02 năm đến 07 năm,24,84,,,false,false
penalty_penalty_article_350_clause_2_1_main,penalty_article_350_clause_2_1,main,imprisonment,phạt tù từ 05 năm đến 12 năm,60,144,,,false,false
penalty_penalty_article_350_clause_3_1_main,penalty_article_350_clause_3_1,main,imprisonment,phạt tù từ 12 năm đến 20 năm,144,240,,,false,false
penalty_penalty_article_351_clause_0_1_main,penalty_article_351_clause_0_1,main,imprisonment,phạt tù từ 06 tháng đến 03 năm,6,36,,,false,false
penalty_penalty_article_353_clause_1_1_main,penalty_article_353_clause_1_1,main,imprisonment,phạt tù từ 02 năm đến 07 năm,24,84,,,false,false
penalty_penalty_article_353_clause_2_1_main,penalty_article_353_clause_2_1,main,imprisonment,phạt tù từ 07 năm đến 15 năm,84,180,,,false,false
penalty_penalty_article_353_clause_3_1_main,penalty_article_353_clause_3_1,main,imprisonment,phạt tù từ 15 năm đến 20 năm,180,240,,,false,false
penalty_penalty_article_353_clause_4_1_main,penalty_article_353_clause_4_1,main,imprisonment,phạt tù 20 năm hoặc tù chung thân,240,240,,,true,false
penalty_penalty_article_353_clause_4_2_main,penalty_article_353_clause_4_2,main,imprisonment,phạt tù 20 năm,240,240,,,true,false
penalty_penalty_article_353_clause_5_1_main,penalty_article_353_clause_5_1,main,fine,phạt tiền từ 60.000.000 đồng đến 200.000.000 đồng,,,60000000,200000000,false,false
penalty_penalty_article_354_clause_1_1_main,penalty_article_354_clause_1_1,main,imprisonment,phạt tù từ 02 năm đến 07 năm,24,84,,,false,false
penalty_penalty_article_354_clause_2_1_main,penalty_article_354_clause_2_1,main,imprisonment,phạt tù từ 07 năm đến 15 năm,84,180,,,false,false
penalty_penalty_article_354_clause_3_1_main,penalty_article_354_clause_3_1,main,imprisonment,phạt tù từ 15 năm đến 20 năm,180,240,,,false,false
penalty_penalty_article_354_clause_4_1_main,penalty_article_354_clause_4_1,main,imprisonment,phạt tù 20 năm hoặc tù chung thân,240,240,,,true,false
penalty_penalty_article_354_clause_4_2_main,penalty_article_354_clause_4_2,main,imprisonment,phạt tù 20 năm,240,240,,,true,false
penalty_penalty_article_354_clause_5_1_main,penalty_article_354_clause_5_1,main,fine,phạt tiền từ 60.000.000 đồng đến 200.000.000 đồng,,,60000000,200000000,false,false
penalty_penalty_article_355_clause_1_1_main,penalty_article_355_clause_1_1,main,imprisonment,phạt tù từ 01 năm đến 06 năm,12,72,,,false,false
penalty_penalty_article_355_clause_2_1_main,penalty_article_355_clause_2_1,main,imprisonment,phạt tù từ 06 năm đến 13 năm,72,156,,,false,false
penalty_penalty_article_355_clause_3_1_main,penalty_article_355_clause_3_1,main,imprisonment,phạt tù từ 13 năm đến 20 năm,156,240,,,false,false
penalty_penalty_article_355_clause_4_1_main,penalty_article_355_clause_4_1,main,imprisonment,phạt tù 20 năm hoặc tù chung thân,240,240,,,true,false
penalty_penalty_article_355_clause_4_2_main,penalty_article_355_clause_4_2,main,imprisonment,phạt tù 20 năm,240,240,,,true,false
penalty_penalty_article_355_clause_5_1_main,penalty_article_355_clause_5_1,main,fine,phạt tiền từ 60.000.000 đồng đến 200.000.000 đồng,,,60000000,200000000,false,false
penalty_penalty_article_356_clause_1_1_main,penalty_article_356_clause_1_1,main,imprisonment,phạt tù từ 01 năm đến 05 năm,12,60,,,false,false
penalty_penalty_article_356_clause_2_1_main,penalty_article_356_clause_2_1,main,imprisonment,phạt tù từ 05 năm đến 10 năm,60,120,,,false,false
penalty_penalty_article_356_clause_3_1_main,penalty_article_356_clause_3_1,main,imprisonment,phạt tù từ 10 năm đến 15 năm,120,180,,,false,false
penalty_penalty_article_356_clause_4_1_main,penalty_article_356_clause_4_1,main,fine,phạt tiền từ 20.000.000 đồng đến 200.000.000 đồng,,,20000000,200000000,false,false
penalty_penalty_article_357_clause_1_1_main,penalty_article_357_clause_1_1,main,imprisonment,phạt tù từ 01 năm đến 07 năm,12,84,,,false,false
penalty_penalty_article_357_clause_2_1_main,penalty_article_357_clause_2_1,main,imprisonment,phạt tù từ 05 năm đến 10 năm,60,120,,,false,false
penalty_penalty_article_357_clause_3_1_main,penalty_article_357_clause_3_1,main,imprisonment,phạt tù từ 10 năm đến 15 năm,120,180,,,false,false
penalty_penalty_article_357_clause_4_1_main,penalty_article_357_clause_4_1,main,imprisonment,phạt tù từ 15 năm đến 20 năm,180,240,,,false,false
penalty_penalty_article_357_clause_5_1_main,penalty_article_357_clause_5_1,main,fine,phạt tiền từ 20.000.000 đồng đến 200.000.000 đồng,,,20000000,200000000,false,false
penalty_penalty_article_358_clause_1_1_main,penalty_article_358_clause_1_1,main,imprisonment,phạt tù từ 01 năm đến 06 năm,12,72,,,false,false
penalty_penalty_article_358_clause_2_1_main,penalty_article_358_clause_2_1,main,imprisonment,phạt tù từ 06 năm đến 13 năm,72,156,,,false,false
penalty_penalty_article_358_clause_3_1_main,penalty_article_358_clause_3_1,main,imprisonment,phạt tù từ 13 năm đến 20 năm,156,240,,,false,false
penalty_penalty_article_358_clause_4_1_main,penalty_article_358_clause_4_1,main,imprisonment,phạt tù 20 năm hoặc tù chung thân,240,240,,,true,false
penalty_penalty_article_358_clause_4_2_main,penalty_article_358_clause_4_2,main,imprisonment,phạt tù 20 năm,240,240,,,true,false
penalty_penalty_article_358_clause_5_1_main,penalty_article_358_clause_5_1,main,fine,phạt tiền từ 60.000.000 đồng đến 200.000.000 đồng,,,60000000,200000000,false,false
penalty_penalty_article_359_clause_1_1_main,penalty_article_359_clause_1_1,main,imprisonment,phạt tù từ 01 năm đến 05 năm,12,60,,,false,false
penalty_penalty_article_359_clause_2_1_main,penalty_article_359_clause_2_1,main,imprisonment,phạt tù từ 03 năm đến 10 năm,36,120,,,false,false
penalty_penalty_article_359_clause_3_1_main,penalty_article_359_clause_3_1,main,imprisonment,phạt tù từ 07 năm đến 15 năm,84,180,,,false,false
penalty_penalty_article_359_clause_4_1_main,penalty_article_359_clause_4_1,main,imprisonment,phạt tù từ 12 năm đến 20 năm,144,240,,,false,false
penalty_penalty_article_359_clause_5_1_main,penalty_article_359_clause_5_1,main,fine,phạt tiền từ 20.000.000 đồng đến 200.000.000 đồng,,,20000000,200000000,false,false
penalty_penalty_article_360_clause_1_1_main,penalty_article_360_clause_1_1,main,imprisonment,phạt tù từ 06 tháng đến 05 năm,6,60,,,false,false
penalty_penalty_article_360_clause_2_1_main,penalty_article_360_clause_2_1,main,imprisonment,phạt tù từ 03 năm đến 07 năm,36,84,,,false,false
penalty_penalty_article_360_clause_3_1_main,penalty_article_360_clause_3_1,main,imprisonment,phạt tù từ 07 năm đến 12 năm,84,144,,,false,false
penalty_penalty_article_361_clause_1_1_main,penalty_article_361_clause_1_1,main,imprisonment,phạt tù từ 06 tháng đến 03 năm,6,36,,,false,false
penalty_penalty_article_361_clause_2_1_main,penalty_article_361_clause_2_1,main,imprisonment,phạt tù từ 02 năm đến 07 năm,24,84,,,false,false
penalty_penalty_article_362_clause_2_1_main,penalty_article_362_clause_2_1,main,imprisonment,phạt tù từ 03 tháng đến 02 năm,3,24,,,false,false
penalty_penalty_article_363_clause_1_1_main,penalty_article_363_clause_1_1,main,imprisonment,phạt tù từ 06 tháng đến 03 năm,6,36,,,false,false
penalty_penalty_article_363_clause_2_1_main,penalty_article_363_clause_2_1,main,imprisonment,phạt tù từ 02 năm đến 07 năm,24,84,,,false,false
penalty_penalty_article_364_clause_1_1_main,penalty_article_364_clause_1_1,main,imprisonment,phạt tù từ 06 tháng đến 03 năm,6,36,,,false,false
penalty_penalty_article_364_clause_1_2_main,penalty_article_364_clause_1_2,main,fine,phạt tiền từ 20.000.000 đồng đến 200.000.000 đồng,,,20000000,200000000,false,false
penalty_penalty_article_364_clause_2_1_main,penalty_article_364_clause_2_1,main,imprisonment,phạt tù từ 02 năm đến 07 năm,24,84,,,false,false
penalty_penalty_article_364_clause_3_1_main,penalty_article_364_clause_3_1,main,imprisonment,phạt tù từ 07 năm đến 12 năm,84,144,,,false,false
penalty_penalty_article_364_clause_5_1_main,penalty_article_364_clause_5_1,main,fine,phạt tiền từ 10.000.000 đồng đến 50.000.000 đồng,,,10000000,50000000,false,false
penalty_penalty_article_365_clause_1_1_main,penalty_article_365_clause_1_1,main,imprisonment,phạt tù từ 06 tháng đến 03 năm,6,36,,,false,false
penalty_penalty_article_365_clause_2_1_main,penalty_article_365_clause_2_1,main,imprisonment,phạt tù từ 02 năm đến 07 năm,24,84,,,false,false
penalty_penalty_article_365_clause_3_1_main,penalty_article_365_clause_3_1,main,imprisonment,phạt tù từ 05 năm đến 10 năm,60,120,,,false,false
penalty_penalty_article_365_clause_4_1_main,penalty_article_365_clause_4_1,main,imprisonment,phạt tù từ 08 năm đến 15 năm,96,180,,,false,false
penalty_penalty_article_365_clause_5_1_main,penalty_article_365_clause_5_1,main,fine,phạt tiền từ 20.000.000 đồng đến 200.000.000 đồng,,,20000000,200000000,false,false
penalty_penalty_article_366_clause_1_1_main,penalty_article_366_clause_1_1,main,imprisonment,phạt tù từ 06 tháng đến 03 năm,6,36,,,false,false
penalty_penalty_article_366_clause_2_1_main,penalty_article_366_clause_2_1,main,imprisonment,phạt tù từ 02 năm đến 07 năm,24,84,,,false,false
penalty_penalty_article_366_clause_3_1_main,penalty_article_366_clause_3_1,main,imprisonment,phạt tù từ 05 năm đến 10 năm,60,120,,,false,false
penalty_penalty_article_366_clause_4_1_main,penalty_article_366_clause_4_1,main,fine,phạt tiền từ 10.000.000 đồng đến 50.000.000 đồng,,,10000000,50000000,false,false
penalty_penalty_article_368_clause_1_1_main,penalty_article_368_clause_1_1,main,imprisonment,phạt tù từ 01 năm đến 05 năm,12,60,,,false,false
penalty_penalty_article_368_clause_2_1_main,penalty_article_368_clause_2_1,main,imprisonment,phạt tù từ 05 năm đến 10 năm,60,120,,,false,false
penalty_penalty_article_368_clause_3_1_main,penalty_article_368_clause_3_1,main,imprisonment,phạt tù từ 10 năm đến 15 năm,120,180,,,false,false
penalty_penalty_article_369_clause_1_1_main,penalty_article_369_clause_1_1,main,imprisonment,phạt tù từ 06 tháng đến 03 năm,6,36,,,false,false
penalty_penalty_article_369_clause_2_1_main,penalty_article_369_clause_2_1,main,imprisonment,phạt tù từ 02 năm đến 07 năm,24,84,,,false,false
penalty_penalty_article_369_clause_3_1_main,penalty_article_369_clause_3_1,main,imprisonment,phạt tù từ 07 năm đến 12 năm,84,144,,,false,false
penalty_penalty_article_370_clause_1_1_main,penalty_article_370_clause_1_1,main,imprisonment,phạt tù từ 01 năm đến 05 năm,12,60,,,false,false
penalty_penalty_article_370_clause_2_1_main,penalty_article_370_clause_2_1,main,imprisonment,phạt tù từ 05 năm đến 10 năm,60,120,,,false,false
penalty_penalty_article_370_clause_3_1_main,penalty_article_370_clause_3_1,main,imprisonment,phạt tù từ 10 năm đến 15 năm,120,180,,,false,false
penalty_penalty_article_371_clause_1_1_main,penalty_article_371_clause_1_1,main,imprisonment,phạt tù từ 06 tháng đến 03 năm,6,36,,,false,false
penalty_penalty_article_371_clause_2_1_main,penalty_article_371_clause_2_1,main,imprisonment,phạt tù từ 02 năm đến 07 năm,24,84,,,false,false
penalty_penalty_article_371_clause_3_1_main,penalty_article_371_clause_3_1,main,imprisonment,phạt tù từ 07 năm đến 12 năm,84,144,,,false,false
penalty_penalty_article_372_clause_1_1_main,penalty_article_372_clause_1_1,main,imprisonment,phạt tù từ 06 tháng đến 03 năm,6,36,,,false,false
penalty_penalty_article_372_clause_2_1_main,penalty_article_372_clause_2_1,main,imprisonment,phạt tù từ 02 năm đến 05 năm,24,60,,,false,false
penalty_penalty_article_372_clause_3_1_main,penalty_article_372_clause_3_1,main,imprisonment,phạt tù từ 05 năm đến 10 năm,60,120,,,false,false
penalty_penalty_article_373_clause_1_1_main,penalty_article_373_clause_1_1,main,imprisonment,phạt tù từ 06 tháng đến 03 năm,6,36,,,false,false
penalty_penalty_article_373_clause_2_1_main,penalty_article_373_clause_2_1,main,imprisonment,phạt tù từ 02 năm đến 07 năm,24,84,,,false,false
penalty_penalty_article_373_clause_3_1_main,penalty_article_373_clause_3_1,main,imprisonment,phạt tù từ 07 năm đến 12 năm,84,144,,,false,false
penalty_penalty_article_373_clause_4_1_main,penalty_article_373_clause_4_1,main,imprisonment,phạt tù từ 12 năm đến 20 năm,144,240,,,true,false
penalty_penalty_article_374_clause_1_1_main,penalty_article_374_clause_1_1,main,imprisonment,phạt tù từ 06 tháng đến 03 năm,6,36,,,false,false
penalty_penalty_article_374_clause_2_1_main,penalty_article_374_clause_2_1,main,imprisonment,phạt tù từ 02 năm đến 07 năm,24,84,,,false,false
penalty_penalty_article_374_clause_3_1_main,penalty_article_374_clause_3_1,main,imprisonment,phạt tù từ 07 năm đến 12 năm,84,144,,,false,false
penalty_penalty_article_374_clause_4_1_main,penalty_article_374_clause_4_1,main,imprisonment,phạt tù từ 12 năm đến 20 năm,144,240,,,true,false
penalty_penalty_article_375_clause_1_1_main,penalty_article_375_clause_1_1,main,imprisonment,phạt tù từ 01 năm đến 05 năm,12,60,,,false,false
penalty_penalty_article_375_clause_2_1_main,penalty_article_375_clause_2_1,main,imprisonment,phạt tù từ 05 năm đến 10 năm,60,120,,,false,false
penalty_penalty_article_375_clause_3_1_main,penalty_article_375_clause_3_1,main,imprisonment,phạt tù từ 10 năm đến 15 năm,120,180,,,false,false
penalty_penalty_article_376_clause_1_1_main,penalty_article_376_clause_1_1,main,imprisonment,phạt tù từ 06 tháng đến 03 năm,6,36,,,false,false
penalty_penalty_article_376_clause_2_1_main,penalty_article_376_clause_2_1,main,imprisonment,phạt tù từ 02 năm đến 07 năm,24,84,,,false,false
penalty_penalty_article_376_clause_3_1_main,penalty_article_376_clause_3_1,main,imprisonment,phạt tù từ 05 năm đến 10 năm,60,120,,,false,false
penalty_penalty_article_377_clause_1_1_main,penalty_article_377_clause_1_1,main,imprisonment,phạt tù từ 06 tháng đến 03 năm,6,36,,,false,false
penalty_penalty_article_377_clause_2_1_main,penalty_article_377_clause_2_1,main,imprisonment,phạt tù từ 02 năm đến 07 năm,24,84,,,false,false
penalty_penalty_article_377_clause_3_1_main,penalty_article_377_clause_3_1,main,imprisonment,phạt tù từ 05 năm đến 12 năm,60,144,,,false,false
penalty_penalty_article_378_clause_1_1_main,penalty_article_378_clause_1_1,main,imprisonment,phạt tù từ 06 tháng đến 03 năm,6,36,,,false,false
penalty_penalty_article_378_clause_2_1_main,penalty_article_378_clause_2_1,main,imprisonment,phạt tù từ 02 năm đến 07 năm,24,84,,,false,false
penalty_penalty_article_378_clause_3_1_main,penalty_article_378_clause_3_1,main,imprisonment,phạt tù từ 05 năm đến 10 năm,60,120,,,false,false
penalty_penalty_article_379_clause_1_1_main,penalty_article_379_clause_1_1,main,imprisonment,phạt tù từ 06 tháng đến 03 năm,6,36,,,false,false
penalty_penalty_article_379_clause_2_1_main,penalty_article_379_clause_2_1,main,imprisonment,phạt tù từ 02 năm đến 07 năm,24,84,,,false,false
penalty_penalty_article_379_clause_3_1_main,penalty_article_379_clause_3_1,main,imprisonment,phạt tù từ 05 năm đến 10 năm,60,120,,,false,false
penalty_penalty_article_380_clause_1_1_main,penalty_article_380_clause_1_1,main,imprisonment,phạt tù từ 03 tháng đến 02 năm,3,24,,,false,false
penalty_penalty_article_380_clause_2_1_main,penalty_article_380_clause_2_1,main,imprisonment,phạt tù từ 02 năm đến 05 năm,24,60,,,false,false
penalty_penalty_article_380_clause_3_1_main,penalty_article_380_clause_3_1,main,fine,phạt tiền từ 5.000.000 đồng đến 50.000.000 đồng,,,5000000,50000000,false,false
penalty_penalty_article_381_clause_1_1_main,penalty_article_381_clause_1_1,main,imprisonment,phạt tù từ 06 tháng đến 03 năm,6,36,,,false,false
penalty_penalty_article_381_clause_2_1_main,penalty_article_381_clause_2_1,main,imprisonment,phạt tù từ 02 năm đến 05 năm,24,60,,,false,false
penalty_penalty_article_382_clause_1_1_main,penalty_article_382_clause_1_1,main,imprisonment,phạt tù từ 03 tháng đến 01 năm,3,12,,,false,false
penalty_penalty_article_382_clause_2_1_main,penalty_article_382_clause_2_1,main,imprisonment,phạt tù từ 01 năm đến 03 năm,12,36,,,false,false
penalty_penalty_article_382_clause_3_1_main,penalty_article_382_clause_3_1,main,imprisonment,phạt tù từ 03 năm đến 07 năm,36,84,,,false,false
penalty_penalty_article_383_clause_1_1_main,penalty_article_383_clause_1_1,main,imprisonment,phạt tù từ 03 tháng đến 01 năm,3,12,,,false,false
penalty_penalty_article_384_clause_1_1_main,penalty_article_384_clause_1_1,main,imprisonment,phạt tù từ 03 tháng đến 03 năm,3,36,,,false,false
penalty_penalty_article_384_clause_2_1_main,penalty_article_384_clause_2_1,main,imprisonment,phạt tù từ 02 năm đến 07 năm,24,84,,,false,false
penalty_penalty_article_385_clause_1_1_main,penalty_article_385_clause_1_1,main,imprisonment,phạt tù từ 03 tháng đến 02 năm,3,24,,,false,false
penalty_penalty_article_385_clause_2_1_main,penalty_article_385_clause_2_1,main,imprisonment,phạt tù từ 02 năm đến 07 năm,24,84,,,false,false
penalty_penalty_article_386_clause_1_1_main,penalty_article_386_clause_1_1,main,imprisonment,phạt tù từ 06 tháng đến 03 năm,6,36,,,false,false
penalty_penalty_article_386_clause_2_1_main,penalty_article_386_clause_2_1,main,imprisonment,phạt tù từ 03 năm đến 10 năm,36,120,,,false,false
penalty_penalty_article_387_clause_1_1_main,penalty_article_387_clause_1_1,main,imprisonment,phạt tù từ 02 năm đến 07 năm,24,84,,,false,false
penalty_penalty_article_387_clause_2_1_main,penalty_article_387_clause_2_1,main,imprisonment,phạt tù từ 05 năm đến 12 năm,60,144,,,false,true
penalty_penalty_article_387_clause_2_point_d_1_main,penalty_article_387_clause_2_point_d_1,main,death_penalty,tử hình,,,,,false,true
penalty_penalty_article_388_clause_1_1_main,penalty_article_388_clause_1_1,main,imprisonment,phạt tù từ 06 tháng đến 03 năm,6,36,,,false,false
penalty_penalty_article_388_clause_2_1_main,penalty_article_388_clause_2_1,main,imprisonment,phạt tù từ 02 năm đến 07 năm,24,84,,,false,false
penalty_penalty_article_389_clause_1_1_main,penalty_article_389_clause_1_1,main,imprisonment,phạt tù từ 06 tháng đến 05 năm,6,60,,,false,false
penalty_penalty_article_389_clause_2_1_main,penalty_article_389_clause_2_1,main,imprisonment,phạt tù từ 02 năm đến 07 năm,24,84,,,false,false
penalty_penalty_article_390_clause_1_1_main,penalty_article_390_clause_1_1,main,imprisonment,phạt tù từ 06 tháng đến 03 năm,6,36,,,false,false
penalty_penalty_article_391_clause_1_1_main,penalty_article_391_clause_1_1,main,imprisonment,phạt tù từ 06 tháng đến 02 năm,6,24,,,false,false
penalty_penalty_article_391_clause_1_2_main,penalty_article_391_clause_1_2,main,fine,phạt tiền từ 10.000.000 đồng đến 100.000.000 đồng,,,10000000,100000000,false,false
penalty_penalty_article_391_clause_2_1_main,penalty_article_391_clause_2_1,main,imprisonment,phạt tù từ 01 năm đến 03 năm,12,36,,,false,false
penalty_penalty_article_393_clause_1_1_main,penalty_article_393_clause_1_1,main,imprisonment,phạt tù từ 06 tháng đến 05 năm,6,60,,,false,false
penalty_penalty_article_393_clause_2_1_main,penalty_article_393_clause_2_1,main,imprisonment,phạt tù từ 03 năm đến 10 năm,36,120,,,false,false
penalty_penalty_article_393_clause_3_1_main,penalty_article_393_clause_3_1,main,imprisonment,phạt tù từ 07 năm đến 15 năm,84,180,,,false,false
penalty_penalty_article_394_clause_1_1_main,penalty_article_394_clause_1_1,main,imprisonment,phạt tù từ 06 tháng đến 05 năm,6,60,,,false,false
penalty_penalty_article_394_clause_2_1_main,penalty_article_394_clause_2_1,main,imprisonment,phạt tù từ 03 năm đến 10 năm,36,120,,,false,false
penalty_penalty_article_394_clause_3_1_main,penalty_article_394_clause_3_1,main,imprisonment,phạt tù từ 07 năm đến 15 năm,84,180,,,false,false
penalty_penalty_article_394_clause_4_1_main,penalty_article_394_clause_4_1,main,imprisonment,phạt tù từ 12 năm đến 20 năm,144,240,,,true,false
penalty_penalty_article_395_clause_1_1_main,penalty_article_395_clause_1_1,main,imprisonment,phạt tù từ 06 tháng đến 03 năm,6,36,,,false,false
penalty_penalty_article_395_clause_2_1_main,penalty_article_395_clause_2_1,main,imprisonment,phạt tù từ 03 năm đến 10 năm,36,120,,,false,false
penalty_penalty_article_396_clause_1_1_main,penalty_article_396_clause_1_1,main,imprisonment,phạt tù từ 03 tháng đến 03 năm,3,36,,,false,false
penalty_penalty_article_396_clause_2_1_main,penalty_article_396_clause_2_1,main,imprisonment,phạt tù từ 02 năm đến 07 năm,24,84,,,false,false
penalty_penalty_article_396_clause_3_1_main,penalty_article_396_clause_3_1,main,imprisonment,phạt tù từ 05 năm đến 10 năm,60,120,,,false,false
penalty_penalty_article_397_clause_1_1_main,penalty_article_397_clause_1_1,main,imprisonment,phạt tù từ 03 tháng đến 02 năm,3,24,,,false,false
penalty_penalty_article_397_clause_2_1_main,penalty_article_397_clause_2_1,main,imprisonment,phạt tù từ 02 năm đến 05 năm,24,60,,,false,false
penalty_penalty_article_398_clause_1_1_main,penalty_article_398_clause_1_1,main,imprisonment,phạt tù từ 03 tháng đến 02 năm,3,24,,,false,false
penalty_penalty_article_398_clause_2_1_main,penalty_article_398_clause_2_1,main,imprisonment,phạt tù từ 02 năm đến 07 năm,24,84,,,false,false
penalty_penalty_article_399_clause_1_1_main,penalty_article_399_clause_1_1,main,imprisonment,phạt tù từ 03 năm đến 10 năm,36,120,,,false,false
penalty_penalty_article_399_clause_2_1_main,penalty_article_399_clause_2_1,main,imprisonment,phạt tù từ 07 năm đến 15 năm,84,180,,,false,false
penalty_penalty_article_399_clause_3_1_main,penalty_article_399_clause_3_1,main,imprisonment,phạt tù từ 12 năm đến 20 năm,144,240,,,true,false
penalty_penalty_article_400_clause_1_1_main,penalty_article_400_clause_1_1,main,imprisonment,phạt tù từ 01 năm đến 07 năm,12,84,,,false,false
penalty_penalty_article_400_clause_2_1_main,penalty_article_400_clause_2_1,main,imprisonment,phạt tù từ 05 năm đến 12 năm,60,144,,,false,false
penalty_penalty_article_400_clause_3_1_main,penalty_article_400_clause_3_1,main,imprisonment,phạt tù từ 12 năm đến 20 năm,144,240,,,false,false
penalty_penalty_article_401_clause_1_1_main,penalty_article_401_clause_1_1,main,imprisonment,phạt tù từ 02 năm đến 07 năm,24,84,,,false,false
penalty_penalty_article_401_clause_2_1_main,penalty_article_401_clause_2_1,main,imprisonment,phạt tù từ 05 năm đến 12 năm,60,144,,,false,false
penalty_penalty_article_401_clause_3_1_main,penalty_article_401_clause_3_1,main,imprisonment,phạt tù từ 10 năm đến 20 năm,120,240,,,false,false
penalty_penalty_article_402_clause_1_1_main,penalty_article_402_clause_1_1,main,imprisonment,phạt tù từ 06 tháng đến 03 năm,6,36,,,false,false
penalty_penalty_article_402_clause_2_1_main,penalty_article_402_clause_2_1,main,imprisonment,phạt tù từ 02 năm đến 07 năm,24,84,,,false,false
penalty_penalty_article_402_clause_3_1_main,penalty_article_402_clause_3_1,main,imprisonment,phạt tù từ 05 năm đến 12 năm,60,144,,,false,false
penalty_penalty_article_403_clause_1_1_main,penalty_article_403_clause_1_1,main,imprisonment,phạt tù từ 03 tháng đến 02 năm,3,24,,,false,false
penalty_penalty_article_403_clause_2_1_main,penalty_article_403_clause_2_1,main,imprisonment,phạt tù từ 02 năm đến 07 năm,24,84,,,false,false
penalty_penalty_article_404_clause_1_1_main,penalty_article_404_clause_1_1,main,imprisonment,phạt tù từ 06 tháng đến 05 năm,6,60,,,false,false
penalty_penalty_article_404_clause_2_1_main,penalty_article_404_clause_2_1,main,imprisonment,phạt tù từ 03 năm đến 10 năm,36,120,,,false,false
penalty_penalty_article_405_clause_1_1_main,penalty_article_405_clause_1_1,main,imprisonment,phạt tù từ 06 tháng đến 05 năm,6,60,,,false,false
penalty_penalty_article_405_clause_2_1_main,penalty_article_405_clause_2_1,main,imprisonment,phạt tù từ 03 năm đến 10 năm,36,120,,,false,false
penalty_penalty_article_406_clause_1_1_main,penalty_article_406_clause_1_1,main,imprisonment,phạt tù từ 03 tháng đến 02 năm,3,24,,,false,false
penalty_penalty_article_406_clause_2_1_main,penalty_article_406_clause_2_1,main,imprisonment,phạt tù từ 01 năm đến 05 năm,12,60,,,false,false
penalty_penalty_article_407_clause_1_1_main,penalty_article_407_clause_1_1,main,imprisonment,phạt tù từ 03 tháng đến 02 năm,3,24,,,false,false
penalty_penalty_article_407_clause_2_1_main,penalty_article_407_clause_2_1,main,imprisonment,phạt tù từ 01 năm đến 05 năm,12,60,,,false,false
penalty_penalty_article_408_clause_1_1_main,penalty_article_408_clause_1_1,main,imprisonment,phạt tù từ 06 tháng đến 03 năm,6,36,,,false,false
penalty_penalty_article_408_clause_2_1_main,penalty_article_408_clause_2_1,main,imprisonment,phạt tù từ 02 năm đến 07 năm,24,84,,,false,false
penalty_penalty_article_409_clause_1_1_main,penalty_article_409_clause_1_1,main,imprisonment,phạt tù từ 06 tháng đến 05 năm,6,60,,,false,false
penalty_penalty_article_409_clause_2_1_main,penalty_article_409_clause_2_1,main,imprisonment,phạt tù từ 03 năm đến 10 năm,36,120,,,false,false
penalty_penalty_article_410_clause_1_1_main,penalty_article_410_clause_1_1,main,imprisonment,phạt tù từ 06 tháng đến 05 năm,6,60,,,false,false
penalty_penalty_article_410_clause_2_1_main,penalty_article_410_clause_2_1,main,imprisonment,phạt tù từ 03 năm đến 07 năm,36,84,,,false,false
penalty_penalty_article_411_clause_1_1_main,penalty_article_411_clause_1_1,main,imprisonment,phạt tù từ 01 năm đến 05 năm,12,60,,,false,false
penalty_penalty_article_411_clause_2_1_main,penalty_article_411_clause_2_1,main,imprisonment,phạt tù từ 03 năm đến 10 năm,36,120,,,false,false
penalty_penalty_article_412_clause_1_1_main,penalty_article_412_clause_1_1,main,imprisonment,phạt tù từ 06 tháng đến 05 năm,6,60,,,false,false
penalty_penalty_article_412_clause_2_1_main,penalty_article_412_clause_2_1,main,imprisonment,phạt tù từ 03 năm đến 10 năm,36,120,,,false,false
penalty_penalty_article_413_clause_1_1_main,penalty_article_413_clause_1_1,main,imprisonment,phạt tù từ 02 năm đến 07 năm,24,84,,,false,false
penalty_penalty_article_413_clause_2_1_main,penalty_article_413_clause_2_1,main,imprisonment,phạt tù từ 07 năm đến 12 năm,84,144,,,false,false
penalty_penalty_article_413_clause_3_1_main,penalty_article_413_clause_3_1,main,imprisonment,phạt tù từ 12 năm đến 20 năm,144,240,,,true,false
penalty_penalty_article_414_clause_1_1_main,penalty_article_414_clause_1_1,main,imprisonment,phạt tù từ 06 tháng đến 05 năm,6,60,,,false,false
penalty_penalty_article_414_clause_2_1_main,penalty_article_414_clause_2_1,main,imprisonment,phạt tù từ 03 năm đến 07 năm,36,84,,,false,false
penalty_penalty_article_415_clause_1_1_main,penalty_article_415_clause_1_1,main,imprisonment,phạt tù từ 06 tháng đến 03 năm,6,36,,,false,false
penalty_penalty_article_415_clause_2_1_main,penalty_article_415_clause_2_1,main,imprisonment,phạt tù từ 02 năm đến 07 năm,24,84,,,false,false
penalty_penalty_article_416_clause_1_1_main,penalty_article_416_clause_1_1,main,imprisonment,phạt tù từ 06 tháng đến 03 năm,6,36,,,false,false
penalty_penalty_article_416_clause_2_1_main,penalty_article_416_clause_2_1,main,imprisonment,phạt tù từ 03 năm đến 07 năm,36,84,,,false,false
penalty_penalty_article_417_clause_1_1_main,penalty_article_417_clause_1_1,main,imprisonment,phạt tù từ 06 tháng đến 05 năm,6,60,,,false,false
penalty_penalty_article_417_clause_2_1_main,penalty_article_417_clause_2_1,main,imprisonment,phạt tù từ 03 năm đến 10 năm,36,120,,,false,false
penalty_penalty_article_418_clause_1_1_main,penalty_article_418_clause_1_1,main,imprisonment,phạt tù từ 06 tháng đến 03 năm,6,36,,,false,false
penalty_penalty_article_418_clause_2_1_main,penalty_article_418_clause_2_1,main,imprisonment,phạt tù từ 02 năm đến 07 năm,24,84,,,false,false
penalty_penalty_article_419_clause_1_1_main,penalty_article_419_clause_1_1,main,imprisonment,phạt tù từ 06 tháng đến 03 năm,6,36,,,false,false
penalty_penalty_article_419_clause_2_1_main,penalty_article_419_clause_2_1,main,imprisonment,phạt tù từ 03 năm đến 07 năm,36,84,,,false,false
penalty_penalty_article_419_clause_3_1_main,penalty_article_419_clause_3_1,main,imprisonment,phạt tù từ 05 năm đến 10 năm,60,120,,,false,false
penalty_penalty_article_420_clause_0_1_main,penalty_article_420_clause_0_1,main,imprisonment,phạt tù từ 03 tháng đến 02 năm,3,24,,,false,false
penalty_penalty_article_421_clause_1_1_main,penalty_article_421_clause_1_1,main,imprisonment,phạt tù từ 12 năm đến 20 năm,144,240,,,true,false
penalty_penalty_article_421_clause_2_1_main,penalty_article_421_clause_2_1,main,imprisonment,phạt tù từ 10 năm đến 20 năm,120,240,,,false,false
penalty_penalty_article_422_clause_1_1_main,penalty_article_422_clause_1_1,main,imprisonment,phạt tù từ 10 năm đến 20 năm,120,240,,,true,true
penalty_penalty_article_422_clause_2_1_main,penalty_article_422_clause_2_1,main,imprisonment,phạt tù từ 10 năm đến 20 năm,120,240,,,false,false
penalty_penalty_article_423_clause_1_1_main,penalty_article_423_clause_1_1,main,imprisonment,phạt tù từ 10 năm đến 20 năm,120,240,,,true,true
penalty_penalty_article_423_clause_2_1_main,penalty_article_423_clause_2_1,main,imprisonment,phạt tù từ 10 năm đến 20 năm,120,240,,,false,false
penalty_penalty_article_424_clause_0_1_main,penalty_article_424_clause_0_1,main,imprisonment,phạt tù từ 10 năm đến 20 năm,120,240,,,true,false
penalty_penalty_article_425_clause_0_1_main,penalty_article_425_clause_0_1,main,imprisonment,phạt tù từ 05 năm đến 15 năm,60,180,,,false,false
penalty_penalty_article_426_clause_2_1_additional,penalty_article_426_clause_2_1,additional,life_imprisonment,tù chung thân,,,,,true,false
penalty_penalty_article_426_clause_2_2_additional,penalty_article_426_clause_2_2,additional,death_penalty,tử hình,,,,,false,true
penalty_penalty_article_426_clause_3_1_additional,penalty_article_426_clause_3_1,additional,life_imprisonment,tù chung thân,,,,,true,false
penalty_penalty_article_426_clause_3_2_additional,penalty_article_426_clause_3_2,additional,death_penalty,tử hình,,,,,false,true
penalty_penalty_article_426_clause_4_1_main,penalty_article_426_clause_4_1,main,life_imprisonment,tù chung thân,,,,,true,false
penalty_penalty_article_426_clause_5_1_main,penalty_article_426_clause_5_1,main,life_imprisonment,tù chung thân,,,,,true,false
penalty_penalty_article_426_clause_6_1_additional,penalty_article_426_clause_6_1,additional,life_imprisonment,tù chung thân,,,,,true,false
penalty_penalty_article_426_clause_6_2_additional,penalty_article_426_clause_6_2,additional,death_penalty,tử hình,,,,,false,true
penalty_penalty_article_426_clause_6_point_a_1_main,penalty_article_426_clause_6_point_a_1,main,life_imprisonment,tù chung thân,,,,,true,false
penalty_penalty_article_426_clause_6_point_a_2_main,penalty_article_426_clause_6_point_a_2,main,death_penalty,tử hình,,,,,false,true
