id,clause_id,article_id,article_code,clause_no,point,text,role,normalized_text
article_3_clause_1_point_a,article_3_clause_1,article_3,3,1,a,"Mọi hành vi phạm tội do người thực hiện phải được phát hiện kịp thời, xử lý nhanh chóng, công minh theo đúng pháp luật;",condition_or_rule,moi hanh vi pham toi do nguoi thuc hien phai duoc phat hien kip thoi xu ly nhanh chong cong minh theo dung phap luat
article_3_clause_1_point_b,article_3_clause_1,article_3,3,1,b,"Mọi người phạm tội đều bình đẳng trước pháp luật, không phân biệt giới tính, dân tộc, tín ngưỡng, tôn giáo, thành phần, địa vị xã hội;",condition_or_rule,moi nguoi pham toi deu binh dang truoc phap luat khong phan biet gioi tinh dan toc tin nguong ton giao thanh phan dia vi xa hoi
article_3_clause_1_point_c,article_3_clause_1,article_3,3,1,c,"Nghiêm trị người chủ mưu, cầm đầu, chỉ huy, ngoan cố chống đối, côn đồ, tái phạm nguy hiểm, lợi dụng chức vụ, quyền hạn để phạm tội;",condition_or_rule,nghiem tri nguoi chu muu cam dau chi huy ngoan co chong doi con do tai pham nguy hiem loi dung chuc vu quyen han de pham toi
article_3_clause_1_point_d,article_3_clause_1,article_3,3,1,d,"Nghiêm trị người phạm tội dùng thủ đoạn xảo quyệt, có tổ chức, có tính chất chuyên nghiệp, cố ý gây hậu quả đặc biệt nghiêm trọng. Khoan hồng đối với người tự thú, đầu thú, thành khẩn khai báo, tố giác đồng phạm, lập công chuộc tội, tích cực hợp tác với cơ quan có trách nhiệm trong việc phát hiện tội phạm hoặc trong quá trình giải quyết vụ án, ăn năn hối cải, tự nguyện sửa chữa hoặc bồi thường thiệt hại gây ra;",condition_or_rule,nghiem tri nguoi pham toi dung thu doan xao quyet co to chuc co tinh chat chuyen nghiep co y gay hau qua dac biet nghiem trong khoan hong doi voi nguoi tu thu dau thu thanh khan khai bao to giac dong pham lap cong chuoc toi tich cuc hop tac voi co quan co trach nhiem trong viec phat hien toi pham hoac trong qua trinh giai quyet vu an an nan hoi cai tu nguyen sua chua hoac boi thuong thiet hai gay ra
article_3_clause_1_point_d,article_3_clause_1,article_3,3,1,đ,"Đối với người lần đầu phạm tội ít nghiêm trọng, thì có thể áp dụng hình phạt nhẹ hơn hình phạt tù, giao họ cho cơ quan, tổ chức hoặc gia đình giám sát, giáo dục;",condition_or_rule,doi voi nguoi lan dau pham toi it nghiem trong thi co the ap dung hinh phat nhe hon hinh phat tu giao ho cho co quan to chuc hoac gia dinh giam sat giao duc
article_3_clause_1_point_e,article_3_clause_1,article_3,3,1,e,"Đối với người bị phạt tù thì buộc họ phải chấp hành hình phạt tại các cơ sở giam giữ, phải lao động, học tập để trở thành người có ích cho xã hội; nếu họ có đủ điều kiện do Bộ luật này quy định, thì có thể được xét giảm thời hạn chấp hành hình phạt, tha tù trước thời hạn có điều kiện;",penalty_frame,doi voi nguoi bi phat tu thi buoc ho phai chap hanh hinh phat tai cac co so giam giu phai lao dong hoc tap de tro thanh nguoi co ich cho xa hoi neu ho co du dieu kien do bo luat nay quy dinh thi co the duoc xet giam thoi han chap hanh hinh phat tha tu truoc thoi han co dieu kien
article_3_clause_1_point_g,article_3_clause_1,article_3,3,1,g,"Người đã chấp hành xong hình phạt được tạo điều kiện làm ăn, sinh sống lương thiện, hòa nhập với cộng đồng, khi có đủ điều kiện do luật định thì được xóa án tích.",condition_or_rule,nguoi da chap hanh xong hinh phat duoc tao dieu kien lam an sinh song luong thien hoa nhap voi cong dong khi co du dieu kien do luat dinh thi duoc xoa an tich
article_3_clause_2_point_a,article_3_clause_2,article_3,3,2,a,"Mọi hành vi phạm tội do pháp nhân thương mại thực hiện phải được phát hiện kịp thời, xử lý nhanh chóng, công minh theo đúng pháp luật;",condition_or_rule,moi hanh vi pham toi do phap nhan thuong mai thuc hien phai duoc phat hien kip thoi xu ly nhanh chong cong minh theo dung phap luat
article_3_clause_2_point_b,article_3_clause_2,article_3,3,2,b,"Mọi pháp nhân thương mại phạm tội đều bình đẳng trước pháp luật, không phân biệt hình thức sở hữu và thành phần kinh tế;",condition_or_rule,moi phap nhan thuong mai pham toi deu binh dang truoc phap luat khong phan biet hinh thuc so huu va thanh phan kinh te
article_3_clause_2_point_c,article_3_clause_2,article_3,3,2,c,"Nghiêm trị pháp nhân thương mại phạm tội dùng thủ đoạn tinh vi, có tính chất chuyên nghiệp, cố ý gây hậu quả đặc biệt nghiêm trọng;",condition_or_rule,nghiem tri phap nhan thuong mai pham toi dung thu doan tinh vi co tinh chat chuyen nghiep co y gay hau qua dac biet nghiem trong
article_3_clause_2_point_d,article_3_clause_2,article_3,3,2,d,"Khoan hồng đối với pháp nhân thương mại tích cực hợp tác với cơ quan có trách nhiệm trong việc phát hiện tội phạm hoặc trong quá trình giải quyết vụ án, tự nguyện sửa chữa, bồi thường thiệt hại gây ra, chủ động ngăn chặn hoặc khắc phục hậu quả xảy ra.",condition_or_rule,khoan hong doi voi phap nhan thuong mai tich cuc hop tac voi co quan co trach nhiem trong viec phat hien toi pham hoac trong qua trinh giai quyet vu an tu nguyen sua chua boi thuong thiet hai gay ra chu dong ngan chan hoac khac phuc hau qua xay ra
article_9_clause_1_point_a,article_9_clause_1,article_9,9,1,a,"Tội phạm ít nghiêm trọng là tội phạm có tính chất và mức độ nguy hiểm cho xã hội không lớn mà mức cao nhất của khung hình phạt do Bộ luật này quy định đối với tội ấy là phạt tiền, phạt cải tạo không giam giữ hoặc phạt tù đến 03 năm;",definition_or_list,toi pham it nghiem trong la toi pham co tinh chat va muc do nguy hiem cho xa hoi khong lon ma muc cao nhat cua khung hinh phat do bo luat nay quy dinh doi voi toi ay la phat tien phat cai tao khong giam giu hoac phat tu den 03 nam
article_9_clause_1_point_b,article_9_clause_1,article_9,9,1,b,Tội phạm nghiêm trọng là tội phạm có tính chất và mức độ nguy hiểm cho xã hội lớn mà mức cao nhất của khung hình phạt do Bộ luật này quy định đối với tội ấy là từ trên 03 năm tù đến 07 năm tù;,definition_or_list,toi pham nghiem trong la toi pham co tinh chat va muc do nguy hiem cho xa hoi lon ma muc cao nhat cua khung hinh phat do bo luat nay quy dinh doi voi toi ay la tu tren 03 nam tu den 07 nam tu
article_9_clause_1_point_c,article_9_clause_1,article_9,9,1,c,Tội phạm rất nghiêm trọng là tội phạm có tính chất và mức độ nguy hiểm cho xã hội rất lớn mà mức cao nhất của khung hình phạt do Bộ luật này quy định đối với tội ấy là từ trên 07 năm tù đến 15 năm tù;,definition_or_list,toi pham rat nghiem trong la toi pham co tinh chat va muc do nguy hiem cho xa hoi rat lon ma muc cao nhat cua khung hinh phat do bo luat nay quy dinh doi voi toi ay la tu tren 07 nam tu den 15 nam tu
article_9_clause_1_point_d,article_9_clause_1,article_9,9,1,d,"Tội phạm đặc biệt nghiêm trọng là tội phạm có tính chất và mức độ nguy hiểm cho xã hội đặc biệt lớn mà mức cao nhất của khung hình phạt do Bộ luật này quy định đối với tội ấy là từ trên 15 năm tù đến 20 năm tù, tù chung thân hoặc tử hình.",definition_or_list,toi pham dac biet nghiem trong la toi pham co tinh chat va muc do nguy hiem cho xa hoi dac biet lon ma muc cao nhat cua khung hinh phat do bo luat nay quy dinh doi voi toi ay la tu tren 15 nam tu den 20 nam tu tu chung than hoac tu hinh
article_27_clause_2_point_a,article_27_clause_2,article_27,27,2,a,05 năm đối với tội phạm ít nghiêm trọng;,condition_or_rule,05 nam doi voi toi pham it nghiem trong
article_27_clause_2_point_b,article_27_clause_2,article_27,27,2,b,10 năm đối với tội phạm nghiêm trọng;,condition_or_rule,10 nam doi voi toi pham nghiem trong
article_27_clause_2_point_c,article_27_clause_2,article_27,27,2,c,15 năm đối với tội phạm rất nghiêm trọng;,condition_or_rule,15 nam doi voi toi pham rat nghiem trong
article_27_clause_2_point_d,article_27_clause_2,article_27,27,2,d,20 năm đối với tội phạm đặc biệt nghiêm trọng.,condition_or_rule,20 nam doi voi toi pham dac biet nghiem trong
article_29_clause_1_point_a,article_29_clause_1,article_29,29,1,a,"Khi tiến hành điều tra, truy tố hoặc xét xử, do có sự thay đổi chính sách, pháp luật làm cho hành vi phạm tội không còn nguy hiểm cho xã hội nữa;",condition_or_rule,khi tien hanh dieu tra truy to hoac xet xu do co su thay doi chinh sach phap luat lam cho hanh vi pham toi khong con nguy hiem cho xa hoi nua
article_29_clause_1_point_b,article_29_clause_1,article_29,29,1,b,Khi có quyết định đại xá.,condition_or_rule,khi co quyet dinh dai xa
article_29_clause_2_point_a,article_29_clause_2,article_29,29,2,a,"Khi tiến hành điều tra, truy tố, xét xử do chuyển biến của tình hình mà người phạm tội không còn nguy hiểm cho xã hội nữa;",condition_or_rule,khi tien hanh dieu tra truy to xet xu do chuyen bien cua tinh hinh ma nguoi pham toi khong con nguy hiem cho xa hoi nua
article_29_clause_2_point_b,article_29_clause_2,article_29,29,2,b,"Khi tiến hành điều tra, truy tố, xét xử, người phạm tội mắc bệnh hiểm nghèo dẫn đến không còn khả năng gây nguy hiểm cho xã hội nữa;",condition_or_rule,khi tien hanh dieu tra truy to xet xu nguoi pham toi mac benh hiem ngheo dan den khong con kha nang gay nguy hiem cho xa hoi nua
article_29_clause_2_point_c,article_29_clause_2,article_29,29,2,c,"Trước khi hành vi phạm tội bị phát giác, người phạm tội tự thú, khai rõ sự việc, góp phần có hiệu quả vào việc phát hiện và điều tra tội phạm, cố gắng hạn chế đến mức thấp nhất hậu quả của tội phạm và lập công lớn hoặc có cống hiến đặc biệt, được Nhà nước và xã hội thừa nhận.",condition_or_rule,truoc khi hanh vi pham toi bi phat giac nguoi pham toi tu thu khai ro su viec gop phan co hieu qua vao viec phat hien va dieu tra toi pham co gang han che den muc thap nhat hau qua cua toi pham va lap cong lon hoac co cong hien dac biet duoc nha nuoc va xa hoi thua nhan
article_32_clause_1_point_a,article_32_clause_1,article_32,32,1,a,Cảnh cáo;,condition_or_rule,canh cao
article_32_clause_1_point_b,article_32_clause_1,article_32,32,1,b,Phạt tiền;,condition_or_rule,phat tien
article_32_clause_1_point_c,article_32_clause_1,article_32,32,1,c,Cải tạo không giam giữ;,condition_or_rule,cai tao khong giam giu
article_32_clause_1_point_d,article_32_clause_1,article_32,32,1,d,Trục xuất;,condition_or_rule,truc xuat
article_32_clause_1_point_d,article_32_clause_1,article_32,32,1,đ,Tù có thời hạn;,condition_or_rule,tu co thoi han
article_32_clause_1_point_e,article_32_clause_1,article_32,32,1,e,Tù chung thân;,condition_or_rule,tu chung than
article_32_clause_1_point_g,article_32_clause_1,article_32,32,1,g,Tử hình.,condition_or_rule,tu hinh
article_32_clause_2_point_a,article_32_clause_2,article_32,32,2,a,"Cấm đảm nhiệm chức vụ, cấm hành nghề hoặc làm công việc nhất định;",condition_or_rule,cam dam nhiem chuc vu cam hanh nghe hoac lam cong viec nhat dinh
article_32_clause_2_point_b,article_32_clause_2,article_32,32,2,b,Cấm cư trú;,condition_or_rule,cam cu tru
article_32_clause_2_point_c,article_32_clause_2,article_32,32,2,c,Quản chế;,condition_or_rule,quan che
article_32_clause_2_point_d,article_32_clause_2,article_32,32,2,d,Tước một số quyền công dân;,condition_or_rule,tuoc mot so quyen cong dan
article_32_clause_2_point_d,article_32_clause_2,article_32,32,2,đ,Tịch thu tài sản;,condition_or_rule,tich thu tai san
article_32_clause_2_point_e,article_32_clause_2,article_32,32,2,e,"Phạt tiền, khi không áp dụng là hình phạt chính;",exception_or_exemption,phat tien khi khong ap dung la hinh phat chinh
article_32_clause_2_point_g,article_32_clause_2,article_32,32,2,g,"Trục xuất, khi không áp dụng là hình phạt chính.",exception_or_exemption,truc xuat khi khong ap dung la hinh phat chinh
article_33_clause_1_point_a,article_33_clause_1,article_33,33,1,a,Phạt tiền;,condition_or_rule,phat tien
article_33_clause_1_point_b,article_33_clause_1,article_33,33,1,b,Đình chỉ hoạt động có thời hạn;,condition_or_rule,dinh chi hoat dong co thoi han
article_33_clause_1_point_c,article_33_clause_1,article_33,33,1,c,Đình chỉ hoạt động vĩnh viễn.,condition_or_rule,dinh chi hoat dong vinh vien
article_33_clause_2_point_a,article_33_clause_2,article_33,33,2,a,"Cấm kinh doanh, cấm hoạt động trong một số lĩnh vực nhất định;",condition_or_rule,cam kinh doanh cam hoat dong trong mot so linh vuc nhat dinh
article_33_clause_2_point_b,article_33_clause_2,article_33,33,2,b,Cấm huy động vốn;,condition_or_rule,cam huy dong von
article_33_clause_2_point_c,article_33_clause_2,article_33,33,2,c,"Phạt tiền, khi không áp dụng là hình phạt chính.",exception_or_exemption,phat tien khi khong ap dung la hinh phat chinh
article_35_clause_1_point_a,article_35_clause_1,article_35,35,1,a,"Người phạm tội ít nghiêm trọng, phạm tội nghiêm trọng do Bộ luật này quy định;",condition_or_rule,nguoi pham toi it nghiem trong pham toi nghiem trong do bo luat nay quy dinh
article_35_clause_1_point_b,article_35_clause_1,article_35,35,1,b,"Người phạm tội rất nghiêm trọng xâm phạm trật tự quản lý kinh tế, môi trường, trật tự công cộng, an toàn công cộng và một số tội phạm khác do Bộ luật này quy định.",condition_or_rule,nguoi pham toi rat nghiem trong xam pham trat tu quan ly kinh te moi truong trat tu cong cong an toan cong cong va mot so toi pham khac do bo luat nay quy dinh
article_40_clause_3_point_a,article_40_clause_3,article_40,40,3,a,Phụ nữ có thai hoặc phụ nữ đang nuôi con dưới 36 tháng tuổi;,condition_or_rule,phu nu co thai hoac phu nu dang nuoi con duoi 36 thang tuoi
article_40_clause_3_point_b,article_40_clause_3,article_40,40,3,b,Người đủ 75 tuổi trở lên;,condition_or_rule,nguoi du 75 tuoi tro len
article_40_clause_3_point_c,article_40_clause_3,article_40,40,3,c,Người mắc bệnh ung thư giai đoạn cuối.,condition_or_rule,nguoi mac benh ung thu giai doan cuoi
article_44_clause_1_point_a,article_44_clause_1,article_44,44,1,a,Quyền ứng cử đại biểu cơ quan quyền lực Nhà nước;,condition_or_rule,quyen ung cu dai bieu co quan quyen luc nha nuoc
article_44_clause_1_point_b,article_44_clause_1,article_44,44,1,b,Quyền làm việc trong các cơ quan nhà nước và quyền phục vụ trong lực lượng vũ trang nhân dân.,condition_or_rule,quyen lam viec trong cac co quan nha nuoc va quyen phuc vu trong luc luong vu trang nhan dan
article_46_clause_1_point_a,article_46_clause_1,article_46,46,1,a,"Tịch thu vật, tiền trực tiếp liên quan đến tội phạm;",condition_or_rule,tich thu vat tien truc tiep lien quan den toi pham
article_46_clause_1_point_b,article_46_clause_1,article_46,46,1,b,"Trả lại tài sản, sửa chữa hoặc bồi thường thiệt hại; buộc công khai xin lỗi;",condition_or_rule,tra lai tai san sua chua hoac boi thuong thiet hai buoc cong khai xin loi
article_46_clause_1_point_c,article_46_clause_1,article_46,46,1,c,Bắt buộc chữa bệnh.,condition_or_rule,bat buoc chua benh
article_46_clause_2_point_a,article_46_clause_2,article_46,46,2,a,"Tịch thu vật, tiền trực tiếp liên quan đến tội phạm;",condition_or_rule,tich thu vat tien truc tiep lien quan den toi pham
article_46_clause_2_point_b,article_46_clause_2,article_46,46,2,b,"Trả lại tài sản, sửa chữa hoặc bồi thường thiệt hại; buộc công khai xin lỗi;",condition_or_rule,tra lai tai san sua chua hoac boi thuong thiet hai buoc cong khai xin loi
article_46_clause_2_point_c,article_46_clause_2,article_46,46,2,c,Khôi phục lại tình trạng ban đầu;,condition_or_rule,khoi phuc lai tinh trang ban dau
article_46_clause_2_point_d,article_46_clause_2,article_46,46,2,d,"Thực hiện một số biện pháp nhằm khắc phục, ngăn chặn hậu quả tiếp tục xảy ra.",condition_or_rule,thuc hien mot so bien phap nham khac phuc ngan chan hau qua tiep tuc xay ra
article_47_clause_1_point_a,article_47_clause_1,article_47,47,1,a,"Công cụ, phương tiện dùng vào việc phạm tội;",condition_or_rule,cong cu phuong tien dung vao viec pham toi
article_47_clause_1_point_b,article_47_clause_1,article_47,47,1,b,"Vật hoặc tiền do phạm tội hoặc do mua bán, đổi chác những thứ ấy mà có; khoản thu lợi bất chính từ việc phạm tội;",condition_or_rule,vat hoac tien do pham toi hoac do mua ban doi chac nhung thu ay ma co khoan thu loi bat chinh tu viec pham toi
article_47_clause_1_point_c,article_47_clause_1,article_47,47,1,c,"Vật thuộc loại Nhà nước cấm tàng trữ, cấm lưu hành.",condition_or_rule,vat thuoc loai nha nuoc cam tang tru cam luu hanh
article_51_clause_1_point_a,article_51_clause_1,article_51,51,1,a,Người phạm tội đã ngăn chặn hoặc làm giảm bớt tác hại của tội phạm;,condition_or_rule,nguoi pham toi da ngan chan hoac lam giam bot tac hai cua toi pham
article_51_clause_1_point_b,article_51_clause_1,article_51,51,1,b,"Người phạm tội tự nguyện sửa chữa, bồi thường thiệt hại hoặc khắc phục hậu quả;",condition_or_rule,nguoi pham toi tu nguyen sua chua boi thuong thiet hai hoac khac phuc hau qua
article_51_clause_1_point_c,article_51_clause_1,article_51,51,1,c,Phạm tội trong trường hợp vượt quá giới hạn phòng vệ chính đáng;,condition_or_rule,pham toi trong truong hop vuot qua gioi han phong ve chinh dang
article_51_clause_1_point_d,article_51_clause_1,article_51,51,1,d,Phạm tội trong trường hợp vượt quá yêu cầu của tình thế cấp thiết;,condition_or_rule,pham toi trong truong hop vuot qua yeu cau cua tinh the cap thiet
article_51_clause_1_point_d,article_51_clause_1,article_51,51,1,đ,Phạm tội trong trường hợp vượt quá mức cần thiết khi bắt giữ người phạm tội;,condition_or_rule,pham toi trong truong hop vuot qua muc can thiet khi bat giu nguoi pham toi
article_51_clause_1_point_e,article_51_clause_1,article_51,51,1,e,Phạm tội trong trường hợp bị kích động về tinh thần do hành vi trái pháp luật của nạn nhân gây ra;,condition_or_rule,pham toi trong truong hop bi kich dong ve tinh than do hanh vi trai phap luat cua nan nhan gay ra
article_51_clause_1_point_g,article_51_clause_1,article_51,51,1,g,Phạm tội vì hoàn cảnh đặc biệt khó khăn mà không phải do mình tự gây ra;,condition_or_rule,pham toi vi hoan canh dac biet kho khan ma khong phai do minh tu gay ra
article_51_clause_1_point_h,article_51_clause_1,article_51,51,1,h,Phạm tội nhưng chưa gây thiệt hại hoặc gây thiệt hại không lớn;,condition_or_rule,pham toi nhung chua gay thiet hai hoac gay thiet hai khong lon
article_51_clause_1_point_i,article_51_clause_1,article_51,51,1,i,Phạm tội lần đầu và thuộc trường hợp ít nghiêm trọng;,condition_or_rule,pham toi lan dau va thuoc truong hop it nghiem trong
article_51_clause_1_point_k,article_51_clause_1,article_51,51,1,k,Phạm tội vì bị người khác đe dọa hoặc cưỡng bức;,condition_or_rule,pham toi vi bi nguoi khac de doa hoac cuong buc
article_51_clause_1_point_l,article_51_clause_1,article_51,51,1,l,Phạm tội trong trường hợp bị hạn chế khả năng nhận thức mà không phải do lỗi của mình gây ra;,condition_or_rule,pham toi trong truong hop bi han che kha nang nhan thuc ma khong phai do loi cua minh gay ra
article_51_clause_1_point_m,article_51_clause_1,article_51,51,1,m,Phạm tội do lạc hậu;,condition_or_rule,pham toi do lac hau
article_51_clause_1_point_n,article_51_clause_1,article_51,51,1,n,Người phạm tội là phụ nữ có thai;,definition_or_list,nguoi pham toi la phu nu co thai
article_51_clause_1_point_o,article_51_clause_1,article_51,51,1,o,Người phạm tội là người đủ 70 tuổi trở lên;,definition_or_list,nguoi pham toi la nguoi du 70 tuoi tro len
article_51_clause_1_point_p,article_51_clause_1,article_51,51,1,p,Người phạm tội là người khuyết tật nặng hoặc khuyết tật đặc biệt nặng;,definition_or_list,nguoi pham toi la nguoi khuyet tat nang hoac khuyet tat dac biet nang
article_51_clause_1_point_q,article_51_clause_1,article_51,51,1,q,Người phạm tội là người có bệnh bị hạn chế khả năng nhận thức hoặc khả năng điều khiển hành vi của mình;,definition_or_list,nguoi pham toi la nguoi co benh bi han che kha nang nhan thuc hoac kha nang dieu khien hanh vi cua minh
article_51_clause_1_point_r,article_51_clause_1,article_51,51,1,r,Người phạm tội tự thú;,condition_or_rule,nguoi pham toi tu thu
article_51_clause_1_point_s,article_51_clause_1,article_51,51,1,s,"Người phạm tội thành khẩn khai báo, ăn năn hối cải;",condition_or_rule,nguoi pham toi thanh khan khai bao an nan hoi cai
article_51_clause_1_point_t,article_51_clause_1,article_51,51,1,t,Người phạm tội tích cực hợp tác với cơ quan có trách nhiệm trong việc phát hiện tội phạm hoặc trong quá trình giải quyết vụ án;,condition_or_rule,nguoi pham toi tich cuc hop tac voi co quan co trach nhiem trong viec phat hien toi pham hoac trong qua trinh giai quyet vu an
article_51_clause_1_point_u,article_51_clause_1,article_51,51,1,u,Người phạm tội đã lập công chuộc tội;,condition_or_rule,nguoi pham toi da lap cong chuoc toi
article_51_clause_1_point_v,article_51_clause_1,article_51,51,1,v,"Người phạm tội là người có thành tích xuất sắc trong sản xuất, chiến đấu, học tập hoặc công tác;",definition_or_list,nguoi pham toi la nguoi co thanh tich xuat sac trong san xuat chien dau hoc tap hoac cong tac
article_51_clause_1_point_x,article_51_clause_1,article_51,51,1,x,"Người phạm tội là người có công với cách mạng hoặc là cha, mẹ, vợ, chồng, con của liệt sĩ.",definition_or_list,nguoi pham toi la nguoi co cong voi cach mang hoac la cha me vo chong con cua liet si
article_52_clause_1_point_a,article_52_clause_1,article_52,52,1,a,Phạm tội có tổ chức;,condition_or_rule,pham toi co to chuc
article_52_clause_1_point_b,article_52_clause_1,article_52,52,1,b,Phạm tội có tính chất chuyên nghiệp;,condition_or_rule,pham toi co tinh chat chuyen nghiep
article_52_clause_1_point_c,article_52_clause_1,article_52,52,1,c,"Lợi dụng chức vụ, quyền hạn để phạm tội;",condition_or_rule,loi dung chuc vu quyen han de pham toi
article_52_clause_1_point_d,article_52_clause_1,article_52,52,1,d,Phạm tội có tính chất côn đồ;,condition_or_rule,pham toi co tinh chat con do
article_52_clause_1_point_d,article_52_clause_1,article_52,52,1,đ,Phạm tội vì động cơ đê hèn;,condition_or_rule,pham toi vi dong co de hen
article_52_clause_1_point_e,article_52_clause_1,article_52,52,1,e,Cố tình thực hiện tội phạm đến cùng;,condition_or_rule,co tinh thuc hien toi pham den cung
article_52_clause_1_point_g,article_52_clause_1,article_52,52,1,g,Phạm tội 02 lần trở lên;,condition_or_rule,pham toi 02 lan tro len
article_52_clause_1_point_h,article_52_clause_1,article_52,52,1,h,Tái phạm hoặc tái phạm nguy hiểm;,condition_or_rule,tai pham hoac tai pham nguy hiem
article_52_clause_1_point_i,article_52_clause_1,article_52,52,1,i,"Phạm tội đối với người dưới 16 tuổi, phụ nữ có thai hoặc người đủ 70 tuổi trở lên;",condition_or_rule,pham toi doi voi nguoi duoi 16 tuoi phu nu co thai hoac nguoi du 70 tuoi tro len
article_52_clause_1_point_k,article_52_clause_1,article_52,52,1,k,"Phạm tội đối với người ở trong tình trạng không thể tự vệ được, người khuyết tật nặng hoặc khuyết tật đặc biệt nặng, người bị hạn chế khả năng nhận thức hoặc người lệ thuộc mình về mặt vật chất, tinh thần, công tác hoặc các mặt khác;",condition_or_rule,pham toi doi voi nguoi o trong tinh trang khong the tu ve duoc nguoi khuyet tat nang hoac khuyet tat dac biet nang nguoi bi han che kha nang nhan thuc hoac nguoi le thuoc minh ve mat vat chat tinh than cong tac hoac cac mat khac
article_52_clause_1_point_l,article_52_clause_1,article_52,52,1,l,"Lợi dụng hoàn cảnh chiến tranh, tình trạng khẩn cấp, thiên tai, dịch bệnh hoặc những khó khăn đặc biệt khác của xã hội để phạm tội;",condition_or_rule,loi dung hoan canh chien tranh tinh trang khan cap thien tai dich benh hoac nhung kho khan dac biet khac cua xa hoi de pham toi
article_52_clause_1_point_m,article_52_clause_1,article_52,52,1,m,"Dùng thủ đoạn tinh vi, xảo quyệt hoặc tàn ác để phạm tội;",condition_or_rule,dung thu doan tinh vi xao quyet hoac tan ac de pham toi
article_52_clause_1_point_n,article_52_clause_1,article_52,52,1,n,Dùng thủ đoạn hoặc phương tiện có khả năng gây nguy hại cho nhiều người để phạm tội;,condition_or_rule,dung thu doan hoac phuong tien co kha nang gay nguy hai cho nhieu nguoi de pham toi
article_52_clause_1_point_o,article_52_clause_1,article_52,52,1,o,Xúi giục người dưới 18 tuổi phạm tội;,condition_or_rule,xui giuc nguoi duoi 18 tuoi pham toi
article_52_clause_1_point_p,article_52_clause_1,article_52,52,1,p,Có hành động xảo quyệt hoặc hung hãn nhằm trốn tránh hoặc che giấu tội phạm.,condition_or_rule,co hanh dong xao quyet hoac hung han nham tron tranh hoac che giau toi pham
article_53_clause_2_point_a,article_53_clause_2,article_53,53,2,a,"Đã bị kết án về tội phạm rất nghiêm trọng, tội phạm đặc biệt nghiêm trọng do cố ý, chưa được xóa án tích mà lại thực hiện hành vi phạm tội về tội phạm rất nghiêm trọng, tội phạm đặc biệt nghiêm trọng do cố ý;",condition_or_rule,da bi ket an ve toi pham rat nghiem trong toi pham dac biet nghiem trong do co y chua duoc xoa an tich ma lai thuc hien hanh vi pham toi ve toi pham rat nghiem trong toi pham dac biet nghiem trong do co y
article_53_clause_2_point_b,article_53_clause_2,article_53,53,2,b,"Đã tái phạm, chưa được xóa án tích mà lại thực hiện hành vi phạm tội do cố ý.",condition_or_rule,da tai pham chua duoc xoa an tich ma lai thuc hien hanh vi pham toi do co y
article_55_clause_1_point_a,article_55_clause_1,article_55,55,1,a,"Nếu các hình phạt đã tuyên cùng là cải tạo không giam giữ hoặc cùng là tù có thời hạn, thì các hình phạt đó được cộng lại thành hình phạt chung; hình phạt chung không được vượt quá 03 năm đối với hình phạt cải tạo không giam giữ, 30 năm đối với hình phạt tù có thời hạn;",definition_or_list,neu cac hinh phat da tuyen cung la cai tao khong giam giu hoac cung la tu co thoi han thi cac hinh phat do duoc cong lai thanh hinh phat chung hinh phat chung khong duoc vuot qua 03 nam doi voi hinh phat cai tao khong giam giu 30 nam doi voi hinh phat tu co thoi han
article_55_clause_1_point_b,article_55_clause_1,article_55,55,1,b,"Nếu các hình phạt đã tuyên là cải tạo không giam giữ, tù có thời hạn, thì hình phạt cải tạo không giam giữ được chuyển đổi thành hình phạt tù theo tỷ lệ cứ 03 ngày cải tạo không giam giữ được chuyển đổi thành 01 ngày tù để tổng hợp thành hình phạt chung theo quy định tại điểm a khoản 1 Điều này;",definition_or_list,neu cac hinh phat da tuyen la cai tao khong giam giu tu co thoi han thi hinh phat cai tao khong giam giu duoc chuyen doi thanh hinh phat tu theo ty le cu 03 ngay cai tao khong giam giu duoc chuyen doi thanh 01 ngay tu de tong hop thanh hinh phat chung theo quy dinh tai diem a khoan 1 dieu nay
article_55_clause_1_point_c,article_55_clause_1,article_55,55,1,c,Nếu hình phạt nặng nhất trong số các hình phạt đã tuyên là tù chung thân thì hình phạt chung là tù chung thân;,definition_or_list,neu hinh phat nang nhat trong so cac hinh phat da tuyen la tu chung than thi hinh phat chung la tu chung than
article_55_clause_1_point_d,article_55_clause_1,article_55,55,1,d,Nếu hình phạt nặng nhất trong số các hình phạt đã tuyên là tử hình thì hình phạt chung là tử hình;,definition_or_list,neu hinh phat nang nhat trong so cac hinh phat da tuyen la tu hinh thi hinh phat chung la tu hinh
article_55_clause_1_point_d,article_55_clause_1,article_55,55,1,đ,Phạt tiền không tổng hợp với các loại hình phạt khác; các khoản tiền phạt được cộng lại thành hình phạt chung;,condition_or_rule,phat tien khong tong hop voi cac loai hinh phat khac cac khoan tien phat duoc cong lai thanh hinh phat chung
article_55_clause_1_point_e,article_55_clause_1,article_55,55,1,e,Trục xuất không tổng hợp với các loại hình phạt khác;,condition_or_rule,truc xuat khong tong hop voi cac loai hinh phat khac
article_55_clause_2_point_a,article_55_clause_2,article_55,55,2,a,Nếu các hình phạt đã tuyên là cùng loại thì hình phạt chung được quyết định trong giới hạn do Bộ luật này quy định đối với loại hình phạt đó; riêng đối với hình phạt tiền thì các khoản tiền phạt được cộng lại thành hình phạt chung;,definition_or_list,neu cac hinh phat da tuyen la cung loai thi hinh phat chung duoc quyet dinh trong gioi han do bo luat nay quy dinh doi voi loai hinh phat do rieng doi voi hinh phat tien thi cac khoan tien phat duoc cong lai thanh hinh phat chung
article_55_clause_2_point_b,article_55_clause_2,article_55,55,2,b,Nếu các hình phạt đã tuyên là khác loại thì người bị kết án phải chấp hành tất cả các hình phạt đã tuyên.,definition_or_list,neu cac hinh phat da tuyen la khac loai thi nguoi bi ket an phai chap hanh tat ca cac hinh phat da tuyen
article_60_clause_2_point_a,article_60_clause_2,article_60,60,2,a,"05 năm đối với các trường hợp xử phạt tiền, cải tạo không giam giữ hoặc xử phạt tù từ 03 năm trở xuống;",condition_or_rule,05 nam doi voi cac truong hop xu phat tien cai tao khong giam giu hoac xu phat tu tu 03 nam tro xuong
article_60_clause_2_point_b,article_60_clause_2,article_60,60,2,b,10 năm đối với các trường hợp xử phạt tù từ trên 03 năm đến 15 năm;,condition_or_rule,10 nam doi voi cac truong hop xu phat tu tu tren 03 nam den 15 nam
article_60_clause_2_point_c,article_60_clause_2,article_60,60,2,c,15 năm đối với các trường hợp xử phạt tù từ trên 15 năm đến 30 năm;,condition_or_rule,15 nam doi voi cac truong hop xu phat tu tu tren 15 nam den 30 nam
article_60_clause_2_point_d,article_60_clause_2,article_60,60,2,d,20 năm đối với các trường hợp xử phạt tù chung thân hoặc tử hình.,condition_or_rule,20 nam doi voi cac truong hop xu phat tu chung than hoac tu hinh
article_62_clause_2_point_a,article_62_clause_2,article_62,62,2,a,Sau khi bị kết án đã lập công;,condition_or_rule,sau khi bi ket an da lap cong
article_62_clause_2_point_b,article_62_clause_2,article_62,62,2,b,Mắc bệnh hiểm nghèo;,condition_or_rule,mac benh hiem ngheo
article_62_clause_2_point_c,article_62_clause_2,article_62,62,2,c,"Chấp hành tốt pháp luật, có hoàn cảnh gia đình đặc biệt khó khăn và xét thấy người đó không còn nguy hiểm cho xã hội nữa.",condition_or_rule,chap hanh tot phap luat co hoan canh gia dinh dac biet kho khan va xet thay nguoi do khong con nguy hiem cho xa hoi nua
article_66_clause_1_point_a,article_66_clause_1,article_66,66,1,a,Phạm tội lần đầu;,condition_or_rule,pham toi lan dau
article_66_clause_1_point_b,article_66_clause_1,article_66,66,1,b,"Có nhiều tiến bộ, có ý thức cải tạo tốt;",condition_or_rule,co nhieu tien bo co y thuc cai tao tot
article_66_clause_1_point_c,article_66_clause_1,article_66,66,1,c,Có nơi cư trú rõ ràng;,condition_or_rule,co noi cu tru ro rang
article_66_clause_1_point_d,article_66_clause_1,article_66,66,1,d,"Đã chấp hành xong hình phạt bổ sung là hình phạt tiền, nghĩa vụ bồi thường thiệt hại và án phí;",definition_or_list,da chap hanh xong hinh phat bo sung la hinh phat tien nghia vu boi thuong thiet hai va an phi
article_66_clause_1_point_d,article_66_clause_1,article_66,66,1,đ,"Đã chấp hành được ít nhất là một phần hai mức phạt tù có thời hạn hoặc ít nhất là 15 năm đối với trường hợp bị phạt tù chung thân nhưng đã được giảm xuống tù có thời hạn. Trường hợp người phạm tội là người có công với cách mạng, thân nhân của người có công với cách mạng, người đủ 70 tuổi trở lên, người khuyết tật nặng hoặc khuyết tật đặc biệt nặng, phụ nữ đang nuôi con dưới 36 tháng tuổi thì phải chấp hành được ít nhất là một phần ba mức phạt tù có thời hạn hoặc ít nhất là 12 năm đối với trường hợp bị phạt tù chung thân nhưng đã được giảm xuống tù có thời hạn;",penalty_frame,da chap hanh duoc it nhat la mot phan hai muc phat tu co thoi han hoac it nhat la 15 nam doi voi truong hop bi phat tu chung than nhung da duoc giam xuong tu co thoi han truong hop nguoi pham toi la nguoi co cong voi cach mang than nhan cua nguoi co cong voi cach mang nguoi du 70 tuoi tro len nguoi khuyet tat nang hoac khuyet tat dac biet nang phu nu dang nuoi con duoi 36 thang tuoi thi phai chap hanh duoc it nhat la mot phan ba muc phat tu co thoi han hoac it nhat la 12 nam doi voi truong hop bi phat tu chung than nhung da duoc giam xuong tu co thoi han
article_66_clause_1_point_e,article_66_clause_1,article_66,66,1,e,Không thuộc một trong các trường hợp phạm tội quy định tại khoản 2 Điều này.,condition_or_rule,khong thuoc mot trong cac truong hop pham toi quy dinh tai khoan 2 dieu nay
article_66_clause_2_point_a,article_66_clause_2,article_66,66,2,a,"Người bị kết án về một trong các tội quy định tại Chương XIII, Chương XXVI, Điều 299 của Bộ luật này; người bị kết án 10 năm tù trở lên về một trong các tội quy định tại Chương XIV của Bộ luật này do cố ý hoặc người bị kết án 07 năm tù trở lên đối với một trong các tội quy định tại các điều 168, 169, 248, 251 và 252 của Bộ luật này;",condition_or_rule,nguoi bi ket an ve mot trong cac toi quy dinh tai chuong xiii chuong xxvi dieu 299 cua bo luat nay nguoi bi ket an 10 nam tu tro len ve mot trong cac toi quy dinh tai chuong xiv cua bo luat nay do co y hoac nguoi bi ket an 07 nam tu tro len doi voi mot trong cac toi quy dinh tai cac dieu 168 169 248 251 va 252 cua bo luat nay
article_66_clause_2_point_b,article_66_clause_2,article_66,66,2,b,Người bị kết án tử hình được ân giảm hoặc thuộc trường hợp quy định tại khoản 3 Điều 40 của Bộ luật này.,condition_or_rule,nguoi bi ket an tu hinh duoc an giam hoac thuoc truong hop quy dinh tai khoan 3 dieu 40 cua bo luat nay
article_67_clause_1_point_a,article_67_clause_1,article_67,67,1,a,Bị bệnh nặng thì được hoãn cho đến khi sức khỏe được hồi phục;,condition_or_rule,bi benh nang thi duoc hoan cho den khi suc khoe duoc hoi phuc
article_67_clause_1_point_b,article_67_clause_1,article_67,67,1,b,"Phụ nữ có thai hoặc đang nuôi con dưới 36 tháng tuổi, thì được hoãn cho đến khi con đủ 36 tháng tuổi;",condition_or_rule,phu nu co thai hoac dang nuoi con duoi 36 thang tuoi thi duoc hoan cho den khi con du 36 thang tuoi
article_67_clause_1_point_c,article_67_clause_1,article_67,67,1,c,"Là người lao động duy nhất trong gia đình, nếu phải chấp hành hình phạt tù thì gia đình sẽ gặp khó khăn đặc biệt, được hoãn đến 01 năm, trừ trường hợp người đó bị kết án về các tội xâm phạm an ninh quốc gia hoặc các tội khác là tội phạm rất nghiêm trọng, tội phạm đặc biệt nghiêm trọng;",definition_or_list,la nguoi lao dong duy nhat trong gia dinh neu phai chap hanh hinh phat tu thi gia dinh se gap kho khan dac biet duoc hoan den 01 nam tru truong hop nguoi do bi ket an ve cac toi xam pham an ninh quoc gia hoac cac toi khac la toi pham rat nghiem trong toi pham dac biet nghiem trong
article_67_clause_1_point_d,article_67_clause_1,article_67,67,1,d,"Bị kết án về tội phạm ít nghiêm trọng, do nhu cầu công vụ, thì được hoãn đến 01 năm.",condition_or_rule,bi ket an ve toi pham it nghiem trong do nhu cau cong vu thi duoc hoan den 01 nam
article_70_clause_2_point_a,article_70_clause_2,article_70,70,2,a,"01 năm trong trường hợp bị phạt cảnh cáo, phạt tiền, cải tạo không giam giữ, phạt tù nhưng được hưởng án treo;",penalty_frame,01 nam trong truong hop bi phat canh cao phat tien cai tao khong giam giu phat tu nhung duoc huong an treo
article_70_clause_2_point_b,article_70_clause_2,article_70,70,2,b,02 năm trong trong trường hợp bị phạt tù đến 05 năm;,penalty_frame,02 nam trong trong truong hop bi phat tu den 05 nam
article_70_clause_2_point_c,article_70_clause_2,article_70,70,2,c,03 năm trong trường hợp bị phạt tù từ trên 05 năm đến 15 năm;,penalty_frame,03 nam trong truong hop bi phat tu tu tren 05 nam den 15 nam
article_70_clause_2_point_d,article_70_clause_2,article_70,70,2,d,"05 năm trong trường hợp bị phạt tù từ trên 15 năm, tù chung thân hoặc tử hình nhưng đã được giảm án. Trường hợp người bị kết án đang chấp hành hình phạt bổ sung là quản chế, cấm cư trú, cấm đảm nhiệm chức vụ, cấm hành nghề hoặc làm công việc nhất định, tước một số quyền công dân mà thời hạn phải chấp hành dài hơn thời hạn quy định tại các điểm a, b và c khoản này thì thời hạn đương nhiên được xóa án tích sẽ hết vào thời điểm người đó chấp hành xong hình phạt bổ sung.",penalty_frame,05 nam trong truong hop bi phat tu tu tren 15 nam tu chung than hoac tu hinh nhung da duoc giam an truong hop nguoi bi ket an dang chap hanh hinh phat bo sung la quan che cam cu tru cam dam nhiem chuc vu cam hanh nghe hoac lam cong viec nhat dinh tuoc mot so quyen cong dan ma thoi han phai chap hanh dai hon thoi han quy dinh tai cac diem a b va c khoan nay thi thoi han duong nhien duoc xoa an tich se het vao thoi diem nguoi do chap hanh xong hinh phat bo sung
article_71_clause_2_point_a,article_71_clause_2,article_71,71,2,a,"01 năm trong trường hợp bị phạt cảnh cáo, phạt cải tạo không giam giữ, phạt tù nhưng được hưởng án treo;",penalty_frame,01 nam trong truong hop bi phat canh cao phat cai tao khong giam giu phat tu nhung duoc huong an treo
article_71_clause_2_point_b,article_71_clause_2,article_71,71,2,b,03 năm trong trường hợp bị phạt tù đến 05 năm;,penalty_frame,03 nam trong truong hop bi phat tu den 05 nam
article_71_clause_2_point_c,article_71_clause_2,article_71,71,2,c,05 năm trong trường hợp bị phạt tù từ trên 05 năm đến 15 năm;,penalty_frame,05 nam trong truong hop bi phat tu tu tren 05 nam den 15 nam
article_71_clause_2_point_d,article_71_clause_2,article_71,71,2,d,"07 năm trong trường hợp bị phạt tù trên 15 năm, tù chung thân hoặc tử hình nhưng đã được giảm án. Trường hợp người bị kết án đang chấp hành hình phạt bổ sung là quản chế, cấm cư trú, tước một số quyền công dân mà thời hạn phải chấp hành dài hơn thời hạn quy định tại điểm a, điểm b khoản này thì Tòa án quyết định việc xóa án tích từ khi người đó chấp hành xong hình phạt bổ sung.",penalty_frame,07 nam trong truong hop bi phat tu tren 15 nam tu chung than hoac tu hinh nhung da duoc giam an truong hop nguoi bi ket an dang chap hanh hinh phat bo sung la quan che cam cu tru tuoc mot so quyen cong dan ma thoi han phai chap hanh dai hon thoi han quy dinh tai diem a diem b khoan nay thi toa an quyet dinh viec xoa an tich tu khi nguoi do chap hanh xong hinh phat bo sung
article_75_clause_1_point_a,article_75_clause_1,article_75,75,1,a,Hành vi phạm tội được thực hiện nhân danh pháp nhân thương mại;,condition_or_rule,hanh vi pham toi duoc thuc hien nhan danh phap nhan thuong mai
article_75_clause_1_point_b,article_75_clause_1,article_75,75,1,b,Hành vi phạm tội được thực hiện vì lợi ích của pháp nhân thương mại;,condition_or_rule,hanh vi pham toi duoc thuc hien vi loi ich cua phap nhan thuong mai
article_75_clause_1_point_c,article_75_clause_1,article_75,75,1,c,"Hành vi phạm tội được thực hiện có sự chỉ đạo, điều hành hoặc chấp thuận của pháp nhân thương mại;",condition_or_rule,hanh vi pham toi duoc thuc hien co su chi dao dieu hanh hoac chap thuan cua phap nhan thuong mai
article_75_clause_1_point_d,article_75_clause_1,article_75,75,1,d,Chưa hết thời hiệu truy cứu trách nhiệm hình sự quy định tại khoản 2 và khoản 3 Điều 27 của Bộ luật này.,condition_or_rule,chua het thoi hieu truy cuu trach nhiem hinh su quy dinh tai khoan 2 va khoan 3 dieu 27 cua bo luat nay
article_81_clause_2_point_a,article_81_clause_2,article_81,81,2,a,"Cấm vay vốn của tổ chức tín dụng, chi nhánh ngân hàng nước ngoài hoặc quỹ đầu tư;",condition_or_rule,cam vay von cua to chuc tin dung chi nhanh ngan hang nuoc ngoai hoac quy dau tu
article_81_clause_2_point_b,article_81_clause_2,article_81,81,2,b,"Cấm phát hành, chào bán chứng khoán;",condition_or_rule,cam phat hanh chao ban chung khoan
article_81_clause_2_point_c,article_81_clause_2,article_81,81,2,c,Cấm huy động vốn khách hàng;,condition_or_rule,cam huy dong von khach hang
article_81_clause_2_point_d,article_81_clause_2,article_81,81,2,d,"Cấm liên doanh, liên kết trong và ngoài nước;",condition_or_rule,cam lien doanh lien ket trong va ngoai nuoc
article_81_clause_2_point_d,article_81_clause_2,article_81,81,2,đ,Cấm hình thành quỹ tín thác bất động sản.,condition_or_rule,cam hinh thanh quy tin thac bat dong san
article_82_clause_1_point_a,article_82_clause_1,article_82,82,1,a,Các biện pháp tư pháp quy định tại Điều 47 và Điều 48 của Bộ luật này;,condition_or_rule,cac bien phap tu phap quy dinh tai dieu 47 va dieu 48 cua bo luat nay
article_82_clause_1_point_b,article_82_clause_1,article_82,82,1,b,Buộc khôi phục lại tình trạng ban đầu;,condition_or_rule,buoc khoi phuc lai tinh trang ban dau
article_82_clause_1_point_c,article_82_clause_1,article_82,82,1,c,"Buộc thực hiện một số biện pháp nhằm khắc phục, ngăn chặn hậu quả tiếp tục xảy ra.",condition_or_rule,buoc thuc hien mot so bien phap nham khac phuc ngan chan hau qua tiep tuc xay ra
article_82_clause_3_point_a,article_82_clause_3,article_82,82,3,a,"Buộc tháo dỡ công trình, phần công trình xây dựng không có giấy phép hoặc xây dựng không đúng với giấy phép;",condition_or_rule,buoc thao do cong trinh phan cong trinh xay dung khong co giay phep hoac xay dung khong dung voi giay phep
article_82_clause_3_point_b,article_82_clause_3,article_82,82,3,b,"Buộc khắc phục tình trạng ô nhiễm môi trường, lây lan dịch bệnh;",condition_or_rule,buoc khac phuc tinh trang o nhiem moi truong lay lan dich benh
article_82_clause_3_point_c,article_82_clause_3,article_82,82,3,c,"Buộc đưa ra khỏi lãnh thổ nước Cộng hòa xã hội chủ nghĩa Việt Nam hoặc tái xuất hàng hóa, vật phẩm, phương tiện được đưa vào lãnh thổ nước Cộng hòa xã hội chủ nghĩa Việt Nam, nhập khẩu trái với quy định của pháp luật hoặc được tạm nhập, tái xuất nhưng không tái xuất theo đúng quy định của pháp luật; hàng hóa nhập khẩu, quá cảnh xâm phạm quyền sở hữu trí tuệ, hàng hóa giả mạo quyền sở hữu trí tuệ, phương tiện, nguyên liệu, vật liệu nhập khẩu được sử dụng chủ yếu để sản xuất, kinh doanh hàng hóa giả mạo về sở hữu trí tuệ sau khi đã loại bỏ yếu tố vi phạm;",condition_or_rule,buoc dua ra khoi lanh tho nuoc cong hoa xa hoi chu nghia viet nam hoac tai xuat hang hoa vat pham phuong tien duoc dua vao lanh tho nuoc cong hoa xa hoi chu nghia viet nam nhap khau trai voi quy dinh cua phap luat hoac duoc tam nhap tai xuat nhung khong tai xuat theo dung quy dinh cua phap luat hang hoa nhap khau qua canh xam pham quyen so huu tri tue hang hoa gia mao quyen so huu tri tue phuong tien nguyen lieu vat lieu nhap khau duoc su dung chu yeu de san xuat kinh doanh hang hoa gia mao ve so huu tri tue sau khi da loai bo yeu to vi pham
article_82_clause_3_point_d,article_82_clause_3,article_82,82,3,d,"Buộc tiêu hủy hàng hóa, vật phẩm gây hại cho sức khỏe con người, vật nuôi, cây trồng và môi trường, văn hóa phẩm có nội dung độc hại hoặc tang vật khác thuộc đối tượng bị tiêu hủy theo quy định của pháp luật;",condition_or_rule,buoc tieu huy hang hoa vat pham gay hai cho suc khoe con nguoi vat nuoi cay trong va moi truong van hoa pham co noi dung doc hai hoac tang vat khac thuoc doi tuong bi tieu huy theo quy dinh cua phap luat
article_82_clause_3_point_d,article_82_clause_3,article_82,82,3,đ,"Buộc loại bỏ yếu tố vi phạm trên hàng hóa, bao bì hàng hóa, phương tiện kinh doanh, vật phẩm;",condition_or_rule,buoc loai bo yeu to vi pham tren hang hoa bao bi hang hoa phuong tien kinh doanh vat pham
article_82_clause_3_point_e,article_82_clause_3,article_82,82,3,e,"Buộc thu hồi sản phẩm, hàng hóa vi phạm đang lưu thông trên thị trường.",condition_or_rule,buoc thu hoi san pham hang hoa vi pham dang luu thong tren thi truong
article_84_clause_1_point_a,article_84_clause_1,article_84,84,1,a,Đã ngăn chặn hoặc làm giảm bớt tác hại của tội phạm;,condition_or_rule,da ngan chan hoac lam giam bot tac hai cua toi pham
article_84_clause_1_point_b,article_84_clause_1,article_84,84,1,b,"Tự nguyện sửa chữa, bồi thường thiệt hại hoặc khắc phục hậu quả;",condition_or_rule,tu nguyen sua chua boi thuong thiet hai hoac khac phuc hau qua
article_84_clause_1_point_c,article_84_clause_1,article_84,84,1,c,Phạm tội nhưng chưa gây thiệt hại hoặc gây thiệt hại không lớn;,condition_or_rule,pham toi nhung chua gay thiet hai hoac gay thiet hai khong lon
article_84_clause_1_point_d,article_84_clause_1,article_84,84,1,d,Tích cực hợp tác với cơ quan có trách nhiệm trong việc phát hiện tội phạm hoặc trong quá trình giải quyết vụ án;,condition_or_rule,tich cuc hop tac voi co quan co trach nhiem trong viec phat hien toi pham hoac trong qua trinh giai quyet vu an
article_84_clause_1_point_d,article_84_clause_1,article_84,84,1,đ,Có nhiều đóng góp trong việc thực hiện chính sách xã hội.,condition_or_rule,co nhieu dong gop trong viec thuc hien chinh sach xa hoi
article_85_clause_1_point_a,article_85_clause_1,article_85,85,1,a,Câu kết với pháp nhân thương mại khác để phạm tội;,condition_or_rule,cau ket voi phap nhan thuong mai khac de pham toi
article_85_clause_1_point_b,article_85_clause_1,article_85,85,1,b,Cố ý thực hiện tội phạm đến cùng;,condition_or_rule,co y thuc hien toi pham den cung
article_85_clause_1_point_c,article_85_clause_1,article_85,85,1,c,Phạm tội 02 lần trở lên;,condition_or_rule,pham toi 02 lan tro len
article_85_clause_1_point_d,article_85_clause_1,article_85,85,1,d,Tái phạm hoặc tái phạm nguy hiểm;,condition_or_rule,tai pham hoac tai pham nguy hiem
article_85_clause_1_point_d,article_85_clause_1,article_85,85,1,đ,"Lợi dụng hoàn cảnh chiến tranh, tình trạng khẩn cấp, thiên tai, dịch bệnh hoặc những khó khăn đặc biệt khác của xã hội để phạm tội;",condition_or_rule,loi dung hoan canh chien tranh tinh trang khan cap thien tai dich benh hoac nhung kho khan dac biet khac cua xa hoi de pham toi
article_85_clause_1_point_e,article_85_clause_1,article_85,85,1,e,"Dùng thủ đoạn tinh vi để phạm tội hoặc nhằm trốn tránh, che giấu tội phạm.",condition_or_rule,dung thu doan tinh vi de pham toi hoac nham tron tranh che giau toi pham
article_86_clause_1_point_a,article_86_clause_1,article_86,86,1,a,Nếu các hình phạt đã tuyên cùng là phạt tiền thì các khoản tiền phạt được cộng lại thành hình phạt chung. Hình phạt tiền không tổng hợp với các hình phạt khác;,definition_or_list,neu cac hinh phat da tuyen cung la phat tien thi cac khoan tien phat duoc cong lai thanh hinh phat chung hinh phat tien khong tong hop voi cac hinh phat khac
article_86_clause_1_point_b,article_86_clause_1,article_86,86,1,b,Nếu các hình phạt đã tuyên là đình chỉ hoạt động có thời hạn và đình chỉ hoạt động vĩnh viễn trong cùng lĩnh vực hoặc hình phạt đã tuyên cùng là đình chỉ hoạt động vĩnh viễn trong cùng lĩnh vực thì hình phạt chung là đình chỉ hoạt động vĩnh viễn trong lĩnh vực đó;,definition_or_list,neu cac hinh phat da tuyen la dinh chi hoat dong co thoi han va dinh chi hoat dong vinh vien trong cung linh vuc hoac hinh phat da tuyen cung la dinh chi hoat dong vinh vien trong cung linh vuc thi hinh phat chung la dinh chi hoat dong vinh vien trong linh vuc do
article_86_clause_1_point_c,article_86_clause_1,article_86,86,1,c,Nếu các hình phạt đã tuyên là đình chỉ hoạt động có thời hạn trong cùng lĩnh vực thì được tổng hợp thành hình phạt chung nhưng không vượt quá 04 năm;,definition_or_list,neu cac hinh phat da tuyen la dinh chi hoat dong co thoi han trong cung linh vuc thi duoc tong hop thanh hinh phat chung nhung khong vuot qua 04 nam
article_86_clause_1_point_d,article_86_clause_1,article_86,86,1,d,Nếu trong số các hình phạt đã tuyên có hình phạt đình chỉ hoạt động vĩnh viễn thuộc trường hợp quy định tại khoản 2 Điều 79 của Bộ luật này thì hình phạt chung là đình chỉ hoạt động vĩnh viễn đối với toàn bộ hoạt động;,condition_or_rule,neu trong so cac hinh phat da tuyen co hinh phat dinh chi hoat dong vinh vien thuoc truong hop quy dinh tai khoan 2 dieu 79 cua bo luat nay thi hinh phat chung la dinh chi hoat dong vinh vien doi voi toan bo hoat dong
article_86_clause_1_point_d,article_86_clause_1,article_86,86,1,đ,Nếu các hình phạt đã tuyên là đình chỉ hoạt động có thời hạn trong các lĩnh vực khác nhau hoặc đình chỉ hoạt động vĩnh viễn trong các lĩnh vực khác nhau hoặc đình chỉ hoạt động có thời hạn và đình chỉ hoạt động vĩnh viễn trong các lĩnh vực khác nhau thì không tổng hợp.,definition_or_list,neu cac hinh phat da tuyen la dinh chi hoat dong co thoi han trong cac linh vuc khac nhau hoac dinh chi hoat dong vinh vien trong cac linh vuc khac nhau hoac dinh chi hoat dong co thoi han va dinh chi hoat dong vinh vien trong cac linh vuc khac nhau thi khong tong hop
article_86_clause_2_point_a,article_86_clause_2,article_86,86,2,a,Nếu các hình phạt đã tuyên là cùng loại thì hình phạt chung được quyết định trong giới hạn do Bộ luật này quy định đối với hình phạt đó; riêng đối với hình phạt tiền thì các khoản tiền được cộng lại thành hình phạt chung;,definition_or_list,neu cac hinh phat da tuyen la cung loai thi hinh phat chung duoc quyet dinh trong gioi han do bo luat nay quy dinh doi voi hinh phat do rieng doi voi hinh phat tien thi cac khoan tien duoc cong lai thanh hinh phat chung
article_86_clause_2_point_b,article_86_clause_2,article_86,86,2,b,Nếu các hình phạt đã tuyên là khác loại thì pháp nhân thương mại bị kết án phải chấp hành tất cả các hình phạt đã tuyên.,definition_or_list,neu cac hinh phat da tuyen la khac loai thi phap nhan thuong mai bi ket an phai chap hanh tat ca cac hinh phat da tuyen
article_91_clause_2_point_a,article_91_clause_2,article_91,91,2,a,"Người từ đủ 16 tuổi đến dưới 18 tuổi phạm tội ít nghiêm trọng, phạm tội nghiêm trọng, trừ tội phạm quy định tại các điều 134, 141, 171, 248, 249, 250, 251 và 252 của Bộ luật này;",condition_or_rule,nguoi tu du 16 tuoi den duoi 18 tuoi pham toi it nghiem trong pham toi nghiem trong tru toi pham quy dinh tai cac dieu 134 141 171 248 249 250 251 va 252 cua bo luat nay
article_91_clause_2_point_b,article_91_clause_2,article_91,91,2,b,"Người từ đủ 14 tuổi đến dưới 16 tuổi phạm tội rất nghiêm trọng quy định tại khoản 2 Điều 12 của Bộ luật này, trừ tội phạm quy định tại các điều 123, 134, 141, 142, 144, 150, 151, 168, 171, 248, 249, 250, 251 và 252 của Bộ luật này;",condition_or_rule,nguoi tu du 14 tuoi den duoi 16 tuoi pham toi rat nghiem trong quy dinh tai khoan 2 dieu 12 cua bo luat nay tru toi pham quy dinh tai cac dieu 123 134 141 142 144 150 151 168 171 248 249 250 251 va 252 cua bo luat nay
article_91_clause_2_point_c,article_91_clause_2,article_91,91,2,c,Người dưới 18 tuổi là người đồng phạm có vai trò không đáng kể trong vụ án.,definition_or_list,nguoi duoi 18 tuoi la nguoi dong pham co vai tro khong dang ke trong vu an
article_93_clause_1_point_a,article_93_clause_1,article_93,93,1,a,Người từ đủ 16 tuổi đến dưới 18 tuổi lần đầu phạm tội ít nghiêm trọng thuộc trường hợp quy định tại điểm a khoản 2 Điều 91 của Bộ luật này;,condition_or_rule,nguoi tu du 16 tuoi den duoi 18 tuoi lan dau pham toi it nghiem trong thuoc truong hop quy dinh tai diem a khoan 2 dieu 91 cua bo luat nay
article_93_clause_1_point_b,article_93_clause_1,article_93,93,1,b,Người dưới 18 tuổi là người đồng phạm có vai trò không đáng kể trong vụ án.,definition_or_list,nguoi duoi 18 tuoi la nguoi dong pham co vai tro khong dang ke trong vu an
article_93_clause_3_point_a,article_93_clause_3,article_93,93,3,a,"Tuân thủ pháp luật, nội quy, quy chế của nơi cư trú, học tập, làm việc;",condition_or_rule,tuan thu phap luat noi quy quy che cua noi cu tru hoc tap lam viec
article_93_clause_3_point_b,article_93_clause_3,article_93,93,3,b,Trình diện trước cơ quan có thẩm quyền khi được yêu cầu;,condition_or_rule,trinh dien truoc co quan co tham quyen khi duoc yeu cau
article_93_clause_3_point_c,article_93_clause_3,article_93,93,3,c,"Tham gia các chương trình học tập, dạy nghề do địa phương tổ chức, tham gia lao động với hình thức phù hợp.",condition_or_rule,tham gia cac chuong trinh hoc tap day nghe do dia phuong to chuc tham gia lao dong voi hinh thuc phu hop
article_94_clause_1_point_a,article_94_clause_1,article_94,94,1,a,Người từ đủ 16 tuổi đến dưới 18 tuổi phạm tội ít nghiêm trọng hoặc phạm tội nghiêm trọng thuộc trường hợp quy định tại điểm a khoản 2 Điều 91 của Bộ luật này;,condition_or_rule,nguoi tu du 16 tuoi den duoi 18 tuoi pham toi it nghiem trong hoac pham toi nghiem trong thuoc truong hop quy dinh tai diem a khoan 2 dieu 91 cua bo luat nay
article_94_clause_1_point_b,article_94_clause_1,article_94,94,1,b,Người từ đủ 14 tuổi đến dưới 16 tuổi phạm tội rất nghiêm trọng thuộc trường hợp quy định tại điểm b khoản 2 Điều 91 của Bộ luật này.,condition_or_rule,nguoi tu du 14 tuoi den duoi 16 tuoi pham toi rat nghiem trong thuoc truong hop quy dinh tai diem b khoan 2 dieu 91 cua bo luat nay
article_94_clause_3_point_a,article_94_clause_3,article_94,94,3,a,Xin lỗi người bị hại và bồi thường thiệt hại;,condition_or_rule,xin loi nguoi bi hai va boi thuong thiet hai
article_94_clause_3_point_b,article_94_clause_3,article_94,94,3,b,Nghĩa vụ quy định tại khoản 3 Điều 93 của Bộ luật này.,condition_or_rule,nghia vu quy dinh tai khoan 3 dieu 93 cua bo luat nay
article_95_clause_1_point_a,article_95_clause_1,article_95,95,1,a,Người từ đủ 16 tuổi đến dưới 18 tuổi phạm tội ít nghiêm trọng hoặc phạm tội nghiêm trọng thuộc trường hợp quy định tại điểm a khoản 2 Điều 91 của Bộ luật này;,condition_or_rule,nguoi tu du 16 tuoi den duoi 18 tuoi pham toi it nghiem trong hoac pham toi nghiem trong thuoc truong hop quy dinh tai diem a khoan 2 dieu 91 cua bo luat nay
article_95_clause_1_point_b,article_95_clause_1,article_95,95,1,b,Người từ đủ 14 tuổi đến dưới 16 tuổi phạm tội rất nghiêm trọng thuộc trường hợp quy định tại điểm b khoản 2 Điều 91 của Bộ luật này.,condition_or_rule,nguoi tu du 14 tuoi den duoi 16 tuoi pham toi rat nghiem trong thuoc truong hop quy dinh tai diem b khoan 2 dieu 91 cua bo luat nay
article_95_clause_2_point_a,article_95_clause_2,article_95,95,2,a,"Chấp hành đầy đủ nghĩa vụ về học tập, lao động;",condition_or_rule,chap hanh day du nghia vu ve hoc tap lao dong
article_95_clause_2_point_b,article_95_clause_2,article_95,95,2,b,"Chịu sự giám sát, giáo dục của gia đình, xã, phường, thị trấn;",condition_or_rule,chiu su giam sat giao duc cua gia dinh xa phuong thi tran
article_95_clause_2_point_c,article_95_clause_2,article_95,95,2,c,Không đi khỏi nơi cư trú khi không được phép;,condition_or_rule,khong di khoi noi cu tru khi khong duoc phep
article_95_clause_2_point_d,article_95_clause_2,article_95,95,2,d,Các nghĩa vụ theo quy định tại khoản 3 Điều 93 của Bộ luật này.,condition_or_rule,cac nghia vu theo quy dinh tai khoan 3 dieu 93 cua bo luat nay
article_103_clause_2_point_a,article_103_clause_2,article_103,103,2,a,Nếu mức hình phạt đã tuyên đối với tội được thực hiện trước khi người đó đủ 16 tuổi nặng hơn hoặc bằng mức hình phạt đã tuyên đối với tội được thực hiện sau khi đủ 16 tuổi thì hình phạt chung không vượt quá mức hình phạt cao nhất đối với người từ đủ 14 tuổi đến dưới 16 tuổi theo quy định tại khoản 1 Điều này;,condition_or_rule,neu muc hinh phat da tuyen doi voi toi duoc thuc hien truoc khi nguoi do du 16 tuoi nang hon hoac bang muc hinh phat da tuyen doi voi toi duoc thuc hien sau khi du 16 tuoi thi hinh phat chung khong vuot qua muc hinh phat cao nhat doi voi nguoi tu du 14 tuoi den duoi 16 tuoi theo quy dinh tai khoan 1 dieu nay
article_103_clause_2_point_b,article_103_clause_2,article_103,103,2,b,Nếu mức hình phạt đã tuyên đối với tội được thực hiện sau khi người đó đủ 16 tuổi nặng hơn mức hình phạt đã tuyên đối với tội được thực hiện trước khi đủ 16 tuổi thì hình phạt chung không vượt quá mức hình phạt cao nhất đối với người từ đủ 16 tuổi đến dưới 18 tuổi theo quy định tại khoản 1 Điều này.,condition_or_rule,neu muc hinh phat da tuyen doi voi toi duoc thuc hien sau khi nguoi do du 16 tuoi nang hon muc hinh phat da tuyen doi voi toi duoc thuc hien truoc khi du 16 tuoi thi hinh phat chung khong vuot qua muc hinh phat cao nhat doi voi nguoi tu du 16 tuoi den duoi 18 tuoi theo quy dinh tai khoan 1 dieu nay
article_103_clause_3_point_a,article_103_clause_3,article_103,103,3,a,"Nếu mức hình phạt Tòa án tuyên đối với tội được thực hiện khi người đó chưa đủ 18 tuổi nặng hơn hoặc bằng mức hình phạt áp dụng đối với tội được thực hiện khi người đó đã đủ 18 tuổi, thì hình phạt chung không được vượt quá mức hình phạt cao nhất quy định tại khoản 1 Điều này;",condition_or_rule,neu muc hinh phat toa an tuyen doi voi toi duoc thuc hien khi nguoi do chua du 18 tuoi nang hon hoac bang muc hinh phat ap dung doi voi toi duoc thuc hien khi nguoi do da du 18 tuoi thi hinh phat chung khong duoc vuot qua muc hinh phat cao nhat quy dinh tai khoan 1 dieu nay
article_103_clause_3_point_b,article_103_clause_3,article_103,103,3,b,Nếu mức hình phạt Tòa án tuyên đối với tội được thực hiện khi người đó đã đủ 18 tuổi nặng hơn mức hình phạt áp dụng đối với tội thực hiện khi người đó chưa đủ 18 tuổi thì hình phạt chung áp dụng như đối với người đủ 18 tuổi trở lên phạm tội.,condition_or_rule,neu muc hinh phat toa an tuyen doi voi toi duoc thuc hien khi nguoi do da du 18 tuoi nang hon muc hinh phat ap dung doi voi toi thuc hien khi nguoi do chua du 18 tuoi thi hinh phat chung ap dung nhu doi voi nguoi du 18 tuoi tro len pham toi
article_106_clause_1_point_a,article_106_clause_1,article_106,106,1,a,Phạm tội lần đầu;,condition_or_rule,pham toi lan dau
article_106_clause_1_point_b,article_106_clause_1,article_106,106,1,b,"Có nhiều tiến bộ, có ý thức cải tạo tốt;",condition_or_rule,co nhieu tien bo co y thuc cai tao tot
article_106_clause_1_point_c,article_106_clause_1,article_106,106,1,c,Đã chấp hành được một phần ba thời hạn phạt tù;,condition_or_rule,da chap hanh duoc mot phan ba thoi han phat tu
article_106_clause_1_point_d,article_106_clause_1,article_106,106,1,d,Có nơi cư trú rõ ràng.,condition_or_rule,co noi cu tru ro rang
article_107_clause_1_point_a,article_107_clause_1,article_107,107,1,a,Người từ đủ 14 đến dưới 16 tuổi;,condition_or_rule,nguoi tu du 14 den duoi 16 tuoi
article_107_clause_1_point_b,article_107_clause_1,article_107,107,1,b,"Người từ đủ 16 tuổi đến dưới 18 tuổi bị kết án về tội phạm ít nghiêm trọng, tội phạm nghiêm trọng hoặc tội phạm rất nghiêm trọng do vô ý;",condition_or_rule,nguoi tu du 16 tuoi den duoi 18 tuoi bi ket an ve toi pham it nghiem trong toi pham nghiem trong hoac toi pham rat nghiem trong do vo y
article_107_clause_1_point_c,article_107_clause_1,article_107,107,1,c,Người bị áp dụng biện pháp tư pháp quy định tại Mục 3 Chương này.,condition_or_rule,nguoi bi ap dung bien phap tu phap quy dinh tai muc 3 chuong nay
article_107_clause_2_point_a,article_107_clause_2,article_107,107,2,a,"06 tháng trong trường hợp bị phạt cảnh cáo, phạt tiền, phạt cải tạo không giam giữ hoặc phạt tù nhưng được hưởng án treo;",penalty_frame,06 thang trong truong hop bi phat canh cao phat tien phat cai tao khong giam giu hoac phat tu nhung duoc huong an treo
article_107_clause_2_point_b,article_107_clause_2,article_107,107,2,b,01 năm trong trường hợp bị phạt tù đến 05 năm;,penalty_frame,01 nam trong truong hop bi phat tu den 05 nam
article_107_clause_2_point_c,article_107_clause_2,article_107,107,2,c,02 năm trong trường hợp bị phạt tù từ trên 05 năm đến 15 năm;,penalty_frame,02 nam trong truong hop bi phat tu tu tren 05 nam den 15 nam
article_107_clause_2_point_d,article_107_clause_2,article_107,107,2,d,03 năm trong trường hợp bị phạt tù trên 15 năm.,penalty_frame,03 nam trong truong hop bi phat tu tren 15 nam
article_110_clause_1_point_a,article_110_clause_1,article_110,110,1,a,"Hoạt động tình báo, phá hoại hoặc gây cơ sở để hoạt động tình báo, phá hoại chống nước Cộng hòa xã hội chủ nghĩa Việt Nam;",condition_or_rule,hoat dong tinh bao pha hoai hoac gay co so de hoat dong tinh bao pha hoai chong nuoc cong hoa xa hoi chu nghia viet nam
article_110_clause_1_point_b,article_110_clause_1,article_110,110,1,b,"Gây cơ sở để hoạt động tình báo, phá hoại theo sự chỉ đạo của nước ngoài; hoạt động thám báo, chỉ điểm, chứa chấp, dẫn đường hoặc thực hiện hành vi khác giúp người nước ngoài hoạt động tình báo, phá hoại;",condition_or_rule,gay co so de hoat dong tinh bao pha hoai theo su chi dao cua nuoc ngoai hoat dong tham bao chi diem chua chap dan duong hoac thuc hien hanh vi khac giup nguoi nuoc ngoai hoat dong tinh bao pha hoai
article_110_clause_1_point_c,article_110_clause_1,article_110,110,1,c,"Cung cấp hoặc thu thập nhằm cung cấp bí mật nhà nước cho nước ngoài; thu thập, cung cấp tin tức, tài liệu khác nhằm mục đích để nước ngoài sử dụng chống nước Cộng hòa xã hội chủ nghĩa Việt Nam.",condition_or_rule,cung cap hoac thu thap nham cung cap bi mat nha nuoc cho nuoc ngoai thu thap cung cap tin tuc tai lieu khac nham muc dich de nuoc ngoai su dung chong nuoc cong hoa xa hoi chu nghia viet nam
article_113_clause_2_point_a,article_113_clause_2,article_113,113,2,a,"Thành lập, tham gia tổ chức khủng bố, tổ chức tài trợ khủng bố;",condition_or_rule,thanh lap tham gia to chuc khung bo to chuc tai tro khung bo
article_113_clause_2_point_b,article_113_clause_2,article_113,113,2,b,"Cưỡng ép, lôi kéo, tuyển mộ, đào tạo, huấn luyện phần tử khủng bố; chế tạo, cung cấp vũ khí cho phần tử khủng bố;",condition_or_rule,cuong ep loi keo tuyen mo dao tao huan luyen phan tu khung bo che tao cung cap vu khi cho phan tu khung bo
article_113_clause_2_point_c,article_113_clause_2,article_113,113,2,c,"Xâm phạm tự do thân thể, sức khỏe của cán bộ, công chức hoặc người khác; chiếm giữ, làm hư hại tài sản của cơ quan, tổ chức, cá nhân;",condition_or_rule,xam pham tu do than the suc khoe cua can bo cong chuc hoac nguoi khac chiem giu lam hu hai tai san cua co quan to chuc ca nhan
article_113_clause_2_point_d,article_113_clause_2,article_113,113,2,d,"Tấn công, xâm hại, cản trở, gây rối loạn hoạt động của mạng máy tính, mạng viễn thông, phương tiện điện tử của cơ quan, tổ chức, cá nhân.",condition_or_rule,tan cong xam hai can tro gay roi loan hoat dong cua mang may tinh mang vien thong phuong tien dien tu cua co quan to chuc ca nhan
article_116_clause_1_point_a,article_116_clause_1,article_116,116,1,a,"Gây chia rẽ giữa các tầng lớp nhân dân, giữa nhân dân với chính quyền nhân dân, với lực lượng vũ trang nhân dân, với các tổ chức chính trị - xã hội;",condition_or_rule,gay chia re giua cac tang lop nhan dan giua nhan dan voi chinh quyen nhan dan voi luc luong vu trang nhan dan voi cac to chuc chinh tri xa hoi
article_116_clause_1_point_b,article_116_clause_1,article_116,116,1,b,"Gây hằn thù, kỳ thị, chia rẽ, ly khai dân tộc, xâm phạm quyền bình đẳng trong cộng đồng các dân tộc Việt Nam;",condition_or_rule,gay han thu ky thi chia re ly khai dan toc xam pham quyen binh dang trong cong dong cac dan toc viet nam
article_116_clause_1_point_c,article_116_clause_1,article_116,116,1,c,"Gây chia rẽ người theo tôn giáo với người không theo tôn giáo, giữa người theo các tôn giáo khác nhau, chia rẽ các tín đồ tôn giáo với chính quyền nhân dân, với các tổ chức chính trị - xã hội;",condition_or_rule,gay chia re nguoi theo ton giao voi nguoi khong theo ton giao giua nguoi theo cac ton giao khac nhau chia re cac tin do ton giao voi chinh quyen nhan dan voi cac to chuc chinh tri xa hoi
article_116_clause_1_point_d,article_116_clause_1,article_116,116,1,d,Phá hoại việc thực hiện chính sách đoàn kết quốc tế.,condition_or_rule,pha hoai viec thuc hien chinh sach doan ket quoc te
article_117_clause_1_point_a,article_117_clause_1,article_117,117,1,a,"Làm, tàng trữ, phát tán hoặc tuyên truyền thông tin, tài liệu, vật phẩm có nội dung xuyên tạc, phỉ báng chính quyền nhân dân;",condition_or_rule,lam tang tru phat tan hoac tuyen truyen thong tin tai lieu vat pham co noi dung xuyen tac phi bang chinh quyen nhan dan
article_117_clause_1_point_b,article_117_clause_1,article_117,117,1,b,"Làm, tàng trữ, phát tán hoặc tuyên truyền thông tin, tài liệu, vật phẩm có nội dung bịa đặt, gây hoang mang trong nhân dân;",condition_or_rule,lam tang tru phat tan hoac tuyen truyen thong tin tai lieu vat pham co noi dung bia dat gay hoang mang trong nhan dan
article_117_clause_1_point_c,article_117_clause_1,article_117,117,1,c,"Làm, tàng trữ, phát tán hoặc tuyên truyền thông tin, tài liệu, vật phẩm gây chiến tranh tâm lý.",condition_or_rule,lam tang tru phat tan hoac tuyen truyen thong tin tai lieu vat pham gay chien tranh tam ly
article_123_clause_1_point_a,article_123_clause_1,article_123,123,1,a,Giết 02 người trở lên;,condition_or_rule,giet 02 nguoi tro len
article_123_clause_1_point_b,article_123_clause_1,article_123,123,1,b,Giết người dưới 16 tuổi;,condition_or_rule,giet nguoi duoi 16 tuoi
article_123_clause_1_point_c,article_123_clause_1,article_123,123,1,c,Giết phụ nữ mà biết là có thai;,definition_or_list,giet phu nu ma biet la co thai
article_123_clause_1_point_d,article_123_clause_1,article_123,123,1,d,Giết người đang thi hành công vụ hoặc vì lý do công vụ của nạn nhân;,condition_or_rule,giet nguoi dang thi hanh cong vu hoac vi ly do cong vu cua nan nhan
article_123_clause_1_point_d,article_123_clause_1,article_123,123,1,đ,"Giết ông, bà, cha, mẹ, người nuôi dưỡng, thầy giáo, cô giáo của mình;",condition_or_rule,giet ong ba cha me nguoi nuoi duong thay giao co giao cua minh
article_123_clause_1_point_e,article_123_clause_1,article_123,123,1,e,Giết người mà liền trước đó hoặc ngay sau đó lại thực hiện một tội phạm rất nghiêm trọng hoặc tội phạm đặc biệt nghiêm trọng;,condition_or_rule,giet nguoi ma lien truoc do hoac ngay sau do lai thuc hien mot toi pham rat nghiem trong hoac toi pham dac biet nghiem trong
article_123_clause_1_point_g,article_123_clause_1,article_123,123,1,g,Để thực hiện hoặc che giấu tội phạm khác;,condition_or_rule,de thuc hien hoac che giau toi pham khac
article_123_clause_1_point_h,article_123_clause_1,article_123,123,1,h,Để lấy bộ phận cơ thể của nạn nhân;,condition_or_rule,de lay bo phan co the cua nan nhan
article_123_clause_1_point_i,article_123_clause_1,article_123,123,1,i,Thực hiện tội phạm một cách man rợ;,condition_or_rule,thuc hien toi pham mot cach man ro
article_123_clause_1_point_k,article_123_clause_1,article_123,123,1,k,Bằng cách lợi dụng nghề nghiệp;,condition_or_rule,bang cach loi dung nghe nghiep
article_123_clause_1_point_l,article_123_clause_1,article_123,123,1,l,Bằng phương pháp có khả năng làm chết nhiều người;,condition_or_rule,bang phuong phap co kha nang lam chet nhieu nguoi
article_123_clause_1_point_m,article_123_clause_1,article_123,123,1,m,Thuê giết người hoặc giết người thuê;,condition_or_rule,thue giet nguoi hoac giet nguoi thue
article_123_clause_1_point_n,article_123_clause_1,article_123,123,1,n,Có tính chất côn đồ;,condition_or_rule,co tinh chat con do
article_123_clause_1_point_o,article_123_clause_1,article_123,123,1,o,Có tổ chức;,condition_or_rule,co to chuc
article_123_clause_1_point_p,article_123_clause_1,article_123,123,1,p,Tái phạm nguy hiểm;,condition_or_rule,tai pham nguy hiem
article_123_clause_1_point_q,article_123_clause_1,article_123,123,1,q,Vì động cơ đê hèn.,condition_or_rule,vi dong co de hen
article_127_clause_2_point_a,article_127_clause_2,article_127,127,2,a,Làm chết 02 người trở lên;,condition_or_rule,lam chet 02 nguoi tro len
article_127_clause_2_point_b,article_127_clause_2,article_127,127,2,b,"Đối với người dưới 16 tuổi, phụ nữ mà biết là có thai.",definition_or_list,doi voi nguoi duoi 16 tuoi phu nu ma biet la co thai
article_130_clause_2_point_a,article_130_clause_2,article_130,130,2,a,Đối với 02 người trở lên;,condition_or_rule,doi voi 02 nguoi tro len
article_130_clause_2_point_b,article_130_clause_2,article_130,130,2,b,"Đối với người dưới 16 tuổi, phụ nữ mà biết là có thai.",definition_or_list,doi voi nguoi duoi 16 tuoi phu nu ma biet la co thai
article_131_clause_1_point_a,article_131_clause_1,article_131,131,1,a,"Kích động, dụ dỗ, thúc đẩy người khác tự tước đoạt tính mạng của họ;",condition_or_rule,kich dong du do thuc day nguoi khac tu tuoc doat tinh mang cua ho
article_131_clause_1_point_b,article_131_clause_1,article_131,131,1,b,Tạo điều kiện vật chất hoặc tinh thần cho người khác tự tước đoạt tính mạng của họ.,condition_or_rule,tao dieu kien vat chat hoac tinh than cho nguoi khac tu tuoc doat tinh mang cua ho
article_132_clause_2_point_a,article_132_clause_2,article_132,132,2,a,Người không cứu giúp là người đã vô ý gây ra tình trạng nguy hiểm;,definition_or_list,nguoi khong cuu giup la nguoi da vo y gay ra tinh trang nguy hiem
article_132_clause_2_point_b,article_132_clause_2,article_132,132,2,b,Người không cứu giúp là người mà theo pháp luật hay nghề nghiệp có nghĩa vụ phải cứu giúp.,definition_or_list,nguoi khong cuu giup la nguoi ma theo phap luat hay nghe nghiep co nghia vu phai cuu giup
article_133_clause_2_point_a,article_133_clause_2,article_133,133,2,a,Đối với 02 người trở lên;,condition_or_rule,doi voi 02 nguoi tro len
article_133_clause_2_point_b,article_133_clause_2,article_133,133,2,b,"Lợi dụng chức vụ, quyền hạn;",condition_or_rule,loi dung chuc vu quyen han
article_133_clause_2_point_c,article_133_clause_2,article_133,133,2,c,Đối với người đang thi hành công vụ hoặc vì lý do công vụ của nạn nhân;,condition_or_rule,doi voi nguoi dang thi hanh cong vu hoac vi ly do cong vu cua nan nhan
article_133_clause_2_point_d,article_133_clause_2,article_133,133,2,d,Đối với người dưới 16 tuổi;,condition_or_rule,doi voi nguoi duoi 16 tuoi
article_133_clause_2_point_d,article_133_clause_2,article_133,133,2,đ,Để che giấu hoặc trốn tránh việc bị xử lý về một tội phạm khác.,condition_or_rule,de che giau hoac tron tranh viec bi xu ly ve mot toi pham khac
article_134_clause_1_point_a,article_134_clause_1,article_134,134,1,a,"Dùng vũ khí, vật liệu nổ, hung khí nguy hiểm hoặc thủ đoạn có khả năng gây nguy hại cho nhiều người;",condition_or_rule,dung vu khi vat lieu no hung khi nguy hiem hoac thu doan co kha nang gay nguy hai cho nhieu nguoi
article_134_clause_1_point_b,article_134_clause_1,article_134,134,1,b,Dùng a-xít nguy hiểm hoặc hóa chất nguy hiểm;,condition_or_rule,dung a xit nguy hiem hoac hoa chat nguy hiem
article_134_clause_1_point_c,article_134_clause_1,article_134,134,1,c,"Đối với người dưới 16 tuổi, phụ nữ mà biết là có thai, người già yếu, ốm đau hoặc người khác không có khả năng tự vệ;",definition_or_list,doi voi nguoi duoi 16 tuoi phu nu ma biet la co thai nguoi gia yeu om dau hoac nguoi khac khong co kha nang tu ve
article_134_clause_1_point_d,article_134_clause_1,article_134,134,1,d,"Đối với ông, bà, cha, mẹ, thầy giáo, cô giáo của mình, người nuôi dưỡng, chữa bệnh cho mình;",condition_or_rule,doi voi ong ba cha me thay giao co giao cua minh nguoi nuoi duong chua benh cho minh
article_134_clause_1_point_d,article_134_clause_1,article_134,134,1,đ,Có tổ chức;,condition_or_rule,co to chuc
article_134_clause_1_point_e,article_134_clause_1,article_134,134,1,e,"Lợi dụng chức vụ, quyền hạn;",condition_or_rule,loi dung chuc vu quyen han
article_134_clause_1_point_g,article_134_clause_1,article_134,134,1,g,"Trong thời gian đang bị giữ, tạm giữ, tạm giam, đang chấp hành án phạt tù, đang chấp hành biện pháp tư pháp giáo dục tại trường giáo dưỡng hoặc đang chấp hành biện pháp xử lý vi phạm hành chính đưa vào cơ sở giáo dục bắt buộc, đưa vào trường giáo dưỡng hoặc đưa vào cơ sở cai nghiện bắt buộc;",condition_or_rule,trong thoi gian dang bi giu tam giu tam giam dang chap hanh an phat tu dang chap hanh bien phap tu phap giao duc tai truong giao duong hoac dang chap hanh bien phap xu ly vi pham hanh chinh dua vao co so giao duc bat buoc dua vao truong giao duong hoac dua vao co so cai nghien bat buoc
article_134_clause_1_point_h,article_134_clause_1,article_134,134,1,h,Thuê gây thương tích hoặc gây tổn hại cho sức khỏe của người khác hoặc gây thương tích hoặc gây tổn hại cho sức khỏe của người khác do được thuê;,condition_or_rule,thue gay thuong tich hoac gay ton hai cho suc khoe cua nguoi khac hoac gay thuong tich hoac gay ton hai cho suc khoe cua nguoi khac do duoc thue
article_134_clause_1_point_i,article_134_clause_1,article_134,134,1,i,Có tính chất côn đồ;,condition_or_rule,co tinh chat con do
article_134_clause_1_point_k,article_134_clause_1,article_134,134,1,k,Đối với người đang thi hành công vụ hoặc vì lý do công vụ của nạn nhân.,condition_or_rule,doi voi nguoi dang thi hanh cong vu hoac vi ly do cong vu cua nan nhan
article_134_clause_2_point_a,article_134_clause_2,article_134,134,2,a,Gây thương tích hoặc gây tổn hại cho sức khỏe của người khác mà tỷ lệ tổn thương cơ thể từ 31% đến 60%;,condition_or_rule,gay thuong tich hoac gay ton hai cho suc khoe cua nguoi khac ma ty le ton thuong co the tu 31 den 60
article_134_clause_2_point_b,article_134_clause_2,article_134,134,2,b,Gây thương tích hoặc gây tổn hại cho sức khỏe của 02 người trở lên mà tỷ lệ tổn thương cơ thể của mỗi người từ 11% đến 30%;,condition_or_rule,gay thuong tich hoac gay ton hai cho suc khoe cua 02 nguoi tro len ma ty le ton thuong co the cua moi nguoi tu 11 den 30
article_134_clause_2_point_c,article_134_clause_2,article_134,134,2,c,Phạm tội 02 lần trở lên;,condition_or_rule,pham toi 02 lan tro len
article_134_clause_2_point_d,article_134_clause_2,article_134,134,2,d,Tái phạm nguy hiểm;,condition_or_rule,tai pham nguy hiem
article_134_clause_2_point_d,article_134_clause_2,article_134,134,2,đ,Gây thương tích hoặc gây tổn hại cho sức khỏe của người khác mà tỷ lệ tổn thương cơ thể từ 11% đến 30% nhưng thuộc một trong các trường hợp quy định tại các điểm từ điểm a đến điểm k khoản 1 Điều này.,condition_or_rule,gay thuong tich hoac gay ton hai cho suc khoe cua nguoi khac ma ty le ton thuong co the tu 11 den 30 nhung thuoc mot trong cac truong hop quy dinh tai cac diem tu diem a den diem k khoan 1 dieu nay
article_134_clause_3_point_a,article_134_clause_3,article_134,134,3,a,"Gây thương tích hoặc gây tổn hại cho sức khỏe của người khác mà tỷ lệ tổn thương cơ thể 61% trở lên, nếu không thuộc trường hợp quy định tại điểm b khoản 4 Điều này;",condition_or_rule,gay thuong tich hoac gay ton hai cho suc khoe cua nguoi khac ma ty le ton thuong co the 61 tro len neu khong thuoc truong hop quy dinh tai diem b khoan 4 dieu nay
article_134_clause_3_point_b,article_134_clause_3,article_134,134,3,b,Gây thương tích hoặc gây tổn hại cho sức khỏe của 02 người trở lên mà tỷ lệ tổn thương cơ thể của mỗi người từ 31% đến 60%;,condition_or_rule,gay thuong tich hoac gay ton hai cho suc khoe cua 02 nguoi tro len ma ty le ton thuong co the cua moi nguoi tu 31 den 60
article_134_clause_3_point_c,article_134_clause_3,article_134,134,3,c,Gây thương tích hoặc gây tổn hại cho sức khỏe của người khác mà tỷ lệ tổn thương cơ thể từ 31% đến 60% nhưng thuộc một trong các trường hợp quy định tại các điểm từ điểm a đến điểm k khoản 1 Điều này;,condition_or_rule,gay thuong tich hoac gay ton hai cho suc khoe cua nguoi khac ma ty le ton thuong co the tu 31 den 60 nhung thuoc mot trong cac truong hop quy dinh tai cac diem tu diem a den diem k khoan 1 dieu nay
article_134_clause_3_point_d,article_134_clause_3,article_134,134,3,d,Gây thương tích hoặc gây tổn hại cho sức khỏe của 02 người trở lên mà tỷ lệ tổn thương cơ thể của mỗi người từ 11% đến 30% nhưng thuộc một trong các trường hợp quy định tại các điểm từ điểm a đến điểm k khoản 1 Điều này.,condition_or_rule,gay thuong tich hoac gay ton hai cho suc khoe cua 02 nguoi tro len ma ty le ton thuong co the cua moi nguoi tu 11 den 30 nhung thuoc mot trong cac truong hop quy dinh tai cac diem tu diem a den diem k khoan 1 dieu nay
article_134_clause_4_point_a,article_134_clause_4,article_134,134,4,a,Làm chết người;,condition_or_rule,lam chet nguoi
article_134_clause_4_point_b,article_134_clause_4,article_134,134,4,b,Gây thương tích làm biến dạng vùng mặt của người khác mà tỷ lệ tổn thương cơ thể 61% trở lên;,condition_or_rule,gay thuong tich lam bien dang vung mat cua nguoi khac ma ty le ton thuong co the 61 tro len
article_134_clause_4_point_c,article_134_clause_4,article_134,134,4,c,Gây thương tích hoặc gây tổn hại cho sức khỏe của 02 người trở lên mà tỷ lệ tổn thương cơ thể của mỗi người 61% trở lên;,condition_or_rule,gay thuong tich hoac gay ton hai cho suc khoe cua 02 nguoi tro len ma ty le ton thuong co the cua moi nguoi 61 tro len
article_134_clause_4_point_d,article_134_clause_4,article_134,134,4,d,Gây thương tích hoặc gây tổn hại cho sức khỏe của người khác mà tỷ lệ tổn thương cơ thể 61% trở lên nhưng thuộc một trong các trường hợp quy định tại các điểm từ điểm a đến điểm k khoản 1 Điều này;,condition_or_rule,gay thuong tich hoac gay ton hai cho suc khoe cua nguoi khac ma ty le ton thuong co the 61 tro len nhung thuoc mot trong cac truong hop quy dinh tai cac diem tu diem a den diem k khoan 1 dieu nay
article_134_clause_4_point_d,article_134_clause_4,article_134,134,4,đ,Gây thương tích hoặc gây tổn hại cho sức khỏe của 02 người trở lên mà tỷ lệ tổn thương cơ thể của mỗi người từ 31% đến 60% nhưng thuộc một trong các trường hợp quy định tại các điểm từ điểm a đến điểm k khoản 1 Điều này.,condition_or_rule,gay thuong tich hoac gay ton hai cho suc khoe cua 02 nguoi tro len ma ty le ton thuong co the cua moi nguoi tu 31 den 60 nhung thuoc mot trong cac truong hop quy dinh tai cac diem tu diem a den diem k khoan 1 dieu nay
article_134_clause_5_point_a,article_134_clause_5,article_134,134,5,a,Làm chết 02 người trở lên;,condition_or_rule,lam chet 02 nguoi tro len
article_134_clause_5_point_b,article_134_clause_5,article_134,134,5,b,Gây thương tích hoặc gây tổn hại cho sức khỏe của 02 người trở lên mà tỷ lệ tổn thương cơ thể của mỗi người 61% trở lên nhưng thuộc một trong các trường hợp quy định tại các điểm từ điểm a đến điểm k khoản 1 Điều này.,condition_or_rule,gay thuong tich hoac gay ton hai cho suc khoe cua 02 nguoi tro len ma ty le ton thuong co the cua moi nguoi 61 tro len nhung thuoc mot trong cac truong hop quy dinh tai cac diem tu diem a den diem k khoan 1 dieu nay
article_135_clause_2_point_a,article_135_clause_2,article_135,135,2,a,Gây thương tích hoặc gây tổn hại cho sức khỏe của 02 người trở lên mà tỷ lệ tổn thương cơ thể của mỗi người 31% trở lên;,condition_or_rule,gay thuong tich hoac gay ton hai cho suc khoe cua 02 nguoi tro len ma ty le ton thuong co the cua moi nguoi 31 tro len
article_135_clause_2_point_b,article_135_clause_2,article_135,135,2,b,Gây thương tích hoặc gây tổn hại cho sức khỏe của người khác mà tỷ lệ tổn thương cơ thể 61% trở lên hoặc dẫn đến chết người.,condition_or_rule,gay thuong tich hoac gay ton hai cho suc khoe cua nguoi khac ma ty le ton thuong co the 61 tro len hoac dan den chet nguoi
article_136_clause_2_point_a,article_136_clause_2,article_136,136,2,a,Đối với 02 người trở lên mà tỷ lệ tổn thương cơ thể của mỗi người từ 31% đến 60%;,condition_or_rule,doi voi 02 nguoi tro len ma ty le ton thuong co the cua moi nguoi tu 31 den 60
article_136_clause_2_point_b,article_136_clause_2,article_136,136,2,b,Gây thương tích hoặc gây tổn hại cho sức khỏe của người khác mà tỷ lệ tổn thương cơ thể 61% trở lên.,condition_or_rule,gay thuong tich hoac gay ton hai cho suc khoe cua nguoi khac ma ty le ton thuong co the 61 tro len
article_137_clause_2_point_a,article_137_clause_2,article_137,137,2,a,"Đối với 02 người trở lên, mà tỷ lệ tổn thương cơ thể của mỗi người 31% trở lên;",condition_or_rule,doi voi 02 nguoi tro len ma ty le ton thuong co the cua moi nguoi 31 tro len
article_137_clause_2_point_b,article_137_clause_2,article_137,137,2,b,Gây thương tích hoặc gây tổn hại cho sức khỏe của người khác mà tỷ lệ tổn thương cơ thể 61% trở lên;,condition_or_rule,gay thuong tich hoac gay ton hai cho suc khoe cua nguoi khac ma ty le ton thuong co the 61 tro len
article_137_clause_2_point_c,article_137_clause_2,article_137,137,2,c,"Đối với người dưới 16 tuổi, phụ nữ mà biết là có thai, người già yếu, ốm đau hoặc người khác không có khả năng tự vệ.",definition_or_list,doi voi nguoi duoi 16 tuoi phu nu ma biet la co thai nguoi gia yeu om dau hoac nguoi khac khong co kha nang tu ve
article_138_clause_2_point_a,article_138_clause_2,article_138,138,2,a,Đối với 02 người trở lên mà tỷ lệ tổn thương cơ thể của mỗi người từ 31% đến 60%;,condition_or_rule,doi voi 02 nguoi tro len ma ty le ton thuong co the cua moi nguoi tu 31 den 60
article_138_clause_2_point_b,article_138_clause_2,article_138,138,2,b,Gây thương tích hoặc gây tổn hại cho sức khỏe của người khác mà tỷ lệ tổn thương cơ thể 61% trở lên.,condition_or_rule,gay thuong tich hoac gay ton hai cho suc khoe cua nguoi khac ma ty le ton thuong co the 61 tro len
article_139_clause_2_point_a,article_139_clause_2,article_139,139,2,a,Đối với 02 người trở lên mà tỷ lệ tổn thương cơ thể của mỗi người từ 31% đến 60%;,condition_or_rule,doi voi 02 nguoi tro len ma ty le ton thuong co the cua moi nguoi tu 31 den 60
article_139_clause_2_point_b,article_139_clause_2,article_139,139,2,b,Gây thương tích hoặc gây tổn hại cho sức khỏe của người khác mà tỷ lệ tổn thương cơ thể 61% trở lên.,condition_or_rule,gay thuong tich hoac gay ton hai cho suc khoe cua nguoi khac ma ty le ton thuong co the 61 tro len
article_140_clause_2_point_a,article_140_clause_2,article_140,140,2,a,"Đối với người dưới 16 tuổi, phụ nữ mà biết là có thai, người già yếu, ốm đau hoặc người khác không có khả năng tự vệ;",definition_or_list,doi voi nguoi duoi 16 tuoi phu nu ma biet la co thai nguoi gia yeu om dau hoac nguoi khac khong co kha nang tu ve
article_140_clause_2_point_b,article_140_clause_2,article_140,140,2,b,Gây rối loạn tâm thần và hành vi của nạn nhân mà tỷ lệ tổn thương cơ thể 31% trở lên;,condition_or_rule,gay roi loan tam than va hanh vi cua nan nhan ma ty le ton thuong co the 31 tro len
article_140_clause_2_point_c,article_140_clause_2,article_140,140,2,c,Đối với 02 người trở lên.,condition_or_rule,doi voi 02 nguoi tro len
article_141_clause_2_point_a,article_141_clause_2,article_141,141,2,a,Có tổ chức;,condition_or_rule,co to chuc
article_141_clause_2_point_b,article_141_clause_2,article_141,141,2,b,"Đối với người mà người phạm tội có trách nhiệm chăm sóc, giáo dục, chữa bệnh;",condition_or_rule,doi voi nguoi ma nguoi pham toi co trach nhiem cham soc giao duc chua benh
article_141_clause_2_point_c,article_141_clause_2,article_141,141,2,c,Nhiều người hiếp một người;,condition_or_rule,nhieu nguoi hiep mot nguoi
article_141_clause_2_point_d,article_141_clause_2,article_141,141,2,d,Phạm tội 02 lần trở lên;,condition_or_rule,pham toi 02 lan tro len
article_141_clause_2_point_d,article_141_clause_2,article_141,141,2,đ,Đối với 02 người trở lên;,condition_or_rule,doi voi 02 nguoi tro len
article_141_clause_2_point_e,article_141_clause_2,article_141,141,2,e,Có tính chất loạn luân;,condition_or_rule,co tinh chat loan luan
article_141_clause_2_point_g,article_141_clause_2,article_141,141,2,g,Làm nạn nhân có thai;,condition_or_rule,lam nan nhan co thai
article_141_clause_2_point_h,article_141_clause_2,article_141,141,2,h,"Gây thương tích, gây tổn hại cho sức khỏe hoặc gây rối loạn tâm thần và hành vi của nạn nhân mà tỷ lệ tổn thương cơ thể từ 31% đến 60%;",condition_or_rule,gay thuong tich gay ton hai cho suc khoe hoac gay roi loan tam than va hanh vi cua nan nhan ma ty le ton thuong co the tu 31 den 60
article_141_clause_2_point_i,article_141_clause_2,article_141,141,2,i,Tái phạm nguy hiểm.,condition_or_rule,tai pham nguy hiem
article_141_clause_3_point_a,article_141_clause_3,article_141,141,3,a,"Gây thương tích, gây tổn hại cho sức khỏe hoặc gây rối loạn tâm thần và hành vi của nạn nhân mà tỷ lệ tổn thương cơ thể 61% trở lên;",condition_or_rule,gay thuong tich gay ton hai cho suc khoe hoac gay roi loan tam than va hanh vi cua nan nhan ma ty le ton thuong co the 61 tro len
article_141_clause_3_point_b,article_141_clause_3,article_141,141,3,b,Biết mình bị nhiễm HIV mà vẫn phạm tội;,condition_or_rule,biet minh bi nhiem hiv ma van pham toi
article_141_clause_3_point_c,article_141_clause_3,article_141,141,3,c,Làm nạn nhân chết hoặc tự sát.,condition_or_rule,lam nan nhan chet hoac tu sat
article_142_clause_1_point_a,article_142_clause_1,article_142,142,1,a,"Dùng vũ lực, đe dọa dùng vũ lực hoặc lợi dụng tình trạng không thể tự vệ được của nạn nhân hoặc thủ đoạn khác giao cấu hoặc thực hiện hành vi quan hệ tình dục khác với người từ đủ 13 tuổi đến dưới 16 tuổi trái với ý muốn của họ;",condition_or_rule,dung vu luc de doa dung vu luc hoac loi dung tinh trang khong the tu ve duoc cua nan nhan hoac thu doan khac giao cau hoac thuc hien hanh vi quan he tinh duc khac voi nguoi tu du 13 tuoi den duoi 16 tuoi trai voi y muon cua ho
article_142_clause_1_point_b,article_142_clause_1,article_142,142,1,b,Giao cấu hoặc thực hiện hành vi quan hệ tình dục khác với người dưới 13 tuổi.,condition_or_rule,giao cau hoac thuc hien hanh vi quan he tinh duc khac voi nguoi duoi 13 tuoi
article_142_clause_2_point_a,article_142_clause_2,article_142,142,2,a,Có tính chất loạn luân;,condition_or_rule,co tinh chat loan luan
article_142_clause_2_point_b,article_142_clause_2,article_142,142,2,b,Làm nạn nhân có thai;,condition_or_rule,lam nan nhan co thai
article_142_clause_2_point_c,article_142_clause_2,article_142,142,2,c,"Gây thương tích, gây tổn hại cho sức khỏe hoặc gây rối loạn tâm thần và hành vi của nạn nhân mà tỷ lệ tổn thương cơ thể từ 31% đến 60%;",condition_or_rule,gay thuong tich gay ton hai cho suc khoe hoac gay roi loan tam than va hanh vi cua nan nhan ma ty le ton thuong co the tu 31 den 60
article_142_clause_2_point_d,article_142_clause_2,article_142,142,2,d,"Đối với người mà người phạm tội có trách nhiệm chăm sóc, giáo dục, chữa bệnh;",condition_or_rule,doi voi nguoi ma nguoi pham toi co trach nhiem cham soc giao duc chua benh
article_142_clause_2_point_d,article_142_clause_2,article_142,142,2,đ,Phạm tội 02 lần trở lên;,condition_or_rule,pham toi 02 lan tro len
article_142_clause_2_point_e,article_142_clause_2,article_142,142,2,e,Đối với 02 người trở lên;,condition_or_rule,doi voi 02 nguoi tro len
article_142_clause_2_point_g,article_142_clause_2,article_142,142,2,g,Tái phạm nguy hiểm.,condition_or_rule,tai pham nguy hiem
article_142_clause_3_point_a,article_142_clause_3,article_142,142,3,a,Có tổ chức;,condition_or_rule,co to chuc
article_142_clause_3_point_b,article_142_clause_3,article_142,142,3,b,Nhiều người hiếp một người;,condition_or_rule,nhieu nguoi hiep mot nguoi
article_142_clause_3_point_c,article_142_clause_3,article_142,142,3,c,Đối với người dưới 10 tuổi;,condition_or_rule,doi voi nguoi duoi 10 tuoi
article_142_clause_3_point_d,article_142_clause_3,article_142,142,3,d,"Gây thương tích, gây tổn hại cho sức khỏe hoặc gây rối loạn tâm thần và hành vi của nạn nhân mà tỷ lệ tổn thương cơ thể 61% trở lên;",condition_or_rule,gay thuong tich gay ton hai cho suc khoe hoac gay roi loan tam than va hanh vi cua nan nhan ma ty le ton thuong co the 61 tro len
article_142_clause_3_point_d,article_142_clause_3,article_142,142,3,đ,Biết mình bị nhiễm HIV mà vẫn phạm tội;,condition_or_rule,biet minh bi nhiem hiv ma van pham toi
article_142_clause_3_point_e,article_142_clause_3,article_142,142,3,e,Làm nạn nhân chết hoặc tự sát.,condition_or_rule,lam nan nhan chet hoac tu sat
article_143_clause_2_point_a,article_143_clause_2,article_143,143,2,a,Nhiều người cưỡng dâm một người;,condition_or_rule,nhieu nguoi cuong dam mot nguoi
article_143_clause_2_point_b,article_143_clause_2,article_143,143,2,b,Phạm tội 02 lần trở lên;,condition_or_rule,pham toi 02 lan tro len
article_143_clause_2_point_c,article_143_clause_2,article_143,143,2,c,Đối với 02 người trở lên;,condition_or_rule,doi voi 02 nguoi tro len
article_143_clause_2_point_d,article_143_clause_2,article_143,143,2,d,Có tính chất loạn luân;,condition_or_rule,co tinh chat loan luan
article_143_clause_2_point_d,article_143_clause_2,article_143,143,2,đ,Làm nạn nhân có thai;,condition_or_rule,lam nan nhan co thai
article_143_clause_2_point_e,article_143_clause_2,article_143,143,2,e,"Gây thương tích, gây tổn hại cho sức khỏe hoặc gây rối loạn tâm thần và hành vi của nạn nhân mà tỷ lệ tổn thương cơ thể từ 31% đến 60%;",condition_or_rule,gay thuong tich gay ton hai cho suc khoe hoac gay roi loan tam than va hanh vi cua nan nhan ma ty le ton thuong co the tu 31 den 60
article_143_clause_2_point_g,article_143_clause_2,article_143,143,2,g,Tái phạm nguy hiểm.,condition_or_rule,tai pham nguy hiem
article_143_clause_3_point_a,article_143_clause_3,article_143,143,3,a,"Gây thương tích, gây tổn hại cho sức khỏe hoặc gây rối loạn tâm thần và hành vi của nạn nhân mà tỷ lệ tổn thương cơ thể 61% trở lên;",condition_or_rule,gay thuong tich gay ton hai cho suc khoe hoac gay roi loan tam than va hanh vi cua nan nhan ma ty le ton thuong co the 61 tro len
article_143_clause_3_point_b,article_143_clause_3,article_143,143,3,b,Biết mình bị nhiễm HIV mà vẫn phạm tội;,condition_or_rule,biet minh bi nhiem hiv ma van pham toi
article_143_clause_3_point_c,article_143_clause_3,article_143,143,3,c,Làm nạn nhân chết hoặc tự sát.,condition_or_rule,lam nan nhan chet hoac tu sat
article_144_clause_2_point_a,article_144_clause_2,article_144,144,2,a,Có tính chất loạn luân;,condition_or_rule,co tinh chat loan luan
article_144_clause_2_point_b,article_144_clause_2,article_144,144,2,b,Làm nạn nhân có thai;,condition_or_rule,lam nan nhan co thai
article_144_clause_2_point_c,article_144_clause_2,article_144,144,2,c,"Gây thương tích, gây tổn hại cho sức khỏe hoặc gây rối loạn tâm thần và hành vi của nạn nhân mà tỷ lệ tổn thương cơ thể từ 31% đến 60%;",condition_or_rule,gay thuong tich gay ton hai cho suc khoe hoac gay roi loan tam than va hanh vi cua nan nhan ma ty le ton thuong co the tu 31 den 60
article_144_clause_2_point_d,article_144_clause_2,article_144,144,2,d,Phạm tội 02 lần trở lên;,condition_or_rule,pham toi 02 lan tro len
article_144_clause_2_point_d,article_144_clause_2,article_144,144,2,đ,Đối với 02 người trở lên;,condition_or_rule,doi voi 02 nguoi tro len
article_144_clause_2_point_e,article_144_clause_2,article_144,144,2,e,Tái phạm nguy hiểm.,condition_or_rule,tai pham nguy hiem
article_144_clause_3_point_a,article_144_clause_3,article_144,144,3,a,Nhiều người cưỡng dâm một người;,condition_or_rule,nhieu nguoi cuong dam mot nguoi
article_144_clause_3_point_b,article_144_clause_3,article_144,144,3,b,"Gây thương tích, gây tổn hại cho sức khỏe hoặc gây rối loạn tâm thần và hành vi của nạn nhân mà tỷ lệ tổn thương cơ thể 61% trở lên;",condition_or_rule,gay thuong tich gay ton hai cho suc khoe hoac gay roi loan tam than va hanh vi cua nan nhan ma ty le ton thuong co the 61 tro len
article_144_clause_3_point_c,article_144_clause_3,article_144,144,3,c,Biết mình bị nhiễm HIV mà vẫn phạm tội;,condition_or_rule,biet minh bi nhiem hiv ma van pham toi
article_144_clause_3_point_d,article_144_clause_3,article_144,144,3,d,Làm nạn nhân chết hoặc tự sát.,condition_or_rule,lam nan nhan chet hoac tu sat
article_145_clause_2_point_a,article_145_clause_2,article_145,145,2,a,Phạm tội 02 lần trở lên;,condition_or_rule,pham toi 02 lan tro len
article_145_clause_2_point_b,article_145_clause_2,article_145,145,2,b,Đối với 02 người trở lên;,condition_or_rule,doi voi 02 nguoi tro len
article_145_clause_2_point_c,article_145_clause_2,article_145,145,2,c,Có tính chất loạn luân;,condition_or_rule,co tinh chat loan luan
article_145_clause_2_point_d,article_145_clause_2,article_145,145,2,d,Làm nạn nhân có thai;,condition_or_rule,lam nan nhan co thai
article_145_clause_2_point_d,article_145_clause_2,article_145,145,2,đ,Gây thương tích hoặc gây tổn hại cho sức khỏe của nạn nhân mà tỷ lệ tổn thương cơ thể từ 31% đến 60%;,condition_or_rule,gay thuong tich hoac gay ton hai cho suc khoe cua nan nhan ma ty le ton thuong co the tu 31 den 60
article_145_clause_2_point_e,article_145_clause_2,article_145,145,2,e,"Đối với người mà người phạm tội có trách nhiệm chăm sóc, giáo dục, chữa bệnh.",condition_or_rule,doi voi nguoi ma nguoi pham toi co trach nhiem cham soc giao duc chua benh
article_145_clause_3_point_a,article_145_clause_3,article_145,145,3,a,Gây thương tích hoặc gây tổn hại cho sức khỏe của nạn nhân mà tỷ lệ tổn thương cơ thể 61% trở lên;,condition_or_rule,gay thuong tich hoac gay ton hai cho suc khoe cua nan nhan ma ty le ton thuong co the 61 tro len
article_145_clause_3_point_b,article_145_clause_3,article_145,145,3,b,Biết mình bị nhiễm HIV mà vẫn phạm tội.,condition_or_rule,biet minh bi nhiem hiv ma van pham toi
article_146_clause_2_point_a,article_146_clause_2,article_146,146,2,a,Phạm tội có tổ chức;,condition_or_rule,pham toi co to chuc
article_146_clause_2_point_b,article_146_clause_2,article_146,146,2,b,Phạm tội 02 lần trở lên;,condition_or_rule,pham toi 02 lan tro len
article_146_clause_2_point_c,article_146_clause_2,article_146,146,2,c,Đối với 02 người trở lên;,condition_or_rule,doi voi 02 nguoi tro len
article_146_clause_2_point_d,article_146_clause_2,article_146,146,2,d,"Đối với người mà người phạm tội có trách nhiệm chăm sóc, giáo dục, chữa bệnh;",condition_or_rule,doi voi nguoi ma nguoi pham toi co trach nhiem cham soc giao duc chua benh
article_146_clause_2_point_d,article_146_clause_2,article_146,146,2,đ,Gây rối loạn tâm thần và hành vi của nạn nhân mà tỷ lệ tổn thương cơ thể từ 31% đến 60%;,condition_or_rule,gay roi loan tam than va hanh vi cua nan nhan ma ty le ton thuong co the tu 31 den 60
article_146_clause_2_point_e,article_146_clause_2,article_146,146,2,e,Tái phạm nguy hiểm.,condition_or_rule,tai pham nguy hiem
article_146_clause_3_point_a,article_146_clause_3,article_146,146,3,a,Gây rối loạn tâm thần và hành vi của nạn nhân mà tỷ lệ tổn thương cơ thể 61% trở lên;,condition_or_rule,gay roi loan tam than va hanh vi cua nan nhan ma ty le ton thuong co the 61 tro len
article_146_clause_3_point_b,article_146_clause_3,article_146,146,3,b,Làm nạn nhân tự sát.,condition_or_rule,lam nan nhan tu sat
article_147_clause_2_point_a,article_147_clause_2,article_147,147,2,a,Phạm tội có tổ chức;,condition_or_rule,pham toi co to chuc
article_147_clause_2_point_b,article_147_clause_2,article_147,147,2,b,Phạm tội 02 lần trở lên;,condition_or_rule,pham toi 02 lan tro len
article_147_clause_2_point_c,article_147_clause_2,article_147,147,2,c,Đối với 02 người trở lên;,condition_or_rule,doi voi 02 nguoi tro len
article_147_clause_2_point_d,article_147_clause_2,article_147,147,2,d,"Đối với người mà người phạm tội có trách nhiệm chăm sóc, giáo dục, chữa bệnh;",condition_or_rule,doi voi nguoi ma nguoi pham toi co trach nhiem cham soc giao duc chua benh
article_147_clause_2_point_d,article_147_clause_2,article_147,147,2,đ,Có mục đích thương mại;,condition_or_rule,co muc dich thuong mai
article_147_clause_2_point_e,article_147_clause_2,article_147,147,2,e,Gây rối loạn tâm thần và hành vi của nạn nhân mà tỷ lệ tổn thương cơ thể từ 31% đến 60%;,condition_or_rule,gay roi loan tam than va hanh vi cua nan nhan ma ty le ton thuong co the tu 31 den 60
article_147_clause_2_point_g,article_147_clause_2,article_147,147,2,g,Tái phạm nguy hiểm.,condition_or_rule,tai pham nguy hiem
article_147_clause_3_point_a,article_147_clause_3,article_147,147,3,a,Gây rối loạn tâm thần và hành vi của nạn nhân mà tỷ lệ tổn thương cơ thể 61% trở lên;,condition_or_rule,gay roi loan tam than va hanh vi cua nan nhan ma ty le ton thuong co the 61 tro len
article_147_clause_3_point_b,article_147_clause_3,article_147,147,3,b,Làm nạn nhân tự sát.,condition_or_rule,lam nan nhan tu sat
article_148_clause_2_point_a,article_148_clause_2,article_148,148,2,a,Đối với 02 người trở lên;,condition_or_rule,doi voi 02 nguoi tro len
article_148_clause_2_point_b,article_148_clause_2,article_148,148,2,b,"Đối với người dưới 18 tuổi, nếu không thuộc trường hợp quy định tại Điều 142 và Điều 145 của Bộ luật này;",condition_or_rule,doi voi nguoi duoi 18 tuoi neu khong thuoc truong hop quy dinh tai dieu 142 va dieu 145 cua bo luat nay
article_148_clause_2_point_c,article_148_clause_2,article_148,148,2,c,Đối với phụ nữ mà biết là có thai;,definition_or_list,doi voi phu nu ma biet la co thai
article_148_clause_2_point_d,article_148_clause_2,article_148,148,2,d,Đối với thầy thuốc hoặc nhân viên y tế trực tiếp chữa bệnh cho mình;,condition_or_rule,doi voi thay thuoc hoac nhan vien y te truc tiep chua benh cho minh
article_148_clause_2_point_d,article_148_clause_2,article_148,148,2,đ,Đối với người đang thi hành công vụ hoặc vì lý do công vụ của nạn nhân.,condition_or_rule,doi voi nguoi dang thi hanh cong vu hoac vi ly do cong vu cua nan nhan
article_149_clause_2_point_a,article_149_clause_2,article_149,149,2,a,Có tổ chức;,condition_or_rule,co to chuc
article_149_clause_2_point_b,article_149_clause_2,article_149,149,2,b,Đối với người đang thi hành công vụ hoặc vì lý do công vụ của nạn nhân;,condition_or_rule,doi voi nguoi dang thi hanh cong vu hoac vi ly do cong vu cua nan nhan
article_149_clause_2_point_c,article_149_clause_2,article_149,149,2,c,Đối với người dưới 18 tuổi;,condition_or_rule,doi voi nguoi duoi 18 tuoi
article_149_clause_2_point_d,article_149_clause_2,article_149,149,2,d,Đối với từ 02 người đến 05 người;,condition_or_rule,doi voi tu 02 nguoi den 05 nguoi
article_149_clause_2_point_d,article_149_clause_2,article_149,149,2,đ,Lợi dụng nghề nghiệp;,condition_or_rule,loi dung nghe nghiep
article_149_clause_2_point_e,article_149_clause_2,article_149,149,2,e,Gây rối loạn tâm thần và hành vi của nạn nhân mà tỷ lệ tổn thương cơ thể từ 31% đến 60%.,condition_or_rule,gay roi loan tam than va hanh vi cua nan nhan ma ty le ton thuong co the tu 31 den 60
article_149_clause_3_point_a,article_149_clause_3,article_149,149,3,a,Đối với phụ nữ mà biết là có thai;,definition_or_list,doi voi phu nu ma biet la co thai
article_149_clause_3_point_b,article_149_clause_3,article_149,149,3,b,Đối với 06 người trở lên;,condition_or_rule,doi voi 06 nguoi tro len
article_149_clause_3_point_c,article_149_clause_3,article_149,149,3,c,Gây rối loạn tâm thần và hành vi của nạn nhân mà tỷ lệ tổn thương cơ thể 61% trở lên;,condition_or_rule,gay roi loan tam than va hanh vi cua nan nhan ma ty le ton thuong co the 61 tro len
article_149_clause_3_point_d,article_149_clause_3,article_149,149,3,d,Làm nạn nhân tự sát.,condition_or_rule,lam nan nhan tu sat
article_150_clause_1_point_a,article_150_clause_1,article_150,150,1,a,"Chuyển giao hoặc tiếp nhận người để giao, nhận tiền, tài sản hoặc lợi ích vật chất khác;",condition_or_rule,chuyen giao hoac tiep nhan nguoi de giao nhan tien tai san hoac loi ich vat chat khac
article_150_clause_1_point_b,article_150_clause_1,article_150,150,1,b,"Chuyển giao hoặc tiếp nhận người để bóc lột tình dục, cưỡng bức lao động, lấy bộ phận cơ thể của nạn nhân hoặc vì mục đích vô nhân đạo khác;",condition_or_rule,chuyen giao hoac tiep nhan nguoi de boc lot tinh duc cuong buc lao dong lay bo phan co the cua nan nhan hoac vi muc dich vo nhan dao khac
article_150_clause_1_point_c,article_150_clause_1,article_150,150,1,c,"Tuyển mộ, vận chuyển, chứa chấp người khác để thực hiện hành vi quy định tại điểm a hoặc điểm b khoản này.",condition_or_rule,tuyen mo van chuyen chua chap nguoi khac de thuc hien hanh vi quy dinh tai diem a hoac diem b khoan nay
article_150_clause_2_point_a,article_150_clause_2,article_150,150,2,a,Có tổ chức;,condition_or_rule,co to chuc
article_150_clause_2_point_b,article_150_clause_2,article_150,150,2,b,Vì động cơ đê hèn;,condition_or_rule,vi dong co de hen
article_150_clause_2_point_c,article_150_clause_2,article_150,150,2,c,"Gây thương tích, gây tổn hại cho sức khỏe hoặc gây rối loạn tâm thần và hành vi của nạn nhân mà tỷ lệ tổn thương cơ thể từ 31% đến 60%, nếu không thuộc trường hợp quy định tại điểm b khoản 3 Điều này;",condition_or_rule,gay thuong tich gay ton hai cho suc khoe hoac gay roi loan tam than va hanh vi cua nan nhan ma ty le ton thuong co the tu 31 den 60 neu khong thuoc truong hop quy dinh tai diem b khoan 3 dieu nay
article_150_clause_2_point_d,article_150_clause_2,article_150,150,2,d,Đưa nạn nhân ra khỏi biên giới của nước Cộng hòa xã hội chủ nghĩa Việt Nam;,condition_or_rule,dua nan nhan ra khoi bien gioi cua nuoc cong hoa xa hoi chu nghia viet nam
article_150_clause_2_point_d,article_150_clause_2,article_150,150,2,đ,Đối với từ 02 người đến 05 người;,condition_or_rule,doi voi tu 02 nguoi den 05 nguoi
article_150_clause_2_point_e,article_150_clause_2,article_150,150,2,e,Phạm tội 02 lần trở lên.,condition_or_rule,pham toi 02 lan tro len
article_150_clause_3_point_a,article_150_clause_3,article_150,150,3,a,Có tính chất chuyên nghiệp;,condition_or_rule,co tinh chat chuyen nghiep
article_150_clause_3_point_b,article_150_clause_3,article_150,150,3,b,Đã lấy bộ phận cơ thể của nạn nhân;,condition_or_rule,da lay bo phan co the cua nan nhan
article_150_clause_3_point_c,article_150_clause_3,article_150,150,3,c,"Gây thương tích, gây tổn hại cho sức khỏe hoặc gây rối loạn tâm thần và hành vi của nạn nhân mà tỷ lệ tổn thương cơ thể 61% trở lên;",condition_or_rule,gay thuong tich gay ton hai cho suc khoe hoac gay roi loan tam than va hanh vi cua nan nhan ma ty le ton thuong co the 61 tro len
article_150_clause_3_point_d,article_150_clause_3,article_150,150,3,d,Làm nạn nhân chết hoặc tự sát;,condition_or_rule,lam nan nhan chet hoac tu sat
article_150_clause_3_point_d,article_150_clause_3,article_150,150,3,đ,Đối với 06 người trở lên;,condition_or_rule,doi voi 06 nguoi tro len
article_150_clause_3_point_e,article_150_clause_3,article_150,150,3,e,Tái phạm nguy hiểm.,condition_or_rule,tai pham nguy hiem
article_151_clause_1_point_a,article_151_clause_1,article_151,151,1,a,"Chuyển giao hoặc tiếp nhận người dưới 16 tuổi để giao, nhận tiền, tài sản hoặc lợi ích vật chất khác, trừ trường hợp vì mục đích nhân đạo;",condition_or_rule,chuyen giao hoac tiep nhan nguoi duoi 16 tuoi de giao nhan tien tai san hoac loi ich vat chat khac tru truong hop vi muc dich nhan dao
article_151_clause_1_point_b,article_151_clause_1,article_151,151,1,b,"Chuyển giao hoặc tiếp nhận người dưới 16 tuổi để bóc lột tình dục, cưỡng bức lao động, lấy bộ phận cơ thể hoặc vì mục đích vô nhân đạo khác;",condition_or_rule,chuyen giao hoac tiep nhan nguoi duoi 16 tuoi de boc lot tinh duc cuong buc lao dong lay bo phan co the hoac vi muc dich vo nhan dao khac
article_151_clause_1_point_c,article_151_clause_1,article_151,151,1,c,"Tuyển mộ, vận chuyển, chứa chấp người dưới 16 tuổi để thực hiện hành vi quy định tại điểm a hoặc điểm b khoản này.",condition_or_rule,tuyen mo van chuyen chua chap nguoi duoi 16 tuoi de thuc hien hanh vi quy dinh tai diem a hoac diem b khoan nay
article_151_clause_2_point_a,article_151_clause_2,article_151,151,2,a,"Lợi dụng chức vụ, quyền hạn;",condition_or_rule,loi dung chuc vu quyen han
article_151_clause_2_point_b,article_151_clause_2,article_151,151,2,b,"Lợi dụng hoạt động cho, nhận con nuôi để phạm tội;",condition_or_rule,loi dung hoat dong cho nhan con nuoi de pham toi
article_151_clause_2_point_c,article_151_clause_2,article_151,151,2,c,Đối với từ 02 người đến 05 người;,condition_or_rule,doi voi tu 02 nguoi den 05 nguoi
article_151_clause_2_point_d,article_151_clause_2,article_151,151,2,d,"Đối với người mà mình có trách nhiệm chăm sóc, nuôi dưỡng;",condition_or_rule,doi voi nguoi ma minh co trach nhiem cham soc nuoi duong
article_151_clause_2_point_d,article_151_clause_2,article_151,151,2,đ,Đưa nạn nhân ra khỏi biên giới của nước Cộng hòa xã hội chủ nghĩa Việt Nam;,condition_or_rule,dua nan nhan ra khoi bien gioi cua nuoc cong hoa xa hoi chu nghia viet nam
article_151_clause_2_point_e,article_151_clause_2,article_151,151,2,e,Phạm tội 02 lần trở lên;,condition_or_rule,pham toi 02 lan tro len
article_151_clause_2_point_g,article_151_clause_2,article_151,151,2,g,Vì động cơ đê hèn;,condition_or_rule,vi dong co de hen
article_151_clause_2_point_h,article_151_clause_2,article_151,151,2,h,"Gây thương tích, gây tổn hại cho sức khỏe hoặc gây rối loạn tâm thần và hành vi của nạn nhân mà tỷ lệ tổn thương cơ thể từ 31% đến 60%, nếu không thuộc trường hợp quy định tại điểm d khoản 3 Điều này.",condition_or_rule,gay thuong tich gay ton hai cho suc khoe hoac gay roi loan tam than va hanh vi cua nan nhan ma ty le ton thuong co the tu 31 den 60 neu khong thuoc truong hop quy dinh tai diem d khoan 3 dieu nay
article_151_clause_3_point_a,article_151_clause_3,article_151,151,3,a,Có tổ chức;,condition_or_rule,co to chuc
article_151_clause_3_point_b,article_151_clause_3,article_151,151,3,b,Có tính chất chuyên nghiệp;,condition_or_rule,co tinh chat chuyen nghiep
article_151_clause_3_point_c,article_151_clause_3,article_151,151,3,c,"Gây thương tích, gây tổn hại cho sức khỏe hoặc gây rối loạn tâm thần và hành vi của nạn nhân mà tỷ lệ tổn thương cơ thể 61% trở lên;",condition_or_rule,gay thuong tich gay ton hai cho suc khoe hoac gay roi loan tam than va hanh vi cua nan nhan ma ty le ton thuong co the 61 tro len
article_151_clause_3_point_d,article_151_clause_3,article_151,151,3,d,Đã lấy bộ phận cơ thể của nạn nhân;,condition_or_rule,da lay bo phan co the cua nan nhan
article_151_clause_3_point_d,article_151_clause_3,article_151,151,3,đ,Làm nạn nhân chết hoặc tự sát;,condition_or_rule,lam nan nhan chet hoac tu sat
article_151_clause_3_point_e,article_151_clause_3,article_151,151,3,e,Đối với 06 người trở lên;,condition_or_rule,doi voi 06 nguoi tro len
article_151_clause_3_point_g,article_151_clause_3,article_151,151,3,g,Tái phạm nguy hiểm.,condition_or_rule,tai pham nguy hiem
article_152_clause_2_point_a,article_152_clause_2,article_152,152,2,a,Có tổ chức;,condition_or_rule,co to chuc
article_152_clause_2_point_b,article_152_clause_2,article_152,152,2,b,"Lợi dụng chức vụ, quyền hạn, nghề nghiệp;",condition_or_rule,loi dung chuc vu quyen han nghe nghiep
article_152_clause_2_point_c,article_152_clause_2,article_152,152,2,c,"Đối với người dưới 01 tuổi mà mình có trách nhiệm chăm sóc, nuôi dưỡng;",condition_or_rule,doi voi nguoi duoi 01 tuoi ma minh co trach nhiem cham soc nuoi duong
article_152_clause_2_point_d,article_152_clause_2,article_152,152,2,d,Phạm tội 02 lần trở lên.,condition_or_rule,pham toi 02 lan tro len
article_152_clause_3_point_a,article_152_clause_3,article_152,152,3,a,Có tính chất chuyên nghiệp;,condition_or_rule,co tinh chat chuyen nghiep
article_152_clause_3_point_b,article_152_clause_3,article_152,152,3,b,Tái phạm nguy hiểm.,condition_or_rule,tai pham nguy hiem
article_153_clause_2_point_a,article_153_clause_2,article_153,153,2,a,Có tổ chức;,condition_or_rule,co to chuc
article_153_clause_2_point_b,article_153_clause_2,article_153,153,2,b,"Lợi dụng chức vụ, quyền hạn, nghề nghiệp;",condition_or_rule,loi dung chuc vu quyen han nghe nghiep
article_153_clause_2_point_c,article_153_clause_2,article_153,153,2,c,"Đối với người mà mình có trách nhiệm chăm sóc, nuôi dưỡng;",condition_or_rule,doi voi nguoi ma minh co trach nhiem cham soc nuoi duong
article_153_clause_2_point_d,article_153_clause_2,article_153,153,2,d,Đối với từ 02 người đến 05 người;,condition_or_rule,doi voi tu 02 nguoi den 05 nguoi
article_153_clause_2_point_d,article_153_clause_2,article_153,153,2,đ,Phạm tội 02 lần trở lên;,condition_or_rule,pham toi 02 lan tro len
article_153_clause_2_point_e,article_153_clause_2,article_153,153,2,e,"Gây thương tích, gây tổn hại cho sức khỏe hoặc gây rối loạn tâm thần và hành vi của nạn nhân mà tỷ lệ tổn thương cơ thể từ 31% đến 60%.",condition_or_rule,gay thuong tich gay ton hai cho suc khoe hoac gay roi loan tam than va hanh vi cua nan nhan ma ty le ton thuong co the tu 31 den 60
article_153_clause_3_point_a,article_153_clause_3,article_153,153,3,a,Có tính chất chuyên nghiệp;,condition_or_rule,co tinh chat chuyen nghiep
article_153_clause_3_point_b,article_153_clause_3,article_153,153,3,b,Đối với 06 người trở lên;,condition_or_rule,doi voi 06 nguoi tro len
article_153_clause_3_point_c,article_153_clause_3,article_153,153,3,c,"Gây thương tích, gây tổn hại cho sức khỏe hoặc gây rối loạn tâm thần và hành vi của nạn nhân mà tỷ lệ tổn thương cơ thể 61% trở lên;",condition_or_rule,gay thuong tich gay ton hai cho suc khoe hoac gay roi loan tam than va hanh vi cua nan nhan ma ty le ton thuong co the 61 tro len
article_153_clause_3_point_d,article_153_clause_3,article_153,153,3,d,Làm nạn nhân chết;,condition_or_rule,lam nan nhan chet
article_153_clause_3_point_d,article_153_clause_3,article_153,153,3,đ,Tái phạm nguy hiểm.,condition_or_rule,tai pham nguy hiem
article_154_clause_2_point_a,article_154_clause_2,article_154,154,2,a,Có tổ chức;,condition_or_rule,co to chuc
article_154_clause_2_point_b,article_154_clause_2,article_154,154,2,b,Vì mục đích thương mại;,condition_or_rule,vi muc dich thuong mai
article_154_clause_2_point_c,article_154_clause_2,article_154,154,2,c,"Lợi dụng chức vụ, quyền hạn, nghề nghiệp;",condition_or_rule,loi dung chuc vu quyen han nghe nghiep
article_154_clause_2_point_d,article_154_clause_2,article_154,154,2,d,Đối với từ 02 người đến 05 người;,condition_or_rule,doi voi tu 02 nguoi den 05 nguoi
article_154_clause_2_point_d,article_154_clause_2,article_154,154,2,đ,Phạm tội 02 lần trở lên;,condition_or_rule,pham toi 02 lan tro len
article_154_clause_2_point_e,article_154_clause_2,article_154,154,2,e,Gây thương tích hoặc gây tổn hại cho sức khỏe của người khác với tỷ lệ tổn thương cơ thể từ 31% đến 60%.,condition_or_rule,gay thuong tich hoac gay ton hai cho suc khoe cua nguoi khac voi ty le ton thuong co the tu 31 den 60
article_154_clause_3_point_a,article_154_clause_3,article_154,154,3,a,Có tính chất chuyên nghiệp;,condition_or_rule,co tinh chat chuyen nghiep
article_154_clause_3_point_b,article_154_clause_3,article_154,154,3,b,Gây thương tích hoặc gây tổn hại cho sức khỏe của người khác với tỷ lệ tổn thương cơ thể 61% trở lên;,condition_or_rule,gay thuong tich hoac gay ton hai cho suc khoe cua nguoi khac voi ty le ton thuong co the 61 tro len
article_154_clause_3_point_c,article_154_clause_3,article_154,154,3,c,Đối với 06 người trở lên;,condition_or_rule,doi voi 06 nguoi tro len
article_154_clause_3_point_d,article_154_clause_3,article_154,154,3,d,Gây chết người;,condition_or_rule,gay chet nguoi
article_154_clause_3_point_d,article_154_clause_3,article_154,154,3,đ,Tái phạm nguy hiểm.,condition_or_rule,tai pham nguy hiem
article_155_clause_2_point_a,article_155_clause_2,article_155,155,2,a,Phạm tội 02 lần trở lên;,condition_or_rule,pham toi 02 lan tro len
article_155_clause_2_point_b,article_155_clause_2,article_155,155,2,b,Đối với 02 người trở lên;,condition_or_rule,doi voi 02 nguoi tro len
article_155_clause_2_point_c,article_155_clause_2,article_155,155,2,c,"Lợi dụng chức vụ, quyền hạn;",condition_or_rule,loi dung chuc vu quyen han
article_155_clause_2_point_d,article_155_clause_2,article_155,155,2,d,Đối với người đang thi hành công vụ;,condition_or_rule,doi voi nguoi dang thi hanh cong vu
article_155_clause_2_point_d,article_155_clause_2,article_155,155,2,đ,"Đối với người dạy dỗ, nuôi dưỡng, chăm sóc, chữa bệnh cho mình;",condition_or_rule,doi voi nguoi day do nuoi duong cham soc chua benh cho minh
article_155_clause_2_point_e,article_155_clause_2,article_155,155,2,e,"Sử dụng mạng máy tính hoặc mạng viễn thông, phương tiện điện tử để phạm tội;",condition_or_rule,su dung mang may tinh hoac mang vien thong phuong tien dien tu de pham toi
article_155_clause_2_point_g,article_155_clause_2,article_155,155,2,g,Gây rối loạn tâm thần và hành vi của nạn nhân mà tỷ lệ tổn thương cơ thể từ 31% đến 60%.,condition_or_rule,gay roi loan tam than va hanh vi cua nan nhan ma ty le ton thuong co the tu 31 den 60
article_155_clause_3_point_a,article_155_clause_3,article_155,155,3,a,Gây rối loạn tâm thần và hành vi của nạn nhân mà tỷ lệ tổn thương cơ thể 61% trở lên;,condition_or_rule,gay roi loan tam than va hanh vi cua nan nhan ma ty le ton thuong co the 61 tro len
article_155_clause_3_point_b,article_155_clause_3,article_155,155,3,b,Làm nạn nhân tự sát.,condition_or_rule,lam nan nhan tu sat
article_156_clause_1_point_a,article_156_clause_1,article_156,156,1,a,"Bịa đặt hoặc loan truyền những điều biết rõ là sai sự thật nhằm xúc phạm nghiêm trọng nhân phẩm, danh dự hoặc gây thiệt hại đến quyền, lợi ích hợp pháp của người khác;",definition_or_list,bia dat hoac loan truyen nhung dieu biet ro la sai su that nham xuc pham nghiem trong nhan pham danh du hoac gay thiet hai den quyen loi ich hop phap cua nguoi khac
article_156_clause_1_point_b,article_156_clause_1,article_156,156,1,b,Bịa đặt người khác phạm tội và tố cáo họ trước cơ quan có thẩm quyền.,condition_or_rule,bia dat nguoi khac pham toi va to cao ho truoc co quan co tham quyen
article_156_clause_2_point_a,article_156_clause_2,article_156,156,2,a,Có tổ chức;,condition_or_rule,co to chuc
article_156_clause_2_point_b,article_156_clause_2,article_156,156,2,b,"Lợi dụng chức vụ, quyền hạn;",condition_or_rule,loi dung chuc vu quyen han
article_156_clause_2_point_c,article_156_clause_2,article_156,156,2,c,Đối với 02 người trở lên;,condition_or_rule,doi voi 02 nguoi tro len
article_156_clause_2_point_d,article_156_clause_2,article_156,156,2,d,"Đối với ông, bà, cha, mẹ, người dạy dỗ, nuôi dưỡng, chăm sóc, giáo dục, chữa bệnh cho mình;",condition_or_rule,doi voi ong ba cha me nguoi day do nuoi duong cham soc giao duc chua benh cho minh
article_156_clause_2_point_d,article_156_clause_2,article_156,156,2,đ,Đối với người đang thi hành công vụ;,condition_or_rule,doi voi nguoi dang thi hanh cong vu
article_156_clause_2_point_e,article_156_clause_2,article_156,156,2,e,"Sử dụng mạng máy tính hoặc mạng viễn thông, phương tiện điện tử để phạm tội;",condition_or_rule,su dung mang may tinh hoac mang vien thong phuong tien dien tu de pham toi
article_156_clause_2_point_g,article_156_clause_2,article_156,156,2,g,Gây rối loạn tâm thần và hành vi của nạn nhân mà tỷ lệ tổn thương cơ thể từ 31% đến 60%;,condition_or_rule,gay roi loan tam than va hanh vi cua nan nhan ma ty le ton thuong co the tu 31 den 60
article_156_clause_2_point_h,article_156_clause_2,article_156,156,2,h,Vu khống người khác phạm tội rất nghiêm trọng hoặc đặc biệt nghiêm trọng.,condition_or_rule,vu khong nguoi khac pham toi rat nghiem trong hoac dac biet nghiem trong
article_156_clause_3_point_a,article_156_clause_3,article_156,156,3,a,Vì động cơ đê hèn;,condition_or_rule,vi dong co de hen
article_156_clause_3_point_b,article_156_clause_3,article_156,156,3,b,Gây rối loạn tâm thần và hành vi của nạn nhân mà tỷ lệ tổn thương cơ thể 61% trở lên;,condition_or_rule,gay roi loan tam than va hanh vi cua nan nhan ma ty le ton thuong co the 61 tro len
article_156_clause_3_point_c,article_156_clause_3,article_156,156,3,c,Làm nạn nhân tự sát.,condition_or_rule,lam nan nhan tu sat
article_157_clause_2_point_a,article_157_clause_2,article_157,157,2,a,Có tổ chức;,condition_or_rule,co to chuc
article_157_clause_2_point_b,article_157_clause_2,article_157,157,2,b,"Lợi dụng chức vụ, quyền hạn;",condition_or_rule,loi dung chuc vu quyen han
article_157_clause_2_point_c,article_157_clause_2,article_157,157,2,c,Đối với người đang thi hành công vụ;,condition_or_rule,doi voi nguoi dang thi hanh cong vu
article_157_clause_2_point_d,article_157_clause_2,article_157,157,2,d,Phạm tội 02 lần trở lên;,condition_or_rule,pham toi 02 lan tro len
article_157_clause_2_point_d,article_157_clause_2,article_157,157,2,đ,Đối với 02 người trở lên;,condition_or_rule,doi voi 02 nguoi tro len
article_157_clause_2_point_e,article_157_clause_2,article_157,157,2,e,"Đối với người dưới 18 tuổi, phụ nữ mà biết là có thai, người già yếu hoặc người không có khả năng tự vệ;",definition_or_list,doi voi nguoi duoi 18 tuoi phu nu ma biet la co thai nguoi gia yeu hoac nguoi khong co kha nang tu ve
article_157_clause_2_point_g,article_157_clause_2,article_157,157,2,g,"Làm cho người bị bắt, giữ, giam hoặc gia đình họ lâm vào hoàn cảnh kinh tế đặc biệt khó khăn;",condition_or_rule,lam cho nguoi bi bat giu giam hoac gia dinh ho lam vao hoan canh kinh te dac biet kho khan
article_157_clause_2_point_h,article_157_clause_2,article_157,157,2,h,"Gây thương tích, gây tổn hại cho sức khỏe hoặc gây rối loạn tâm thần và hành vi của người bị bắt, giữ, giam mà tỷ lệ tổn thương cơ thể từ 31% đến 60%.",condition_or_rule,gay thuong tich gay ton hai cho suc khoe hoac gay roi loan tam than va hanh vi cua nguoi bi bat giu giam ma ty le ton thuong co the tu 31 den 60
article_157_clause_3_point_a,article_157_clause_3,article_157,157,3,a,"Làm người bị bắt, giữ, giam chết hoặc tự sát;",condition_or_rule,lam nguoi bi bat giu giam chet hoac tu sat
article_157_clause_3_point_b,article_157_clause_3,article_157,157,3,b,"Tra tấn, đối xử hoặc trừng phạt tàn bạo, vô nhân đạo hoặc hạ nhục nhân phẩm của người bị bắt, giữ, giam;",condition_or_rule,tra tan doi xu hoac trung phat tan bao vo nhan dao hoac ha nhuc nhan pham cua nguoi bi bat giu giam
article_157_clause_3_point_c,article_157_clause_3,article_157,157,3,c,"Gây thương tích, gây tổn hại cho sức khỏe hoặc gây rối loạn tâm thần và hành vi của người bị bắt, giữ, giam mà tỷ lệ tổn thương cơ thể 61% trở lên.",condition_or_rule,gay thuong tich gay ton hai cho suc khoe hoac gay roi loan tam than va hanh vi cua nguoi bi bat giu giam ma ty le ton thuong co the 61 tro len
article_158_clause_1_point_a,article_158_clause_1,article_158,158,1,a,Khám xét trái pháp luật chỗ ở của người khác;,condition_or_rule,kham xet trai phap luat cho o cua nguoi khac
article_158_clause_1_point_b,article_158_clause_1,article_158,158,1,b,Đuổi trái pháp luật người khác ra khỏi chỗ ở của họ;,condition_or_rule,duoi trai phap luat nguoi khac ra khoi cho o cua ho
article_158_clause_1_point_c,article_158_clause_1,article_158,158,1,c,Chiếm giữ chỗ ở hoặc cản trở trái pháp luật người đang ở hoặc người đang quản lý hợp pháp vào chỗ ở của họ;,condition_or_rule,chiem giu cho o hoac can tro trai phap luat nguoi dang o hoac nguoi dang quan ly hop phap vao cho o cua ho
article_158_clause_1_point_d,article_158_clause_1,article_158,158,1,d,Xâm nhập trái pháp luật chỗ ở của người khác.,condition_or_rule,xam nhap trai phap luat cho o cua nguoi khac
article_158_clause_2_point_a,article_158_clause_2,article_158,158,2,a,Có tổ chức;,condition_or_rule,co to chuc
article_158_clause_2_point_b,article_158_clause_2,article_158,158,2,b,"Lợi dụng chức vụ, quyền hạn;",condition_or_rule,loi dung chuc vu quyen han
article_158_clause_2_point_c,article_158_clause_2,article_158,158,2,c,Phạm tội 02 lần trở lên;,condition_or_rule,pham toi 02 lan tro len
article_158_clause_2_point_d,article_158_clause_2,article_158,158,2,d,Làm người bị xâm phạm chỗ ở tự sát;,condition_or_rule,lam nguoi bi xam pham cho o tu sat
article_158_clause_2_point_d,article_158_clause_2,article_158,158,2,đ,"Gây ảnh hưởng xấu đến an ninh, trật tự, an toàn xã hội.",condition_or_rule,gay anh huong xau den an ninh trat tu an toan xa hoi
article_159_clause_1_point_a,article_159_clause_1,article_159,159,1,a,"Chiếm đoạt thư tín, điện báo, telex, fax hoặc văn bản khác của người khác được truyền đưa bằng mạng bưu chính, viễn thông dưới bất kỳ hình thức nào;",condition_or_rule,chiem doat thu tin dien bao telex fax hoac van ban khac cua nguoi khac duoc truyen dua bang mang buu chinh vien thong duoi bat ky hinh thuc nao
article_159_clause_1_point_b,article_159_clause_1,article_159,159,1,b,"Cố ý làm hư hỏng, thất lạc hoặc cố ý lấy các thông tin, nội dung của thư tín, điện báo, telex, fax hoặc văn bản khác của người khác được truyền đưa bằng mạng bưu chính, viễn thông;",condition_or_rule,co y lam hu hong that lac hoac co y lay cac thong tin noi dung cua thu tin dien bao telex fax hoac van ban khac cua nguoi khac duoc truyen dua bang mang buu chinh vien thong
article_159_clause_1_point_c,article_159_clause_1,article_159,159,1,c,"Nghe, ghi âm cuộc đàm thoại trái pháp luật;",condition_or_rule,nghe ghi am cuoc dam thoai trai phap luat
article_159_clause_1_point_d,article_159_clause_1,article_159,159,1,d,"Khám xét, thu giữ thư tín, điện tín trái pháp luật;",condition_or_rule,kham xet thu giu thu tin dien tin trai phap luat
article_159_clause_1_point_d,article_159_clause_1,article_159,159,1,đ,"Hành vi khác xâm phạm bí mật hoặc an toàn thư tín, điện thoại, điện tín, telex, fax hoặc hình thức trao đổi thông tin riêng tư khác của người khác.",condition_or_rule,hanh vi khac xam pham bi mat hoac an toan thu tin dien thoai dien tin telex fax hoac hinh thuc trao doi thong tin rieng tu khac cua nguoi khac
article_159_clause_2_point_a,article_159_clause_2,article_159,159,2,a,Có tổ chức;,condition_or_rule,co to chuc
article_159_clause_2_point_b,article_159_clause_2,article_159,159,2,b,"Lợi dụng chức vụ, quyền hạn;",condition_or_rule,loi dung chuc vu quyen han
article_159_clause_2_point_c,article_159_clause_2,article_159,159,2,c,Phạm tội 02 lần trở lên;,condition_or_rule,pham toi 02 lan tro len
article_159_clause_2_point_d,article_159_clause_2,article_159,159,2,d,"Tiết lộ các thông tin đã chiếm đoạt, làm ảnh hưởng đến danh dự, uy tín, nhân phẩm của người khác;",condition_or_rule,tiet lo cac thong tin da chiem doat lam anh huong den danh du uy tin nhan pham cua nguoi khac
article_159_clause_2_point_d,article_159_clause_2,article_159,159,2,đ,Làm nạn nhân tự sát.,condition_or_rule,lam nan nhan tu sat
article_160_clause_2_point_a,article_160_clause_2,article_160,160,2,a,Có tổ chức;,condition_or_rule,co to chuc
article_160_clause_2_point_b,article_160_clause_2,article_160,160,2,b,"Lợi dụng chức vụ, quyền hạn;",condition_or_rule,loi dung chuc vu quyen han
article_160_clause_2_point_c,article_160_clause_2,article_160,160,2,c,"Dẫn đến hoãn ngày bầu cử, bầu cử lại hoặc hoãn việc trưng cầu ý dân.",condition_or_rule,dan den hoan ngay bau cu bau cu lai hoac hoan viec trung cau y dan
article_161_clause_2_point_a,article_161_clause_2,article_161,161,2,a,Có tổ chức;,condition_or_rule,co to chuc
article_161_clause_2_point_b,article_161_clause_2,article_161,161,2,b,Dẫn đến phải tổ chức lại việc bầu cử hoặc trưng cầu ý dân.,condition_or_rule,dan den phai to chuc lai viec bau cu hoac trung cau y dan
article_162_clause_1_point_a,article_162_clause_1,article_162,162,1,a,"Ra quyết định buộc thôi việc trái pháp luật đối với công chức, viên chức;",condition_or_rule,ra quyet dinh buoc thoi viec trai phap luat doi voi cong chuc vien chuc
article_162_clause_1_point_b,article_162_clause_1,article_162,162,1,b,Sa thải trái pháp luật đối với người lao động;,condition_or_rule,sa thai trai phap luat doi voi nguoi lao dong
article_162_clause_1_point_c,article_162_clause_1,article_162,162,1,c,"Cưỡng ép, đe dọa buộc công chức, viên chức, người lao động phải thôi việc.",condition_or_rule,cuong ep de doa buoc cong chuc vien chuc nguoi lao dong phai thoi viec
article_162_clause_2_point_a,article_162_clause_2,article_162,162,2,a,Đối với 02 người trở lên;,condition_or_rule,doi voi 02 nguoi tro len
article_162_clause_2_point_b,article_162_clause_2,article_162,162,2,b,Đối với phụ nữ mà biết là có thai;,definition_or_list,doi voi phu nu ma biet la co thai
article_162_clause_2_point_c,article_162_clause_2,article_162,162,2,c,Đối với người đang nuôi con dưới 12 tháng tuổi;,condition_or_rule,doi voi nguoi dang nuoi con duoi 12 thang tuoi
article_162_clause_2_point_d,article_162_clause_2,article_162,162,2,d,"Làm người bị buộc thôi việc, người bị sa thải tự sát;",condition_or_rule,lam nguoi bi buoc thoi viec nguoi bi sa thai tu sat
article_162_clause_2_point_d,article_162_clause_2,article_162,162,2,đ,Gây hậu quả rất nghiêm trọng hoặc đặc biệt nghiêm trọng khác.,condition_or_rule,gay hau qua rat nghiem trong hoac dac biet nghiem trong khac
article_163_clause_2_point_a,article_163_clause_2,article_163,163,2,a,Có tổ chức;,condition_or_rule,co to chuc
article_163_clause_2_point_b,article_163_clause_2,article_163,163,2,b,"Lợi dụng chức vụ, quyền hạn;",condition_or_rule,loi dung chuc vu quyen han
article_163_clause_2_point_c,article_163_clause_2,article_163,163,2,c,Phạm tội 02 lần trở lên;,condition_or_rule,pham toi 02 lan tro len
article_163_clause_2_point_d,article_163_clause_2,article_163,163,2,d,Dẫn đến biểu tình;,condition_or_rule,dan den bieu tinh
article_163_clause_2_point_d,article_163_clause_2,article_163,163,2,đ,"Gây ảnh hưởng xấu đến an ninh, trật tự, an toàn xã hội.",condition_or_rule,gay anh huong xau den an ninh trat tu an toan xa hoi
article_164_clause_2_point_a,article_164_clause_2,article_164,164,2,a,Có tổ chức;,condition_or_rule,co to chuc
article_164_clause_2_point_b,article_164_clause_2,article_164,164,2,b,"Lợi dụng chức vụ, quyền hạn;",condition_or_rule,loi dung chuc vu quyen han
article_164_clause_2_point_c,article_164_clause_2,article_164,164,2,c,Phạm tội 02 lần trở lên;,condition_or_rule,pham toi 02 lan tro len
article_164_clause_2_point_d,article_164_clause_2,article_164,164,2,d,Dẫn đến biểu tình;,condition_or_rule,dan den bieu tinh
article_164_clause_2_point_d,article_164_clause_2,article_164,164,2,đ,"Gây ảnh hưởng xấu đến an ninh, trật tự, an toàn xã hội.",condition_or_rule,gay anh huong xau den an ninh trat tu an toan xa hoi
article_165_clause_2_point_a,article_165_clause_2,article_165,165,2,a,"Lợi dụng chức vụ, quyền hạn;",condition_or_rule,loi dung chuc vu quyen han
article_165_clause_2_point_b,article_165_clause_2,article_165,165,2,b,Phạm tội 02 lần trở lên;,condition_or_rule,pham toi 02 lan tro len
article_165_clause_2_point_c,article_165_clause_2,article_165,165,2,c,Đối với 02 người trở lên.,condition_or_rule,doi voi 02 nguoi tro len
article_166_clause_1_point_a,article_166_clause_1,article_166,166,1,a,"Dùng vũ lực, đe dọa dùng vũ lực hoặc hành vi khác cản trở việc khiếu nại, tố cáo, việc xét và giải quyết khiếu nại, tố cáo hoặc việc xử lý người bị khiếu nại, tố cáo;",condition_or_rule,dung vu luc de doa dung vu luc hoac hanh vi khac can tro viec khieu nai to cao viec xet va giai quyet khieu nai to cao hoac viec xu ly nguoi bi khieu nai to cao
article_166_clause_1_point_b,article_166_clause_1,article_166,166,1,b,"Lợi dụng chức vụ, quyền hạn cản trở việc thi hành quyết định của cơ quan có thẩm quyền xét và giải quyết khiếu nại, tố cáo gây thiệt hại cho người khiếu nại, tố cáo.",condition_or_rule,loi dung chuc vu quyen han can tro viec thi hanh quyet dinh cua co quan co tham quyen xet va giai quyet khieu nai to cao gay thiet hai cho nguoi khieu nai to cao
article_166_clause_2_point_a,article_166_clause_2,article_166,166,2,a,Có tổ chức;,condition_or_rule,co to chuc
article_166_clause_2_point_b,article_166_clause_2,article_166,166,2,b,"Trả thù người khiếu nại, tố cáo;",condition_or_rule,tra thu nguoi khieu nai to cao
article_166_clause_2_point_c,article_166_clause_2,article_166,166,2,c,"Lợi dụng chức vụ, quyền hạn thực hiện hành vi quy định tại điểm a khoản 1 Điều này;",condition_or_rule,loi dung chuc vu quyen han thuc hien hanh vi quy dinh tai diem a khoan 1 dieu nay
article_166_clause_2_point_d,article_166_clause_2,article_166,166,2,d,Dẫn đến biểu tình;,condition_or_rule,dan den bieu tinh
article_166_clause_2_point_d,article_166_clause_2,article_166,166,2,đ,"Làm người khiếu nại, tố cáo tự sát.",condition_or_rule,lam nguoi khieu nai to cao tu sat
article_167_clause_2_point_a,article_167_clause_2,article_167,167,2,a,Có tổ chức;,condition_or_rule,co to chuc
article_167_clause_2_point_b,article_167_clause_2,article_167,167,2,b,"Lợi dụng chức vụ, quyền hạn;",condition_or_rule,loi dung chuc vu quyen han
article_167_clause_2_point_c,article_167_clause_2,article_167,167,2,c,"Gây ảnh hưởng xấu đến an ninh, trật tự, an toàn xã hội.",condition_or_rule,gay anh huong xau den an ninh trat tu an toan xa hoi
article_168_clause_2_point_a,article_168_clause_2,article_168,168,2,a,Có tổ chức;,condition_or_rule,co to chuc
article_168_clause_2_point_b,article_168_clause_2,article_168,168,2,b,Có tính chất chuyên nghiệp;,condition_or_rule,co tinh chat chuyen nghiep
article_168_clause_2_point_c,article_168_clause_2,article_168,168,2,c,Gây thương tích hoặc gây tổn hại cho sức khỏe của người khác mà tỷ lệ tổn thương cơ thể từ 11% đến 30%;,condition_or_rule,gay thuong tich hoac gay ton hai cho suc khoe cua nguoi khac ma ty le ton thuong co the tu 11 den 30
article_168_clause_2_point_d,article_168_clause_2,article_168,168,2,d,"Sử dụng vũ khí, phương tiện hoặc thủ đoạn nguy hiểm khác;",condition_or_rule,su dung vu khi phuong tien hoac thu doan nguy hiem khac
article_168_clause_2_point_d,article_168_clause_2,article_168,168,2,đ,Chiếm đoạt tài sản trị giá từ 50.000.000 đồng đến dưới 200.000.000 đồng;,condition_or_rule,chiem doat tai san tri gia tu 50 000 000 dong den duoi 200 000 000 dong
article_168_clause_2_point_e,article_168_clause_2,article_168,168,2,e,"Phạm tội đối với người dưới 16 tuổi, phụ nữ mà biết là có thai, người già yếu hoặc người không có khả năng tự vệ;",definition_or_list,pham toi doi voi nguoi duoi 16 tuoi phu nu ma biet la co thai nguoi gia yeu hoac nguoi khong co kha nang tu ve
article_168_clause_2_point_g,article_168_clause_2,article_168,168,2,g,"Gây ảnh hưởng xấu đến an ninh, trật tự, an toàn xã hội;",condition_or_rule,gay anh huong xau den an ninh trat tu an toan xa hoi
article_168_clause_2_point_h,article_168_clause_2,article_168,168,2,h,Tái phạm nguy hiểm.,condition_or_rule,tai pham nguy hiem
article_168_clause_3_point_a,article_168_clause_3,article_168,168,3,a,Chiếm đoạt tài sản trị giá từ 200.000.000 đồng đến dưới 500.000.000 đồng;,condition_or_rule,chiem doat tai san tri gia tu 200 000 000 dong den duoi 500 000 000 dong
article_168_clause_3_point_b,article_168_clause_3,article_168,168,3,b,Gây thương tích hoặc gây tổn hại cho sức khỏe của người khác mà tỷ lệ tổn thương cơ thể từ 31% đến 60%;,condition_or_rule,gay thuong tich hoac gay ton hai cho suc khoe cua nguoi khac ma ty le ton thuong co the tu 31 den 60
article_168_clause_3_point_c,article_168_clause_3,article_168,168,3,c,"Lợi dụng thiên tai, dịch bệnh.",condition_or_rule,loi dung thien tai dich benh
article_168_clause_4_point_a,article_168_clause_4,article_168,168,4,a,Chiếm đoạt tài sản trị giá 500.000.000 đồng trở lên;,condition_or_rule,chiem doat tai san tri gia 500 000 000 dong tro len
article_168_clause_4_point_b,article_168_clause_4,article_168,168,4,b,Gây thương tích hoặc gây tổn hại cho sức khỏe của 01 người mà tỷ lệ tổn thương cơ thể 61% trở lên hoặc gây thương tích hoặc gây tổn hại cho sức khỏe của 02 người trở lên mà tỷ lệ tổn thương cơ thể của mỗi người 31% trở lên;,condition_or_rule,gay thuong tich hoac gay ton hai cho suc khoe cua 01 nguoi ma ty le ton thuong co the 61 tro len hoac gay thuong tich hoac gay ton hai cho suc khoe cua 02 nguoi tro len ma ty le ton thuong co the cua moi nguoi 31 tro len
article_168_clause_4_point_c,article_168_clause_4,article_168,168,4,c,Làm chết người;,condition_or_rule,lam chet nguoi
article_168_clause_4_point_d,article_168_clause_4,article_168,168,4,d,"Lợi dụng hoàn cảnh chiến tranh, tình trạng khẩn cấp.",condition_or_rule,loi dung hoan canh chien tranh tinh trang khan cap
article_169_clause_2_point_a,article_169_clause_2,article_169,169,2,a,Có tổ chức;,condition_or_rule,co to chuc
article_169_clause_2_point_b,article_169_clause_2,article_169,169,2,b,Có tính chất chuyên nghiệp;,condition_or_rule,co tinh chat chuyen nghiep
article_169_clause_2_point_c,article_169_clause_2,article_169,169,2,c,"Dùng vũ khí, phương tiện hoặc thủ đoạn nguy hiểm khác;",condition_or_rule,dung vu khi phuong tien hoac thu doan nguy hiem khac
article_169_clause_2_point_d,article_169_clause_2,article_169,169,2,d,Đối với người dưới 16 tuổi;,condition_or_rule,doi voi nguoi duoi 16 tuoi
article_169_clause_2_point_d,article_169_clause_2,article_169,169,2,đ,Đối với 02 người trở lên;,condition_or_rule,doi voi 02 nguoi tro len
article_169_clause_2_point_e,article_169_clause_2,article_169,169,2,e,Chiếm đoạt tài sản trị giá từ 50.000.000 đồng đến dưới 200.000.000 đồng;,condition_or_rule,chiem doat tai san tri gia tu 50 000 000 dong den duoi 200 000 000 dong
article_169_clause_2_point_g,article_169_clause_2,article_169,169,2,g,"Gây thương tích, gây tổn hại cho sức khỏe hoặc gây rối loạn tâm thần và hành vi của nạn nhân mà tỷ lệ tổn thương cơ thể từ 11% đến 30%;",condition_or_rule,gay thuong tich gay ton hai cho suc khoe hoac gay roi loan tam than va hanh vi cua nan nhan ma ty le ton thuong co the tu 11 den 30
article_169_clause_2_point_h,article_169_clause_2,article_169,169,2,h,"Gây ảnh hưởng xấu đến an ninh, trật tự, an toàn xã hội;",condition_or_rule,gay anh huong xau den an ninh trat tu an toan xa hoi
article_169_clause_2_point_i,article_169_clause_2,article_169,169,2,i,Tái phạm nguy hiểm.,condition_or_rule,tai pham nguy hiem
article_169_clause_3_point_a,article_169_clause_3,article_169,169,3,a,Chiếm đoạt tài sản trị giá từ 200.000.000 đồng đến dưới 500.000.000 đồng;,condition_or_rule,chiem doat tai san tri gia tu 200 000 000 dong den duoi 500 000 000 dong
article_169_clause_3_point_b,article_169_clause_3,article_169,169,3,b,"Gây thương tích, gây tổn hại cho sức khỏe hoặc gây rối loạn tâm thần và hành vi của nạn nhân mà tỷ lệ tổn thương cơ thể từ 31% đến 60%.",condition_or_rule,gay thuong tich gay ton hai cho suc khoe hoac gay roi loan tam than va hanh vi cua nan nhan ma ty le ton thuong co the tu 31 den 60
article_169_clause_4_point_a,article_169_clause_4,article_169,169,4,a,Chiếm đoạt tài sản trị giá 500.000.000 đồng trở lên;,condition_or_rule,chiem doat tai san tri gia 500 000 000 dong tro len
article_169_clause_4_point_b,article_169_clause_4,article_169,169,4,b,Làm chết người;,condition_or_rule,lam chet nguoi
article_169_clause_4_point_c,article_169_clause_4,article_169,169,4,c,"Gây thương tích, gây tổn hại cho sức khỏe hoặc gây rối loạn tâm thần và hành vi của nạn nhân mà tỷ lệ tổn thương cơ thể 61% trở lên.",condition_or_rule,gay thuong tich gay ton hai cho suc khoe hoac gay roi loan tam than va hanh vi cua nan nhan ma ty le ton thuong co the 61 tro len
article_170_clause_2_point_a,article_170_clause_2,article_170,170,2,a,Có tổ chức;,condition_or_rule,co to chuc
article_170_clause_2_point_b,article_170_clause_2,article_170,170,2,b,Có tính chất chuyên nghiệp;,condition_or_rule,co tinh chat chuyen nghiep
article_170_clause_2_point_c,article_170_clause_2,article_170,170,2,c,"Phạm tội đối với người dưới 16 tuổi, phụ nữ mà biết là có thai, người già yếu hoặc người không có khả năng tự vệ;",definition_or_list,pham toi doi voi nguoi duoi 16 tuoi phu nu ma biet la co thai nguoi gia yeu hoac nguoi khong co kha nang tu ve
article_170_clause_2_point_d,article_170_clause_2,article_170,170,2,d,Chiếm đoạt tài sản trị giá từ 50.000.000 đồng đến dưới 200.000.000 đồng;,condition_or_rule,chiem doat tai san tri gia tu 50 000 000 dong den duoi 200 000 000 dong
article_170_clause_2_point_d,article_170_clause_2,article_170,170,2,đ,"Gây ảnh hưởng xấu đến an ninh, trật tự, an toàn xã hội;",condition_or_rule,gay anh huong xau den an ninh trat tu an toan xa hoi
article_170_clause_2_point_e,article_170_clause_2,article_170,170,2,e,Tái phạm nguy hiểm.,condition_or_rule,tai pham nguy hiem
article_170_clause_3_point_a,article_170_clause_3,article_170,170,3,a,Chiếm đoạt tài sản trị giá từ 200.000.000 đồng đến dưới 500.000.000 đồng;,condition_or_rule,chiem doat tai san tri gia tu 200 000 000 dong den duoi 500 000 000 dong
article_170_clause_3_point_b,article_170_clause_3,article_170,170,3,b,"Lợi dụng thiên tai, dịch bệnh.",condition_or_rule,loi dung thien tai dich benh
article_170_clause_4_point_a,article_170_clause_4,article_170,170,4,a,Chiếm đoạt tài sản trị giá 500.000.000 đồng trở lên;,condition_or_rule,chiem doat tai san tri gia 500 000 000 dong tro len
article_170_clause_4_point_b,article_170_clause_4,article_170,170,4,b,"Lợi dụng hoàn cảnh chiến tranh, tình trạng khẩn cấp.",condition_or_rule,loi dung hoan canh chien tranh tinh trang khan cap
article_171_clause_2_point_a,article_171_clause_2,article_171,171,2,a,Có tổ chức;,condition_or_rule,co to chuc
article_171_clause_2_point_b,article_171_clause_2,article_171,171,2,b,Có tính chất chuyên nghiệp;,condition_or_rule,co tinh chat chuyen nghiep
article_171_clause_2_point_c,article_171_clause_2,article_171,171,2,c,Chiếm đoạt tài sản trị giá từ 50.000.000 đồng đến dưới 200.000.000 đồng;,condition_or_rule,chiem doat tai san tri gia tu 50 000 000 dong den duoi 200 000 000 dong
article_171_clause_2_point_d,article_171_clause_2,article_171,171,2,d,Dùng thủ đoạn nguy hiểm;,condition_or_rule,dung thu doan nguy hiem
article_171_clause_2_point_d,article_171_clause_2,article_171,171,2,đ,Hành hung để tẩu thoát;,condition_or_rule,hanh hung de tau thoat
article_171_clause_2_point_e,article_171_clause_2,article_171,171,2,e,Gây thương tích hoặc gây tổn hại cho sức khỏe của người khác mà tỷ lệ tổn thương cơ thể từ 11% đến 30%;,condition_or_rule,gay thuong tich hoac gay ton hai cho suc khoe cua nguoi khac ma ty le ton thuong co the tu 11 den 30
article_171_clause_2_point_g,article_171_clause_2,article_171,171,2,g,"Phạm tội đối với người dưới 16 tuổi, phụ nữ mà biết là có thai, người già yếu hoặc người không có khả năng tự vệ;",definition_or_list,pham toi doi voi nguoi duoi 16 tuoi phu nu ma biet la co thai nguoi gia yeu hoac nguoi khong co kha nang tu ve
article_171_clause_2_point_h,article_171_clause_2,article_171,171,2,h,"Gây ảnh hưởng xấu đến an ninh, trật tự, an toàn xã hội;",condition_or_rule,gay anh huong xau den an ninh trat tu an toan xa hoi
article_171_clause_2_point_i,article_171_clause_2,article_171,171,2,i,Tái phạm nguy hiểm.,condition_or_rule,tai pham nguy hiem
article_171_clause_3_point_a,article_171_clause_3,article_171,171,3,a,Chiếm đoạt tài sản trị giá từ 200.000.000 đồng đến dưới 500.000.000 đồng;,condition_or_rule,chiem doat tai san tri gia tu 200 000 000 dong den duoi 500 000 000 dong
article_171_clause_3_point_b,article_171_clause_3,article_171,171,3,b,Gây thương tích hoặc gây tổn hại cho sức khỏe của người khác mà tỷ lệ tổn thương cơ thể từ 31% đến 60%;,condition_or_rule,gay thuong tich hoac gay ton hai cho suc khoe cua nguoi khac ma ty le ton thuong co the tu 31 den 60
article_171_clause_3_point_c,article_171_clause_3,article_171,171,3,c,"Lợi dụng thiên tai, dịch bệnh.",condition_or_rule,loi dung thien tai dich benh
article_171_clause_4_point_a,article_171_clause_4,article_171,171,4,a,Chiếm đoạt tài sản trị giá 500.000.000 đồng trở lên;,condition_or_rule,chiem doat tai san tri gia 500 000 000 dong tro len
article_171_clause_4_point_b,article_171_clause_4,article_171,171,4,b,Gây thương tích hoặc gây tổn hại cho sức khỏe của 01 người mà tỷ lệ tổn thương cơ thể 61% trở lên hoặc gây thương tích hoặc gây tổn hại cho sức khỏe của 02 người trở lên mà tỷ lệ tổn thương cơ thể của mỗi người 31% trở lên;,condition_or_rule,gay thuong tich hoac gay ton hai cho suc khoe cua 01 nguoi ma ty le ton thuong co the 61 tro len hoac gay thuong tich hoac gay ton hai cho suc khoe cua 02 nguoi tro len ma ty le ton thuong co the cua moi nguoi 31 tro len
article_171_clause_4_point_c,article_171_clause_4,article_171,171,4,c,Làm chết người;,condition_or_rule,lam chet nguoi
article_171_clause_4_point_d,article_171_clause_4,article_171,171,4,d,"Lợi dụng hoàn cảnh chiến tranh, tình trạng khẩn cấp.",condition_or_rule,loi dung hoan canh chien tranh tinh trang khan cap
article_172_clause_1_point_a,article_172_clause_1,article_172,172,1,a,Đã bị xử phạt vi phạm hành chính về hành vi chiếm đoạt tài sản mà còn vi phạm;,condition_or_rule,da bi xu phat vi pham hanh chinh ve hanh vi chiem doat tai san ma con vi pham
article_172_clause_1_point_b,article_172_clause_1,article_172,172,1,b,"Đã bị kết án về tội này hoặc về một trong các tội quy định tại các điều 168, 169, 170, 171, 173, 174, 175 và 290 của Bộ luật này, chưa được xóa án tích mà còn vi phạm;",condition_or_rule,da bi ket an ve toi nay hoac ve mot trong cac toi quy dinh tai cac dieu 168 169 170 171 173 174 175 va 290 cua bo luat nay chua duoc xoa an tich ma con vi pham
article_172_clause_1_point_c,article_172_clause_1,article_172,172,1,c,"Gây ảnh hưởng xấu đến an ninh, trật tự, an toàn xã hội;",condition_or_rule,gay anh huong xau den an ninh trat tu an toan xa hoi
article_172_clause_1_point_d,article_172_clause_1,article_172,172,1,d,Tài sản là phương tiện kiếm sống chính của người bị hại và gia đình họ.,definition_or_list,tai san la phuong tien kiem song chinh cua nguoi bi hai va gia dinh ho
article_172_clause_2_point_a,article_172_clause_2,article_172,172,2,a,Chiếm đoạt tài sản trị giá từ 50.000.000 đồng đến dưới 200.000.000 đồng;,condition_or_rule,chiem doat tai san tri gia tu 50 000 000 dong den duoi 200 000 000 dong
article_172_clause_2_point_b,article_172_clause_2,article_172,172,2,b,Hành hung để tẩu thoát;,condition_or_rule,hanh hung de tau thoat
article_172_clause_2_point_c,article_172_clause_2,article_172,172,2,c,Tái phạm nguy hiểm;,condition_or_rule,tai pham nguy hiem
article_172_clause_2_point_d,article_172_clause_2,article_172,172,2,d,Chiếm đoạt tài sản là hàng cứu trợ;,definition_or_list,chiem doat tai san la hang cuu tro
article_172_clause_3_point_a,article_172_clause_3,article_172,172,3,a,Chiếm đoạt tài sản trị giá từ 200.000.000 đồng đến dưới 500.000.000 đồng;,condition_or_rule,chiem doat tai san tri gia tu 200 000 000 dong den duoi 500 000 000 dong
article_172_clause_3_point_b,article_172_clause_3,article_172,172,3,b,Bỏ điểm b;,condition_or_rule,bo diem b
article_172_clause_3_point_c,article_172_clause_3,article_172,172,3,c,"Lợi dụng thiên tai, dịch bệnh.",condition_or_rule,loi dung thien tai dich benh
article_172_clause_4_point_a,article_172_clause_4,article_172,172,4,a,Chiếm đoạt tài sản trị giá 500.000.000 đồng trở lên;,condition_or_rule,chiem doat tai san tri gia 500 000 000 dong tro len
article_172_clause_4_point_b,article_172_clause_4,article_172,172,4,b,Bỏ điểm b;,condition_or_rule,bo diem b
article_172_clause_4_point_c,article_172_clause_4,article_172,172,4,c,"Lợi dụng hoàn cảnh chiến tranh, tình trạng khẩn cấp.",condition_or_rule,loi dung hoan canh chien tranh tinh trang khan cap
article_173_clause_1_point_a,article_173_clause_1,article_173,173,1,a,Đã bị xử phạt vi phạm hành chính về hành vi chiếm đoạt tài sản mà còn vi phạm;,condition_or_rule,da bi xu phat vi pham hanh chinh ve hanh vi chiem doat tai san ma con vi pham
article_173_clause_1_point_b,article_173_clause_1,article_173,173,1,b,"Đã bị kết án về tội này hoặc về một trong các tội quy định tại các điều 168, 169, 170, 171, 172, 174, 175 và 290 của Bộ luật này, chưa được xóa án tích mà còn vi phạm;",condition_or_rule,da bi ket an ve toi nay hoac ve mot trong cac toi quy dinh tai cac dieu 168 169 170 171 172 174 175 va 290 cua bo luat nay chua duoc xoa an tich ma con vi pham
article_173_clause_1_point_c,article_173_clause_1,article_173,173,1,c,"Gây ảnh hưởng xấu đến an ninh, trật tự, an toàn xã hội;",condition_or_rule,gay anh huong xau den an ninh trat tu an toan xa hoi
article_173_clause_1_point_d,article_173_clause_1,article_173,173,1,d,Tài sản là phương tiện kiếm sống chính của người bị hại và gia đình họ;,definition_or_list,tai san la phuong tien kiem song chinh cua nguoi bi hai va gia dinh ho
article_173_clause_1_point_d,article_173_clause_1,article_173,173,1,đ,"Tài sản là di vật, cổ vật.",definition_or_list,tai san la di vat co vat
article_173_clause_2_point_a,article_173_clause_2,article_173,173,2,a,Có tổ chức;,condition_or_rule,co to chuc
article_173_clause_2_point_b,article_173_clause_2,article_173,173,2,b,Có tính chất chuyên nghiệp;,condition_or_rule,co tinh chat chuyen nghiep
article_173_clause_2_point_c,article_173_clause_2,article_173,173,2,c,Chiếm đoạt tài sản trị giá từ 50.000.000 đồng đến dưới 200.000.000 đồng;,condition_or_rule,chiem doat tai san tri gia tu 50 000 000 dong den duoi 200 000 000 dong
article_173_clause_2_point_d,article_173_clause_2,article_173,173,2,d,"Dùng thủ đoạn xảo quyệt, nguy hiểm;",condition_or_rule,dung thu doan xao quyet nguy hiem
article_173_clause_2_point_d,article_173_clause_2,article_173,173,2,đ,Hành hung để tẩu thoát;,condition_or_rule,hanh hung de tau thoat
article_173_clause_2_point_e,article_173_clause_2,article_173,173,2,e,Tài sản là bảo vật quốc gia;,definition_or_list,tai san la bao vat quoc gia
article_173_clause_2_point_g,article_173_clause_2,article_173,173,2,g,Tái phạm nguy hiểm.,condition_or_rule,tai pham nguy hiem
article_173_clause_3_point_a,article_173_clause_3,article_173,173,3,a,Chiếm đoạt tài sản trị giá từ 200.000.000 đồng đến dưới 500.000.000 đồng;,condition_or_rule,chiem doat tai san tri gia tu 200 000 000 dong den duoi 500 000 000 dong
article_173_clause_3_point_b,article_173_clause_3,article_173,173,3,b,"Lợi dụng thiên tai, dịch bệnh.",condition_or_rule,loi dung thien tai dich benh
article_173_clause_4_point_a,article_173_clause_4,article_173,173,4,a,Chiếm đoạt tài sản trị giá 500.000.000 đồng trở lên;,condition_or_rule,chiem doat tai san tri gia 500 000 000 dong tro len
article_173_clause_4_point_b,article_173_clause_4,article_173,173,4,b,"Lợi dụng hoàn cảnh chiến tranh, tình trạng khẩn cấp.",condition_or_rule,loi dung hoan canh chien tranh tinh trang khan cap
article_174_clause_1_point_a,article_174_clause_1,article_174,174,1,a,Đã bị xử phạt vi phạm hành chính về hành vi chiếm đoạt tài sản mà còn vi phạm;,condition_or_rule,da bi xu phat vi pham hanh chinh ve hanh vi chiem doat tai san ma con vi pham
article_174_clause_1_point_b,article_174_clause_1,article_174,174,1,b,"Đã bị kết án về tội này hoặc về một trong các tội quy định tại các điều 168, 169, 170, 171, 172, 173, 175 và 290 của Bộ luật này, chưa được xóa án tích mà còn vi phạm;",condition_or_rule,da bi ket an ve toi nay hoac ve mot trong cac toi quy dinh tai cac dieu 168 169 170 171 172 173 175 va 290 cua bo luat nay chua duoc xoa an tich ma con vi pham
article_174_clause_1_point_c,article_174_clause_1,article_174,174,1,c,"Gây ảnh hưởng xấu đến an ninh, trật tự, an toàn xã hội;",condition_or_rule,gay anh huong xau den an ninh trat tu an toan xa hoi
article_174_clause_1_point_d,article_174_clause_1,article_174,174,1,d,Tài sản là phương tiện kiếm sống chính của người bị hại và gia đình họ.,definition_or_list,tai san la phuong tien kiem song chinh cua nguoi bi hai va gia dinh ho
article_174_clause_2_point_a,article_174_clause_2,article_174,174,2,a,Có tổ chức;,condition_or_rule,co to chuc
article_174_clause_2_point_b,article_174_clause_2,article_174,174,2,b,Có tính chất chuyên nghiệp;,condition_or_rule,co tinh chat chuyen nghiep
article_174_clause_2_point_c,article_174_clause_2,article_174,174,2,c,Chiếm đoạt tài sản trị giá từ 50.000.000 đồng đến dưới 200.000.000 đồng;,condition_or_rule,chiem doat tai san tri gia tu 50 000 000 dong den duoi 200 000 000 dong
article_174_clause_2_point_d,article_174_clause_2,article_174,174,2,d,Tái phạm nguy hiểm;,condition_or_rule,tai pham nguy hiem
article_174_clause_2_point_d,article_174_clause_2,article_174,174,2,đ,"Lợi dụng chức vụ, quyền hạn hoặc lợi dụng danh nghĩa cơ quan, tổ chức;",condition_or_rule,loi dung chuc vu quyen han hoac loi dung danh nghia co quan to chuc
article_174_clause_2_point_e,article_174_clause_2,article_174,174,2,e,Dùng thủ đoạn xảo quyệt;,condition_or_rule,dung thu doan xao quyet
article_174_clause_3_point_a,article_174_clause_3,article_174,174,3,a,Chiếm đoạt tài sản trị giá từ 200.000.000 đồng đến dưới 500.000.000 đồng;,condition_or_rule,chiem doat tai san tri gia tu 200 000 000 dong den duoi 500 000 000 dong
article_174_clause_3_point_b,article_174_clause_3,article_174,174,3,b,Bỏ điểm b;,condition_or_rule,bo diem b
article_174_clause_3_point_c,article_174_clause_3,article_174,174,3,c,"Lợi dụng thiên tai, dịch bệnh.",condition_or_rule,loi dung thien tai dich benh
article_174_clause_4_point_a,article_174_clause_4,article_174,174,4,a,Chiếm đoạt tài sản trị giá 500.000.000 đồng trở lên;,condition_or_rule,chiem doat tai san tri gia 500 000 000 dong tro len
article_174_clause_4_point_b,article_174_clause_4,article_174,174,4,b,Bỏ điểm b;,condition_or_rule,bo diem b
article_174_clause_4_point_c,article_174_clause_4,article_174,174,4,c,"Lợi dụng hoàn cảnh chiến tranh, tình trạng khẩn cấp.",condition_or_rule,loi dung hoan canh chien tranh tinh trang khan cap
article_175_clause_1_point_a,article_175_clause_1,article_175,175,1,a,"Vay, mượn, thuê tài sản của người khác hoặc nhận được tài sản của người khác bằng hình thức hợp đồng rồi dùng thủ đoạn gian dối hoặc bỏ trốn để chiếm đoạt tài sản đó hoặc đến thời hạn trả lại tài sản mặc dù có điều kiện, khả năng nhưng cố tình không trả;",condition_or_rule,vay muon thue tai san cua nguoi khac hoac nhan duoc tai san cua nguoi khac bang hinh thuc hop dong roi dung thu doan gian doi hoac bo tron de chiem doat tai san do hoac den thoi han tra lai tai san mac du co dieu kien kha nang nhung co tinh khong tra
article_175_clause_1_point_b,article_175_clause_1,article_175,175,1,b,"Vay, mượn, thuê tài sản của người khác hoặc nhận được tài sản của người khác bằng hình thức hợp đồng và đã sử dụng tài sản đó vào mục đích bất hợp pháp dẫn đến không có khả năng trả lại tài sản.",condition_or_rule,vay muon thue tai san cua nguoi khac hoac nhan duoc tai san cua nguoi khac bang hinh thuc hop dong va da su dung tai san do vao muc dich bat hop phap dan den khong co kha nang tra lai tai san
article_175_clause_2_point_a,article_175_clause_2,article_175,175,2,a,Có tổ chức;,condition_or_rule,co to chuc
article_175_clause_2_point_b,article_175_clause_2,article_175,175,2,b,Có tính chất chuyên nghiệp;,condition_or_rule,co tinh chat chuyen nghiep
article_175_clause_2_point_c,article_175_clause_2,article_175,175,2,c,Chiếm đoạt tài sản trị giá từ 50.000.000 đồng đến dưới 200.000.000 đồng;,condition_or_rule,chiem doat tai san tri gia tu 50 000 000 dong den duoi 200 000 000 dong
article_175_clause_2_point_d,article_175_clause_2,article_175,175,2,d,"Lợi dụng chức vụ, quyền hạn hoặc lợi dụng danh nghĩa cơ quan, tổ chức;",condition_or_rule,loi dung chuc vu quyen han hoac loi dung danh nghia co quan to chuc
article_175_clause_2_point_d,article_175_clause_2,article_175,175,2,đ,Dùng thủ đoạn xảo quyệt;,condition_or_rule,dung thu doan xao quyet
article_175_clause_2_point_e,article_175_clause_2,article_175,175,2,e,"Gây ảnh hưởng xấu đến an ninh, trật tự, an toàn xã hội;",condition_or_rule,gay anh huong xau den an ninh trat tu an toan xa hoi
article_175_clause_2_point_g,article_175_clause_2,article_175,175,2,g,Tái phạm nguy hiểm.,condition_or_rule,tai pham nguy hiem
article_177_clause_2_point_a,article_177_clause_2,article_177,177,2,a,Tài sản trị giá từ 500.000.000 đồng đến dưới 1.500.000.000 đồng;,condition_or_rule,tai san tri gia tu 500 000 000 dong den duoi 1 500 000 000 dong
article_177_clause_2_point_b,article_177_clause_2,article_177,177,2,b,Tài sản là bảo vật quốc gia;,definition_or_list,tai san la bao vat quoc gia
article_177_clause_2_point_c,article_177_clause_2,article_177,177,2,c,Phạm tội 02 lần trở lên;,condition_or_rule,pham toi 02 lan tro len
article_177_clause_2_point_d,article_177_clause_2,article_177,177,2,d,"Lợi dụng chức vụ, quyền hạn;",condition_or_rule,loi dung chuc vu quyen han
article_177_clause_2_point_d,article_177_clause_2,article_177,177,2,đ,Tái phạm nguy hiểm.,condition_or_rule,tai pham nguy hiem
article_178_clause_1_point_a,article_178_clause_1,article_178,178,1,a,Đã bị xử phạt vi phạm hành chính về một trong các hành vi quy định tại Điều này mà còn vi phạm;,condition_or_rule,da bi xu phat vi pham hanh chinh ve mot trong cac hanh vi quy dinh tai dieu nay ma con vi pham
article_178_clause_1_point_b,article_178_clause_1,article_178,178,1,b,"Đã bị kết án về tội này, chưa được xóa án tích mà còn vi phạm;",condition_or_rule,da bi ket an ve toi nay chua duoc xoa an tich ma con vi pham
article_178_clause_1_point_c,article_178_clause_1,article_178,178,1,c,"Gây ảnh hưởng xấu đến an ninh, trật tự, an toàn xã hội;",condition_or_rule,gay anh huong xau den an ninh trat tu an toan xa hoi
article_178_clause_1_point_d,article_178_clause_1,article_178,178,1,d,Tài sản là phương tiện kiếm sống chính của người bị hại và gia đình họ;,definition_or_list,tai san la phuong tien kiem song chinh cua nguoi bi hai va gia dinh ho
article_178_clause_1_point_d,article_178_clause_1,article_178,178,1,đ,"Tài sản là di vật, cổ vật.",definition_or_list,tai san la di vat co vat
article_178_clause_2_point_a,article_178_clause_2,article_178,178,2,a,Có tổ chức;,condition_or_rule,co to chuc
article_178_clause_2_point_b,article_178_clause_2,article_178,178,2,b,Gây thiệt hại cho tài sản trị giá từ 50.000.000 đồng đến dưới 200.000.000 đồng;,condition_or_rule,gay thiet hai cho tai san tri gia tu 50 000 000 dong den duoi 200 000 000 dong
article_178_clause_2_point_c,article_178_clause_2,article_178,178,2,c,Tài sản là bảo vật quốc gia;,definition_or_list,tai san la bao vat quoc gia
article_178_clause_2_point_d,article_178_clause_2,article_178,178,2,d,"Dùng chất nguy hiểm về cháy, nổ hoặc thủ đoạn nguy hiểm khác;",condition_or_rule,dung chat nguy hiem ve chay no hoac thu doan nguy hiem khac
article_178_clause_2_point_d,article_178_clause_2,article_178,178,2,đ,Để che giấu tội phạm khác;,condition_or_rule,de che giau toi pham khac
article_178_clause_2_point_e,article_178_clause_2,article_178,178,2,e,Vì lý do công vụ của người bị hại;,condition_or_rule,vi ly do cong vu cua nguoi bi hai
article_178_clause_2_point_g,article_178_clause_2,article_178,178,2,g,Tái phạm nguy hiểm.,condition_or_rule,tai pham nguy hiem
article_182_clause_1_point_a,article_182_clause_1,article_182,182,1,a,Làm cho quan hệ hôn nhân của một hoặc hai bên dẫn đến ly hôn;,condition_or_rule,lam cho quan he hon nhan cua mot hoac hai ben dan den ly hon
article_182_clause_1_point_b,article_182_clause_1,article_182,182,1,b,Đã bị xử phạt vi phạm hành chính về hành vi này mà còn vi phạm.,condition_or_rule,da bi xu phat vi pham hanh chinh ve hanh vi nay ma con vi pham
article_182_clause_2_point_a,article_182_clause_2,article_182,182,2,a,"Làm cho vợ, chồng hoặc con của một trong hai bên tự sát;",condition_or_rule,lam cho vo chong hoac con cua mot trong hai ben tu sat
article_182_clause_2_point_b,article_182_clause_2,article_182,182,2,b,"Đã có quyết định của Tòa án hủy việc kết hôn hoặc buộc phải chấm dứt việc chung sống như vợ chồng trái với chế độ một vợ, một chồng mà vẫn duy trì quan hệ đó.",condition_or_rule,da co quyet dinh cua toa an huy viec ket hon hoac buoc phai cham dut viec chung song nhu vo chong trai voi che do mot vo mot chong ma van duy tri quan he do
article_185_clause_1_point_a,article_185_clause_1,article_185,185,1,a,"Thường xuyên làm cho nạn nhân bị đau đớn về thể xác, tinh thần;",condition_or_rule,thuong xuyen lam cho nan nhan bi dau don ve the xac tinh than
article_185_clause_1_point_b,article_185_clause_1,article_185,185,1,b,Đã bị xử phạt vi phạm hành chính về hành vi này mà còn vi phạm.,condition_or_rule,da bi xu phat vi pham hanh chinh ve hanh vi nay ma con vi pham
article_185_clause_2_point_a,article_185_clause_2,article_185,185,2,a,"Đối với người dưới 16 tuổi, phụ nữ mà biết là có thai, người già yếu;",definition_or_list,doi voi nguoi duoi 16 tuoi phu nu ma biet la co thai nguoi gia yeu
article_185_clause_2_point_b,article_185_clause_2,article_185,185,2,b,"Đối với người khuyết tật nặng, khuyết tật đặc biệt nặng hoặc người mắc bệnh hiểm nghèo.",condition_or_rule,doi voi nguoi khuyet tat nang khuyet tat dac biet nang hoac nguoi mac benh hiem ngheo
article_187_clause_2_point_a,article_187_clause_2,article_187,187,2,a,Đối với 02 người trở lên;,condition_or_rule,doi voi 02 nguoi tro len
article_187_clause_2_point_b,article_187_clause_2,article_187,187,2,b,Phạm tội 02 lần trở lên;,condition_or_rule,pham toi 02 lan tro len
article_187_clause_2_point_c,article_187_clause_2,article_187,187,2,c,"Lợi dụng danh nghĩa của cơ quan, tổ chức;",condition_or_rule,loi dung danh nghia cua co quan to chuc
article_187_clause_2_point_d,article_187_clause_2,article_187,187,2,d,Tái phạm nguy hiểm.,condition_or_rule,tai pham nguy hiem
article_188_clause_1_point_a,article_188_clause_1,article_188,188,1,a,"Đã bị xử phạt vi phạm hành chính về hành vi quy định tại Điều này hoặc tại một trong các điều 189, 190, 191, 192, 193, 194, 195, 196 và 200 của Bộ luật này hoặc đã bị kết án về một trong các tội này, chưa được xóa án tích mà còn vi phạm;",condition_or_rule,da bi xu phat vi pham hanh chinh ve hanh vi quy dinh tai dieu nay hoac tai mot trong cac dieu 189 190 191 192 193 194 195 196 va 200 cua bo luat nay hoac da bi ket an ve mot trong cac toi nay chua duoc xoa an tich ma con vi pham
article_188_clause_1_point_b,article_188_clause_1,article_188,188,1,b,"Vật phạm pháp là di vật, cổ vật.",definition_or_list,vat pham phap la di vat co vat
article_188_clause_2_point_a,article_188_clause_2,article_188,188,2,a,Có tổ chức;,condition_or_rule,co to chuc
article_188_clause_2_point_b,article_188_clause_2,article_188,188,2,b,Có tính chất chuyên nghiệp;,condition_or_rule,co tinh chat chuyen nghiep
article_188_clause_2_point_c,article_188_clause_2,article_188,188,2,c,Vật phạm pháp trị giá từ 300.000.000 đồng đến dưới 500.000.000 đồng;,condition_or_rule,vat pham phap tri gia tu 300 000 000 dong den duoi 500 000 000 dong
article_188_clause_2_point_d,article_188_clause_2,article_188,188,2,d,Thu lợi bất chính từ 100.000.000 đồng đến dưới 500.000.000 đồng;,condition_or_rule,thu loi bat chinh tu 100 000 000 dong den duoi 500 000 000 dong
article_188_clause_2_point_d,article_188_clause_2,article_188,188,2,đ,Vật phạm pháp là bảo vật quốc gia;,definition_or_list,vat pham phap la bao vat quoc gia
article_188_clause_2_point_e,article_188_clause_2,article_188,188,2,e,"Lợi dụng chức vụ, quyền hạn;",condition_or_rule,loi dung chuc vu quyen han
article_188_clause_2_point_g,article_188_clause_2,article_188,188,2,g,"Lợi dụng danh nghĩa cơ quan, tổ chức;",condition_or_rule,loi dung danh nghia co quan to chuc
article_188_clause_2_point_h,article_188_clause_2,article_188,188,2,h,Phạm tội 02 lần trở lên;,condition_or_rule,pham toi 02 lan tro len
article_188_clause_2_point_i,article_188_clause_2,article_188,188,2,i,Tái phạm nguy hiểm.,condition_or_rule,tai pham nguy hiem
article_188_clause_3_point_a,article_188_clause_3,article_188,188,3,a,Vật phạm pháp trị giá từ 500.000.000 đồng đến dưới 1.000.000.000 đồng;,condition_or_rule,vat pham phap tri gia tu 500 000 000 dong den duoi 1 000 000 000 dong
article_188_clause_3_point_b,article_188_clause_3,article_188,188,3,b,Thu lợi bất chính từ 500.000.000 đồng đến dưới 1.000.000.000 đồng.,condition_or_rule,thu loi bat chinh tu 500 000 000 dong den duoi 1 000 000 000 dong
article_188_clause_4_point_a,article_188_clause_4,article_188,188,4,a,Vật phạm pháp trị giá 1.000.000.000 đồng trở lên;,condition_or_rule,vat pham phap tri gia 1 000 000 000 dong tro len
article_188_clause_4_point_b,article_188_clause_4,article_188,188,4,b,Thu lợi bất chính 1.000.000.000 đồng trở lên;,condition_or_rule,thu loi bat chinh 1 000 000 000 dong tro len
article_188_clause_4_point_c,article_188_clause_4,article_188,188,4,c,"Lợi dụng chiến tranh, thiên tai, dịch bệnh hoặc hoàn cảnh đặc biệt khó khăn khác.",condition_or_rule,loi dung chien tranh thien tai dich benh hoac hoan canh dac biet kho khan khac
article_188_clause_6_point_a,article_188_clause_6,article_188,188,6,a,"Thực hiện hành vi quy định tại khoản 1 Điều này với hàng hóa, tiền Việt Nam, ngoại tệ, kim khí quý, đá quý trị giá từ 200.000.000 đồng đến dưới 300.000.000 đồng; hàng hóa trị giá dưới 200.000.000 đồng nhưng là di vật, cổ vật; hàng hóa, tiền Việt Nam, ngoại tệ, kim khí quý, đá quý trị giá từ 100.000.000 đồng đến dưới 200.000.000 đồng nhưng đã bị xử phạt vi phạm hành chính về hành vi quy định tại Điều này hoặc tại một trong các điều 189, 190, 191, 192, 193, 194, 195, 196 và 200 của Bộ luật này hoặc đã bị kết án về một trong các tội này, chưa được xóa án tích mà còn vi phạm, thì bị phạt tiền từ 300.000.000 đồng đến 1.000.000.000 đồng;",penalty_frame,thuc hien hanh vi quy dinh tai khoan 1 dieu nay voi hang hoa tien viet nam ngoai te kim khi quy da quy tri gia tu 200 000 000 dong den duoi 300 000 000 dong hang hoa tri gia duoi 200 000 000 dong nhung la di vat co vat hang hoa tien viet nam ngoai te kim khi quy da quy tri gia tu 100 000 000 dong den duoi 200 000 000 dong nhung da bi xu phat vi pham hanh chinh ve hanh vi quy dinh tai dieu nay hoac tai mot trong cac dieu 189 190 191 192 193 194 195 196 va 200 cua bo luat nay hoac da bi ket an ve mot trong cac toi nay chua duoc xoa an tich ma con vi pham thi bi phat tien tu 300 000 000 dong den 1 000 000 000 dong
article_188_clause_6_point_b,article_188_clause_6,article_188,188,6,b,"Phạm tội thuộc một trong các trường hợp quy định tại các điểm a, b, c, d, đ, h và i khoản 2 Điều này, thì bị phạt tiền từ 1.000.000.000 đồng đến 3.000.000.000 đồng;",penalty_frame,pham toi thuoc mot trong cac truong hop quy dinh tai cac diem a b c d d h va i khoan 2 dieu nay thi bi phat tien tu 1 000 000 000 dong den 3 000 000 000 dong
article_188_clause_6_point_c,article_188_clause_6,article_188,188,6,c,"Phạm tội thuộc trường hợp quy định tại khoản 3 Điều này, thì bị phạt tiền từ 3.000.000.000 đồng đến 7.000.000.000 đồng;",penalty_frame,pham toi thuoc truong hop quy dinh tai khoan 3 dieu nay thi bi phat tien tu 3 000 000 000 dong den 7 000 000 000 dong
article_188_clause_6_point_d,article_188_clause_6,article_188,188,6,d,"Phạm tội thuộc trường hợp quy định tại khoản 4 Điều này, thì bị phạt tiền từ 7.000.000.000 đồng đến 15.000.000.000 đồng hoặc đình chỉ hoạt động có thời hạn từ 06 tháng đến 03 năm;",penalty_frame,pham toi thuoc truong hop quy dinh tai khoan 4 dieu nay thi bi phat tien tu 7 000 000 000 dong den 15 000 000 000 dong hoac dinh chi hoat dong co thoi han tu 06 thang den 03 nam
article_188_clause_6_point_d,article_188_clause_6,article_188,188,6,đ,"Phạm tội thuộc trường hợp quy định tại Điều 79 của Bộ luật này, thì bị đình chỉ hoạt động vĩnh viễn;",condition_or_rule,pham toi thuoc truong hop quy dinh tai dieu 79 cua bo luat nay thi bi dinh chi hoat dong vinh vien
article_188_clause_6_point_e,article_188_clause_6,article_188,188,6,e,"Pháp nhân thương mại còn có thể bị phạt tiền từ 50.000.000 đồng đến 300.000.000 đồng, cấm kinh doanh, cấm hoạt động trong một số lĩnh vực nhất định hoặc cấm huy động vốn từ 01 năm đến 03 năm.",penalty_frame,phap nhan thuong mai con co the bi phat tien tu 50 000 000 dong den 300 000 000 dong cam kinh doanh cam hoat dong trong mot so linh vuc nhat dinh hoac cam huy dong von tu 01 nam den 03 nam
article_189_clause_1_point_a,article_189_clause_1,article_189,189,1,a,"Đã bị xử phạt vi phạm hành chính về hành vi quy định tại Điều này hoặc tại một trong các điều 188, 190, 191, 192, 193, 194, 195, 196 và 200 của Bộ luật này hoặc đã bị kết án về một trong các tội này, chưa được xóa án tích mà còn vi phạm;",condition_or_rule,da bi xu phat vi pham hanh chinh ve hanh vi quy dinh tai dieu nay hoac tai mot trong cac dieu 188 190 191 192 193 194 195 196 va 200 cua bo luat nay hoac da bi ket an ve mot trong cac toi nay chua duoc xoa an tich ma con vi pham
article_189_clause_1_point_b,article_189_clause_1,article_189,189,1,b,"Vật phạm pháp là di vật, cổ vật.",definition_or_list,vat pham phap la di vat co vat
article_189_clause_2_point_a,article_189_clause_2,article_189,189,2,a,Có tổ chức;,condition_or_rule,co to chuc
article_189_clause_2_point_b,article_189_clause_2,article_189,189,2,b,Vật phạm pháp trị giá từ 300.000.000 đồng đến dưới 500.000.000 đồng;,condition_or_rule,vat pham phap tri gia tu 300 000 000 dong den duoi 500 000 000 dong
article_189_clause_2_point_c,article_189_clause_2,article_189,189,2,c,Vật phạm pháp là bảo vật quốc gia;,definition_or_list,vat pham phap la bao vat quoc gia
article_189_clause_2_point_d,article_189_clause_2,article_189,189,2,d,"Lợi dụng chức vụ, quyền hạn;",condition_or_rule,loi dung chuc vu quyen han
article_189_clause_2_point_d,article_189_clause_2,article_189,189,2,đ,"Lợi dụng danh nghĩa cơ quan, tổ chức;",condition_or_rule,loi dung danh nghia co quan to chuc
article_189_clause_2_point_e,article_189_clause_2,article_189,189,2,e,Phạm tội 02 lần trở lên;,condition_or_rule,pham toi 02 lan tro len
article_189_clause_2_point_g,article_189_clause_2,article_189,189,2,g,Tái phạm nguy hiểm.,condition_or_rule,tai pham nguy hiem
article_189_clause_5_point_a,article_189_clause_5,article_189,189,5,a,"Thực hiện hành vi quy định tại khoản 1 Điều này với hàng hóa, tiền Việt Nam, ngoại tệ, kim khí quý, đá quý trị giá từ 200.000.000 đồng đến dưới 300.000.000 đồng; hàng hóa trị giá dưới 200.000.000 đồng nhưng là di vật, cổ vật; hàng hóa, tiền Việt Nam, ngoại tệ, kim khí quý, đá quý trị giá từ 100.000.000 đồng đến dưới 200.000.000 đồng nhưng đã bị xử phạt vi phạm hành chính về hành vi quy định tại Điều này hoặc tại một trong các điều 188, 190, 191, 192, 193, 194, 195, 196 và 200 của Bộ luật này hoặc đã bị kết án về một trong các tội này, chưa được xóa án tích mà còn vi phạm, thì bị phạt tiền từ 200.000.000 đồng đến 500.000.000 đồng;",penalty_frame,thuc hien hanh vi quy dinh tai khoan 1 dieu nay voi hang hoa tien viet nam ngoai te kim khi quy da quy tri gia tu 200 000 000 dong den duoi 300 000 000 dong hang hoa tri gia duoi 200 000 000 dong nhung la di vat co vat hang hoa tien viet nam ngoai te kim khi quy da quy tri gia tu 100 000 000 dong den duoi 200 000 000 dong nhung da bi xu phat vi pham hanh chinh ve hanh vi quy dinh tai dieu nay hoac tai mot trong cac dieu 188 190 191 192 193 194 195 196 va 200 cua bo luat nay hoac da bi ket an ve mot trong cac toi nay chua duoc xoa an tich ma con vi pham thi bi phat tien tu 200 000 000 dong den 500 000 000 dong
article_189_clause_5_point_b,article_189_clause_5,article_189,189,5,b,"Phạm tội thuộc một trong các trường hợp quy định tại các điểm a, b, c, e và g khoản 2 Điều này, thì bị phạt tiền từ 500.000.000 đồng đến 2.000.000.000 đồng;",penalty_frame,pham toi thuoc mot trong cac truong hop quy dinh tai cac diem a b c e va g khoan 2 dieu nay thi bi phat tien tu 500 000 000 dong den 2 000 000 000 dong
article_189_clause_5_point_c,article_189_clause_5,article_189,189,5,c,"Phạm tội thuộc trường hợp quy định tại khoản 3 Điều này, thì bị phạt tiền từ 2.000.000.000 đồng đến 5.000.000.000 đồng hoặc đình chỉ hoạt động có thời hạn từ 06 tháng đến 03 năm;",penalty_frame,pham toi thuoc truong hop quy dinh tai khoan 3 dieu nay thi bi phat tien tu 2 000 000 000 dong den 5 000 000 000 dong hoac dinh chi hoat dong co thoi han tu 06 thang den 03 nam
article_189_clause_5_point_d,article_189_clause_5,article_189,189,5,d,"Phạm tội thuộc trường hợp quy định tại Điều 79 của Bộ luật này, thì bị đình chỉ hoạt động vĩnh viễn;",condition_or_rule,pham toi thuoc truong hop quy dinh tai dieu 79 cua bo luat nay thi bi dinh chi hoat dong vinh vien
article_189_clause_5_point_d,article_189_clause_5,article_189,189,5,đ,"Pháp nhân thương mại còn có thể bị phạt tiền từ 50.000.000 đồng đến 200.000.000 đồng, cấm kinh doanh, cấm hoạt động trong một số lĩnh vực nhất định hoặc cấm huy động vốn từ 01 năm đến 03 năm.",penalty_frame,phap nhan thuong mai con co the bi phat tien tu 50 000 000 dong den 200 000 000 dong cam kinh doanh cam hoat dong trong mot so linh vuc nhat dinh hoac cam huy dong von tu 01 nam den 03 nam
article_190_clause_1_point_a,article_190_clause_1,article_190,190,1,a,"Sản xuất, buôn bán thuốc bảo vệ thực vật mà Nhà nước cấm kinh doanh, cấm lưu hành, cấm sử dụng từ 50 kilôgam đến dưới 100 kilôgam hoặc từ 50 lít đến dưới 100 lít;",condition_or_rule,san xuat buon ban thuoc bao ve thuc vat ma nha nuoc cam kinh doanh cam luu hanh cam su dung tu 50 kilogam den duoi 100 kilogam hoac tu 50 lit den duoi 100 lit
article_190_clause_1_point_b,article_190_clause_1,article_190,190,1,b,Buôn bán thuốc lá điếu nhập lậu từ 1.500 bao đến dưới 3.000 bao;,condition_or_rule,buon ban thuoc la dieu nhap lau tu 1 500 bao den duoi 3 000 bao
article_190_clause_1_point_c,article_190_clause_1,article_190,190,1,c,"Sản xuất, buôn bán pháo nổ từ 06 kilôgam đến dưới 40 kilôgam;",condition_or_rule,san xuat buon ban phao no tu 06 kilogam den duoi 40 kilogam
article_190_clause_1_point_d,article_190_clause_1,article_190,190,1,d,"Sản xuất, buôn bán hàng hóa khác mà Nhà nước cấm kinh doanh, cấm lưu hành, cấm sử dụng trị giá từ 100.000.000 đồng đến dưới 300.000.000 đồng hoặc thu lợi bất chính từ 50.000.000 đồng đến dưới 200.000.000 đồng;",condition_or_rule,san xuat buon ban hang hoa khac ma nha nuoc cam kinh doanh cam luu hanh cam su dung tri gia tu 100 000 000 dong den duoi 300 000 000 dong hoac thu loi bat chinh tu 50 000 000 dong den duoi 200 000 000 dong
article_190_clause_1_point_d,article_190_clause_1,article_190,190,1,đ,"Sản xuất, buôn bán hàng hóa chưa được phép lưu hành, chưa được phép sử dụng tại Việt Nam trị giá từ 200.000.000 đồng đến dưới 500.000.000 đồng hoặc thu lợi bất chính từ 100.000.000 đồng đến dưới 300.000.000 đồng;",condition_or_rule,san xuat buon ban hang hoa chua duoc phep luu hanh chua duoc phep su dung tai viet nam tri gia tu 200 000 000 dong den duoi 500 000 000 dong hoac thu loi bat chinh tu 100 000 000 dong den duoi 300 000 000 dong
article_190_clause_1_point_e,article_190_clause_1,article_190,190,1,e,"Sản xuất, buôn bán hàng hóa dưới mức quy định tại các điểm a, b, c, d và đ khoản này nhưng đã bị xử phạt vi phạm hành chính về một trong các hành vi quy định tại Điều này hoặc tại một trong các điều 188, 189, 191, 192, 193, 194, 195, 196 và 200 của Bộ luật này hoặc đã bị kết án về một trong các tội này, chưa được xóa án tích mà còn vi phạm.",condition_or_rule,san xuat buon ban hang hoa duoi muc quy dinh tai cac diem a b c d va d khoan nay nhung da bi xu phat vi pham hanh chinh ve mot trong cac hanh vi quy dinh tai dieu nay hoac tai mot trong cac dieu 188 189 191 192 193 194 195 196 va 200 cua bo luat nay hoac da bi ket an ve mot trong cac toi nay chua duoc xoa an tich ma con vi pham
article_190_clause_2_point_a,article_190_clause_2,article_190,190,2,a,Có tổ chức;,condition_or_rule,co to chuc
article_190_clause_2_point_b,article_190_clause_2,article_190,190,2,b,"Lợi dụng chức vụ, quyền hạn;",condition_or_rule,loi dung chuc vu quyen han
article_190_clause_2_point_c,article_190_clause_2,article_190,190,2,c,"Lợi dụng danh nghĩa cơ quan, tổ chức;",condition_or_rule,loi dung danh nghia co quan to chuc
article_190_clause_2_point_d,article_190_clause_2,article_190,190,2,d,Có tính chất chuyên nghiệp;,condition_or_rule,co tinh chat chuyen nghiep
article_190_clause_2_point_d,article_190_clause_2,article_190,190,2,đ,"Thuốc bảo vệ thực vật mà Nhà nước cấm kinh doanh, cấm lưu hành, cấm sử dụng từ 100 kilôgam đến dưới 300 kilôgam hoặc từ 100 lít đến dưới 300 lít;",condition_or_rule,thuoc bao ve thuc vat ma nha nuoc cam kinh doanh cam luu hanh cam su dung tu 100 kilogam den duoi 300 kilogam hoac tu 100 lit den duoi 300 lit
article_190_clause_2_point_e,article_190_clause_2,article_190,190,2,e,Thuốc lá điếu nhập lậu từ 3.000 bao đến dưới 4.500 bao;,condition_or_rule,thuoc la dieu nhap lau tu 3 000 bao den duoi 4 500 bao
article_190_clause_2_point_g,article_190_clause_2,article_190,190,2,g,Pháo nổ từ 40 kilôgam đến dưới 120 kilôgam;,condition_or_rule,phao no tu 40 kilogam den duoi 120 kilogam
article_190_clause_2_point_h,article_190_clause_2,article_190,190,2,h,"Hàng hóa khác mà Nhà nước cấm kinh doanh, cấm lưu hành, cấm sử dụng trị giá từ 300.000.000 đồng đến dưới 500.000.000 đồng hoặc thu lợi bất chính từ 200.000.000 đồng đến dưới 500.000.000 đồng;",condition_or_rule,hang hoa khac ma nha nuoc cam kinh doanh cam luu hanh cam su dung tri gia tu 300 000 000 dong den duoi 500 000 000 dong hoac thu loi bat chinh tu 200 000 000 dong den duoi 500 000 000 dong
article_190_clause_2_point_i,article_190_clause_2,article_190,190,2,i,"Hàng hóa chưa được phép lưu hành, chưa được phép sử dụng tại Việt Nam trị giá từ 500.000.000 đồng đến dưới 1.000.000.000 đồng hoặc thu lợi bất chính từ 300.000.000 đồng đến dưới 700.000.000 đồng;",condition_or_rule,hang hoa chua duoc phep luu hanh chua duoc phep su dung tai viet nam tri gia tu 500 000 000 dong den duoi 1 000 000 000 dong hoac thu loi bat chinh tu 300 000 000 dong den duoi 700 000 000 dong
article_190_clause_2_point_k,article_190_clause_2,article_190,190,2,k,"Buôn bán qua biên giới, trừ hàng hóa là thuốc lá điếu nhập lậu;",definition_or_list,buon ban qua bien gioi tru hang hoa la thuoc la dieu nhap lau
article_190_clause_2_point_l,article_190_clause_2,article_190,190,2,l,Tái phạm nguy hiểm.,condition_or_rule,tai pham nguy hiem
article_190_clause_3_point_a,article_190_clause_3,article_190,190,3,a,"Thuốc bảo vệ thực vật mà Nhà nước cấm kinh doanh, cấm lưu hành, cấm sử dụng 300 kilôgam trở lên hoặc 300 lít trở lên;",condition_or_rule,thuoc bao ve thuc vat ma nha nuoc cam kinh doanh cam luu hanh cam su dung 300 kilogam tro len hoac 300 lit tro len
article_190_clause_3_point_b,article_190_clause_3,article_190,190,3,b,Thuốc lá điếu nhập lậu 4.500 bao trở lên;,condition_or_rule,thuoc la dieu nhap lau 4 500 bao tro len
article_190_clause_3_point_c,article_190_clause_3,article_190,190,3,c,Pháo nổ 120 kilôgam trở lên;,condition_or_rule,phao no 120 kilogam tro len
article_190_clause_3_point_d,article_190_clause_3,article_190,190,3,d,"Hàng hóa khác mà Nhà nước cấm kinh doanh, cấm lưu hành, cấm sử dụng trị giá 500.000.000 đồng trở lên hoặc thu lợi bất chính 500.000.000 đồng trở lên;",condition_or_rule,hang hoa khac ma nha nuoc cam kinh doanh cam luu hanh cam su dung tri gia 500 000 000 dong tro len hoac thu loi bat chinh 500 000 000 dong tro len
article_190_clause_3_point_d,article_190_clause_3,article_190,190,3,đ,"Hàng hóa chưa được phép lưu hành, chưa được phép sử dụng tại Việt Nam trị giá 1.000.000.000 đồng trở lên hoặc thu lợi bất chính 700.000.000 đồng trở lên.",condition_or_rule,hang hoa chua duoc phep luu hanh chua duoc phep su dung tai viet nam tri gia 1 000 000 000 dong tro len hoac thu loi bat chinh 700 000 000 dong tro len
article_190_clause_5_point_a,article_190_clause_5,article_190,190,5,a,"Phạm tội thuộc trường hợp quy định tại khoản 1 Điều này, thì bị phạt tiền từ 1.000.000.000 đồng đến 3.000.000.000 đồng;",penalty_frame,pham toi thuoc truong hop quy dinh tai khoan 1 dieu nay thi bi phat tien tu 1 000 000 000 dong den 3 000 000 000 dong
article_190_clause_5_point_b,article_190_clause_5,article_190,190,5,b,"Phạm tội thuộc một trong các trường hợp quy định tại các điểm a, d, đ, e, g, h, i, k và l khoản 2 Điều này, thì bị phạt tiền từ 3.000.000.000 đồng đến 6.000.000.000 đồng;",penalty_frame,pham toi thuoc mot trong cac truong hop quy dinh tai cac diem a d d e g h i k va l khoan 2 dieu nay thi bi phat tien tu 3 000 000 000 dong den 6 000 000 000 dong
article_190_clause_5_point_c,article_190_clause_5,article_190,190,5,c,"Phạm tội thuộc trường hợp quy định tại khoản 3 Điều này, thì bị phạt tiền từ 6.000.000.000 đồng đến 9.000.000.000 đồng hoặc đình chỉ hoạt động có thời hạn từ 06 tháng đến 03 năm;",penalty_frame,pham toi thuoc truong hop quy dinh tai khoan 3 dieu nay thi bi phat tien tu 6 000 000 000 dong den 9 000 000 000 dong hoac dinh chi hoat dong co thoi han tu 06 thang den 03 nam
article_190_clause_5_point_d,article_190_clause_5,article_190,190,5,d,"Phạm tội thuộc trường hợp quy định tại Điều 79 của Bộ luật này, thì bị đình chỉ hoạt động vĩnh viễn;",condition_or_rule,pham toi thuoc truong hop quy dinh tai dieu 79 cua bo luat nay thi bi dinh chi hoat dong vinh vien
article_190_clause_5_point_d,article_190_clause_5,article_190,190,5,đ,"Pháp nhân thương mại còn có thể bị phạt tiền từ 50.000.000 đồng đến 200.000.000 đồng, cấm kinh doanh, cấm hoạt động trong một số lĩnh vực nhất định hoặc cấm huy động vốn từ 01 năm đến 03 năm.",penalty_frame,phap nhan thuong mai con co the bi phat tien tu 50 000 000 dong den 200 000 000 dong cam kinh doanh cam hoat dong trong mot so linh vuc nhat dinh hoac cam huy dong von tu 01 nam den 03 nam
article_191_clause_1_point_a,article_191_clause_1,article_191,191,1,a,"Thuốc bảo vệ thực vật mà Nhà nước cấm kinh doanh, cấm lưu hành, cấm sử dụng từ 50 kilôgam đến dưới 100 kilôgam hoặc từ 50 lít đến dưới 100 lít;",condition_or_rule,thuoc bao ve thuc vat ma nha nuoc cam kinh doanh cam luu hanh cam su dung tu 50 kilogam den duoi 100 kilogam hoac tu 50 lit den duoi 100 lit
article_191_clause_1_point_b,article_191_clause_1,article_191,191,1,b,Thuốc lá điếu nhập lậu từ 1.500 bao đến dưới 3.000 bao;,condition_or_rule,thuoc la dieu nhap lau tu 1 500 bao den duoi 3 000 bao
article_191_clause_1_point_c,article_191_clause_1,article_191,191,1,c,Pháo nổ từ 06 kilôgam đến dưới 40 kilôgam;,condition_or_rule,phao no tu 06 kilogam den duoi 40 kilogam
article_191_clause_1_point_d,article_191_clause_1,article_191,191,1,d,"Hàng hóa khác mà Nhà nước cấm kinh doanh, cấm lưu hành, cấm sử dụng trị giá từ 100.000.000 đồng đến dưới 300.000.000 đồng hoặc thu lợi bất chính từ 50.000.000 đồng đến dưới 200.000.000 đồng;",condition_or_rule,hang hoa khac ma nha nuoc cam kinh doanh cam luu hanh cam su dung tri gia tu 100 000 000 dong den duoi 300 000 000 dong hoac thu loi bat chinh tu 50 000 000 dong den duoi 200 000 000 dong
article_191_clause_1_point_d,article_191_clause_1,article_191,191,1,đ,"Hàng hóa chưa được phép lưu hành, chưa được phép sử dụng tại Việt Nam trị giá từ 200.000.000 đồng đến dưới 500.000.000 đồng hoặc thu lợi bất chính từ 100.000.000 đồng đến dưới 300.000.000 đồng;",condition_or_rule,hang hoa chua duoc phep luu hanh chua duoc phep su dung tai viet nam tri gia tu 200 000 000 dong den duoi 500 000 000 dong hoac thu loi bat chinh tu 100 000 000 dong den duoi 300 000 000 dong
article_191_clause_1_point_e,article_191_clause_1,article_191,191,1,e,"Hàng hóa dưới mức quy định tại các điểm a, b, c, d và đ khoản này nhưng đã bị xử phạt vi phạm hành chính về một trong các hành vi quy định tại Điều này hoặc tại một trong các điều 188, 189, 190, 192, 193, 194, 195, 196 và 200 của Bộ luật này hoặc đã bị kết án về một trong các tội này, chưa được xóa án tích mà còn vi phạm.",condition_or_rule,hang hoa duoi muc quy dinh tai cac diem a b c d va d khoan nay nhung da bi xu phat vi pham hanh chinh ve mot trong cac hanh vi quy dinh tai dieu nay hoac tai mot trong cac dieu 188 189 190 192 193 194 195 196 va 200 cua bo luat nay hoac da bi ket an ve mot trong cac toi nay chua duoc xoa an tich ma con vi pham
article_191_clause_2_point_a,article_191_clause_2,article_191,191,2,a,Có tổ chức;,condition_or_rule,co to chuc
article_191_clause_2_point_b,article_191_clause_2,article_191,191,2,b,"Lợi dụng chức vụ, quyền hạn;",condition_or_rule,loi dung chuc vu quyen han
article_191_clause_2_point_c,article_191_clause_2,article_191,191,2,c,"Lợi dụng danh nghĩa cơ quan, tổ chức;",condition_or_rule,loi dung danh nghia co quan to chuc
article_191_clause_2_point_d,article_191_clause_2,article_191,191,2,d,Có tính chất chuyên nghiệp;,condition_or_rule,co tinh chat chuyen nghiep
article_191_clause_2_point_d,article_191_clause_2,article_191,191,2,đ,"Thuốc bảo vệ thực vật mà Nhà nước cấm kinh doanh, cấm lưu hành, cấm sử dụng từ 100 kilôgam đến dưới 300 kilôgam hoặc từ 100 lít đến dưới 300 lít;",condition_or_rule,thuoc bao ve thuc vat ma nha nuoc cam kinh doanh cam luu hanh cam su dung tu 100 kilogam den duoi 300 kilogam hoac tu 100 lit den duoi 300 lit
article_191_clause_2_point_e,article_191_clause_2,article_191,191,2,e,Thuốc lá điếu nhập lậu từ 3.000 bao đến dưới 4.500 bao;,condition_or_rule,thuoc la dieu nhap lau tu 3 000 bao den duoi 4 500 bao
article_191_clause_2_point_g,article_191_clause_2,article_191,191,2,g,Pháo nổ từ 40 kilôgam đến dưới 120 kilôgam;,condition_or_rule,phao no tu 40 kilogam den duoi 120 kilogam
article_191_clause_2_point_h,article_191_clause_2,article_191,191,2,h,"Hàng hóa khác mà Nhà nước cấm kinh doanh, cấm lưu hành, cấm sử dụng trị giá từ 300.000.000 đồng đến dưới 500.000.000 đồng hoặc thu lợi bất chính từ 200.000.000 đồng đến dưới 500.000.000 đồng;",condition_or_rule,hang hoa khac ma nha nuoc cam kinh doanh cam luu hanh cam su dung tri gia tu 300 000 000 dong den duoi 500 000 000 dong hoac thu loi bat chinh tu 200 000 000 dong den duoi 500 000 000 dong
article_191_clause_2_point_i,article_191_clause_2,article_191,191,2,i,"Hàng hóa chưa được phép lưu hành, chưa được phép sử dụng tại Việt Nam trị giá từ 500.000.000 đồng đến dưới 1.000.000.000 đồng hoặc thu lợi bất chính từ 300.000.000 đồng đến dưới 700.000.000 đồng;",condition_or_rule,hang hoa chua duoc phep luu hanh chua duoc phep su dung tai viet nam tri gia tu 500 000 000 dong den duoi 1 000 000 000 dong hoac thu loi bat chinh tu 300 000 000 dong den duoi 700 000 000 dong
article_191_clause_2_point_k,article_191_clause_2,article_191,191,2,k,"Vận chuyển qua biên giới, trừ hàng hóa là thuốc lá điếu nhập lậu;",definition_or_list,van chuyen qua bien gioi tru hang hoa la thuoc la dieu nhap lau
article_191_clause_2_point_l,article_191_clause_2,article_191,191,2,l,Tái phạm nguy hiểm.,condition_or_rule,tai pham nguy hiem
article_191_clause_3_point_a,article_191_clause_3,article_191,191,3,a,"Thuốc bảo vệ thực vật mà Nhà nước cấm kinh doanh, cấm lưu hành, cấm sử dụng 300 kilôgam trở lên hoặc 300 lít trở lên;",condition_or_rule,thuoc bao ve thuc vat ma nha nuoc cam kinh doanh cam luu hanh cam su dung 300 kilogam tro len hoac 300 lit tro len
article_191_clause_3_point_b,article_191_clause_3,article_191,191,3,b,Thuốc lá điếu nhập lậu 4.500 bao trở lên;,condition_or_rule,thuoc la dieu nhap lau 4 500 bao tro len
article_191_clause_3_point_c,article_191_clause_3,article_191,191,3,c,Pháo nổ 120 kilôgam trở lên;,condition_or_rule,phao no 120 kilogam tro len
article_191_clause_3_point_d,article_191_clause_3,article_191,191,3,d,"Hàng hóa khác mà Nhà nước cấm kinh doanh, cấm lưu hành, cấm sử dụng trị giá 500.000.000 đồng trở lên hoặc thu lợi bất chính 500.000.000 đồng trở lên;",condition_or_rule,hang hoa khac ma nha nuoc cam kinh doanh cam luu hanh cam su dung tri gia 500 000 000 dong tro len hoac thu loi bat chinh 500 000 000 dong tro len
article_191_clause_3_point_d,article_191_clause_3,article_191,191,3,đ,"Hàng hóa chưa được phép lưu hành, chưa được phép sử dụng tại Việt Nam trị giá 1.000.000.000 đồng trở lên hoặc thu lợi bất chính 700.000.000 đồng trở lên.",condition_or_rule,hang hoa chua duoc phep luu hanh chua duoc phep su dung tai viet nam tri gia 1 000 000 000 dong tro len hoac thu loi bat chinh 700 000 000 dong tro len
article_191_clause_5_point_a,article_191_clause_5,article_191,191,5,a,"Phạm tội thuộc trường hợp quy định tại khoản 1 Điều này, thì bị phạt tiền từ 300.000.000 đồng đến 1.000.000.000 đồng;",penalty_frame,pham toi thuoc truong hop quy dinh tai khoan 1 dieu nay thi bi phat tien tu 300 000 000 dong den 1 000 000 000 dong
article_191_clause_5_point_b,article_191_clause_5,article_191,191,5,b,"Phạm tội thuộc một trong các trường hợp quy định tại các điểm a, d, đ, e, g, h, i, k và l khoản 2 Điều này, thì bị phạt tiền từ 1.000.000.000 đồng đến 3.000.000.000 đồng;",penalty_frame,pham toi thuoc mot trong cac truong hop quy dinh tai cac diem a d d e g h i k va l khoan 2 dieu nay thi bi phat tien tu 1 000 000 000 dong den 3 000 000 000 dong
article_191_clause_5_point_c,article_191_clause_5,article_191,191,5,c,"Phạm tội thuộc trường hợp quy định tại khoản 3 Điều này, thì bị phạt tiền từ 3.000.000.000 đồng đến 5.000.000.000 đồng hoặc đình chỉ hoạt động có thời hạn từ 06 tháng đến 03 năm;",penalty_frame,pham toi thuoc truong hop quy dinh tai khoan 3 dieu nay thi bi phat tien tu 3 000 000 000 dong den 5 000 000 000 dong hoac dinh chi hoat dong co thoi han tu 06 thang den 03 nam
article_191_clause_5_point_d,article_191_clause_5,article_191,191,5,d,"Phạm tội thuộc trường hợp quy định tại Điều 79 của Bộ luật này, thì bị đình chỉ hoạt động vĩnh viễn;",condition_or_rule,pham toi thuoc truong hop quy dinh tai dieu 79 cua bo luat nay thi bi dinh chi hoat dong vinh vien
article_191_clause_5_point_d,article_191_clause_5,article_191,191,5,đ,"Pháp nhân thương mại còn có thể bị phạt tiền từ 50.000.000 đồng đến 200.000.000 đồng, cấm kinh doanh, cấm hoạt động trong một số lĩnh vực nhất định hoặc cấm huy động vốn từ 01 năm đến 03 năm.",penalty_frame,phap nhan thuong mai con co the bi phat tien tu 50 000 000 dong den 200 000 000 dong cam kinh doanh cam hoat dong trong mot so linh vuc nhat dinh hoac cam huy dong von tu 01 nam den 03 nam
article_192_clause_1_point_a,article_192_clause_1,article_192,192,1,a,"Hàng giả tương đương với số lượng của hàng thật hoặc hàng hóa có cùng tính năng kỹ thuật, công dụng trị giá từ 30.000.000 đồng đến dưới 150.000.000 đồng hoặc dưới 30.000.000 đồng nhưng đã bị xử phạt vi phạm hành chính về một trong các hành vi quy định tại Điều này hoặc tại một trong các điều 188, 189, 190, 191, 193, 194, 195, 196 và 200 của Bộ luật này hoặc đã bị kết án về một trong các tội này, chưa được xóa án tích mà còn vi phạm;",condition_or_rule,hang gia tuong duong voi so luong cua hang that hoac hang hoa co cung tinh nang ky thuat cong dung tri gia tu 30 000 000 dong den duoi 150 000 000 dong hoac duoi 30 000 000 dong nhung da bi xu phat vi pham hanh chinh ve mot trong cac hanh vi quy dinh tai dieu nay hoac tai mot trong cac dieu 188 189 190 191 193 194 195 196 va 200 cua bo luat nay hoac da bi ket an ve mot trong cac toi nay chua duoc xoa an tich ma con vi pham
article_192_clause_1_point_b,article_192_clause_1,article_192,192,1,b,Gây thương tích hoặc gây tổn hại cho sức khỏe của người khác mà tỷ lệ tổn thương cơ thể từ 31% đến 60%;,condition_or_rule,gay thuong tich hoac gay ton hai cho suc khoe cua nguoi khac ma ty le ton thuong co the tu 31 den 60
article_192_clause_1_point_c,article_192_clause_1,article_192,192,1,c,Thu lợi bất chính từ 50.000.000 đồng đến dưới 100.000.000 đồng;,condition_or_rule,thu loi bat chinh tu 50 000 000 dong den duoi 100 000 000 dong
article_192_clause_1_point_d,article_192_clause_1,article_192,192,1,d,Gây thiệt hại về tài sản từ 100.000.000 đồng đến dưới 500.000.000 đồng.,condition_or_rule,gay thiet hai ve tai san tu 100 000 000 dong den duoi 500 000 000 dong
article_192_clause_2_point_a,article_192_clause_2,article_192,192,2,a,Có tổ chức;,condition_or_rule,co to chuc
article_192_clause_2_point_b,article_192_clause_2,article_192,192,2,b,Có tính chất chuyên nghiệp;,condition_or_rule,co tinh chat chuyen nghiep
article_192_clause_2_point_c,article_192_clause_2,article_192,192,2,c,"Lợi dụng chức vụ, quyền hạn;",condition_or_rule,loi dung chuc vu quyen han
article_192_clause_2_point_d,article_192_clause_2,article_192,192,2,d,"Lợi dụng danh nghĩa cơ quan, tổ chức;",condition_or_rule,loi dung danh nghia co quan to chuc
article_192_clause_2_point_d,article_192_clause_2,article_192,192,2,đ,"Hàng giả tương đương với số lượng của hàng thật hoặc hàng hóa có cùng tính năng kỹ thuật, công dụng trị giá từ 150.000.000 đồng đến dưới 500.000.000 đồng;",condition_or_rule,hang gia tuong duong voi so luong cua hang that hoac hang hoa co cung tinh nang ky thuat cong dung tri gia tu 150 000 000 dong den duoi 500 000 000 dong
article_192_clause_2_point_e,article_192_clause_2,article_192,192,2,e,Thu lợi bất chính từ 100.000.000 đồng đến dưới 500.000.000 đồng;,condition_or_rule,thu loi bat chinh tu 100 000 000 dong den duoi 500 000 000 dong
article_192_clause_2_point_g,article_192_clause_2,article_192,192,2,g,Làm chết người;,condition_or_rule,lam chet nguoi
article_192_clause_2_point_h,article_192_clause_2,article_192,192,2,h,Gây thương tích hoặc gây tổn hại cho sức khỏe của người khác mà tỷ lệ tổn thương cơ thể 61% trở lên;,condition_or_rule,gay thuong tich hoac gay ton hai cho suc khoe cua nguoi khac ma ty le ton thuong co the 61 tro len
article_192_clause_2_point_i,article_192_clause_2,article_192,192,2,i,Gây thương tích hoặc gây tổn hại cho sức khỏe của 02 người trở lên mà tổng tỷ lệ tổn thương cơ thể của những người này từ 61% đến 121%;,condition_or_rule,gay thuong tich hoac gay ton hai cho suc khoe cua 02 nguoi tro len ma tong ty le ton thuong co the cua nhung nguoi nay tu 61 den 121
article_192_clause_2_point_k,article_192_clause_2,article_192,192,2,k,Gây thiệt hại về tài sản từ 500.000.000 đồng đến dưới 1.500.000.000 đồng;,condition_or_rule,gay thiet hai ve tai san tu 500 000 000 dong den duoi 1 500 000 000 dong
article_192_clause_2_point_l,article_192_clause_2,article_192,192,2,l,Buôn bán qua biên giới;,condition_or_rule,buon ban qua bien gioi
article_192_clause_2_point_m,article_192_clause_2,article_192,192,2,m,Tái phạm nguy hiểm.,condition_or_rule,tai pham nguy hiem
article_192_clause_3_point_a,article_192_clause_3,article_192,192,3,a,"Hàng giả tương đương với số lượng của hàng thật hoặc hàng hóa có cùng tính năng kỹ thuật, công dụng trị giá 500.000.000 đồng trở lên;",condition_or_rule,hang gia tuong duong voi so luong cua hang that hoac hang hoa co cung tinh nang ky thuat cong dung tri gia 500 000 000 dong tro len
article_192_clause_3_point_b,article_192_clause_3,article_192,192,3,b,Thu lợi bất chính 500.000.000 đồng trở lên;,condition_or_rule,thu loi bat chinh 500 000 000 dong tro len
article_192_clause_3_point_c,article_192_clause_3,article_192,192,3,c,Làm chết 02 người trở lên;,condition_or_rule,lam chet 02 nguoi tro len
article_192_clause_3_point_d,article_192_clause_3,article_192,192,3,d,Gây thương tích hoặc gây tổn hại cho sức khỏe của 02 người trở lên mà tổng tỷ lệ tổn thương cơ thể của những người này 122% trở lên;,condition_or_rule,gay thuong tich hoac gay ton hai cho suc khoe cua 02 nguoi tro len ma tong ty le ton thuong co the cua nhung nguoi nay 122 tro len
article_192_clause_3_point_d,article_192_clause_3,article_192,192,3,đ,Gây thiệt hại về tài sản 1.500.000.000 đồng trở lên.,condition_or_rule,gay thiet hai ve tai san 1 500 000 000 dong tro len
article_192_clause_5_point_a,article_192_clause_5,article_192,192,5,a,"Phạm tội thuộc trường hợp quy định tại khoản 1 Điều này, thì bị phạt tiền từ 2.000.000.000 đồng đến 6.000.000.000 đồng;",penalty_frame,pham toi thuoc truong hop quy dinh tai khoan 1 dieu nay thi bi phat tien tu 2 000 000 000 dong den 6 000 000 000 dong
article_192_clause_5_point_b,article_192_clause_5,article_192,192,5,b,"Phạm tội thuộc một trong các trường hợp quy định tại các điểm a, b, đ, e, g, h, i, k, l và m khoản 2 Điều này, thì bị phạt tiền từ 6.000.000.000 đồng đến 12.000.000.000 đồng;",penalty_frame,pham toi thuoc mot trong cac truong hop quy dinh tai cac diem a b d e g h i k l va m khoan 2 dieu nay thi bi phat tien tu 6 000 000 000 dong den 12 000 000 000 dong
article_192_clause_5_point_c,article_192_clause_5,article_192,192,5,c,"Phạm tội thuộc trường hợp quy định tại khoản 3 Điều này, thì bị phạt tiền từ 12.000.000.000 đồng đến 18.000.000.000 đồng hoặc đình chỉ hoạt động có thời hạn từ 06 tháng đến 03 năm;",penalty_frame,pham toi thuoc truong hop quy dinh tai khoan 3 dieu nay thi bi phat tien tu 12 000 000 000 dong den 18 000 000 000 dong hoac dinh chi hoat dong co thoi han tu 06 thang den 03 nam
article_192_clause_5_point_d,article_192_clause_5,article_192,192,5,d,"Phạm tội thuộc trường hợp quy định tại Điều 79 của Bộ luật này, thì bị đình chỉ hoạt động vĩnh viễn;",condition_or_rule,pham toi thuoc truong hop quy dinh tai dieu 79 cua bo luat nay thi bi dinh chi hoat dong vinh vien
article_192_clause_5_point_d,article_192_clause_5,article_192,192,5,đ,"Pháp nhân thương mại còn có thể bị phạt tiền từ 100.000.000 đồng đến 400.000.000 đồng, cấm kinh doanh, cấm hoạt động trong một số lĩnh vực nhất định hoặc cấm huy động vốn từ 01 năm đến 03 năm.”",penalty_frame,phap nhan thuong mai con co the bi phat tien tu 100 000 000 dong den 400 000 000 dong cam kinh doanh cam hoat dong trong mot so linh vuc nhat dinh hoac cam huy dong von tu 01 nam den 03 nam
article_193_clause_2_point_a,article_193_clause_2,article_193,193,2,a,Có tổ chức;,condition_or_rule,co to chuc
article_193_clause_2_point_b,article_193_clause_2,article_193,193,2,b,Có tính chất chuyên nghiệp;,condition_or_rule,co tinh chat chuyen nghiep
article_193_clause_2_point_c,article_193_clause_2,article_193,193,2,c,Tái phạm nguy hiểm;,condition_or_rule,tai pham nguy hiem
article_193_clause_2_point_d,article_193_clause_2,article_193,193,2,d,"Lợi dụng chức vụ, quyền hạn;",condition_or_rule,loi dung chuc vu quyen han
article_193_clause_2_point_d,article_193_clause_2,article_193,193,2,đ,"Lợi dụng danh nghĩa cơ quan, tổ chức;",condition_or_rule,loi dung danh nghia co quan to chuc
article_193_clause_2_point_e,article_193_clause_2,article_193,193,2,e,Buôn bán qua biên giới;,condition_or_rule,buon ban qua bien gioi
article_193_clause_2_point_g,article_193_clause_2,article_193,193,2,g,"Hàng giả tương đương với số lượng của hàng thật hoặc hàng hóa có cùng tính năng kỹ thuật, công dụng trị giá từ 150.000.000 đồng đến dưới 500.000.000 đồng;",condition_or_rule,hang gia tuong duong voi so luong cua hang that hoac hang hoa co cung tinh nang ky thuat cong dung tri gia tu 150 000 000 dong den duoi 500 000 000 dong
article_193_clause_2_point_h,article_193_clause_2,article_193,193,2,h,Thu lợi bất chính từ 100.000.000 đồng đến dưới 500.000.000 đồng;,condition_or_rule,thu loi bat chinh tu 100 000 000 dong den duoi 500 000 000 dong
article_193_clause_2_point_i,article_193_clause_2,article_193,193,2,i,Gây thương tích hoặc gây tổn hại cho sức khỏe của người khác mà tỷ lệ tổn thương cơ thể từ 31% đến 60%;,condition_or_rule,gay thuong tich hoac gay ton hai cho suc khoe cua nguoi khac ma ty le ton thuong co the tu 31 den 60
article_193_clause_2_point_k,article_193_clause_2,article_193,193,2,k,Gây thiệt hại về tài sản từ 100.000.000 đồng đến dưới 500.000.000 đồng.,condition_or_rule,gay thiet hai ve tai san tu 100 000 000 dong den duoi 500 000 000 dong
article_193_clause_3_point_a,article_193_clause_3,article_193,193,3,a,"Hàng giả tương đương với số lượng của hàng thật hoặc hàng hóa có cùng tính năng kỹ thuật, công dụng trị giá 500.000.000 đồng trở lên;",condition_or_rule,hang gia tuong duong voi so luong cua hang that hoac hang hoa co cung tinh nang ky thuat cong dung tri gia 500 000 000 dong tro len
article_193_clause_3_point_b,article_193_clause_3,article_193,193,3,b,Thu lợi bất chính từ 500.000.000 đồng đến dưới 1.500.000.000 đồng;,condition_or_rule,thu loi bat chinh tu 500 000 000 dong den duoi 1 500 000 000 dong
article_193_clause_3_point_c,article_193_clause_3,article_193,193,3,c,Gây thiệt hại về tài sản từ 500.000.000 đồng đến dưới 1.500.000.000 đồng;,condition_or_rule,gay thiet hai ve tai san tu 500 000 000 dong den duoi 1 500 000 000 dong
article_193_clause_3_point_d,article_193_clause_3,article_193,193,3,d,Làm chết người;,condition_or_rule,lam chet nguoi
article_193_clause_3_point_d,article_193_clause_3,article_193,193,3,đ,Gây thương tích hoặc gây tổn hại cho sức khỏe của người khác mà tỷ lệ tổn thương cơ thể 61% trở lên;,condition_or_rule,gay thuong tich hoac gay ton hai cho suc khoe cua nguoi khac ma ty le ton thuong co the 61 tro len
article_193_clause_3_point_e,article_193_clause_3,article_193,193,3,e,Gây thương tích hoặc gây tổn hại cho sức khỏe của 02 người trở lên mà tổng tỷ lệ tổn thương cơ thể của những người này từ 61% đến 121%.,condition_or_rule,gay thuong tich hoac gay ton hai cho suc khoe cua 02 nguoi tro len ma tong ty le ton thuong co the cua nhung nguoi nay tu 61 den 121
article_193_clause_4_point_a,article_193_clause_4,article_193,193,4,a,Thu lợi bất chính 1.500.000.000 đồng trở lên;,condition_or_rule,thu loi bat chinh 1 500 000 000 dong tro len
article_193_clause_4_point_b,article_193_clause_4,article_193,193,4,b,Gây thiệt hại về tài sản 1.500.000.000 đồng trở lên;,condition_or_rule,gay thiet hai ve tai san 1 500 000 000 dong tro len
article_193_clause_4_point_c,article_193_clause_4,article_193,193,4,c,Làm chết 02 người trở lên;,condition_or_rule,lam chet 02 nguoi tro len
article_193_clause_4_point_d,article_193_clause_4,article_193,193,4,d,Gây thương tích hoặc gây tổn hại cho sức khỏe của 02 người trở lên mà tổng tỷ lệ tổn thương cơ thể của những người này 122% trở lên.,condition_or_rule,gay thuong tich hoac gay ton hai cho suc khoe cua 02 nguoi tro len ma tong ty le ton thuong co the cua nhung nguoi nay 122 tro len
article_193_clause_6_point_a,article_193_clause_6,article_193,193,6,a,"Phạm tội thuộc trường hợp quy định tại khoản 1 Điều này, thì bị phạt tiền từ 2.000.000.000 đồng đến 6.000.000.000 đồng;",penalty_frame,pham toi thuoc truong hop quy dinh tai khoan 1 dieu nay thi bi phat tien tu 2 000 000 000 dong den 6 000 000 000 dong
article_193_clause_6_point_b,article_193_clause_6,article_193,193,6,b,"Phạm tội thuộc một trong các trường hợp quy định tại các điểm a, b, c, e, g, h, i và k khoản 2 Điều này, thì bị phạt tiền từ 6.000.000.000 đồng đến 12.000.000.000 đồng;",penalty_frame,pham toi thuoc mot trong cac truong hop quy dinh tai cac diem a b c e g h i va k khoan 2 dieu nay thi bi phat tien tu 6 000 000 000 dong den 12 000 000 000 dong
article_193_clause_6_point_c,article_193_clause_6,article_193,193,6,c,"Phạm tội thuộc trường hợp quy định tại khoản 3 Điều này, thì bị phạt tiền từ 12.000.000.000 đồng đến 18.000.000.000 đồng;",penalty_frame,pham toi thuoc truong hop quy dinh tai khoan 3 dieu nay thi bi phat tien tu 12 000 000 000 dong den 18 000 000 000 dong
article_193_clause_6_point_d,article_193_clause_6,article_193,193,6,d,"Phạm tội thuộc trường hợp quy định tại khoản 4 Điều này, thì bị phạt tiền từ 18.000.000.000 đồng đến 36.000.000.000 đồng hoặc đình chỉ hoạt động có thời hạn từ 06 tháng đến 03 năm;",penalty_frame,pham toi thuoc truong hop quy dinh tai khoan 4 dieu nay thi bi phat tien tu 18 000 000 000 dong den 36 000 000 000 dong hoac dinh chi hoat dong co thoi han tu 06 thang den 03 nam
article_193_clause_6_point_d,article_193_clause_6,article_193,193,6,đ,"Phạm tội thuộc trường hợp quy định tại Điều 79 của Bộ luật này, thì bị đình chỉ hoạt động vĩnh viễn;",condition_or_rule,pham toi thuoc truong hop quy dinh tai dieu 79 cua bo luat nay thi bi dinh chi hoat dong vinh vien
article_193_clause_6_point_e,article_193_clause_6,article_193,193,6,e,"Pháp nhân thương mại còn có thể bị phạt tiền từ 200.000.000 đồng đến 600.000.000 đồng, cấm kinh doanh, cấm hoạt động trong một số lĩnh vực nhất định hoặc cấm huy động vốn từ 01 năm đến 03 năm.",penalty_frame,phap nhan thuong mai con co the bi phat tien tu 200 000 000 dong den 600 000 000 dong cam kinh doanh cam hoat dong trong mot so linh vuc nhat dinh hoac cam huy dong von tu 01 nam den 03 nam
article_194_clause_2_point_a,article_194_clause_2,article_194,194,2,a,Có tổ chức;,condition_or_rule,co to chuc
article_194_clause_2_point_b,article_194_clause_2,article_194,194,2,b,Có tính chất chuyên nghiệp;,condition_or_rule,co tinh chat chuyen nghiep
article_194_clause_2_point_c,article_194_clause_2,article_194,194,2,c,Tái phạm nguy hiểm;,condition_or_rule,tai pham nguy hiem
article_194_clause_2_point_d,article_194_clause_2,article_194,194,2,d,"Lợi dụng chức vụ, quyền hạn;",condition_or_rule,loi dung chuc vu quyen han
article_194_clause_2_point_d,article_194_clause_2,article_194,194,2,đ,"Lợi dụng danh nghĩa cơ quan, tổ chức;",condition_or_rule,loi dung danh nghia co quan to chuc
article_194_clause_2_point_e,article_194_clause_2,article_194,194,2,e,Buôn bán qua biên giới;,condition_or_rule,buon ban qua bien gioi
article_194_clause_2_point_g,article_194_clause_2,article_194,194,2,g,"Hàng giả tương đương với số lượng của hàng thật hoặc hàng hóa có cùng tính năng kỹ thuật, công dụng trị giá từ 150.000.000 đồng đến dưới 500.000.000 đồng;",condition_or_rule,hang gia tuong duong voi so luong cua hang that hoac hang hoa co cung tinh nang ky thuat cong dung tri gia tu 150 000 000 dong den duoi 500 000 000 dong
article_194_clause_2_point_h,article_194_clause_2,article_194,194,2,h,Thu lợi bất chính từ 100.000.000 đồng đến dưới 500.000.000 đồng;,condition_or_rule,thu loi bat chinh tu 100 000 000 dong den duoi 500 000 000 dong
article_194_clause_2_point_i,article_194_clause_2,article_194,194,2,i,Gây thương tích hoặc gây tổn hại cho sức khỏe của người khác mà tỷ lệ tổn thương cơ thể từ 31% đến 60%;,condition_or_rule,gay thuong tich hoac gay ton hai cho suc khoe cua nguoi khac ma ty le ton thuong co the tu 31 den 60
article_194_clause_2_point_k,article_194_clause_2,article_194,194,2,k,Gây thiệt hại về tài sản từ 100.000.000 đồng đến dưới 500.000.000 đồng.,condition_or_rule,gay thiet hai ve tai san tu 100 000 000 dong den duoi 500 000 000 dong
article_194_clause_3_point_a,article_194_clause_3,article_194,194,3,a,"Hàng giả tương đương với số lượng của hàng thật hoặc hàng hóa có cùng tính năng kỹ thuật, công dụng trị giá 500.000.000 đồng trở lên;",condition_or_rule,hang gia tuong duong voi so luong cua hang that hoac hang hoa co cung tinh nang ky thuat cong dung tri gia 500 000 000 dong tro len
article_194_clause_3_point_b,article_194_clause_3,article_194,194,3,b,Thu lợi bất chính từ 500.000.000 đồng đến dưới 2.000.000.000 đồng;,condition_or_rule,thu loi bat chinh tu 500 000 000 dong den duoi 2 000 000 000 dong
article_194_clause_3_point_c,article_194_clause_3,article_194,194,3,c,Làm chết người;,condition_or_rule,lam chet nguoi
article_194_clause_3_point_d,article_194_clause_3,article_194,194,3,d,Gây thương tích hoặc gây tổn hại cho sức khỏe của người khác mà tỷ lệ tổn thương cơ thể 61% trở lên;,condition_or_rule,gay thuong tich hoac gay ton hai cho suc khoe cua nguoi khac ma ty le ton thuong co the 61 tro len
article_194_clause_3_point_d,article_194_clause_3,article_194,194,3,đ,Gây thương tích hoặc gây tổn hại cho sức khỏe của 02 người trở lên mà tổng tỷ lệ tổn thương cơ thể của những người này từ 61% đến 121%;,condition_or_rule,gay thuong tich hoac gay ton hai cho suc khoe cua 02 nguoi tro len ma tong ty le ton thuong co the cua nhung nguoi nay tu 61 den 121
article_194_clause_3_point_e,article_194_clause_3,article_194,194,3,e,Gây thiệt hại về tài sản từ 500.000.000 đồng đến dưới 1.500.000.000 đồng.,condition_or_rule,gay thiet hai ve tai san tu 500 000 000 dong den duoi 1 500 000 000 dong
article_194_clause_4_point_a,article_194_clause_4,article_194,194,4,a,Thu lợi bất chính 2.000.000.000 đồng trở lên;,condition_or_rule,thu loi bat chinh 2 000 000 000 dong tro len
article_194_clause_4_point_b,article_194_clause_4,article_194,194,4,b,Làm chết 02 người trở lên;,condition_or_rule,lam chet 02 nguoi tro len
article_194_clause_4_point_c,article_194_clause_4,article_194,194,4,c,Gây thương tích hoặc gây tổn hại cho sức khỏe của 02 người trở lên mà tổng tỷ lệ tổn thương cơ thể của những người này 122% trở lên;,condition_or_rule,gay thuong tich hoac gay ton hai cho suc khoe cua 02 nguoi tro len ma tong ty le ton thuong co the cua nhung nguoi nay 122 tro len
article_194_clause_4_point_d,article_194_clause_4,article_194,194,4,d,Gây thiệt hại về tài sản 1.500.000.000 đồng trở lên.,condition_or_rule,gay thiet hai ve tai san 1 500 000 000 dong tro len
article_194_clause_6_point_a,article_194_clause_6,article_194,194,6,a,"Phạm tội thuộc trường hợp quy định tại khoản 1 Điều này, thì bị phạt tiền từ 2.000.000.000 đồng đến 8.000.000.000 đồng;",penalty_frame,pham toi thuoc truong hop quy dinh tai khoan 1 dieu nay thi bi phat tien tu 2 000 000 000 dong den 8 000 000 000 dong
article_194_clause_6_point_b,article_194_clause_6,article_194,194,6,b,"Phạm tội thuộc một trong các trường hợp quy định tại các điểm a, b, c, e, g, h, i và k khoản 2 Điều này, thì bị phạt tiền từ 8.000.000.000 đồng đến 18.000.000.000 đồng;",penalty_frame,pham toi thuoc mot trong cac truong hop quy dinh tai cac diem a b c e g h i va k khoan 2 dieu nay thi bi phat tien tu 8 000 000 000 dong den 18 000 000 000 dong
article_194_clause_6_point_c,article_194_clause_6,article_194,194,6,c,"Phạm tội thuộc trường hợp quy định tại khoản 3 Điều này, thì bị phạt tiền từ 18.000.000.000 đồng đến 30.000.000.000 đồng;",penalty_frame,pham toi thuoc truong hop quy dinh tai khoan 3 dieu nay thi bi phat tien tu 18 000 000 000 dong den 30 000 000 000 dong
article_194_clause_6_point_d,article_194_clause_6,article_194,194,6,d,"Phạm tội thuộc trường hợp quy định tại khoản 4 Điều này, thì bị phạt tiền từ 30.000.000.000 đồng đến 40.000.000.000 đồng hoặc đình chỉ hoạt động có thời hạn từ 01 năm đến 03 năm;",penalty_frame,pham toi thuoc truong hop quy dinh tai khoan 4 dieu nay thi bi phat tien tu 30 000 000 000 dong den 40 000 000 000 dong hoac dinh chi hoat dong co thoi han tu 01 nam den 03 nam
article_194_clause_6_point_d,article_194_clause_6,article_194,194,6,đ,"Phạm tội thuộc trường hợp quy định tại Điều 79 của Bộ luật này, thì bị đình chỉ hoạt động vĩnh viễn;",condition_or_rule,pham toi thuoc truong hop quy dinh tai dieu 79 cua bo luat nay thi bi dinh chi hoat dong vinh vien
article_194_clause_6_point_e,article_194_clause_6,article_194,194,6,e,"Pháp nhân thương mại còn có thể bị phạt tiền từ 200.000.000 đồng đến 600.000.000 đồng, cấm kinh doanh, cấm hoạt động trong một số lĩnh vực nhất định hoặc cấm huy động vốn từ 01 năm đến 03 năm.",penalty_frame,phap nhan thuong mai con co the bi phat tien tu 200 000 000 dong den 600 000 000 dong cam kinh doanh cam hoat dong trong mot so linh vuc nhat dinh hoac cam huy dong von tu 01 nam den 03 nam
article_195_clause_1_point_a,article_195_clause_1,article_195,195,1,a,"Hàng giả tương đương với số lượng của hàng thật hoặc hàng hóa có cùng tính năng kỹ thuật, công dụng trị giá từ 30.000.000 đồng đến dưới 150.000.000 đồng hoặc dưới 30.000.000 đồng nhưng đã bị xử phạt vi phạm hành chính về một trong các hành vi quy định tại Điều này hoặc tại một trong các điều 188, 189, 190, 191, 192, 193, 194, 196 và 200 của Bộ luật này hoặc đã bị kết án về một trong các tội này, chưa được xóa án tích mà còn vi phạm;",condition_or_rule,hang gia tuong duong voi so luong cua hang that hoac hang hoa co cung tinh nang ky thuat cong dung tri gia tu 30 000 000 dong den duoi 150 000 000 dong hoac duoi 30 000 000 dong nhung da bi xu phat vi pham hanh chinh ve mot trong cac hanh vi quy dinh tai dieu nay hoac tai mot trong cac dieu 188 189 190 191 192 193 194 196 va 200 cua bo luat nay hoac da bi ket an ve mot trong cac toi nay chua duoc xoa an tich ma con vi pham
article_195_clause_1_point_b,article_195_clause_1,article_195,195,1,b,Gây thiệt hại về tài sản từ 100.000.000 đồng đến dưới 500.000.000 đồng;,condition_or_rule,gay thiet hai ve tai san tu 100 000 000 dong den duoi 500 000 000 dong
article_195_clause_1_point_c,article_195_clause_1,article_195,195,1,c,Thu lợi bất chính từ 50.000.000 đồng đến dưới 100.000.000 đồng,condition_or_rule,thu loi bat chinh tu 50 000 000 dong den duoi 100 000 000 dong
article_195_clause_2_point_a,article_195_clause_2,article_195,195,2,a,Có tổ chức;,condition_or_rule,co to chuc
article_195_clause_2_point_b,article_195_clause_2,article_195,195,2,b,Có tính chất chuyên nghiệp;,condition_or_rule,co tinh chat chuyen nghiep
article_195_clause_2_point_c,article_195_clause_2,article_195,195,2,c,Tái phạm nguy hiểm;,condition_or_rule,tai pham nguy hiem
article_195_clause_2_point_d,article_195_clause_2,article_195,195,2,d,"Lợi dụng chức vụ, quyền hạn;",condition_or_rule,loi dung chuc vu quyen han
article_195_clause_2_point_d,article_195_clause_2,article_195,195,2,đ,"Lợi dụng danh nghĩa cơ quan, tổ chức;",condition_or_rule,loi dung danh nghia co quan to chuc
article_195_clause_2_point_e,article_195_clause_2,article_195,195,2,e,Buôn bán qua biên giới;,condition_or_rule,buon ban qua bien gioi
article_195_clause_2_point_g,article_195_clause_2,article_195,195,2,g,"Hàng giả tương đương với số lượng của hàng thật hoặc hàng hóa có cùng tính năng kỹ thuật, công dụng trị giá từ 150.000.000 đồng đến dưới 500.000.000 đồng;",condition_or_rule,hang gia tuong duong voi so luong cua hang that hoac hang hoa co cung tinh nang ky thuat cong dung tri gia tu 150 000 000 dong den duoi 500 000 000 dong
article_195_clause_2_point_h,article_195_clause_2,article_195,195,2,h,Gây thiệt hại về tài sản từ 500.000.000 đồng đến dưới 1.500.000.000 đồng;,condition_or_rule,gay thiet hai ve tai san tu 500 000 000 dong den duoi 1 500 000 000 dong
article_195_clause_2_point_i,article_195_clause_2,article_195,195,2,i,Thu lợi bất chính từ 100.000.000 đồng đến dưới 500.000.000 đồng.,condition_or_rule,thu loi bat chinh tu 100 000 000 dong den duoi 500 000 000 dong
article_195_clause_3_point_a,article_195_clause_3,article_195,195,3,a,"Hàng giả tương đương với số lượng của hàng thật hoặc hàng hóa có cùng tính năng kỹ thuật, công dụng trị giá 500.000.000 đồng trở lên;",condition_or_rule,hang gia tuong duong voi so luong cua hang that hoac hang hoa co cung tinh nang ky thuat cong dung tri gia 500 000 000 dong tro len
article_195_clause_3_point_b,article_195_clause_3,article_195,195,3,b,Gây thiệt hại về tài sản từ 1.500.000.000 đồng đến dưới 3.000.000.000 đồng;,condition_or_rule,gay thiet hai ve tai san tu 1 500 000 000 dong den duoi 3 000 000 000 dong
article_195_clause_3_point_c,article_195_clause_3,article_195,195,3,c,Thu lợi bất chính từ 500.000.000 đồng đến dưới 2.000.000.000 đồng.,condition_or_rule,thu loi bat chinh tu 500 000 000 dong den duoi 2 000 000 000 dong
article_195_clause_4_point_a,article_195_clause_4,article_195,195,4,a,Gây thiệt hại về tài sản 3.000.000.000 đồng trở lên;,condition_or_rule,gay thiet hai ve tai san 3 000 000 000 dong tro len
article_195_clause_4_point_b,article_195_clause_4,article_195,195,4,b,Thu lợi bất chính 2.000.000.000 đồng trở lên.,condition_or_rule,thu loi bat chinh 2 000 000 000 dong tro len
article_195_clause_6_point_a,article_195_clause_6,article_195,195,6,a,"Phạm tội thuộc trường hợp quy định tại khoản 1 Điều này, thì bị phạt tiền từ 2.000.000.000 đồng đến 6.000.000.000 đồng;",penalty_frame,pham toi thuoc truong hop quy dinh tai khoan 1 dieu nay thi bi phat tien tu 2 000 000 000 dong den 6 000 000 000 dong
article_195_clause_6_point_b,article_195_clause_6,article_195,195,6,b,"Phạm tội thuộc một trong các trường hợp quy định tại các điểm a, b, c, e, g, h và i khoản 2 Điều này, thì bị phạt tiền từ 6.000.000.000 đồng đến 12.000.000.000 đồng;",penalty_frame,pham toi thuoc mot trong cac truong hop quy dinh tai cac diem a b c e g h va i khoan 2 dieu nay thi bi phat tien tu 6 000 000 000 dong den 12 000 000 000 dong
article_195_clause_6_point_c,article_195_clause_6,article_195,195,6,c,"Phạm tội thuộc trường hợp quy định tại khoản 3 Điều này, thì bị phạt tiền từ 12.000.000.000 đồng đến 18.000.000.000 đồng;",penalty_frame,pham toi thuoc truong hop quy dinh tai khoan 3 dieu nay thi bi phat tien tu 12 000 000 000 dong den 18 000 000 000 dong
article_195_clause_6_point_d,article_195_clause_6,article_195,195,6,d,"Phạm tội thuộc trường hợp quy định tại khoản 4 Điều này, thì bị phạt tiền từ 18.000.000.000 đồng đến 30.000.000.000 đồng hoặc đình chỉ hoạt động có thời hạn từ 06 tháng đến 03 năm;",penalty_frame,pham toi thuoc truong hop quy dinh tai khoan 4 dieu nay thi bi phat tien tu 18 000 000 000 dong den 30 000 000 000 dong hoac dinh chi hoat dong co thoi han tu 06 thang den 03 nam
article_195_clause_6_point_d,article_195_clause_6,article_195,195,6,đ,"Phạm tội thuộc trường hợp quy định tại Điều 79 của Bộ luật này, thì bị đình chỉ hoạt động vĩnh viễn;",condition_or_rule,pham toi thuoc truong hop quy dinh tai dieu 79 cua bo luat nay thi bi dinh chi hoat dong vinh vien
article_195_clause_6_point_e,article_195_clause_6,article_195,195,6,e,"Pháp nhân thương mại còn có thể bị phạt tiền từ 200.000.000 đồng đến 600.000.000 đồng, cấm kinh doanh, cấm hoạt động trong một số lĩnh vực nhất định hoặc cấm huy động vốn từ 01 năm đến 03 năm.",penalty_frame,phap nhan thuong mai con co the bi phat tien tu 200 000 000 dong den 600 000 000 dong cam kinh doanh cam hoat dong trong mot so linh vuc nhat dinh hoac cam huy dong von tu 01 nam den 03 nam
article_196_clause_1_point_a,article_196_clause_1,article_196,196,1,a,Hàng hóa trị giá từ 500.000.000 đồng đến dưới 1.500.000.000 đồng;,condition_or_rule,hang hoa tri gia tu 500 000 000 dong den duoi 1 500 000 000 dong
article_196_clause_1_point_b,article_196_clause_1,article_196,196,1,b,Thu lợi bất chính từ 100.000.000 đồng đến dưới 500.000.000 đồng.,condition_or_rule,thu loi bat chinh tu 100 000 000 dong den duoi 500 000 000 dong
article_196_clause_2_point_a,article_196_clause_2,article_196,196,2,a,Có tổ chức;,condition_or_rule,co to chuc
article_196_clause_2_point_b,article_196_clause_2,article_196,196,2,b,"Lợi dụng chức vụ, quyền hạn;",condition_or_rule,loi dung chuc vu quyen han
article_196_clause_2_point_c,article_196_clause_2,article_196,196,2,c,"Lợi dụng danh nghĩa cơ quan, tổ chức;",condition_or_rule,loi dung danh nghia co quan to chuc
article_196_clause_2_point_d,article_196_clause_2,article_196,196,2,d,Hàng hóa trị giá từ 1.500.000.000 đồng đến dưới 3.000.000.000 đồng;,condition_or_rule,hang hoa tri gia tu 1 500 000 000 dong den duoi 3 000 000 000 dong
article_196_clause_2_point_d,article_196_clause_2,article_196,196,2,đ,Thu lợi bất chính từ 500.000.000 đồng đến dưới 1.000.000.000 đồng;,condition_or_rule,thu loi bat chinh tu 500 000 000 dong den duoi 1 000 000 000 dong
article_196_clause_2_point_e,article_196_clause_2,article_196,196,2,e,"Gây ảnh hưởng xấu đến an ninh, trật tự, an toàn xã hội.",condition_or_rule,gay anh huong xau den an ninh trat tu an toan xa hoi
article_196_clause_3_point_a,article_196_clause_3,article_196,196,3,a,Hàng hóa trị giá 3.000.000.000 đồng trở lên;,condition_or_rule,hang hoa tri gia 3 000 000 000 dong tro len
article_196_clause_3_point_b,article_196_clause_3,article_196,196,3,b,Thu lợi bất chính 1.000.000.000 đồng trở lên;,condition_or_rule,thu loi bat chinh 1 000 000 000 dong tro len
article_196_clause_3_point_c,article_196_clause_3,article_196,196,3,c,Tái phạm nguy hiểm.,condition_or_rule,tai pham nguy hiem
article_196_clause_5_point_a,article_196_clause_5,article_196,196,5,a,"Phạm tội thuộc trường hợp quy định tại khoản 1 Điều này, thì bị phạt tiền từ 300.000.000 đồng đến 1.000.000.000 đồng;",penalty_frame,pham toi thuoc truong hop quy dinh tai khoan 1 dieu nay thi bi phat tien tu 300 000 000 dong den 1 000 000 000 dong
article_196_clause_5_point_b,article_196_clause_5,article_196,196,5,b,"Phạm tội thuộc một trong các trường hợp quy định tại các điểm a, d, đ và e khoản 2 Điều này, thì bị phạt tiền từ 1.000.000.000 đồng đến 4.000.000.000 đồng;",penalty_frame,pham toi thuoc mot trong cac truong hop quy dinh tai cac diem a d d va e khoan 2 dieu nay thi bi phat tien tu 1 000 000 000 dong den 4 000 000 000 dong
article_196_clause_5_point_c,article_196_clause_5,article_196,196,5,c,"Phạm tội thuộc trường hợp quy định tại khoản 3 Điều này, thì bị phạt tiền từ 4.000.000.000 đồng đến 9.000.000.000 đồng;",penalty_frame,pham toi thuoc truong hop quy dinh tai khoan 3 dieu nay thi bi phat tien tu 4 000 000 000 dong den 9 000 000 000 dong
article_196_clause_5_point_d,article_196_clause_5,article_196,196,5,d,"Pháp nhân thương mại còn có thể bị phạt tiền từ 100.000.000 đồng đến 300.000.000 đồng, cấm kinh doanh, cấm hoạt động trong một số lĩnh vực nhất định hoặc cấm huy động vốn từ 01 năm đến 03 năm.",penalty_frame,phap nhan thuong mai con co the bi phat tien tu 100 000 000 dong den 300 000 000 dong cam kinh doanh cam hoat dong trong mot so linh vuc nhat dinh hoac cam huy dong von tu 01 nam den 03 nam
article_198_clause_1_point_a,article_198_clause_1,article_198,198,1,a,"Đã bị xử phạt vi phạm hành chính về hành vi này hoặc đã bị kết án về tội này, chưa được xóa án tích mà còn vi phạm;",condition_or_rule,da bi xu phat vi pham hanh chinh ve hanh vi nay hoac da bi ket an ve toi nay chua duoc xoa an tich ma con vi pham
article_198_clause_1_point_b,article_198_clause_1,article_198,198,1,b,Thu lợi bất chính từ 5.000.000 đồng đến dưới 50.000.000 đồng.,condition_or_rule,thu loi bat chinh tu 5 000 000 dong den duoi 50 000 000 dong
article_198_clause_2_point_a,article_198_clause_2,article_198,198,2,a,Có tổ chức;,condition_or_rule,co to chuc
article_198_clause_2_point_b,article_198_clause_2,article_198,198,2,b,Có tính chất chuyên nghiệp;,condition_or_rule,co tinh chat chuyen nghiep
article_198_clause_2_point_c,article_198_clause_2,article_198,198,2,c,Dùng thủ đoạn xảo quyệt;,condition_or_rule,dung thu doan xao quyet
article_198_clause_2_point_d,article_198_clause_2,article_198,198,2,d,Thu lợi bất chính 50.000.000 đồng trở lên.,condition_or_rule,thu loi bat chinh 50 000 000 dong tro len
article_199_clause_1_point_a,article_199_clause_1,article_199,199,1,a,Gây thương tích hoặc gây tổn hại cho sức khỏe của người khác mà tỷ lệ tổn thương cơ thể 61% trở lên;,condition_or_rule,gay thuong tich hoac gay ton hai cho suc khoe cua nguoi khac ma ty le ton thuong co the 61 tro len
article_199_clause_1_point_b,article_199_clause_1,article_199,199,1,b,Gây thương tích hoặc gây tổn hại cho sức khỏe của 02 người trở lên mà tổng tỷ lệ tổn thương cơ thể của những người này từ 61% đến 121%;,condition_or_rule,gay thuong tich hoac gay ton hai cho suc khoe cua 02 nguoi tro len ma tong ty le ton thuong co the cua nhung nguoi nay tu 61 den 121
article_199_clause_1_point_c,article_199_clause_1,article_199,199,1,c,Gây thiệt hại về tài sản từ 200.000.000 đồng đến dưới 500.000.000 đồng;,condition_or_rule,gay thiet hai ve tai san tu 200 000 000 dong den duoi 500 000 000 dong
article_199_clause_1_point_d,article_199_clause_1,article_199,199,1,d,"Đã bị xử lý kỷ luật, xử phạt vi phạm hành chính về một trong các hành vi quy định tại Điều này hoặc đã bị kết án về tội này, chưa được xóa án tích mà còn vi phạm.",condition_or_rule,da bi xu ly ky luat xu phat vi pham hanh chinh ve mot trong cac hanh vi quy dinh tai dieu nay hoac da bi ket an ve toi nay chua duoc xoa an tich ma con vi pham
article_199_clause_2_point_a,article_199_clause_2,article_199,199,2,a,Làm chết người;,condition_or_rule,lam chet nguoi
article_199_clause_2_point_b,article_199_clause_2,article_199,199,2,b,Gây thương tích hoặc gây tổn hại cho sức khỏe của 02 người trở lên mà tổng tỷ lệ tổn thương cơ thể của những người này từ 122% đến 200%;,condition_or_rule,gay thuong tich hoac gay ton hai cho suc khoe cua 02 nguoi tro len ma tong ty le ton thuong co the cua nhung nguoi nay tu 122 den 200
article_199_clause_2_point_c,article_199_clause_2,article_199,199,2,c,Gây thiệt hại về tài sản từ 500.000.000 đồng đến dưới 1.500.000.000 đồng.,condition_or_rule,gay thiet hai ve tai san tu 500 000 000 dong den duoi 1 500 000 000 dong
article_199_clause_3_point_a,article_199_clause_3,article_199,199,3,a,Làm chết 02 người trở lên;,condition_or_rule,lam chet 02 nguoi tro len
article_199_clause_3_point_b,article_199_clause_3,article_199,199,3,b,Gây thương tích hoặc gây tổn hại cho sức khỏe của 03 người trở lên mà tổng tỷ lệ tổn thương cơ thể của những người này 201% trở lên;,condition_or_rule,gay thuong tich hoac gay ton hai cho suc khoe cua 03 nguoi tro len ma tong ty le ton thuong co the cua nhung nguoi nay 201 tro len
article_199_clause_3_point_c,article_199_clause_3,article_199,199,3,c,Gây thiệt hại về tài sản 1.500.000.000 đồng trở lên.,condition_or_rule,gay thiet hai ve tai san 1 500 000 000 dong tro len
article_200_clause_1_point_a,article_200_clause_1,article_200,200,1,a,Không nộp hồ sơ đăng ký thuế; không nộp hồ sơ khai thuế; nộp hồ sơ khai thuế sau 90 ngày kể từ ngày hết hạn nộp hồ sơ khai thuế hoặc hết thời hạn gia hạn nộp hồ sơ khai thuế theo quy định của pháp luật;,condition_or_rule,khong nop ho so dang ky thue khong nop ho so khai thue nop ho so khai thue sau 90 ngay ke tu ngay het han nop ho so khai thue hoac het thoi han gia han nop ho so khai thue theo quy dinh cua phap luat
article_200_clause_1_point_b,article_200_clause_1,article_200,200,1,b,Không ghi chép trong sổ kế toán các khoản thu liên quan đến việc xác định số tiền thuế phải nộp;,condition_or_rule,khong ghi chep trong so ke toan cac khoan thu lien quan den viec xac dinh so tien thue phai nop
article_200_clause_1_point_c,article_200_clause_1,article_200,200,1,c,"Không xuất hóa đơn khi bán hàng hóa, dịch vụ hoặc ghi giá trị trên hóa đơn bán hàng thấp hơn giá trị thanh toán thực tế của hàng hóa, dịch vụ đã bán;",condition_or_rule,khong xuat hoa don khi ban hang hoa dich vu hoac ghi gia tri tren hoa don ban hang thap hon gia tri thanh toan thuc te cua hang hoa dich vu da ban
article_200_clause_1_point_d,article_200_clause_1,article_200,200,1,d,"Sử dụng hóa đơn, chứng từ không hợp pháp để hạch toán hàng hóa, nguyên liệu đầu vào trong hoạt động phát sinh nghĩa vụ thuế làm giảm số tiền thuế phải nộp hoặc làm tăng số tiền thuế được miễn, số tiền thuế được giảm hoặc tăng số tiền thuế được khấu trừ, số tiền thuế được hoàn;",condition_or_rule,su dung hoa don chung tu khong hop phap de hach toan hang hoa nguyen lieu dau vao trong hoat dong phat sinh nghia vu thue lam giam so tien thue phai nop hoac lam tang so tien thue duoc mien so tien thue duoc giam hoac tang so tien thue duoc khau tru so tien thue duoc hoan
article_200_clause_1_point_d,article_200_clause_1,article_200,200,1,đ,"Sử dụng chứng từ, tài liệu không hợp pháp khác để xác định sai số tiền thuế phải nộp, số tiền thuế được hoàn;",condition_or_rule,su dung chung tu tai lieu khong hop phap khac de xac dinh sai so tien thue phai nop so tien thue duoc hoan
article_200_clause_1_point_e,article_200_clause_1,article_200,200,1,e,"Khai sai với thực tế hàng hóa xuất khẩu, nhập khẩu mà không khai bổ sung hồ sơ khai thuế sau khi hàng hóa đã được thông quan, nếu không thuộc trường hợp quy định tại Điều 188 và Điều 189 của Bộ luật này;",condition_or_rule,khai sai voi thuc te hang hoa xuat khau nhap khau ma khong khai bo sung ho so khai thue sau khi hang hoa da duoc thong quan neu khong thuoc truong hop quy dinh tai dieu 188 va dieu 189 cua bo luat nay
article_200_clause_1_point_g,article_200_clause_1,article_200,200,1,g,"Cố ý không kê khai hoặc khai sai về thuế đối với hàng hóa xuất khẩu, nhập khẩu, nếu không thuộc trường hợp quy định tại Điều 188 và Điều 189 của Bộ luật này;",condition_or_rule,co y khong ke khai hoac khai sai ve thue doi voi hang hoa xuat khau nhap khau neu khong thuoc truong hop quy dinh tai dieu 188 va dieu 189 cua bo luat nay
article_200_clause_1_point_h,article_200_clause_1,article_200,200,1,h,"Câu kết với người gửi hàng để nhập khẩu hàng hóa, nếu không thuộc trường hợp quy định tại Điều 188 và Điều 189 của Bộ luật này;",condition_or_rule,cau ket voi nguoi gui hang de nhap khau hang hoa neu khong thuoc truong hop quy dinh tai dieu 188 va dieu 189 cua bo luat nay
article_200_clause_1_point_i,article_200_clause_1,article_200,200,1,i,"Sử dụng hàng hóa thuộc đối tượng không chịu thuế, miễn thuế, xét miễn thuế không đúng mục đích quy định mà không khai báo việc chuyển đổi mục đích sử dụng với cơ quan quản lý thuế.",condition_or_rule,su dung hang hoa thuoc doi tuong khong chiu thue mien thue xet mien thue khong dung muc dich quy dinh ma khong khai bao viec chuyen doi muc dich su dung voi co quan quan ly thue
article_200_clause_2_point_a,article_200_clause_2,article_200,200,2,a,Có tổ chức;,condition_or_rule,co to chuc
article_200_clause_2_point_b,article_200_clause_2,article_200,200,2,b,Số tiền trốn thuế từ 300.000.000 đồng đến dưới 1.000.000.000 đồng;,condition_or_rule,so tien tron thue tu 300 000 000 dong den duoi 1 000 000 000 dong
article_200_clause_2_point_c,article_200_clause_2,article_200,200,2,c,"Lợi dụng chức vụ, quyền hạn;",condition_or_rule,loi dung chuc vu quyen han
article_200_clause_2_point_d,article_200_clause_2,article_200,200,2,d,Phạm tội 02 lần trở lên;,condition_or_rule,pham toi 02 lan tro len
article_200_clause_2_point_d,article_200_clause_2,article_200,200,2,đ,Tái phạm nguy hiểm.,condition_or_rule,tai pham nguy hiem
article_200_clause_5_point_a,article_200_clause_5,article_200,200,5,a,"Thực hiện một trong các hành vi quy định tại khoản 1 Điều này trốn thuế với số tiền từ 200.000.000 đồng đến dưới 300.000.000 đồng hoặc từ 100.000.000 đồng đến dưới 200.000.000 đồng nhưng đã bị xử phạt vi phạm hành chính về hành vi trốn thuế hoặc đã bị kết án về tội này hoặc về một trong các tội quy định tại các điều 188, 189, 190, 191, 192, 193, 194, 195 và 196 của Bộ luật này, chưa được xóa án tích mà còn vi phạm, thì bị phạt tiền từ 300.000.000 đồng đến 1.000.000.000 đồng;",penalty_frame,thuc hien mot trong cac hanh vi quy dinh tai khoan 1 dieu nay tron thue voi so tien tu 200 000 000 dong den duoi 300 000 000 dong hoac tu 100 000 000 dong den duoi 200 000 000 dong nhung da bi xu phat vi pham hanh chinh ve hanh vi tron thue hoac da bi ket an ve toi nay hoac ve mot trong cac toi quy dinh tai cac dieu 188 189 190 191 192 193 194 195 va 196 cua bo luat nay chua duoc xoa an tich ma con vi pham thi bi phat tien tu 300 000 000 dong den 1 000 000 000 dong
article_200_clause_5_point_b,article_200_clause_5,article_200,200,5,b,"Phạm tội thuộc một trong các trường hợp quy định tại các điểm a, b, d và đ khoản 2 Điều này, thì bị phạt tiền từ 1.000.000.000 đồng đến 3.000.000.000 đồng;",penalty_frame,pham toi thuoc mot trong cac truong hop quy dinh tai cac diem a b d va d khoan 2 dieu nay thi bi phat tien tu 1 000 000 000 dong den 3 000 000 000 dong
article_200_clause_5_point_c,article_200_clause_5,article_200,200,5,c,"Phạm tội thuộc trường hợp quy định tại khoản 3 Điều này, thì bị phạt tiền từ 3.000.000.000 đồng đến 10.000.000.000 đồng hoặc đình chỉ hoạt động có thời hạn từ 06 tháng đến 03 năm;",penalty_frame,pham toi thuoc truong hop quy dinh tai khoan 3 dieu nay thi bi phat tien tu 3 000 000 000 dong den 10 000 000 000 dong hoac dinh chi hoat dong co thoi han tu 06 thang den 03 nam
article_200_clause_5_point_d,article_200_clause_5,article_200,200,5,d,"Phạm tội thuộc trường hợp quy định tại Điều 79 của Bộ luật này, thì bị đình chỉ hoạt động vĩnh viễn;",condition_or_rule,pham toi thuoc truong hop quy dinh tai dieu 79 cua bo luat nay thi bi dinh chi hoat dong vinh vien
article_200_clause_5_point_d,article_200_clause_5,article_200,200,5,đ,"Pháp nhân thương mại còn có thể bị phạt tiền từ 50.000.000 đồng đến 200.000.000 đồng, cấm kinh doanh, cấm hoạt động trong một số lĩnh vực nhất định hoặc cấm huy động vốn từ 01 năm đến 03 năm.",penalty_frame,phap nhan thuong mai con co the bi phat tien tu 50 000 000 dong den 200 000 000 dong cam kinh doanh cam hoat dong trong mot so linh vuc nhat dinh hoac cam huy dong von tu 01 nam den 03 nam
article_202_clause_1_point_a,article_202_clause_1,article_202,202,1,a,"Tem giả, vé giả không có mệnh giá có số lượng từ 15.000 đến dưới 30.000 đơn vị;",condition_or_rule,tem gia ve gia khong co menh gia co so luong tu 15 000 den duoi 30 000 don vi
article_202_clause_1_point_b,article_202_clause_1,article_202,202,1,b,"Tem giả, vé giả có mệnh giá có tổng trị giá từ 50.000.000 đồng đến dưới 200.000.000 đồng;",condition_or_rule,tem gia ve gia co menh gia co tong tri gia tu 50 000 000 dong den duoi 200 000 000 dong
article_202_clause_1_point_c,article_202_clause_1,article_202,202,1,c,"Đã bị xử phạt vi phạm hành chính về hành vi này hoặc đã bị kết án về tội này, chưa được xóa án tích mà còn vi phạm;",condition_or_rule,da bi xu phat vi pham hanh chinh ve hanh vi nay hoac da bi ket an ve toi nay chua duoc xoa an tich ma con vi pham
article_202_clause_1_point_d,article_202_clause_1,article_202,202,1,d,Thu lợi bất chính từ 30.000.000 đồng đến dưới 100.000.000 đồng.,condition_or_rule,thu loi bat chinh tu 30 000 000 dong den duoi 100 000 000 dong
article_202_clause_2_point_a,article_202_clause_2,article_202,202,2,a,Có tổ chức;,condition_or_rule,co to chuc
article_202_clause_2_point_b,article_202_clause_2,article_202,202,2,b,"Lợi dụng chức vụ, quyền hạn;",condition_or_rule,loi dung chuc vu quyen han
article_202_clause_2_point_c,article_202_clause_2,article_202,202,2,c,"Tem giả, vé giả không có mệnh giá có số lượng 30.000 đơn vị trở lên;",condition_or_rule,tem gia ve gia khong co menh gia co so luong 30 000 don vi tro len
article_202_clause_2_point_d,article_202_clause_2,article_202,202,2,d,"Tem giả, vé giả có mệnh giá có tổng trị giá 200.000.000 đồng trở lên;",condition_or_rule,tem gia ve gia co menh gia co tong tri gia 200 000 000 dong tro len
article_202_clause_2_point_d,article_202_clause_2,article_202,202,2,đ,Thu lợi bất chính 100.000.000 đồng trở lên;,condition_or_rule,thu loi bat chinh 100 000 000 dong tro len
article_202_clause_2_point_e,article_202_clause_2,article_202,202,2,e,Tái phạm nguy hiểm.,condition_or_rule,tai pham nguy hiem
article_203_clause_2_point_a,article_203_clause_2,article_203,203,2,a,Có tổ chức;,condition_or_rule,co to chuc
article_203_clause_2_point_b,article_203_clause_2,article_203,203,2,b,Có tính chất chuyên nghiệp;,condition_or_rule,co tinh chat chuyen nghiep
article_203_clause_2_point_c,article_203_clause_2,article_203,203,2,c,"Lợi dụng chức vụ, quyền hạn;",condition_or_rule,loi dung chuc vu quyen han
article_203_clause_2_point_d,article_203_clause_2,article_203,203,2,d,"Hóa đơn, chứng từ ở dạng phôi từ 100 số trở lên hoặc hóa đơn, chứng từ đã ghi nội dung từ 30 số trở lên;",condition_or_rule,hoa don chung tu o dang phoi tu 100 so tro len hoac hoa don chung tu da ghi noi dung tu 30 so tro len
article_203_clause_2_point_d,article_203_clause_2,article_203,203,2,đ,Thu lợi bất chính 100.000.000 đồng trở lên;,condition_or_rule,thu loi bat chinh 100 000 000 dong tro len
article_203_clause_2_point_e,article_203_clause_2,article_203,203,2,e,Gây thiệt hại cho ngân sách nhà nước 100.000.000 đồng trở lên;,condition_or_rule,gay thiet hai cho ngan sach nha nuoc 100 000 000 dong tro len
article_203_clause_2_point_g,article_203_clause_2,article_203,203,2,g,Tái phạm nguy hiểm.,condition_or_rule,tai pham nguy hiem
article_203_clause_4_point_a,article_203_clause_4,article_203,203,4,a,"Phạm tội thuộc trường hợp quy định tại khoản 1 Điều này, thì bị phạt tiền từ 100.000.000 đồng đến 500.000.000 đồng;",penalty_frame,pham toi thuoc truong hop quy dinh tai khoan 1 dieu nay thi bi phat tien tu 100 000 000 dong den 500 000 000 dong
article_203_clause_4_point_b,article_203_clause_4,article_203,203,4,b,"Phạm tội thuộc một trong các trường hợp quy định tại các điểm a, b, d, đ, e và g khoản 2 Điều này, thì bị phạt tiền từ 500.000.000 đồng đến 1.000.000.000 đồng;",penalty_frame,pham toi thuoc mot trong cac truong hop quy dinh tai cac diem a b d d e va g khoan 2 dieu nay thi bi phat tien tu 500 000 000 dong den 1 000 000 000 dong
article_203_clause_4_point_c,article_203_clause_4,article_203,203,4,c,"Phạm tội thuộc trường hợp quy định tại Điều 79 của Bộ luật này, thì bị đình chỉ hoạt động vĩnh viễn;",condition_or_rule,pham toi thuoc truong hop quy dinh tai dieu 79 cua bo luat nay thi bi dinh chi hoat dong vinh vien
article_203_clause_4_point_d,article_203_clause_4,article_203,203,4,d,"Pháp nhân thương mại còn có thể bị phạt tiền từ 50.000.000 đồng đến 200.000.000 đồng, cấm kinh doanh, cấm hoạt động trong một số lĩnh vực nhất định từ 01 năm đến 03 năm hoặc cấm huy động vốn từ 01 năm đến 03 năm.",penalty_frame,phap nhan thuong mai con co the bi phat tien tu 50 000 000 dong den 200 000 000 dong cam kinh doanh cam hoat dong trong mot so linh vuc nhat dinh tu 01 nam den 03 nam hoac cam huy dong von tu 01 nam den 03 nam
article_204_clause_2_point_a,article_204_clause_2,article_204,204,2,a,Phạm tội 02 lần trở lên;,condition_or_rule,pham toi 02 lan tro len
article_204_clause_2_point_b,article_204_clause_2,article_204,204,2,b,Gây thiệt hại 500.000.000 đồng trở lên.,condition_or_rule,gay thiet hai 500 000 000 dong tro len
article_205_clause_2_point_a,article_205_clause_2,article_205,205,2,a,Dùng thủ đoạn xảo quyệt để trốn tránh việc kiểm soát;,condition_or_rule,dung thu doan xao quyet de tron tranh viec kiem soat
article_205_clause_2_point_b,article_205_clause_2,article_205,205,2,b,Để thực hiện hành vi vi phạm pháp luật khác;,condition_or_rule,de thuc hien hanh vi vi pham phap luat khac
article_205_clause_2_point_c,article_205_clause_2,article_205,205,2,c,Gây thiệt hại cho tài sản của Nhà nước từ 200.000.000 đồng đến dưới 1.000.000.000 đồng.,condition_or_rule,gay thiet hai cho tai san cua nha nuoc tu 200 000 000 dong den duoi 1 000 000 000 dong
article_206_clause_1_point_a,article_206_clause_1,article_206,206,1,a,"Cấp tín dụng cho trường hợp không được cấp tín dụng, trừ trường hợp cấp dưới hình thức phát hành thẻ tín dụng;",condition_or_rule,cap tin dung cho truong hop khong duoc cap tin dung tru truong hop cap duoi hinh thuc phat hanh the tin dung
article_206_clause_1_point_b,article_206_clause_1,article_206,206,1,b,Cấp tín dụng không có bảo đảm hoặc cấp tín dụng với điều kiện ưu đãi cho đối tượng bị hạn chế cấp tín dụng theo quy định của pháp luật;,condition_or_rule,cap tin dung khong co bao dam hoac cap tin dung voi dieu kien uu dai cho doi tuong bi han che cap tin dung theo quy dinh cua phap luat
article_206_clause_1_point_c,article_206_clause_1,article_206,206,1,c,"Vi phạm quy định về tỷ lệ bảo đảm an toàn cho hoạt động của tổ chức tín dụng, chi nhánh ngân hàng nước ngoài theo quy định của Luật các tổ chức tín dụng;",condition_or_rule,vi pham quy dinh ve ty le bao dam an toan cho hoat dong cua to chuc tin dung chi nhanh ngan hang nuoc ngoai theo quy dinh cua luat cac to chuc tin dung
article_206_clause_1_point_d,article_206_clause_1,article_206,206,1,d,Cố ý nâng khống giá trị tài sản bảo đảm khi thẩm định giá để cấp tín dụng đối với trường hợp phải có tài sản bảo đảm;,condition_or_rule,co y nang khong gia tri tai san bao dam khi tham dinh gia de cap tin dung doi voi truong hop phai co tai san bao dam
article_206_clause_1_point_d,article_206_clause_1,article_206,206,1,đ,Vi phạm quy định của pháp luật về tổng mức dư nợ cấp tín dụng đối với đối tượng bị hạn chế cấp tín dụng;,condition_or_rule,vi pham quy dinh cua phap luat ve tong muc du no cap tin dung doi voi doi tuong bi han che cap tin dung
article_206_clause_1_point_e,article_206_clause_1,article_206,206,1,e,"Cấp tín dụng vượt giới hạn so với vốn tự có đối với một khách hàng và người có liên quan, trừ trường hợp có chấp thuận của người có thẩm quyền theo quy định của pháp luật;",condition_or_rule,cap tin dung vuot gioi han so voi von tu co doi voi mot khach hang va nguoi co lien quan tru truong hop co chap thuan cua nguoi co tham quyen theo quy dinh cua phap luat
article_206_clause_1_point_g,article_206_clause_1,article_206,206,1,g,"Vi phạm quy định của pháp luật về góp vốn, giới hạn góp vốn, mua cổ phần, điều kiện cấp tín dụng;",condition_or_rule,vi pham quy dinh cua phap luat ve gop von gioi han gop von mua co phan dieu kien cap tin dung
article_206_clause_1_point_h,article_206_clause_1,article_206,206,1,h,"Phát hành, cung ứng, sử dụng phương tiện thanh toán không hợp pháp; làm giả chứng từ thanh toán, phương tiện thanh toán; sử dụng chứng từ thanh toán, phương tiện thanh toán giả;",condition_or_rule,phat hanh cung ung su dung phuong tien thanh toan khong hop phap lam gia chung tu thanh toan phuong tien thanh toan su dung chung tu thanh toan phuong tien thanh toan gia
article_206_clause_1_point_i,article_206_clause_1,article_206,206,1,i,Kinh doanh vàng trái phép hoặc kinh doanh ngoại hối trái phép;,condition_or_rule,kinh doanh vang trai phep hoac kinh doanh ngoai hoi trai phep
article_206_clause_1_point_k,article_206_clause_1,article_206,206,1,k,Tiến hành hoạt động ngân hàng khi chưa được cơ quan nhà nước có thẩm quyền cho phép theo quy định của Luật Ngân hàng Nhà nước Việt Nam và Luật các tổ chức tín dụng.,condition_or_rule,tien hanh hoat dong ngan hang khi chua duoc co quan nha nuoc co tham quyen cho phep theo quy dinh cua luat ngan hang nha nuoc viet nam va luat cac to chuc tin dung
article_209_clause_1_point_a,article_209_clause_1,article_209,209,1,a,Gây thiệt hại cho nhà đầu tư từ 1.000.000.000 đồng đến dưới 3.000.000.000 đồng;,condition_or_rule,gay thiet hai cho nha dau tu tu 1 000 000 000 dong den duoi 3 000 000 000 dong
article_209_clause_1_point_b,article_209_clause_1,article_209,209,1,b,Thu lợi bất chính từ 500.000.000 đồng đến dưới 1.000.000.000 đồng;,condition_or_rule,thu loi bat chinh tu 500 000 000 dong den duoi 1 000 000 000 dong
article_209_clause_1_point_c,article_209_clause_1,article_209,209,1,c,"Đã bị xử phạt vi phạm hành chính về hành vi công bố thông tin sai lệch hoặc che giấu thông tin trong hoạt động chứng khoán hoặc đã bị kết án về tội này, chưa được xóa án tích mà còn vi phạm.",condition_or_rule,da bi xu phat vi pham hanh chinh ve hanh vi cong bo thong tin sai lech hoac che giau thong tin trong hoat dong chung khoan hoac da bi ket an ve toi nay chua duoc xoa an tich ma con vi pham
article_209_clause_2_point_a,article_209_clause_2,article_209,209,2,a,Có tổ chức;,condition_or_rule,co to chuc
article_209_clause_2_point_b,article_209_clause_2,article_209,209,2,b,Thu lợi bất chính 1.000.000.000 đồng trở lên;,condition_or_rule,thu loi bat chinh 1 000 000 000 dong tro len
article_209_clause_2_point_c,article_209_clause_2,article_209,209,2,c,Gây thiệt hại cho nhà đầu tư 3.000.000.000 đồng trở lên;,condition_or_rule,gay thiet hai cho nha dau tu 3 000 000 000 dong tro len
article_209_clause_2_point_d,article_209_clause_2,article_209,209,2,d,Tái phạm nguy hiểm.,condition_or_rule,tai pham nguy hiem
article_209_clause_4_point_a,article_209_clause_4,article_209,209,4,a,"Phạm tội thuộc trường hợp quy định tại khoản 1 Điều này, thì bị phạt tiền từ 500.000.000 đồng đến 2.000.000.000 đồng;",penalty_frame,pham toi thuoc truong hop quy dinh tai khoan 1 dieu nay thi bi phat tien tu 500 000 000 dong den 2 000 000 000 dong
article_209_clause_4_point_b,article_209_clause_4,article_209,209,4,b,"Phạm tội thuộc trường hợp quy định tại khoản 2 Điều này, thì bị phạt tiền từ 2.000.000.000 đồng đến 5.000.000.000 đồng;",penalty_frame,pham toi thuoc truong hop quy dinh tai khoan 2 dieu nay thi bi phat tien tu 2 000 000 000 dong den 5 000 000 000 dong
article_209_clause_4_point_c,article_209_clause_4,article_209,209,4,c,"Pháp nhân thương mại còn có thể bị cấm kinh doanh, cấm hoạt động trong một số lĩnh vực nhất định hoặc cấm huy động vốn từ 01 năm đến 03 năm.",additional_penalty,phap nhan thuong mai con co the bi cam kinh doanh cam hoat dong trong mot so linh vuc nhat dinh hoac cam huy dong von tu 01 nam den 03 nam
article_210_clause_2_point_a,article_210_clause_2,article_210,210,2,a,Có tổ chức;,condition_or_rule,co to chuc
article_210_clause_2_point_b,article_210_clause_2,article_210,210,2,b,Thu lợi bất chính 1.000.000.000 đồng trở lên;,condition_or_rule,thu loi bat chinh 1 000 000 000 dong tro len
article_210_clause_2_point_c,article_210_clause_2,article_210,210,2,c,Gây thiệt hại cho nhà đầu tư 1.500.000.000 đồng trở lên;,condition_or_rule,gay thiet hai cho nha dau tu 1 500 000 000 dong tro len
article_210_clause_2_point_d,article_210_clause_2,article_210,210,2,d,Tái phạm nguy hiểm.,condition_or_rule,tai pham nguy hiem
article_210_clause_4_point_a,article_210_clause_4,article_210,210,4,a,"Phạm tội thuộc trường hợp quy định tại khoản 1 Điều này, thì bị phạt tiền từ 1.000.000.000 đồng đến 5.000.000.000 đồng;",penalty_frame,pham toi thuoc truong hop quy dinh tai khoan 1 dieu nay thi bi phat tien tu 1 000 000 000 dong den 5 000 000 000 dong
article_210_clause_4_point_b,article_210_clause_4,article_210,210,4,b,"Phạm tội thuộc trường hợp quy định tại khoản 2 Điều này, thì bị phạt tiền từ 5.000.000.000 đồng đến 10.000.000.000 đồng;",penalty_frame,pham toi thuoc truong hop quy dinh tai khoan 2 dieu nay thi bi phat tien tu 5 000 000 000 dong den 10 000 000 000 dong
article_210_clause_4_point_c,article_210_clause_4,article_210,210,4,c,"Pháp nhân thương mại còn có thể bị cấm kinh doanh, cấm hoạt động trong một số lĩnh vực nhất định hoặc cấm huy động vốn từ 01 năm đến 03 năm.",additional_penalty,phap nhan thuong mai con co the bi cam kinh doanh cam hoat dong trong mot so linh vuc nhat dinh hoac cam huy dong von tu 01 nam den 03 nam
article_211_clause_1_point_a,article_211_clause_1,article_211,211,1,a,"Sử dụng một hoặc nhiều tài khoản giao dịch của mình hoặc của người khác hoặc thông đồng với nhau liên tục mua, bán chứng khoán nhằm tạo ra cung, cầu giả tạo;",condition_or_rule,su dung mot hoac nhieu tai khoan giao dich cua minh hoac cua nguoi khac hoac thong dong voi nhau lien tuc mua ban chung khoan nham tao ra cung cau gia tao
article_211_clause_1_point_b,article_211_clause_1,article_211,211,1,b,"Thông đồng với người khác đặt lệnh mua và bán cùng loại chứng khoán trong cùng ngày giao dịch hoặc thông đồng với nhau giao dịch mua bán chứng khoán mà không dẫn đến chuyển nhượng thực sự quyền sở hữu hoặc quyền sở hữu chỉ luân chuyển giữa các thành viên trong nhóm nhằm tạo giá chứng khoán, cung cầu giả tạo;",condition_or_rule,thong dong voi nguoi khac dat lenh mua va ban cung loai chung khoan trong cung ngay giao dich hoac thong dong voi nhau giao dich mua ban chung khoan ma khong dan den chuyen nhuong thuc su quyen so huu hoac quyen so huu chi luan chuyen giua cac thanh vien trong nhom nham tao gia chung khoan cung cau gia tao
article_211_clause_1_point_c,article_211_clause_1,article_211,211,1,c,Liên tục mua hoặc bán chứng khoán với khối lượng chi phối vào thời điểm mở cửa hoặc đóng cửa thị trường nhằm tạo ra mức giá đóng cửa hoặc giá mở cửa mới cho loại chứng khoán đó trên thị trường;,condition_or_rule,lien tuc mua hoac ban chung khoan voi khoi luong chi phoi vao thoi diem mo cua hoac dong cua thi truong nham tao ra muc gia dong cua hoac gia mo cua moi cho loai chung khoan do tren thi truong
article_211_clause_1_point_d,article_211_clause_1,article_211,211,1,d,"Giao dịch chứng khoán bằng hình thức cấu kết, lôi kéo người khác liên tục đặt lệnh mua, bán chứng khoán gây ảnh hưởng lớn đến cung cầu và giá chứng khoán, thao túng giá chứng khoán;",condition_or_rule,giao dich chung khoan bang hinh thuc cau ket loi keo nguoi khac lien tuc dat lenh mua ban chung khoan gay anh huong lon den cung cau va gia chung khoan thao tung gia chung khoan
article_211_clause_1_point_d,article_211_clause_1,article_211,211,1,đ,"Đưa ra ý kiến một cách trực tiếp hoặc gián tiếp thông qua phương tiện thông tin đại chúng về một loại chứng khoán, về tổ chức phát hành chứng khoán nhằm tạo ảnh hưởng đến giá của loại chứng khoán đó sau khi đã thực hiện giao dịch và nắm giữ vị thế đối với loại chứng khoán đó;",condition_or_rule,dua ra y kien mot cach truc tiep hoac gian tiep thong qua phuong tien thong tin dai chung ve mot loai chung khoan ve to chuc phat hanh chung khoan nham tao anh huong den gia cua loai chung khoan do sau khi da thuc hien giao dich va nam giu vi the doi voi loai chung khoan do
article_211_clause_1_point_e,article_211_clause_1,article_211,211,1,e,"Sử dụng các phương thức hoặc thực hiện các hành vi giao dịch khác để tạo cung cầu giả tạo, thao túng giá chứng khoán.",condition_or_rule,su dung cac phuong thuc hoac thuc hien cac hanh vi giao dich khac de tao cung cau gia tao thao tung gia chung khoan
article_211_clause_2_point_a,article_211_clause_2,article_211,211,2,a,Có tổ chức;,condition_or_rule,co to chuc
article_211_clause_2_point_b,article_211_clause_2,article_211,211,2,b,Thu lợi bất chính 1.500.000.000 đồng trở lên;,condition_or_rule,thu loi bat chinh 1 500 000 000 dong tro len
article_211_clause_2_point_c,article_211_clause_2,article_211,211,2,c,Gây thiệt hại cho nhà đầu tư 3.000.000.000 đồng trở lên;,condition_or_rule,gay thiet hai cho nha dau tu 3 000 000 000 dong tro len
article_211_clause_2_point_d,article_211_clause_2,article_211,211,2,d,Tái phạm nguy hiểm.,condition_or_rule,tai pham nguy hiem
article_211_clause_4_point_a,article_211_clause_4,article_211,211,4,a,"Phạm tội thuộc trường hợp quy định tại khoản 1 Điều này, thì bị phạt tiền từ 2.000.000.000 đồng đến 5.000.000.000 đồng;",penalty_frame,pham toi thuoc truong hop quy dinh tai khoan 1 dieu nay thi bi phat tien tu 2 000 000 000 dong den 5 000 000 000 dong
article_211_clause_4_point_b,article_211_clause_4,article_211,211,4,b,"Phạm tội thuộc trường hợp quy định tại khoản 2 Điều này, thì bị phạt tiền từ 5.000.000.000 đồng đến 10.000.000.000 đồng;",penalty_frame,pham toi thuoc truong hop quy dinh tai khoan 2 dieu nay thi bi phat tien tu 5 000 000 000 dong den 10 000 000 000 dong
article_211_clause_4_point_c,article_211_clause_4,article_211,211,4,c,"Phạm tội thuộc trường hợp quy định tại Điều 79 của Bộ luật này, thì bị đình chỉ hoạt động vĩnh viễn;",condition_or_rule,pham toi thuoc truong hop quy dinh tai dieu 79 cua bo luat nay thi bi dinh chi hoat dong vinh vien
article_211_clause_4_point_d,article_211_clause_4,article_211,211,4,d,"Pháp nhân thương mại còn có thể bị phạt tiền từ 500.000.000 đồng đến 2.000.000.000 đồng, cấm kinh doanh, cấm hoạt động trong một số lĩnh vực nhất định từ 01 năm đến 03 năm hoặc cấm huy động vốn từ 01 năm đến 03 năm.",penalty_frame,phap nhan thuong mai con co the bi phat tien tu 500 000 000 dong den 2 000 000 000 dong cam kinh doanh cam hoat dong trong mot so linh vuc nhat dinh tu 01 nam den 03 nam hoac cam huy dong von tu 01 nam den 03 nam
article_212_clause_2_point_a,article_212_clause_2,article_212,212,2,a,Thu lợi bất chính 2.000.000.000 đồng trở lên;,condition_or_rule,thu loi bat chinh 2 000 000 000 dong tro len
article_212_clause_2_point_b,article_212_clause_2,article_212,212,2,b,Gây thiệt hại cho nhà đầu tư 3.000.000.000 đồng trở lên;,condition_or_rule,gay thiet hai cho nha dau tu 3 000 000 000 dong tro len
article_212_clause_2_point_c,article_212_clause_2,article_212,212,2,c,Có tổ chức;,condition_or_rule,co to chuc
article_212_clause_2_point_d,article_212_clause_2,article_212,212,2,d,Tái phạm nguy hiểm.,condition_or_rule,tai pham nguy hiem
article_213_clause_1_point_a,article_213_clause_1,article_213,213,1,a,"Thông đồng với người thụ hưởng quyền lợi bảo hiểm để giải quyết bồi thường bảo hiểm, trả tiền bảo hiểm trái pháp luật;",condition_or_rule,thong dong voi nguoi thu huong quyen loi bao hiem de giai quyet boi thuong bao hiem tra tien bao hiem trai phap luat
article_213_clause_1_point_b,article_213_clause_1,article_213,213,1,b,"Giả mạo tài liệu, cố ý làm sai lệch thông tin để từ chối bồi thường, trả tiền bảo hiểm khi sự kiện bảo hiểm đã xảy ra;",condition_or_rule,gia mao tai lieu co y lam sai lech thong tin de tu choi boi thuong tra tien bao hiem khi su kien bao hiem da xay ra
article_213_clause_1_point_c,article_213_clause_1,article_213,213,1,c,"Giả mạo tài liệu, cố ý làm sai lệch thông tin trong hồ sơ yêu cầu bồi thường, trả tiền bảo hiểm;",condition_or_rule,gia mao tai lieu co y lam sai lech thong tin trong ho so yeu cau boi thuong tra tien bao hiem
article_213_clause_1_point_d,article_213_clause_1,article_213,213,1,d,"Tự gây thiệt hại về tài sản, sức khỏe của mình để hưởng quyền lợi bảo hiểm, trừ trường hợp luật có quy định khác.",condition_or_rule,tu gay thiet hai ve tai san suc khoe cua minh de huong quyen loi bao hiem tru truong hop luat co quy dinh khac
article_213_clause_2_point_a,article_213_clause_2,article_213,213,2,a,Có tổ chức;,condition_or_rule,co to chuc
article_213_clause_2_point_b,article_213_clause_2,article_213,213,2,b,"Dùng thủ đoạn tinh vi, xảo quyệt;",condition_or_rule,dung thu doan tinh vi xao quyet
article_213_clause_2_point_c,article_213_clause_2,article_213,213,2,c,Chiếm đoạt số tiền bảo hiểm từ 100.000.000 đồng đến dưới 500.000.000 đồng;,condition_or_rule,chiem doat so tien bao hiem tu 100 000 000 dong den duoi 500 000 000 dong
article_213_clause_2_point_d,article_213_clause_2,article_213,213,2,d,Gây thiệt hại từ 200.000.000 đồng đến dưới 1.000.000.000 đồng;,condition_or_rule,gay thiet hai tu 200 000 000 dong den duoi 1 000 000 000 dong
article_213_clause_2_point_d,article_213_clause_2,article_213,213,2,đ,Tái phạm nguy hiểm.,condition_or_rule,tai pham nguy hiem
article_213_clause_3_point_a,article_213_clause_3,article_213,213,3,a,Chiếm đoạt số tiền bảo hiểm 500.000.000 đồng trở lên;,condition_or_rule,chiem doat so tien bao hiem 500 000 000 dong tro len
article_213_clause_3_point_b,article_213_clause_3,article_213,213,3,b,Gây thiệt hại 1.000.000.000 đồng trở lên.,condition_or_rule,gay thiet hai 1 000 000 000 dong tro len
article_213_clause_5_point_a,article_213_clause_5,article_213,213,5,a,"Thực hiện một trong các hành vi quy định tại khoản 1 Điều này chiếm đoạt số tiền bảo hiểm từ 200.000.000 đồng đến dưới 1.000.000.000 đồng hoặc gây thiệt hại từ 400.000.000 đồng đến dưới 2.000.000.000 đồng, thì bị phạt tiền từ 200.000.000 đồng đến 1.000.000.000 đồng;",penalty_frame,thuc hien mot trong cac hanh vi quy dinh tai khoan 1 dieu nay chiem doat so tien bao hiem tu 200 000 000 dong den duoi 1 000 000 000 dong hoac gay thiet hai tu 400 000 000 dong den duoi 2 000 000 000 dong thi bi phat tien tu 200 000 000 dong den 1 000 000 000 dong
article_213_clause_5_point_b,article_213_clause_5,article_213,213,5,b,"Phạm tội thuộc một trong các trường hợp quy định tại các điểm a, b và đ khoản 2 Điều này hoặc chiếm đoạt số tiền bảo hiểm từ 1.000.000.000 đồng đến dưới 3.000.000.000 đồng hoặc gây thiệt hại từ 2.000.000.000 đồng đến dưới 5.000.000.000 đồng, thì bị phạt tiền từ 1.000.000.000 đồng đến 3.000.000.000 đồng;",penalty_frame,pham toi thuoc mot trong cac truong hop quy dinh tai cac diem a b va d khoan 2 dieu nay hoac chiem doat so tien bao hiem tu 1 000 000 000 dong den duoi 3 000 000 000 dong hoac gay thiet hai tu 2 000 000 000 dong den duoi 5 000 000 000 dong thi bi phat tien tu 1 000 000 000 dong den 3 000 000 000 dong
article_213_clause_5_point_c,article_213_clause_5,article_213,213,5,c,"Phạm tội thuộc trường hợp quy định tại khoản 3 Điều này chiếm đoạt số tiền bảo hiểm 3.000.000.000 đồng trở lên hoặc gây thiệt hại 5.000.000.000 đồng trở lên, thì bị phạt tiền từ 3.000.000.000 đồng đến 7.000.000.000 đồng;",penalty_frame,pham toi thuoc truong hop quy dinh tai khoan 3 dieu nay chiem doat so tien bao hiem 3 000 000 000 dong tro len hoac gay thiet hai 5 000 000 000 dong tro len thi bi phat tien tu 3 000 000 000 dong den 7 000 000 000 dong
article_213_clause_5_point_d,article_213_clause_5,article_213,213,5,d,"Pháp nhân thương mại còn có thể bị cấm kinh doanh, cấm hoạt động trong một số lĩnh vực nhất định hoặc cấm huy động vốn từ 01 năm đến 03 năm.",additional_penalty,phap nhan thuong mai con co the bi cam kinh doanh cam hoat dong trong mot so linh vuc nhat dinh hoac cam huy dong von tu 01 nam den 03 nam
article_214_clause_1_point_a,article_214_clause_1,article_214,214,1,a,"Lập hồ sơ giả hoặc làm sai lệch nội dung hồ sơ bảo hiểm xã hội, hồ sơ bảo hiểm thất nghiệp lừa dối cơ quan bảo hiểm xã hội;",condition_or_rule,lap ho so gia hoac lam sai lech noi dung ho so bao hiem xa hoi ho so bao hiem that nghiep lua doi co quan bao hiem xa hoi
article_214_clause_1_point_b,article_214_clause_1,article_214,214,1,b,"Dùng hồ sơ giả hoặc hồ sơ đã bị làm sai lệch nội dung lừa dối cơ quan bảo hiểm xã hội hưởng các chế độ bảo hiểm xã hội, bảo hiểm thất nghiệp.",condition_or_rule,dung ho so gia hoac ho so da bi lam sai lech noi dung lua doi co quan bao hiem xa hoi huong cac che do bao hiem xa hoi bao hiem that nghiep
article_214_clause_2_point_a,article_214_clause_2,article_214,214,2,a,Có tổ chức;,condition_or_rule,co to chuc
article_214_clause_2_point_b,article_214_clause_2,article_214,214,2,b,Có tính chất chuyên nghiệp;,condition_or_rule,co tinh chat chuyen nghiep
article_214_clause_2_point_c,article_214_clause_2,article_214,214,2,c,"Chiếm đoạt tiền bảo hiểm xã hội, bảo hiểm thất nghiệp từ 100.000.000 đồng đến dưới 500.000.000 đồng;",condition_or_rule,chiem doat tien bao hiem xa hoi bao hiem that nghiep tu 100 000 000 dong den duoi 500 000 000 dong
article_214_clause_2_point_d,article_214_clause_2,article_214,214,2,d,Gây thiệt hại từ 200.000.000 đồng đến dưới 500.000.000 đồng;,condition_or_rule,gay thiet hai tu 200 000 000 dong den duoi 500 000 000 dong
article_214_clause_2_point_d,article_214_clause_2,article_214,214,2,đ,"Dùng thủ đoạn tinh vi, xảo quyệt;",condition_or_rule,dung thu doan tinh vi xao quyet
article_214_clause_2_point_e,article_214_clause_2,article_214,214,2,e,Tái phạm nguy hiểm.,condition_or_rule,tai pham nguy hiem
article_214_clause_3_point_a,article_214_clause_3,article_214,214,3,a,"Chiếm đoạt tiền bảo hiểm xã hội, bảo hiểm thất nghiệp 500.000.000 đồng trở lên;",condition_or_rule,chiem doat tien bao hiem xa hoi bao hiem that nghiep 500 000 000 dong tro len
article_214_clause_3_point_b,article_214_clause_3,article_214,214,3,b,Gây thiệt hại 500.000.000 đồng trở lên.,condition_or_rule,gay thiet hai 500 000 000 dong tro len
article_215_clause_1_point_a,article_215_clause_1,article_215,215,1,a,"Lập hồ sơ bệnh án, kê đơn thuốc khống hoặc kê tăng số lượng hoặc thêm loại thuốc, vật tư y tế, dịch vụ kỹ thuật, chi phí giường bệnh và các chi phí khác mà thực tế người bệnh không sử dụng;",condition_or_rule,lap ho so benh an ke don thuoc khong hoac ke tang so luong hoac them loai thuoc vat tu y te dich vu ky thuat chi phi giuong benh va cac chi phi khac ma thuc te nguoi benh khong su dung
article_215_clause_1_point_b,article_215_clause_1,article_215,215,1,b,"Giả mạo hồ sơ, thẻ bảo hiểm y tế hoặc sử dụng thẻ bảo hiểm y tế được cấp khống, thẻ bảo hiểm y tế giả, thẻ đã bị thu hồi, thẻ bị sửa chữa, thẻ bảo hiểm y tế của người khác trong khám chữa bệnh hưởng chế độ bảo hiểm y tế trái quy định.",condition_or_rule,gia mao ho so the bao hiem y te hoac su dung the bao hiem y te duoc cap khong the bao hiem y te gia the da bi thu hoi the bi sua chua the bao hiem y te cua nguoi khac trong kham chua benh huong che do bao hiem y te trai quy dinh
article_215_clause_2_point_a,article_215_clause_2,article_215,215,2,a,Có tổ chức;,condition_or_rule,co to chuc
article_215_clause_2_point_b,article_215_clause_2,article_215,215,2,b,Có tính chất chuyên nghiệp;,condition_or_rule,co tinh chat chuyen nghiep
article_215_clause_2_point_c,article_215_clause_2,article_215,215,2,c,Chiếm đoạt tiền bảo hiểm y tế từ 100.000.000 đồng đến dưới 500.000.000 đồng;,condition_or_rule,chiem doat tien bao hiem y te tu 100 000 000 dong den duoi 500 000 000 dong
article_215_clause_2_point_d,article_215_clause_2,article_215,215,2,d,Gây thiệt hại từ 200.000.000 đồng đến dưới 500.000.000 đồng;,condition_or_rule,gay thiet hai tu 200 000 000 dong den duoi 500 000 000 dong
article_215_clause_2_point_d,article_215_clause_2,article_215,215,2,đ,"Dùng thủ đoạn tinh vi, xảo quyệt;",condition_or_rule,dung thu doan tinh vi xao quyet
article_215_clause_2_point_e,article_215_clause_2,article_215,215,2,e,Tái phạm nguy hiểm.,condition_or_rule,tai pham nguy hiem
article_215_clause_3_point_a,article_215_clause_3,article_215,215,3,a,Chiếm đoạt tiền bảo hiểm y tế 500.000.000 đồng trở lên;,condition_or_rule,chiem doat tien bao hiem y te 500 000 000 dong tro len
article_215_clause_3_point_b,article_215_clause_3,article_215,215,3,b,Gây thiệt hại 500.000.000 đồng trở lên.,condition_or_rule,gay thiet hai 500 000 000 dong tro len
article_216_clause_1_point_a,article_216_clause_1,article_216,216,1,a,Trốn đóng bảo hiểm từ 50.000.000 đồng đến dưới 300.000.000 đồng;,condition_or_rule,tron dong bao hiem tu 50 000 000 dong den duoi 300 000 000 dong
article_216_clause_1_point_b,article_216_clause_1,article_216,216,1,b,Trốn đóng bảo hiểm cho từ 10 người đến dưới 50 người lao động.,condition_or_rule,tron dong bao hiem cho tu 10 nguoi den duoi 50 nguoi lao dong
article_216_clause_2_point_a,article_216_clause_2,article_216,216,2,a,Phạm tội 02 lần trở lên;,condition_or_rule,pham toi 02 lan tro len
article_216_clause_2_point_b,article_216_clause_2,article_216,216,2,b,Trốn đóng bảo hiểm từ 300.000.000 đồng đến dưới 1.000.000.000 đồng;,condition_or_rule,tron dong bao hiem tu 300 000 000 dong den duoi 1 000 000 000 dong
article_216_clause_2_point_c,article_216_clause_2,article_216,216,2,c,Trốn đóng bảo hiểm cho từ 50 người đến dưới 200 người;,condition_or_rule,tron dong bao hiem cho tu 50 nguoi den duoi 200 nguoi
article_216_clause_2_point_d,article_216_clause_2,article_216,216,2,d,Không đóng số tiền bảo hiểm đã thu hoặc đã khấu trừ của người lao động quy định tại điểm a hoặc điểm b khoản 1 Điều này.,condition_or_rule,khong dong so tien bao hiem da thu hoac da khau tru cua nguoi lao dong quy dinh tai diem a hoac diem b khoan 1 dieu nay
article_216_clause_3_point_a,article_216_clause_3,article_216,216,3,a,Trốn đóng bảo hiểm 1.000.000.000 đồng trở lên;,condition_or_rule,tron dong bao hiem 1 000 000 000 dong tro len
article_216_clause_3_point_b,article_216_clause_3,article_216,216,3,b,Trốn đóng bảo hiểm cho 200 người trở lên;,condition_or_rule,tron dong bao hiem cho 200 nguoi tro len
article_216_clause_3_point_c,article_216_clause_3,article_216,216,3,c,Không đóng số tiền bảo hiểm đã thu hoặc đã khấu trừ của người lao động quy định tại điểm b hoặc điểm c khoản 2 Điều này.,condition_or_rule,khong dong so tien bao hiem da thu hoac da khau tru cua nguoi lao dong quy dinh tai diem b hoac diem c khoan 2 dieu nay
article_216_clause_5_point_a,article_216_clause_5,article_216,216,5,a,"Phạm tội thuộc trường hợp quy định tại khoản 1 Điều này, thì bị phạt tiền từ 200.000.000 đồng đến 500.000.000 đồng;",penalty_frame,pham toi thuoc truong hop quy dinh tai khoan 1 dieu nay thi bi phat tien tu 200 000 000 dong den 500 000 000 dong
article_216_clause_5_point_b,article_216_clause_5,article_216,216,5,b,"Phạm tội thuộc trường hợp quy định tại khoản 2 Điều này, thì bị phạt tiền từ 500.000.000 đồng đến 1.000.000.000 đồng;",penalty_frame,pham toi thuoc truong hop quy dinh tai khoan 2 dieu nay thi bi phat tien tu 500 000 000 dong den 1 000 000 000 dong
article_216_clause_5_point_c,article_216_clause_5,article_216,216,5,c,"Phạm tội thuộc trường hợp quy định tại khoản 3 Điều này, thì bị phạt tiền từ 1.000.000.000 đồng đến 3.000.000.000 đồng. TRẬT TỰ QUẢN LÝ KINH TẾ",penalty_frame,pham toi thuoc truong hop quy dinh tai khoan 3 dieu nay thi bi phat tien tu 1 000 000 000 dong den 3 000 000 000 dong trat tu quan ly kinh te
article_217_clause_1_point_a,article_217_clause_1,article_217,217,1,a,"Thỏa thuận ngăn cản, kìm hãm không cho doanh nghiệp khác tham gia thị trường hoặc phát triển kinh doanh;",condition_or_rule,thoa thuan ngan can kim ham khong cho doanh nghiep khac tham gia thi truong hoac phat trien kinh doanh
article_217_clause_1_point_b,article_217_clause_1,article_217,217,1,b,Thỏa thuận loại bỏ khỏi thị trường doanh nghiệp không phải là các bên của thỏa thuận;,definition_or_list,thoa thuan loai bo khoi thi truong doanh nghiep khong phai la cac ben cua thoa thuan
article_217_clause_1_point_c,article_217_clause_1,article_217,217,1,c,"Thỏa thuận hạn chế cạnh tranh khi các bên tham gia thỏa thuận có thị phần kết hợp trên thị trường liên quan 30% trở lên thuộc một trong các trường hợp: thỏa thuận ấn định giá hàng hóa, dịch vụ một cách trực tiếp hoặc gián tiếp; thỏa thuận phân chia thị trường tiêu thụ, nguồn cung cấp hàng hóa, cung ứng dịch vụ; thỏa thuận hạn chế hoặc kiểm soát số lượng, khối lượng sản xuất, mua, bán hàng hóa, dịch vụ; thỏa thuận hạn chế phát triển kỹ thuật, công nghệ, hạn chế đầu tư; thỏa thuận áp đặt cho doanh nghiệp khác điều kiện ký kết hợp đồng mua, bán hàng hóa, dịch vụ hoặc buộc doanh nghiệp khác chấp nhận nghĩa vụ không liên quan trực tiếp đến đối tượng của hợp đồng.",condition_or_rule,thoa thuan han che canh tranh khi cac ben tham gia thoa thuan co thi phan ket hop tren thi truong lien quan 30 tro len thuoc mot trong cac truong hop thoa thuan an dinh gia hang hoa dich vu mot cach truc tiep hoac gian tiep thoa thuan phan chia thi truong tieu thu nguon cung cap hang hoa cung ung dich vu thoa thuan han che hoac kiem soat so luong khoi luong san xuat mua ban hang hoa dich vu thoa thuan han che phat trien ky thuat cong nghe han che dau tu thoa thuan ap dat cho doanh nghiep khac dieu kien ky ket hop dong mua ban hang hoa dich vu hoac buoc doanh nghiep khac chap nhan nghia vu khong lien quan truc tiep den doi tuong cua hop dong
article_217_clause_2_point_a,article_217_clause_2,article_217,217,2,a,Phạm tội 02 lần trở lên;,condition_or_rule,pham toi 02 lan tro len
article_217_clause_2_point_b,article_217_clause_2,article_217,217,2,b,"Dùng thủ đoạn tinh vi, xảo quyệt;",condition_or_rule,dung thu doan tinh vi xao quyet
article_217_clause_2_point_c,article_217_clause_2,article_217,217,2,c,Lạm dụng vị trí thống lĩnh thị trường hoặc vị trí độc quyền;,condition_or_rule,lam dung vi tri thong linh thi truong hoac vi tri doc quyen
article_217_clause_2_point_d,article_217_clause_2,article_217,217,2,d,Thu lợi bất chính 3.000.000.000 đồng trở lên;,condition_or_rule,thu loi bat chinh 3 000 000 000 dong tro len
article_217_clause_2_point_d,article_217_clause_2,article_217,217,2,đ,Gây thiệt hại cho người khác 5.000.000.000 đồng trở lên.,condition_or_rule,gay thiet hai cho nguoi khac 5 000 000 000 dong tro len
article_217_clause_4_point_a,article_217_clause_4,article_217,217,4,a,"Phạm tội thuộc trường hợp quy định tại khoản 1 Điều này, thì bị phạt tiền từ 1.000.000.000 đồng đến 3.000.000.000 đồng;",penalty_frame,pham toi thuoc truong hop quy dinh tai khoan 1 dieu nay thi bi phat tien tu 1 000 000 000 dong den 3 000 000 000 dong
article_217_clause_4_point_b,article_217_clause_4,article_217,217,4,b,"Phạm tội thuộc trường hợp quy định tại khoản 2 Điều này, thì bị phạt tiền từ 3.000.000.000 đồng đến 5.000.000.000 đồng hoặc đình chỉ hoạt động có thời hạn từ 06 tháng đến 02 năm;",penalty_frame,pham toi thuoc truong hop quy dinh tai khoan 2 dieu nay thi bi phat tien tu 3 000 000 000 dong den 5 000 000 000 dong hoac dinh chi hoat dong co thoi han tu 06 thang den 02 nam
article_217_clause_4_point_c,article_217_clause_4,article_217,217,4,c,"Pháp nhân thương mại còn có thể bị phạt tiền từ 100.000.000 đồng đến 500.000.000 đồng, cấm kinh doanh, cấm hoạt động trong một số lĩnh vực nhất định hoặc cấm huy động vốn từ 01 năm đến 03 năm.",penalty_frame,phap nhan thuong mai con co the bi phat tien tu 100 000 000 dong den 500 000 000 dong cam kinh doanh cam hoat dong trong mot so linh vuc nhat dinh hoac cam huy dong von tu 01 nam den 03 nam
article_217a_clause_1_point_a,article_217a_clause_1,article_217a,217a,1,a,"Đã bị xử phạt vi phạm hành chính về hành vi này hoặc đã bị kết án về tội này, chưa được xóa án tích mà còn vi phạm;",condition_or_rule,da bi xu phat vi pham hanh chinh ve hanh vi nay hoac da bi ket an ve toi nay chua duoc xoa an tich ma con vi pham
article_217a_clause_1_point_b,article_217a_clause_1,article_217a,217a,1,b,Thu lợi bất chính từ 200.000.000 đồng đến dưới 1.000.000.000 đồng;,condition_or_rule,thu loi bat chinh tu 200 000 000 dong den duoi 1 000 000 000 dong
article_217a_clause_1_point_c,article_217a_clause_1,article_217a,217a,1,c,Gây thiệt hại cho người khác từ 500.000.000 đồng đến dưới 1.500.000.000 đồng.,condition_or_rule,gay thiet hai cho nguoi khac tu 500 000 000 dong den duoi 1 500 000 000 dong
article_217a_clause_2_point_a,article_217a_clause_2,article_217a,217a,2,a,Thu lợi bất chính 1.000.000.000 đồng trở lên;,condition_or_rule,thu loi bat chinh 1 000 000 000 dong tro len
article_217a_clause_2_point_b,article_217a_clause_2,article_217a,217a,2,b,Gây thiệt hại cho người khác 1.500.000.000 đồng trở lên;,condition_or_rule,gay thiet hai cho nguoi khac 1 500 000 000 dong tro len
article_217a_clause_2_point_c,article_217a_clause_2,article_217a,217a,2,c,Quy mô mạng lưới người tham gia 100 người trở lên.,condition_or_rule,quy mo mang luoi nguoi tham gia 100 nguoi tro len
article_218_clause_1_point_a,article_218_clause_1,article_218,218,1,a,Lập danh sách khống về người đăng ký mua tài sản bán đấu giá;,condition_or_rule,lap danh sach khong ve nguoi dang ky mua tai san ban dau gia
article_218_clause_1_point_b,article_218_clause_1,article_218,218,1,b,"Lập hồ sơ khống, hồ sơ giả tham gia hoạt động bán đấu giá tài sản;",condition_or_rule,lap ho so khong ho so gia tham gia hoat dong ban dau gia tai san
article_218_clause_1_point_c,article_218_clause_1,article_218,218,1,c,Thông đồng dìm giá hoặc nâng giá trong hoạt động bán đấu giá tài sản.,condition_or_rule,thong dong dim gia hoac nang gia trong hoat dong ban dau gia tai san
article_218_clause_2_point_a,article_218_clause_2,article_218,218,2,a,Có tổ chức;,condition_or_rule,co to chuc
article_218_clause_2_point_b,article_218_clause_2,article_218,218,2,b,Thu lợi bất chính 200.000.000 đồng trở lên;,condition_or_rule,thu loi bat chinh 200 000 000 dong tro len
article_218_clause_2_point_c,article_218_clause_2,article_218,218,2,c,Gây thiệt hại cho người khác 300.000.000 đồng trở lên;,condition_or_rule,gay thiet hai cho nguoi khac 300 000 000 dong tro len
article_218_clause_2_point_d,article_218_clause_2,article_218,218,2,d,Phạm tội 02 lần trở lên;,condition_or_rule,pham toi 02 lan tro len
article_218_clause_2_point_d,article_218_clause_2,article_218,218,2,đ,"Dùng thủ đoạn tinh vi, xảo quyệt.",condition_or_rule,dung thu doan tinh vi xao quyet
article_219_clause_2_point_a,article_219_clause_2,article_219,219,2,a,Vì vụ lợi;,condition_or_rule,vi vu loi
article_219_clause_2_point_b,article_219_clause_2,article_219,219,2,b,Có tổ chức;,condition_or_rule,co to chuc
article_219_clause_2_point_c,article_219_clause_2,article_219,219,2,c,"Dùng thủ đoạn tinh vi, xảo quyệt;",condition_or_rule,dung thu doan tinh vi xao quyet
article_219_clause_2_point_d,article_219_clause_2,article_219,219,2,d,"Gây thất thoát, lãng phí từ 300.000.000 đồng đến dưới 1.000.000.000 đồng.",condition_or_rule,gay that thoat lang phi tu 300 000 000 dong den duoi 1 000 000 000 dong
article_220_clause_1_point_a,article_220_clause_1,article_220,220,1,a,Vi phạm quy định về quyết định chủ trương đầu tư;,condition_or_rule,vi pham quy dinh ve quyet dinh chu truong dau tu
article_220_clause_1_point_b,article_220_clause_1,article_220,220,1,b,"Vi phạm quy định về lập, thẩm định chủ trương đầu tư;",condition_or_rule,vi pham quy dinh ve lap tham dinh chu truong dau tu
article_220_clause_1_point_c,article_220_clause_1,article_220,220,1,c,"Vi phạm quy định về quyết định đầu tư chương trình, dự án;",condition_or_rule,vi pham quy dinh ve quyet dinh dau tu chuong trinh du an
article_220_clause_1_point_d,article_220_clause_1,article_220,220,1,d,"Vi phạm quy định về tư vấn, thiết kế chương trình, dự án.",condition_or_rule,vi pham quy dinh ve tu van thiet ke chuong trinh du an
article_220_clause_2_point_a,article_220_clause_2,article_220,220,2,a,Vì vụ lợi;,condition_or_rule,vi vu loi
article_220_clause_2_point_b,article_220_clause_2,article_220,220,2,b,Có tổ chức;,condition_or_rule,co to chuc
article_220_clause_2_point_c,article_220_clause_2,article_220,220,2,c,"Dùng thủ đoạn tinh vi, xảo quyệt;",condition_or_rule,dung thu doan tinh vi xao quyet
article_220_clause_2_point_d,article_220_clause_2,article_220,220,2,d,Gây thiệt hại từ 300.000.000 đồng đến dưới 1.000.000.000 đồng.,condition_or_rule,gay thiet hai tu 300 000 000 dong den duoi 1 000 000 000 dong
article_221_clause_1_point_a,article_221_clause_1,article_221,221,1,a,"Giả mạo, khai man, thỏa thuận hoặc ép buộc người khác giả mạo, khai man, tẩy xóa tài liệu kế toán;",condition_or_rule,gia mao khai man thoa thuan hoac ep buoc nguoi khac gia mao khai man tay xoa tai lieu ke toan
article_221_clause_1_point_b,article_221_clause_1,article_221,221,1,b,"Dụ dỗ, thỏa thuận hoặc ép buộc người khác cung cấp, xác nhận thông tin, số liệu kế toán sai sự thật;",condition_or_rule,du do thoa thuan hoac ep buoc nguoi khac cung cap xac nhan thong tin so lieu ke toan sai su that
article_221_clause_1_point_c,article_221_clause_1,article_221,221,1,c,Để ngoài sổ kế toán tài sản của đơn vị kế toán hoặc tài sản liên quan đến đơn vị kế toán;,condition_or_rule,de ngoai so ke toan tai san cua don vi ke toan hoac tai san lien quan den don vi ke toan
article_221_clause_1_point_d,article_221_clause_1,article_221,221,1,d,Hủy bỏ hoặc cố ý làm hư hỏng tài liệu kế toán trước thời hạn lưu trữ theo quy định của Luật kế toán;,condition_or_rule,huy bo hoac co y lam hu hong tai lieu ke toan truoc thoi han luu tru theo quy dinh cua luat ke toan
article_221_clause_1_point_d,article_221_clause_1,article_221,221,1,đ,"Lập hai hệ thống sổ kế toán tài chính trở lên nhằm bỏ ngoài sổ kế toán tài sản, nguồn vốn, kinh phí của đơn vị kế toán.",condition_or_rule,lap hai he thong so ke toan tai chinh tro len nham bo ngoai so ke toan tai san nguon von kinh phi cua don vi ke toan
article_221_clause_2_point_a,article_221_clause_2,article_221,221,2,a,Vì vụ lợi;,condition_or_rule,vi vu loi
article_221_clause_2_point_b,article_221_clause_2,article_221,221,2,b,Có tổ chức;,condition_or_rule,co to chuc
article_221_clause_2_point_c,article_221_clause_2,article_221,221,2,c,"Dùng thủ đoạn tinh vi, xảo quyệt;",condition_or_rule,dung thu doan tinh vi xao quyet
article_221_clause_2_point_d,article_221_clause_2,article_221,221,2,d,Gây thiệt hại từ 300.000.000 đồng đến dưới 1.000.000.000 đồng.,condition_or_rule,gay thiet hai tu 300 000 000 dong den duoi 1 000 000 000 dong
article_222_clause_1_point_a,article_222_clause_1,article_222,222,1,a,Can thiệp trái pháp luật vào hoạt động đấu thầu;,condition_or_rule,can thiep trai phap luat vao hoat dong dau thau
article_222_clause_1_point_b,article_222_clause_1,article_222,222,1,b,Thông thầu;,condition_or_rule,thong thau
article_222_clause_1_point_c,article_222_clause_1,article_222,222,1,c,Gian lận trong đấu thầu;,condition_or_rule,gian lan trong dau thau
article_222_clause_1_point_d,article_222_clause_1,article_222,222,1,d,Cản trở hoạt động đấu thầu;,condition_or_rule,can tro hoat dong dau thau
article_222_clause_1_point_d,article_222_clause_1,article_222,222,1,đ,"Vi phạm quy định của pháp luật về bảo đảm công bằng, minh bạch trong hoạt động đấu thầu;",condition_or_rule,vi pham quy dinh cua phap luat ve bao dam cong bang minh bach trong hoat dong dau thau
article_222_clause_1_point_e,article_222_clause_1,article_222,222,1,e,Tổ chức lựa chọn nhà thầu khi nguồn vốn cho gói thầu chưa được xác định dẫn đến nợ đọng vốn của nhà thầu;,condition_or_rule,to chuc lua chon nha thau khi nguon von cho goi thau chua duoc xac dinh dan den no dong von cua nha thau
article_222_clause_1_point_g,article_222_clause_1,article_222,222,1,g,Chuyển nhượng thầu trái phép.,condition_or_rule,chuyen nhuong thau trai phep
article_222_clause_2_point_a,article_222_clause_2,article_222,222,2,a,Vì vụ lợi;,condition_or_rule,vi vu loi
article_222_clause_2_point_b,article_222_clause_2,article_222,222,2,b,Có tổ chức;,condition_or_rule,co to chuc
article_222_clause_2_point_c,article_222_clause_2,article_222,222,2,c,"Lợi dụng chức vụ, quyền hạn;",condition_or_rule,loi dung chuc vu quyen han
article_222_clause_2_point_d,article_222_clause_2,article_222,222,2,d,"Dùng thủ đoạn tinh vi, xảo quyệt;",condition_or_rule,dung thu doan tinh vi xao quyet
article_222_clause_2_point_d,article_222_clause_2,article_222,222,2,đ,Gây thiệt hại từ 300.000.000 đồng đến dưới 1.000.000.000 đồng.,condition_or_rule,gay thiet hai tu 300 000 000 dong den duoi 1 000 000 000 dong
article_223_clause_1_point_a,article_223_clause_1,article_223,223,1,a,"Thực hiện việc miễn thuế, giảm thuế, xóa nợ tiền thuế, xóa nợ tiền phạt, hoàn thuế không đúng quy định của Luật quản lý thuế và các quy định khác của pháp luật về thuế;",condition_or_rule,thuc hien viec mien thue giam thue xoa no tien thue xoa no tien phat hoan thue khong dung quy dinh cua luat quan ly thue va cac quy dinh khac cua phap luat ve thue
article_223_clause_1_point_b,article_223_clause_1,article_223,223,1,b,Xác nhận việc thực hiện nghĩa vụ thuế của người nộp thuế không đúng quy định của Luật quản lý thuế và quy định khác của pháp luật về thuế.,condition_or_rule,xac nhan viec thuc hien nghia vu thue cua nguoi nop thue khong dung quy dinh cua luat quan ly thue va quy dinh khac cua phap luat ve thue
article_223_clause_2_point_a,article_223_clause_2,article_223,223,2,a,Vì vụ lợi;,condition_or_rule,vi vu loi
article_223_clause_2_point_b,article_223_clause_2,article_223,223,2,b,Có tổ chức;,condition_or_rule,co to chuc
article_223_clause_2_point_c,article_223_clause_2,article_223,223,2,c,"Dùng thủ đoạn tinh vi, xảo quyệt;",condition_or_rule,dung thu doan tinh vi xao quyet
article_223_clause_2_point_d,article_223_clause_2,article_223,223,2,d,Làm thất thoát tiền thuế từ 300.000.000 đồng đến dưới 1.000.000.000 đồng.,condition_or_rule,lam that thoat tien thue tu 300 000 000 dong den duoi 1 000 000 000 dong
article_224_clause_1_point_a,article_224_clause_1,article_224,224,1,a,Quyết định đầu tư xây dựng không đúng quy định của Luật xây dựng;,condition_or_rule,quyet dinh dau tu xay dung khong dung quy dinh cua luat xay dung
article_224_clause_1_point_b,article_224_clause_1,article_224,224,1,b,"Lập, thẩm định, phê duyệt thiết kế, dự toán, điều chỉnh dự toán, nghiệm thu công trình sử dụng vốn của Nhà nước trái với quy định của Luật xây dựng;",condition_or_rule,lap tham dinh phe duyet thiet ke du toan dieu chinh du toan nghiem thu cong trinh su dung von cua nha nuoc trai voi quy dinh cua luat xay dung
article_224_clause_1_point_c,article_224_clause_1,article_224,224,1,c,Lựa chọn nhà thầu không đủ điều kiện năng lực để thực hiện hoạt động xây dựng;,condition_or_rule,lua chon nha thau khong du dieu kien nang luc de thuc hien hoat dong xay dung
article_224_clause_1_point_d,article_224_clause_1,article_224,224,1,d,"Dàn xếp, thông đồng làm sai lệch kết quả lập dự án, khảo sát, thiết kế, giám sát thi công, xây dựng công trình.",condition_or_rule,dan xep thong dong lam sai lech ket qua lap du an khao sat thiet ke giam sat thi cong xay dung cong trinh
article_224_clause_2_point_a,article_224_clause_2,article_224,224,2,a,Vì vụ lợi;,condition_or_rule,vi vu loi
article_224_clause_2_point_b,article_224_clause_2,article_224,224,2,b,Có tổ chức;,condition_or_rule,co to chuc
article_224_clause_2_point_c,article_224_clause_2,article_224,224,2,c,"Dùng thủ đoạn tinh vi, xảo quyệt;",condition_or_rule,dung thu doan tinh vi xao quyet
article_224_clause_2_point_d,article_224_clause_2,article_224,224,2,d,Gây thiệt hại từ 300.000.000 đồng đến dưới 1.000.000.000 đồng.,condition_or_rule,gay thiet hai tu 300 000 000 dong den duoi 1 000 000 000 dong
article_225_clause_1_point_a,article_225_clause_1,article_225,225,1,a,"Sao chép tác phẩm, bản ghi âm, bản ghi hình;",condition_or_rule,sao chep tac pham ban ghi am ban ghi hinh
article_225_clause_1_point_b,article_225_clause_1,article_225,225,1,b,"Phân phối đến công chúng bản sao tác phẩm, bản sao bản ghi âm, bản sao bản ghi hình.",condition_or_rule,phan phoi den cong chung ban sao tac pham ban sao ban ghi am ban sao ban ghi hinh
article_225_clause_2_point_a,article_225_clause_2,article_225,225,2,a,Có tổ chức;,condition_or_rule,co to chuc
article_225_clause_2_point_b,article_225_clause_2,article_225,225,2,b,Phạm tội 02 lần trở lên;,condition_or_rule,pham toi 02 lan tro len
article_225_clause_2_point_c,article_225_clause_2,article_225,225,2,c,Thu lợi bất chính 300.000.000 đồng trở lên;,condition_or_rule,thu loi bat chinh 300 000 000 dong tro len
article_225_clause_2_point_d,article_225_clause_2,article_225,225,2,d,"Gây thiệt hại cho chủ thể quyền tác giả, quyền liên quan 500.000.000 đồng trở lên;",condition_or_rule,gay thiet hai cho chu the quyen tac gia quyen lien quan 500 000 000 dong tro len
article_225_clause_2_point_d,article_225_clause_2,article_225,225,2,đ,Hàng hóa vi phạm trị giá 500.000.000 đồng trở lên.,condition_or_rule,hang hoa vi pham tri gia 500 000 000 dong tro len
article_225_clause_4_point_a,article_225_clause_4,article_225,225,4,a,"Thực hiện một trong các hành vi quy định tại khoản 1 Điều này với quy mô thương mại hoặc thu lợi bất chính từ 200.000.000 đồng đến dưới 300.000.000 đồng hoặc gây thiệt hại cho chủ thể quyền tác giả, quyền liên quan từ 300.000.000 đồng đến dưới 500.000.000 đồng hoặc hàng hóa vi phạm trị giá từ 300.000.000 đồng đến dưới 500.000.000 đồng; thu lợi bất chính từ 100.000.000 đồng đến dưới 200.000.000 đồng hoặc gây thiệt hại cho chủ thể quyền tác giả, quyền liên quan từ 100.000.000 đồng đến dưới 300.000.000 đồng hoặc hàng hóa vi phạm trị giá từ 100.000.000 đồng đến dưới 300.000.000 đồng nhưng đã bị xử phạt vi phạm hành chính về một trong các hành vi quy định tại Điều này hoặc đã bị kết án về tội này, chưa được xóa án tích mà còn vi phạm, thì bị phạt tiền từ 300.000.000 đồng đến 1.000.000.000 đồng;",penalty_frame,thuc hien mot trong cac hanh vi quy dinh tai khoan 1 dieu nay voi quy mo thuong mai hoac thu loi bat chinh tu 200 000 000 dong den duoi 300 000 000 dong hoac gay thiet hai cho chu the quyen tac gia quyen lien quan tu 300 000 000 dong den duoi 500 000 000 dong hoac hang hoa vi pham tri gia tu 300 000 000 dong den duoi 500 000 000 dong thu loi bat chinh tu 100 000 000 dong den duoi 200 000 000 dong hoac gay thiet hai cho chu the quyen tac gia quyen lien quan tu 100 000 000 dong den duoi 300 000 000 dong hoac hang hoa vi pham tri gia tu 100 000 000 dong den duoi 300 000 000 dong nhung da bi xu phat vi pham hanh chinh ve mot trong cac hanh vi quy dinh tai dieu nay hoac da bi ket an ve toi nay chua duoc xoa an tich ma con vi pham thi bi phat tien tu 300 000 000 dong den 1 000 000 000 dong
article_225_clause_4_point_b,article_225_clause_4,article_225,225,4,b,"Phạm tội thuộc trường hợp quy định tại khoản 2 Điều này, thì bị phạt tiền từ 1.000.000.000 đồng đến 3.000.000.000 đồng hoặc đình chỉ hoạt động có thời hạn từ 06 tháng đến 02 năm;",penalty_frame,pham toi thuoc truong hop quy dinh tai khoan 2 dieu nay thi bi phat tien tu 1 000 000 000 dong den 3 000 000 000 dong hoac dinh chi hoat dong co thoi han tu 06 thang den 02 nam
article_225_clause_4_point_c,article_225_clause_4,article_225,225,4,c,"Pháp nhân thương mại còn có thể bị phạt tiền từ 100.000.000 đồng đến 300.000.000 đồng, cấm kinh doanh, cấm hoạt động trong một số lĩnh vực nhất định hoặc cấm huy động vốn từ 01 năm đến 03 năm.",penalty_frame,phap nhan thuong mai con co the bi phat tien tu 100 000 000 dong den 300 000 000 dong cam kinh doanh cam hoat dong trong mot so linh vuc nhat dinh hoac cam huy dong von tu 01 nam den 03 nam
article_226_clause_2_point_a,article_226_clause_2,article_226,226,2,a,Có tổ chức;,condition_or_rule,co to chuc
article_226_clause_2_point_b,article_226_clause_2,article_226,226,2,b,Phạm tội 02 lần trở lên;,condition_or_rule,pham toi 02 lan tro len
article_226_clause_2_point_c,article_226_clause_2,article_226,226,2,c,Thu lợi bất chính 300.000.000 đồng trở lên;,condition_or_rule,thu loi bat chinh 300 000 000 dong tro len
article_226_clause_2_point_d,article_226_clause_2,article_226,226,2,d,Gây thiệt hại cho chủ sở hữu nhãn hiệu hoặc chỉ dẫn địa lý 500.000.000 đồng trở lên;,condition_or_rule,gay thiet hai cho chu so huu nhan hieu hoac chi dan dia ly 500 000 000 dong tro len
article_226_clause_2_point_d,article_226_clause_2,article_226,226,2,đ,Hàng hóa vi phạm trị giá 500.000.000 đồng trở lên.,condition_or_rule,hang hoa vi pham tri gia 500 000 000 dong tro len
article_226_clause_4_point_a,article_226_clause_4,article_226,226,4,a,"Thực hiện hành vi quy định tại khoản 1 Điều này với quy mô thương mại hoặc thu lợi bất chính từ 200.000.000 đồng đến dưới 300.000.000 đồng hoặc gây thiệt hại cho chủ sở hữu nhãn hiệu hoặc chỉ dẫn địa lý từ 300.000.000 đồng đến dưới 500.000.000 đồng hoặc hàng hóa vi phạm trị giá từ 300.000.000 đồng đến dưới 500.000.000 đồng; thu lợi bất chính từ 100.000.000 đồng đến dưới 200.000.000 đồng hoặc gây thiệt hại cho chủ sở hữu nhãn hiệu hoặc chỉ dẫn địa lý từ 100.000.000 đồng đến dưới 300.000.000 đồng hoặc hàng hóa vi phạm trị giá từ 100.000.000 đồng đến dưới 300.000.000 đồng nhưng đã bị xử phạt vi phạm hành chính về hành vi này hoặc đã bị kết án về tội này, chưa được xóa án tích mà còn vi phạm, thì bị phạt tiền từ 500.000.000 đồng đến 2.000.000.000 đồng;",penalty_frame,thuc hien hanh vi quy dinh tai khoan 1 dieu nay voi quy mo thuong mai hoac thu loi bat chinh tu 200 000 000 dong den duoi 300 000 000 dong hoac gay thiet hai cho chu so huu nhan hieu hoac chi dan dia ly tu 300 000 000 dong den duoi 500 000 000 dong hoac hang hoa vi pham tri gia tu 300 000 000 dong den duoi 500 000 000 dong thu loi bat chinh tu 100 000 000 dong den duoi 200 000 000 dong hoac gay thiet hai cho chu so huu nhan hieu hoac chi dan dia ly tu 100 000 000 dong den duoi 300 000 000 dong hoac hang hoa vi pham tri gia tu 100 000 000 dong den duoi 300 000 000 dong nhung da bi xu phat vi pham hanh chinh ve hanh vi nay hoac da bi ket an ve toi nay chua duoc xoa an tich ma con vi pham thi bi phat tien tu 500 000 000 dong den 2 000 000 000 dong
article_226_clause_4_point_b,article_226_clause_4,article_226,226,4,b,"Phạm tội thuộc trường hợp quy định tại khoản 2 Điều này, thì bị phạt tiền từ 2.000.000.000 đồng đến 5.000.000.000 đồng hoặc đình chỉ hoạt động có thời hạn từ 06 tháng đến 02 năm;",penalty_frame,pham toi thuoc truong hop quy dinh tai khoan 2 dieu nay thi bi phat tien tu 2 000 000 000 dong den 5 000 000 000 dong hoac dinh chi hoat dong co thoi han tu 06 thang den 02 nam
article_226_clause_4_point_c,article_226_clause_4,article_226,226,4,c,"Pháp nhân thương mại còn có thể bị phạt tiền từ 100.000.000 đồng đến 500.000.000 đồng, cấm kinh doanh, cấm hoạt động trong một số lĩnh vực nhất định hoặc cấm huy động vốn từ 01 năm đến 03 năm.",penalty_frame,phap nhan thuong mai con co the bi phat tien tu 100 000 000 dong den 500 000 000 dong cam kinh doanh cam hoat dong trong mot so linh vuc nhat dinh hoac cam huy dong von tu 01 nam den 03 nam
article_227_clause_1_point_a,article_227_clause_1,article_227,227,1,a,"Thu lợi bất chính từ nghiên cứu, thăm dò, khai thác tài nguyên nước, dầu khí hoặc khoáng sản khác từ 100.000.000 đồng đến dưới 500.000.000 đồng;",condition_or_rule,thu loi bat chinh tu nghien cuu tham do khai thac tai nguyen nuoc dau khi hoac khoang san khac tu 100 000 000 dong den duoi 500 000 000 dong
article_227_clause_1_point_b,article_227_clause_1,article_227,227,1,b,Khoáng sản trị giá từ 500.000.000 đồng đến dưới 1.000.000.000 đồng;,condition_or_rule,khoang san tri gia tu 500 000 000 dong den duoi 1 000 000 000 dong
article_227_clause_1_point_c,article_227_clause_1,article_227,227,1,c,Gây thương tích hoặc gây tổn hại cho sức khỏe của người khác mà tỷ lệ tổn thương cơ thể 61% trở lên;,condition_or_rule,gay thuong tich hoac gay ton hai cho suc khoe cua nguoi khac ma ty le ton thuong co the 61 tro len
article_227_clause_1_point_d,article_227_clause_1,article_227,227,1,d,Gây thương tích hoặc gây tổn hại cho sức khỏe của 02 người trở lên mà tổng tỷ lệ tổn thương cơ thể của những người này từ 61% đến 121%;,condition_or_rule,gay thuong tich hoac gay ton hai cho suc khoe cua 02 nguoi tro len ma tong ty le ton thuong co the cua nhung nguoi nay tu 61 den 121
article_227_clause_1_point_d,article_227_clause_1,article_227,227,1,đ,"Đã bị xử phạt vi phạm hành chính về một trong các hành vi quy định tại Điều này hoặc đã bị kết án về tội này, chưa được xóa án tích mà còn vi phạm.",condition_or_rule,da bi xu phat vi pham hanh chinh ve mot trong cac hanh vi quy dinh tai dieu nay hoac da bi ket an ve toi nay chua duoc xoa an tich ma con vi pham
article_227_clause_2_point_a,article_227_clause_2,article_227,227,2,a,"Thu lợi bất chính từ nghiên cứu, thăm dò, khai thác tài nguyên nước, dầu khí hoặc khoáng sản khác 500.000.000 đồng trở lên;",condition_or_rule,thu loi bat chinh tu nghien cuu tham do khai thac tai nguyen nuoc dau khi hoac khoang san khac 500 000 000 dong tro len
article_227_clause_2_point_b,article_227_clause_2,article_227,227,2,b,Khoáng sản trị giá 1.000.000.000 đồng trở lên;,condition_or_rule,khoang san tri gia 1 000 000 000 dong tro len
article_227_clause_2_point_c,article_227_clause_2,article_227,227,2,c,Có tổ chức;,condition_or_rule,co to chuc
article_227_clause_2_point_d,article_227_clause_2,article_227,227,2,d,Gây sự cố môi trường;,condition_or_rule,gay su co moi truong
article_227_clause_2_point_d,article_227_clause_2,article_227,227,2,đ,Làm chết người;,condition_or_rule,lam chet nguoi
article_227_clause_2_point_e,article_227_clause_2,article_227,227,2,e,Gây thương tích hoặc gây tổn hại cho sức khỏe của 02 người trở lên mà tổng tỷ lệ tổn thương cơ thể của những người này 122% trở lên.,condition_or_rule,gay thuong tich hoac gay ton hai cho suc khoe cua 02 nguoi tro len ma tong ty le ton thuong co the cua nhung nguoi nay 122 tro len
article_227_clause_4_point_a,article_227_clause_4,article_227,227,4,a,"Thực hiện một trong các hành vi quy định tại khoản 1 Điều này, thu lợi bất chính từ nghiên cứu, thăm dò, khai thác tài nguyên nước, dầu khí hoặc khoáng sản khác từ 300.000.000 đồng đến dưới 500.000.000 đồng hoặc khoáng sản trị giá từ 700.000.000 đồng đến dưới 1.000.000.000 đồng hoặc gây thương tích hoặc gây tổn hại cho sức khỏe của người khác mà tỷ lệ tổn thương cơ thể 61% trở lên hoặc gây thương tích hoặc gây tổn hại cho sức khỏe của 02 người trở lên mà tổng tỷ lệ tổn thương cơ thể của những người này từ 61% đến 121%; thu lợi bất chính từ nghiên cứu, thăm dò, khai thác tài nguyên nước, dầu khí hoặc khoáng sản khác từ 100.000.000 đồng đến dưới 300.000.000 đồng hoặc khoáng sản trị giá từ 500.000.000 đồng đến dưới 700.000.000 đồng nhưng đã bị xử phạt vi phạm hành chính về một trong các hành vi quy định tại Điều này hoặc đã bị kết án về tội này, chưa được xóa án tích mà còn vi phạm, thì bị phạt tiền từ 1.500.000.000 đồng đến 3.000.000.000 đồng;",penalty_frame,thuc hien mot trong cac hanh vi quy dinh tai khoan 1 dieu nay thu loi bat chinh tu nghien cuu tham do khai thac tai nguyen nuoc dau khi hoac khoang san khac tu 300 000 000 dong den duoi 500 000 000 dong hoac khoang san tri gia tu 700 000 000 dong den duoi 1 000 000 000 dong hoac gay thuong tich hoac gay ton hai cho suc khoe cua nguoi khac ma ty le ton thuong co the 61 tro len hoac gay thuong tich hoac gay ton hai cho suc khoe cua 02 nguoi tro len ma tong ty le ton thuong co the cua nhung nguoi nay tu 61 den 121 thu loi bat chinh tu nghien cuu tham do khai thac tai nguyen nuoc dau khi hoac khoang san khac tu 100 000 000 dong den duoi 300 000 000 dong hoac khoang san tri gia tu 500 000 000 dong den duoi 700 000 000 dong nhung da bi xu phat vi pham hanh chinh ve mot trong cac hanh vi quy dinh tai dieu nay hoac da bi ket an ve toi nay chua duoc xoa an tich ma con vi pham thi bi phat tien tu 1 500 000 000 dong den 3 000 000 000 dong
article_227_clause_4_point_b,article_227_clause_4,article_227,227,4,b,"Phạm tội thuộc trường hợp quy định tại khoản 2 Điều này, thì bị phạt tiền từ 3.000.000.000 đồng đến 7.000.000.000 đồng hoặc đình chỉ hoạt động có thời hạn từ 06 tháng đến 03 năm;",penalty_frame,pham toi thuoc truong hop quy dinh tai khoan 2 dieu nay thi bi phat tien tu 3 000 000 000 dong den 7 000 000 000 dong hoac dinh chi hoat dong co thoi han tu 06 thang den 03 nam
article_227_clause_4_point_c,article_227_clause_4,article_227,227,4,c,"Pháp nhân thương mại còn có thể bị phạt tiền từ 100.000.000 đồng đến 500.000.000 đồng, cấm kinh doanh, cấm hoạt động trong một số lĩnh vực nhất định hoặc cấm huy động vốn từ 01 năm đến 03 năm.",penalty_frame,phap nhan thuong mai con co the bi phat tien tu 100 000 000 dong den 500 000 000 dong cam kinh doanh cam hoat dong trong mot so linh vuc nhat dinh hoac cam huy dong von tu 01 nam den 03 nam
article_228_clause_2_point_a,article_228_clause_2,article_228,228,2,a,Có tổ chức;,condition_or_rule,co to chuc
article_228_clause_2_point_b,article_228_clause_2,article_228,228,2,b,Phạm tội 02 lần trở lên;,condition_or_rule,pham toi 02 lan tro len
article_228_clause_2_point_c,article_228_clause_2,article_228,228,2,c,Tái phạm nguy hiểm.,condition_or_rule,tai pham nguy hiem
article_229_clause_1_point_a,article_229_clause_1,article_229,229,1,a,"Đất trồng lúa có diện tích từ 5.000 mét vuông (m2) đến dưới 30.000 mét vuông (m2); đất rừng đặc dụng, rừng phòng hộ, rừng sản xuất có diện tích từ 10.000 mét vuông (m2) đến dưới 50.000 mét vuông (m2); đất nông nghiệp khác và đất phi nông nghiệp có diện tích từ 10.000 mét vuông (m2) đến dưới 40.000 mét vuông (m2);",condition_or_rule,dat trong lua co dien tich tu 5 000 met vuong m2 den duoi 30 000 met vuong m2 dat rung dac dung rung phong ho rung san xuat co dien tich tu 10 000 met vuong m2 den duoi 50 000 met vuong m2 dat nong nghiep khac va dat phi nong nghiep co dien tich tu 10 000 met vuong m2 den duoi 40 000 met vuong m2
article_229_clause_1_point_b,article_229_clause_1,article_229,229,1,b,Đất có giá trị quyền dụng đất được quy thành tiền từ 500.000.000 đồng đến dưới 2.000.000.000 đồng đối với đất nông nghiệp hoặc từ 1.000.000.000 đồng đến dưới 5.000.000.000 đồng đối với đất phi nông nghiệp;,condition_or_rule,dat co gia tri quyen dung dat duoc quy thanh tien tu 500 000 000 dong den duoi 2 000 000 000 dong doi voi dat nong nghiep hoac tu 1 000 000 000 dong den duoi 5 000 000 000 dong doi voi dat phi nong nghiep
article_229_clause_1_point_c,article_229_clause_1,article_229,229,1,c,Đã bị xử lý kỷ luật về hành vi này mà còn vi phạm.,condition_or_rule,da bi xu ly ky luat ve hanh vi nay ma con vi pham
article_229_clause_2_point_a,article_229_clause_2,article_229,229,2,a,Có tổ chức;,condition_or_rule,co to chuc
article_229_clause_2_point_b,article_229_clause_2,article_229,229,2,b,"Đất trồng lúa có diện tích từ 30.000 mét vuông (m2) đến dưới 70.000 mét vuông (m2); đất rừng đặc dụng, rừng phòng hộ, rừng sản xuất có diện tích từ 50.000 mét vuông (m2) đến dưới 100.000 mét vuông (m2); đất nông nghiệp khác và đất phi nông nghiệp có diện tích từ 40.000 mét vuông (m2) đến dưới 80.000 mét vuông (m2);",condition_or_rule,dat trong lua co dien tich tu 30 000 met vuong m2 den duoi 70 000 met vuong m2 dat rung dac dung rung phong ho rung san xuat co dien tich tu 50 000 met vuong m2 den duoi 100 000 met vuong m2 dat nong nghiep khac va dat phi nong nghiep co dien tich tu 40 000 met vuong m2 den duoi 80 000 met vuong m2
article_229_clause_2_point_c,article_229_clause_2,article_229,229,2,c,Đất có giá trị quyền dụng đất được quy thành tiền từ 2.000.000.000 đồng đến dưới 7.000.000.000 đồng đối với đất nông nghiệp hoặc từ 5.000.000.000 đồng đến dưới 15.000.000.000 đồng đối với đất phi nông nghiệp;,condition_or_rule,dat co gia tri quyen dung dat duoc quy thanh tien tu 2 000 000 000 dong den duoi 7 000 000 000 dong doi voi dat nong nghiep hoac tu 5 000 000 000 dong den duoi 15 000 000 000 dong doi voi dat phi nong nghiep
article_229_clause_2_point_d,article_229_clause_2,article_229,229,2,d,"Gây ảnh hưởng xấu đến an ninh, trật tự, an toàn xã hội.",condition_or_rule,gay anh huong xau den an ninh trat tu an toan xa hoi
article_229_clause_3_point_a,article_229_clause_3,article_229,229,3,a,"Đất trồng lúa có diện tích 70.000 mét vuông (m2) trở lên; đất rừng đặc dụng, rừng phòng hộ, rừng sản xuất có diện tích 100.000 mét vuông (m2) trở lên; đất nông nghiệp khác và đất phi nông nghiệp có diện tích 80.000 mét vuông (m2) trở lên;",condition_or_rule,dat trong lua co dien tich 70 000 met vuong m2 tro len dat rung dac dung rung phong ho rung san xuat co dien tich 100 000 met vuong m2 tro len dat nong nghiep khac va dat phi nong nghiep co dien tich 80 000 met vuong m2 tro len
article_229_clause_3_point_b,article_229_clause_3,article_229,229,3,b,Đất có giá trị quyền sử dụng đất được quy thành tiền 7.000.000.000 đồng trở lên đối với đất nông nghiệp hoặc 15.000.000.000 đồng trở lên đối với đất phi nông nghiệp.,condition_or_rule,dat co gia tri quyen su dung dat duoc quy thanh tien 7 000 000 000 dong tro len doi voi dat nong nghiep hoac 15 000 000 000 dong tro len doi voi dat phi nong nghiep
article_230_clause_1_point_a,article_230_clause_1,article_230,230,1,a,"Vi phạm quy định của pháp luật về bồi thường về đất, hỗ trợ và tái định cư;",condition_or_rule,vi pham quy dinh cua phap luat ve boi thuong ve dat ho tro va tai dinh cu
article_230_clause_1_point_b,article_230_clause_1,article_230,230,1,b,"Vi phạm quy định của pháp luật về bồi thường về tài sản, về sản xuất kinh doanh.",condition_or_rule,vi pham quy dinh cua phap luat ve boi thuong ve tai san ve san xuat kinh doanh
article_230_clause_2_point_a,article_230_clause_2,article_230,230,2,a,Vì vụ lợi hoặc vì động cơ cá nhân khác;,condition_or_rule,vi vu loi hoac vi dong co ca nhan khac
article_230_clause_2_point_b,article_230_clause_2,article_230,230,2,b,Có tổ chức;,condition_or_rule,co to chuc
article_230_clause_2_point_c,article_230_clause_2,article_230,230,2,c,"Dùng thủ đoạn tinh vi, xảo quyệt;",condition_or_rule,dung thu doan tinh vi xao quyet
article_230_clause_2_point_d,article_230_clause_2,article_230,230,2,d,"Gây ảnh hưởng xấu đến an ninh, trật tự, an toàn xã hội;",condition_or_rule,gay anh huong xau den an ninh trat tu an toan xa hoi
article_230_clause_2_point_d,article_230_clause_2,article_230,230,2,đ,Gây thiệt hại từ 300.000.000 đồng đến dưới 1.000.000.000 đồng.,condition_or_rule,gay thiet hai tu 300 000 000 dong den duoi 1 000 000 000 dong
article_231_clause_2_point_a,article_231_clause_2,article_231,231,2,a,Có tổ chức;,condition_or_rule,co to chuc
article_231_clause_2_point_b,article_231_clause_2,article_231,231,2,b,Phạm tội 02 lần trở lên;,condition_or_rule,pham toi 02 lan tro len
article_231_clause_2_point_c,article_231_clause_2,article_231,231,2,c,"Gây thiệt hại hoặc thất thoát tiền, hàng cứu trợ 300.000.000 đồng trở lên;",condition_or_rule,gay thiet hai hoac that thoat tien hang cuu tro 300 000 000 dong tro len
article_231_clause_2_point_d,article_231_clause_2,article_231,231,2,d,"Gây ảnh hưởng xấu về an ninh, trật tự, an toàn xã hội.",condition_or_rule,gay anh huong xau ve an ninh trat tu an toan xa hoi
article_232_clause_1_point_a,article_232_clause_1,article_232,232,1,a,"Khai thác trái phép rừng sản xuất là rừng trồng từ 20 mét khối (m3) đến dưới 40 mét khối (m3) gỗ loài thực vật thông thường hoặc từ 15 mét khối (m3) đến dưới 30 mét khối (m3) gỗ thuộc Danh mục thực vật rừng, động vật rừng nguy cấp, quý, hiếm Nhóm IIA;",definition_or_list,khai thac trai phep rung san xuat la rung trong tu 20 met khoi m3 den duoi 40 met khoi m3 go loai thuc vat thong thuong hoac tu 15 met khoi m3 den duoi 30 met khoi m3 go thuoc danh muc thuc vat rung dong vat rung nguy cap quy hiem nhom iia
article_232_clause_1_point_b,article_232_clause_1,article_232,232,1,b,"Khai thác trái phép rừng sản xuất là rừng tự nhiên từ 10 mét khối (m3) đến dưới 20 mét khối (m3) gỗ loài thực vật thông thường hoặc từ 07 mét khối (m3) đến dưới 15 mét khối (m3) gỗ thuộc Danh mục thực vật rừng, động vật rừng nguy cấp, quý, hiếm Nhóm IIA;",definition_or_list,khai thac trai phep rung san xuat la rung tu nhien tu 10 met khoi m3 den duoi 20 met khoi m3 go loai thuc vat thong thuong hoac tu 07 met khoi m3 den duoi 15 met khoi m3 go thuoc danh muc thuc vat rung dong vat rung nguy cap quy hiem nhom iia
article_232_clause_1_point_c,article_232_clause_1,article_232,232,1,c,"Khai thác trái phép rừng phòng hộ là rừng trồng từ 15 mét khối (m3) đến dưới 30 mét khối (m3) gỗ loài thực vật thông thường hoặc từ 10 mét khối (m3) đến dưới 20 mét khối (m3) gỗ thuộc Danh mục thực vật rừng, động vật rừng nguy cấp, quý, hiếm Nhóm IIA;",definition_or_list,khai thac trai phep rung phong ho la rung trong tu 15 met khoi m3 den duoi 30 met khoi m3 go loai thuc vat thong thuong hoac tu 10 met khoi m3 den duoi 20 met khoi m3 go thuoc danh muc thuc vat rung dong vat rung nguy cap quy hiem nhom iia
article_232_clause_1_point_d,article_232_clause_1,article_232,232,1,d,"Khai thác trái phép rừng phòng hộ là rừng tự nhiên từ 07 mét khối (m3) đến dưới 15 mét khối (m3) gỗ loài thực vật thông thường hoặc từ 05 mét khối (m3) đến dưới 10 mét khối (m3) gỗ thuộc Danh mục thực vật rừng, động vật rừng nguy cấp, quý, hiếm Nhóm IIA;",definition_or_list,khai thac trai phep rung phong ho la rung tu nhien tu 07 met khoi m3 den duoi 15 met khoi m3 go loai thuc vat thong thuong hoac tu 05 met khoi m3 den duoi 10 met khoi m3 go thuoc danh muc thuc vat rung dong vat rung nguy cap quy hiem nhom iia
article_232_clause_1_point_d,article_232_clause_1,article_232,232,1,đ,"Khai thác trái phép rừng đặc dụng là rừng trồng từ 10 mét khối (m3) đến dưới 20 mét khối (m3) gỗ loài thực vật thông thường hoặc từ 05 mét khối (m3) đến dưới 10 mét khối (m3) gỗ thuộc Danh mục thực vật rừng, động vật rừng nguy cấp, quý, hiếm Nhóm IIA;",definition_or_list,khai thac trai phep rung dac dung la rung trong tu 10 met khoi m3 den duoi 20 met khoi m3 go loai thuc vat thong thuong hoac tu 05 met khoi m3 den duoi 10 met khoi m3 go thuoc danh muc thuc vat rung dong vat rung nguy cap quy hiem nhom iia
article_232_clause_1_point_e,article_232_clause_1,article_232,232,1,e,"Khai thác trái phép rừng đặc dụng là rừng tự nhiên từ 03 mét khối (m3) đến dưới 08 mét khối (m3) gỗ loài thực vật thông thường hoặc từ 01 mét khối (m3) đến dưới 03 mét khối (m3) gỗ thuộc Danh mục thực vật rừng, động vật rừng nguy cấp, quý, hiếm Nhóm IIA;",definition_or_list,khai thac trai phep rung dac dung la rung tu nhien tu 03 met khoi m3 den duoi 08 met khoi m3 go loai thuc vat thong thuong hoac tu 01 met khoi m3 den duoi 03 met khoi m3 go thuoc danh muc thuc vat rung dong vat rung nguy cap quy hiem nhom iia
article_232_clause_1_point_g,article_232_clause_1,article_232,232,1,g,"Khai thác trái phép thực vật rừng ngoài gỗ thuộc Danh mục thực vật rừng, động vật rừng nguy cấp, quý, hiếm Nhóm IIA trị giá từ 50.000.000 đồng đến dưới 100.000.000 đồng; thực vật rừng thông thường ngoài gỗ trị giá từ 100.000.000 đồng đến dưới 200.000.000 đồng;",condition_or_rule,khai thac trai phep thuc vat rung ngoai go thuoc danh muc thuc vat rung dong vat rung nguy cap quy hiem nhom iia tri gia tu 50 000 000 dong den duoi 100 000 000 dong thuc vat rung thong thuong ngoai go tri gia tu 100 000 000 dong den duoi 200 000 000 dong
article_232_clause_1_point_h,article_232_clause_1,article_232,232,1,h,"Khai thác trái phép gỗ thuộc Danh mục loài nguy cấp, quý, hiếm được ưu tiên bảo vệ hoặc Danh mục thực vật rừng, động vật rừng nguy cấp, quý, hiếm Nhóm IA từ 01 mét khối (m3) đến dưới 02 mét khối (m3) tại rừng sản xuất, từ 0,5 mét khối (m3) đến dưới 1,5 mét khối (m3) tại rừng phòng hộ hoặc từ 0,5 mét khối (m3) đến dưới 01 mét khối (m3) tại rừng đặc dụng;",condition_or_rule,khai thac trai phep go thuoc danh muc loai nguy cap quy hiem duoc uu tien bao ve hoac danh muc thuc vat rung dong vat rung nguy cap quy hiem nhom ia tu 01 met khoi m3 den duoi 02 met khoi m3 tai rung san xuat tu 0 5 met khoi m3 den duoi 1 5 met khoi m3 tai rung phong ho hoac tu 0 5 met khoi m3 den duoi 01 met khoi m3 tai rung dac dung
article_232_clause_1_point_i,article_232_clause_1,article_232,232,1,i,"Khai thác trái phép thực vật rừng ngoài gỗ thuộc Danh mục loài nguy cấp, quý, hiếm được ưu tiên bảo vệ hoặc Danh mục thực vật rừng, động vật rừng nguy cấp, quý, hiếm Nhóm IA trị giá từ 30.000.000 đồng đến dưới 60.000.000 đồng;",condition_or_rule,khai thac trai phep thuc vat rung ngoai go thuoc danh muc loai nguy cap quy hiem duoc uu tien bao ve hoac danh muc thuc vat rung dong vat rung nguy cap quy hiem nhom ia tri gia tu 30 000 000 dong den duoi 60 000 000 dong
article_232_clause_1_point_k,article_232_clause_1,article_232,232,1,k,"Tàng trữ, vận chuyển, chế biến hoặc mua bán trái phép từ 1,5 mét khối (m3) đến dưới 03 mét khối (m3) gỗ thuộc Danh mục loài nguy cấp, quý, hiếm được ưu tiên bảo vệ hoặc Danh mục thực vật rừng, động vật rừng nguy cấp, quý, hiếm Nhóm IA hoặc gỗ có nguồn gốc từ nước ngoài thuộc Phụ lục I Công ước về buôn bán quốc tế các loài động vật, thực vật hoang dã nguy cấp; từ 10 mét khối (m3) đến dưới 20 mét khối (m3) gỗ thuộc Danh mục thực vật rừng, động vật rừng nguy cấp, quý, hiếm Nhóm IIA hoặc gỗ có nguồn gốc từ nước ngoài thuộc Phụ lục II Công ước về buôn bán quốc tế các loài động vật, thực vật hoang dã nguy cấp; từ 20 mét khối (m3) đến dưới 40 mét khối (m3) gỗ loài thực vật rừng thông thường;",condition_or_rule,tang tru van chuyen che bien hoac mua ban trai phep tu 1 5 met khoi m3 den duoi 03 met khoi m3 go thuoc danh muc loai nguy cap quy hiem duoc uu tien bao ve hoac danh muc thuc vat rung dong vat rung nguy cap quy hiem nhom ia hoac go co nguon goc tu nuoc ngoai thuoc phu luc i cong uoc ve buon ban quoc te cac loai dong vat thuc vat hoang da nguy cap tu 10 met khoi m3 den duoi 20 met khoi m3 go thuoc danh muc thuc vat rung dong vat rung nguy cap quy hiem nhom iia hoac go co nguon goc tu nuoc ngoai thuoc phu luc ii cong uoc ve buon ban quoc te cac loai dong vat thuc vat hoang da nguy cap tu 20 met khoi m3 den duoi 40 met khoi m3 go loai thuc vat rung thong thuong
article_232_clause_1_point_l,article_232_clause_1,article_232,232,1,l,"Tàng trữ, vận chuyển, chế biến hoặc mua bán trái phép loài thực vật rừng ngoài gỗ trị giá từ 300.000.000 đồng đến dưới 600.000.000 đồng;",condition_or_rule,tang tru van chuyen che bien hoac mua ban trai phep loai thuc vat rung ngoai go tri gia tu 300 000 000 dong den duoi 600 000 000 dong
article_232_clause_1_point_m,article_232_clause_1,article_232,232,1,m,"Khai thác, tàng trữ, vận chuyển, chế biến hoặc mua bán trái phép gỗ hoặc thực vật rừng ngoài gỗ có khối lượng hoặc trị giá dưới mức quy định tại một trong các điểm từ điểm a đến điểm l khoản này nhưng đã bị xử phạt vi phạm hành chính về một trong các hành vi quy định tại Điều này hoặc đã bị kết án về tội này, chưa được xóa án tích mà còn vi phạm.",condition_or_rule,khai thac tang tru van chuyen che bien hoac mua ban trai phep go hoac thuc vat rung ngoai go co khoi luong hoac tri gia duoi muc quy dinh tai mot trong cac diem tu diem a den diem l khoan nay nhung da bi xu phat vi pham hanh chinh ve mot trong cac hanh vi quy dinh tai dieu nay hoac da bi ket an ve toi nay chua duoc xoa an tich ma con vi pham
article_232_clause_2_point_a,article_232_clause_2,article_232,232,2,a,"Khai thác trái phép rừng sản xuất là rừng trồng từ 40 mét khối (m3) đến dưới 80 mét khối (m3) gỗ loài thực vật thông thường hoặc từ 30 mét khối (m3) đến dưới 50 mét khối (m3) gỗ thuộc Danh mục thực vật rừng, động vật rừng nguy cấp, quý, hiếm Nhóm IIA;",definition_or_list,khai thac trai phep rung san xuat la rung trong tu 40 met khoi m3 den duoi 80 met khoi m3 go loai thuc vat thong thuong hoac tu 30 met khoi m3 den duoi 50 met khoi m3 go thuoc danh muc thuc vat rung dong vat rung nguy cap quy hiem nhom iia
article_232_clause_2_point_b,article_232_clause_2,article_232,232,2,b,"Khai thác trái phép rừng sản xuất là rừng tự nhiên từ 20 mét khối (m3) đến dưới 40 mét khối (m3) gỗ loài thực vật thông thường hoặc từ 15 mét khối (m3) đến dưới 30 mét khối (m3) gỗ thuộc Danh mục thực vật rừng, động vật rừng nguy cấp, quý, hiếm Nhóm IIA;",definition_or_list,khai thac trai phep rung san xuat la rung tu nhien tu 20 met khoi m3 den duoi 40 met khoi m3 go loai thuc vat thong thuong hoac tu 15 met khoi m3 den duoi 30 met khoi m3 go thuoc danh muc thuc vat rung dong vat rung nguy cap quy hiem nhom iia
article_232_clause_2_point_c,article_232_clause_2,article_232,232,2,c,"Khai thác trái phép rừng phòng hộ là rừng trồng từ 30 mét khối (m3) đến dưới 60 mét khối (m3) gỗ loài thực vật thông thường hoặc từ 20 mét khối (m3) đến dưới 40 mét khối (m3) gỗ thuộc Danh mục thực vật rừng, động vật rừng nguy cấp, quý, hiếm Nhóm IIA;",definition_or_list,khai thac trai phep rung phong ho la rung trong tu 30 met khoi m3 den duoi 60 met khoi m3 go loai thuc vat thong thuong hoac tu 20 met khoi m3 den duoi 40 met khoi m3 go thuoc danh muc thuc vat rung dong vat rung nguy cap quy hiem nhom iia
article_232_clause_2_point_d,article_232_clause_2,article_232,232,2,d,"Khai thác trái phép rừng phòng hộ là rừng tự nhiên từ 15 mét khối (m3) đến dưới 30 mét khối (m3) gỗ loài thực vật thông thường hoặc từ 10 mét khối (m3) đến dưới 20 mét khối (m3) gỗ thuộc Danh mục thực vật rừng, động vật rừng nguy cấp, quý, hiếm Nhóm IIA;",definition_or_list,khai thac trai phep rung phong ho la rung tu nhien tu 15 met khoi m3 den duoi 30 met khoi m3 go loai thuc vat thong thuong hoac tu 10 met khoi m3 den duoi 20 met khoi m3 go thuoc danh muc thuc vat rung dong vat rung nguy cap quy hiem nhom iia
article_232_clause_2_point_d,article_232_clause_2,article_232,232,2,đ,"Khai thác trái phép rừng đặc dụng là rừng trồng từ 20 mét khối (m3) đến dưới 40 mét khối (m3) gỗ loài thực vật thông thường hoặc từ 10 mét khối (m3) đến dưới 20 mét khối (m3) gỗ thuộc Danh mục thực vật rừng, động vật rừng nguy cấp, quý, hiếm Nhóm IIA;",definition_or_list,khai thac trai phep rung dac dung la rung trong tu 20 met khoi m3 den duoi 40 met khoi m3 go loai thuc vat thong thuong hoac tu 10 met khoi m3 den duoi 20 met khoi m3 go thuoc danh muc thuc vat rung dong vat rung nguy cap quy hiem nhom iia
article_232_clause_2_point_e,article_232_clause_2,article_232,232,2,e,"Khai thác trái phép rừng đặc dụng là rừng tự nhiên từ 08 mét khối (m3) đến dưới 15 mét khối (m3) gỗ loài thực vật thông thường hoặc từ 03 mét khối (m3) đến dưới 10 mét khối (m3) gỗ thuộc Danh mục thực vật rừng, động vật rừng nguy cấp, quý, hiếm Nhóm IIA;",definition_or_list,khai thac trai phep rung dac dung la rung tu nhien tu 08 met khoi m3 den duoi 15 met khoi m3 go loai thuc vat thong thuong hoac tu 03 met khoi m3 den duoi 10 met khoi m3 go thuoc danh muc thuc vat rung dong vat rung nguy cap quy hiem nhom iia
article_232_clause_2_point_g,article_232_clause_2,article_232,232,2,g,"Khai thác trái phép thực vật rừng ngoài gỗ thuộc Danh mục thực vật rừng, động vật rừng nguy cấp, quý, hiếm Nhóm IIA trị giá từ 100.000.000 đồng đến dưới 200.000.000 đồng; thực vật rừng thông thường ngoài gỗ trị giá từ 200.000.000 đồng đến dưới 400.000.000 đồng;",condition_or_rule,khai thac trai phep thuc vat rung ngoai go thuoc danh muc thuc vat rung dong vat rung nguy cap quy hiem nhom iia tri gia tu 100 000 000 dong den duoi 200 000 000 dong thuc vat rung thong thuong ngoai go tri gia tu 200 000 000 dong den duoi 400 000 000 dong
article_232_clause_2_point_h,article_232_clause_2,article_232,232,2,h,"Khai thác trái phép gỗ thuộc Danh mục loài nguy cấp, quý, hiếm được ưu tiên bảo vệ hoặc Danh mục thực vật rừng, động vật rừng nguy cấp, quý, hiếm Nhóm IA từ 02 mét khối (m3) đến dưới 04 mét khối (m3) tại rừng sản xuất, từ 1,5 mét khối (m3) đến dưới 03 mét khối (m3) tại rừng phòng hộ hoặc từ 01 mét khối (m3) đến dưới 02 mét khối (m3) tại rừng đặc dụng;",condition_or_rule,khai thac trai phep go thuoc danh muc loai nguy cap quy hiem duoc uu tien bao ve hoac danh muc thuc vat rung dong vat rung nguy cap quy hiem nhom ia tu 02 met khoi m3 den duoi 04 met khoi m3 tai rung san xuat tu 1 5 met khoi m3 den duoi 03 met khoi m3 tai rung phong ho hoac tu 01 met khoi m3 den duoi 02 met khoi m3 tai rung dac dung
article_232_clause_2_point_i,article_232_clause_2,article_232,232,2,i,"Khai thác trái phép thực vật rừng ngoài gỗ thuộc Danh mục loài nguy cấp, quý, hiếm được ưu tiên bảo vệ hoặc Danh mục thực vật rừng, động vật rừng nguy cấp, quý, hiếm Nhóm IA trị giá từ 60.000.000 đồng đến dưới 120.000.000 đồng;",condition_or_rule,khai thac trai phep thuc vat rung ngoai go thuoc danh muc loai nguy cap quy hiem duoc uu tien bao ve hoac danh muc thuc vat rung dong vat rung nguy cap quy hiem nhom ia tri gia tu 60 000 000 dong den duoi 120 000 000 dong
article_232_clause_2_point_k,article_232_clause_2,article_232,232,2,k,"Tàng trữ, vận chuyển, chế biến hoặc mua bán trái phép từ 03 mét khối (m3) đến dưới 06 mét khối (m3) gỗ thuộc Danh mục loài nguy cấp, quý, hiếm được ưu tiên bảo vệ hoặc Danh mục thực vật rừng, động vật rừng nguy cấp, quý, hiếm Nhóm IA hoặc gỗ có nguồn gốc từ nước ngoài thuộc Phụ lục I Công ước về buôn bán quốc tế các loài động vật, thực vật hoang dã nguy cấp; từ 20 mét khối (m3) đến dưới 40 mét khối (m3) gỗ thuộc Danh mục thực vật rừng, động vật rừng nguy cấp, quý, hiếm Nhóm IIA hoặc gỗ có nguồn gốc từ nước ngoài thuộc Phụ lục II Công ước về buôn bán quốc tế các loài động vật, thực vật hoang dã nguy cấp; từ 40 mét khối (m3) đến dưới 80 mét khối (m3) gỗ loài thực vật rừng thông thường;",condition_or_rule,tang tru van chuyen che bien hoac mua ban trai phep tu 03 met khoi m3 den duoi 06 met khoi m3 go thuoc danh muc loai nguy cap quy hiem duoc uu tien bao ve hoac danh muc thuc vat rung dong vat rung nguy cap quy hiem nhom ia hoac go co nguon goc tu nuoc ngoai thuoc phu luc i cong uoc ve buon ban quoc te cac loai dong vat thuc vat hoang da nguy cap tu 20 met khoi m3 den duoi 40 met khoi m3 go thuoc danh muc thuc vat rung dong vat rung nguy cap quy hiem nhom iia hoac go co nguon goc tu nuoc ngoai thuoc phu luc ii cong uoc ve buon ban quoc te cac loai dong vat thuc vat hoang da nguy cap tu 40 met khoi m3 den duoi 80 met khoi m3 go loai thuc vat rung thong thuong
article_232_clause_2_point_l,article_232_clause_2,article_232,232,2,l,"Tàng trữ, vận chuyển, chế biến hoặc mua bán trái phép loài thực vật rừng ngoài gỗ trị giá từ 600.000.000 đồng đến dưới 1.200.000.000 đồng;",condition_or_rule,tang tru van chuyen che bien hoac mua ban trai phep loai thuc vat rung ngoai go tri gia tu 600 000 000 dong den duoi 1 200 000 000 dong
article_232_clause_2_point_m,article_232_clause_2,article_232,232,2,m,Có tổ chức;,condition_or_rule,co to chuc
article_232_clause_2_point_n,article_232_clause_2,article_232,232,2,n,"Mua bán, vận chuyển qua biên giới;",condition_or_rule,mua ban van chuyen qua bien gioi
article_232_clause_2_point_o,article_232_clause_2,article_232,232,2,o,Tái phạm nguy hiểm.,condition_or_rule,tai pham nguy hiem
article_232_clause_3_point_a,article_232_clause_3,article_232,232,3,a,"Khai thác trái phép rừng sản xuất là rừng trồng 80 mét khối (m3) trở lên gỗ loài thực vật thông thường hoặc 50 mét khối (m3) trở lên gỗ thuộc Danh mục thực vật rừng, động vật rừng nguy cấp, quý, hiếm Nhóm IIA;",definition_or_list,khai thac trai phep rung san xuat la rung trong 80 met khoi m3 tro len go loai thuc vat thong thuong hoac 50 met khoi m3 tro len go thuoc danh muc thuc vat rung dong vat rung nguy cap quy hiem nhom iia
article_232_clause_3_point_b,article_232_clause_3,article_232,232,3,b,"Khai thác trái phép rừng sản xuất là rừng tự nhiên 40 mét khối (m3) trở lên gỗ loài thực vật thông thường hoặc 30 mét khối (m3) trở lên gỗ thuộc Danh mục thực vật rừng, động vật rừng nguy cấp, quý, hiếm Nhóm IIA;",definition_or_list,khai thac trai phep rung san xuat la rung tu nhien 40 met khoi m3 tro len go loai thuc vat thong thuong hoac 30 met khoi m3 tro len go thuoc danh muc thuc vat rung dong vat rung nguy cap quy hiem nhom iia
article_232_clause_3_point_c,article_232_clause_3,article_232,232,3,c,"Khai thác trái phép rừng phòng hộ là rừng trồng 60 mét khối (m3) trở lên gỗ loài thực vật thông thường hoặc 40 mét khối (m3) trở lên gỗ thuộc Danh mục thực vật rừng, động vật rừng nguy cấp, quý, hiếm Nhóm IIA;",definition_or_list,khai thac trai phep rung phong ho la rung trong 60 met khoi m3 tro len go loai thuc vat thong thuong hoac 40 met khoi m3 tro len go thuoc danh muc thuc vat rung dong vat rung nguy cap quy hiem nhom iia
article_232_clause_3_point_d,article_232_clause_3,article_232,232,3,d,"Khai thác trái phép rừng phòng hộ là rừng tự nhiên 30 mét khối (m3) trở lên gỗ loài thực vật thông thường hoặc 20 mét khối (m3) trở lên gỗ thuộc Danh mục thực vật rừng, động vật rừng nguy cấp, quý, hiếm Nhóm IIA;",definition_or_list,khai thac trai phep rung phong ho la rung tu nhien 30 met khoi m3 tro len go loai thuc vat thong thuong hoac 20 met khoi m3 tro len go thuoc danh muc thuc vat rung dong vat rung nguy cap quy hiem nhom iia
article_232_clause_3_point_d,article_232_clause_3,article_232,232,3,đ,"Khai thác trái phép rừng đặc dụng là rừng trồng 40 mét khối (m3) trở lên gỗ loài thực vật thông thường hoặc 20 mét khối (m3) trở lên gỗ thuộc Danh mục thực vật rừng, động vật rừng nguy cấp, quý, hiếm Nhóm IIA;",definition_or_list,khai thac trai phep rung dac dung la rung trong 40 met khoi m3 tro len go loai thuc vat thong thuong hoac 20 met khoi m3 tro len go thuoc danh muc thuc vat rung dong vat rung nguy cap quy hiem nhom iia
article_232_clause_3_point_e,article_232_clause_3,article_232,232,3,e,"Khai thác trái phép rừng đặc dụng là rừng tự nhiên 15 mét khối (m3) trở lên gỗ loài thực vật thông thường hoặc 10 mét khối (m3) trở lên gỗ thuộc Danh mục thực vật rừng, động vật rừng nguy cấp, quý, hiếm Nhóm IIA;",definition_or_list,khai thac trai phep rung dac dung la rung tu nhien 15 met khoi m3 tro len go loai thuc vat thong thuong hoac 10 met khoi m3 tro len go thuoc danh muc thuc vat rung dong vat rung nguy cap quy hiem nhom iia
article_232_clause_3_point_g,article_232_clause_3,article_232,232,3,g,"Khai thác trái phép thực vật rừng ngoài gỗ thuộc Danh mục thực vật rừng, động vật rừng nguy cấp, quý, hiếm Nhóm IIA trị giá 200.000.000 đồng trở lên; thực vật rừng thông thường ngoài gỗ trị giá 400.000.000 đồng trở lên;",condition_or_rule,khai thac trai phep thuc vat rung ngoai go thuoc danh muc thuc vat rung dong vat rung nguy cap quy hiem nhom iia tri gia 200 000 000 dong tro len thuc vat rung thong thuong ngoai go tri gia 400 000 000 dong tro len
article_232_clause_3_point_h,article_232_clause_3,article_232,232,3,h,"Khai thác trái phép gỗ thuộc Danh mục loài nguy cấp, quý, hiếm được ưu tiên bảo vệ hoặc Danh mục thực vật rừng, động vật rừng nguy cấp, quý, hiếm Nhóm IA 04 mét khối (m3) trở lên tại rừng sản xuất, 03 mét khối (m3) trở lên tại rừng phòng hộ hoặc 02 mét khối (m3) trở lên tại rừng đặc dụng;",condition_or_rule,khai thac trai phep go thuoc danh muc loai nguy cap quy hiem duoc uu tien bao ve hoac danh muc thuc vat rung dong vat rung nguy cap quy hiem nhom ia 04 met khoi m3 tro len tai rung san xuat 03 met khoi m3 tro len tai rung phong ho hoac 02 met khoi m3 tro len tai rung dac dung
article_232_clause_3_point_i,article_232_clause_3,article_232,232,3,i,"Khai thác trái phép thực vật rừng ngoài gỗ thuộc Danh mục loài nguy cấp, quý, hiếm được ưu tiên bảo vệ hoặc Danh mục thực vật rừng, động vật rừng nguy cấp, quý, hiếm Nhóm IA trị giá 120.000.000 đồng trở lên;",condition_or_rule,khai thac trai phep thuc vat rung ngoai go thuoc danh muc loai nguy cap quy hiem duoc uu tien bao ve hoac danh muc thuc vat rung dong vat rung nguy cap quy hiem nhom ia tri gia 120 000 000 dong tro len
article_232_clause_3_point_k,article_232_clause_3,article_232,232,3,k,"Tàng trữ, vận chuyển, chế biến hoặc mua bán trái phép 06 mét khối (m3) trở lên gỗ thuộc Danh mục loài nguy cấp, quý, hiếm được ưu tiên bảo vệ hoặc Danh mục thực vật rừng, động vật rừng nguy cấp, quý, hiếm Nhóm IA hoặc gỗ có nguồn gốc từ nước ngoài thuộc Phụ lục I Công ước về buôn bán quốc tế các loài động vật, thực vật hoang dã nguy cấp; 40 mét khối (m3) trở lên gỗ thuộc Danh mục thực vật rừng, động vật rừng nguy cấp, quý, hiếm Nhóm IIA hoặc gỗ có nguồn gốc từ nước ngoài thuộc Phụ lục II Công ước về buôn bán quốc tế các loài động vật, thực vật hoang dã nguy cấp; 80 mét khối (m3) trở lên gỗ loài thực vật rừng thông thường;",condition_or_rule,tang tru van chuyen che bien hoac mua ban trai phep 06 met khoi m3 tro len go thuoc danh muc loai nguy cap quy hiem duoc uu tien bao ve hoac danh muc thuc vat rung dong vat rung nguy cap quy hiem nhom ia hoac go co nguon goc tu nuoc ngoai thuoc phu luc i cong uoc ve buon ban quoc te cac loai dong vat thuc vat hoang da nguy cap 40 met khoi m3 tro len go thuoc danh muc thuc vat rung dong vat rung nguy cap quy hiem nhom iia hoac go co nguon goc tu nuoc ngoai thuoc phu luc ii cong uoc ve buon ban quoc te cac loai dong vat thuc vat hoang da nguy cap 80 met khoi m3 tro len go loai thuc vat rung thong thuong
article_232_clause_3_point_l,article_232_clause_3,article_232,232,3,l,"Tàng trữ, vận chuyển, chế biến hoặc mua bán trái phép loài thực vật rừng ngoài gỗ trị giá 1.200.000.000 đồng trở lên.",condition_or_rule,tang tru van chuyen che bien hoac mua ban trai phep loai thuc vat rung ngoai go tri gia 1 200 000 000 dong tro len
article_232_clause_5_point_a,article_232_clause_5,article_232,232,5,a,"Phạm tội thuộc trường hợp quy định tại khoản 1 Điều này, thì bị phạt tiền từ 300.000.000 đồng đến 1.000.000.000 đồng;",penalty_frame,pham toi thuoc truong hop quy dinh tai khoan 1 dieu nay thi bi phat tien tu 300 000 000 dong den 1 000 000 000 dong
article_232_clause_5_point_b,article_232_clause_5,article_232,232,5,b,"Phạm tội thuộc trường hợp quy định tại khoản 2 Điều này, thì bị phạt tiền từ 1.000.000.000 đồng đến 3.000.000.000 đồng hoặc đình chỉ hoạt động có thời hạn từ 06 tháng đến 02 năm;",penalty_frame,pham toi thuoc truong hop quy dinh tai khoan 2 dieu nay thi bi phat tien tu 1 000 000 000 dong den 3 000 000 000 dong hoac dinh chi hoat dong co thoi han tu 06 thang den 02 nam
article_232_clause_5_point_c,article_232_clause_5,article_232,232,5,c,"Phạm tội thuộc trường hợp quy định tại khoản 3 Điều này, thì bị phạt tiền từ 3.000.000.000 đồng đến 6.000.000.000 đồng hoặc đình chỉ hoạt động có thời hạn từ 01 năm đến 03 năm;",penalty_frame,pham toi thuoc truong hop quy dinh tai khoan 3 dieu nay thi bi phat tien tu 3 000 000 000 dong den 6 000 000 000 dong hoac dinh chi hoat dong co thoi han tu 01 nam den 03 nam
article_232_clause_5_point_d,article_232_clause_5,article_232,232,5,d,"Pháp nhân thương mại còn có thể bị phạt tiền từ 100.000.000 đồng đến 500.000.000 đồng, cấm kinh doanh, cấm hoạt động trong một số lĩnh vực nhất định hoặc cấm huy động vốn từ 01 năm đến 03 năm.",penalty_frame,phap nhan thuong mai con co the bi phat tien tu 100 000 000 dong den 500 000 000 dong cam kinh doanh cam hoat dong trong mot so linh vuc nhat dinh hoac cam huy dong von tu 01 nam den 03 nam
article_233_clause_1_point_a,article_233_clause_1,article_233,233,1,a,"Giao rừng, thu hồi rừng, cho thuê rừng trái pháp luật từ 20.000 mét vuông (m2) đến dưới 25.000 mét vuông (m2) đối với rừng sản xuất; từ 15.000 mét vuông (m2) đến dưới 20.000 mét vuông (m2) đối với rừng phòng hộ hoặc từ 10.000 mét vuông (m2) đến dưới 15.000 mét vuông (m2) đối với rừng đặc dụng;",condition_or_rule,giao rung thu hoi rung cho thue rung trai phap luat tu 20 000 met vuong m2 den duoi 25 000 met vuong m2 doi voi rung san xuat tu 15 000 met vuong m2 den duoi 20 000 met vuong m2 doi voi rung phong ho hoac tu 10 000 met vuong m2 den duoi 15 000 met vuong m2 doi voi rung dac dung
article_233_clause_1_point_b,article_233_clause_1,article_233,233,1,b,Cho phép chuyển mục đích sử dụng rừng trái pháp luật từ 10.000 mét vuông (m2) đến dưới 12.500 mét vuông (m2) đối với rừng sản xuất; từ 7.500 mét vuông (m2) đến dưới 10.000 mét vuông (m2) đối với rừng phòng hộ hoặc từ 5.000 mét vuông (m2) đến dưới 7.500 mét vuông (m2) đối với rừng đặc dụng;,condition_or_rule,cho phep chuyen muc dich su dung rung trai phap luat tu 10 000 met vuong m2 den duoi 12 500 met vuong m2 doi voi rung san xuat tu 7 500 met vuong m2 den duoi 10 000 met vuong m2 doi voi rung phong ho hoac tu 5 000 met vuong m2 den duoi 7 500 met vuong m2 doi voi rung dac dung
article_233_clause_1_point_c,article_233_clause_1,article_233,233,1,c,"Cho phép khai thác, vận chuyển lâm sản trái pháp luật thuộc một trong các trường hợp quy định tại khoản 1 Điều 232 của Bộ luật này;",condition_or_rule,cho phep khai thac van chuyen lam san trai phap luat thuoc mot trong cac truong hop quy dinh tai khoan 1 dieu 232 cua bo luat nay
article_233_clause_1_point_d,article_233_clause_1,article_233,233,1,d,"Giao rừng, thu hồi rừng, cho thuê rừng, cho phép chuyển mục đích sử dụng rừng trái pháp luật hoặc cho phép khai thác, vận chuyển lâm sản trái pháp luật dưới mức quy định tại điểm a, điểm b khoản này và các điểm từ điểm a đến điểm l khoản 1 Điều 232 của Bộ luật này nhưng đã bị xử lý kỷ luật về một trong các hành vi quy định tại Điều này mà còn vi phạm.",condition_or_rule,giao rung thu hoi rung cho thue rung cho phep chuyen muc dich su dung rung trai phap luat hoac cho phep khai thac van chuyen lam san trai phap luat duoi muc quy dinh tai diem a diem b khoan nay va cac diem tu diem a den diem l khoan 1 dieu 232 cua bo luat nay nhung da bi xu ly ky luat ve mot trong cac hanh vi quy dinh tai dieu nay ma con vi pham
article_233_clause_2_point_a,article_233_clause_2,article_233,233,2,a,Có tổ chức;,condition_or_rule,co to chuc
article_233_clause_2_point_b,article_233_clause_2,article_233,233,2,b,Phạm tội 02 lần trở lên;,condition_or_rule,pham toi 02 lan tro len
article_233_clause_2_point_c,article_233_clause_2,article_233,233,2,c,"Giao rừng, thu hồi rừng, cho thuê rừng trái pháp luật từ 25.000 mét vuông (m2) đến dưới 40.000 mét vuông (m2) đối với rừng sản xuất; từ 20.000 mét vuông (m2) đến dưới 30.000 mét vuông (m2) đối với rừng phòng hộ hoặc từ 15.000 mét vuông (m2) đến dưới 25.000 mét vuông (m2) đối với rừng đặc dụng;",condition_or_rule,giao rung thu hoi rung cho thue rung trai phap luat tu 25 000 met vuong m2 den duoi 40 000 met vuong m2 doi voi rung san xuat tu 20 000 met vuong m2 den duoi 30 000 met vuong m2 doi voi rung phong ho hoac tu 15 000 met vuong m2 den duoi 25 000 met vuong m2 doi voi rung dac dung
article_233_clause_2_point_d,article_233_clause_2,article_233,233,2,d,Cho phép chuyển mục đích sử dụng rừng trái pháp luật từ 12.500 mét vuông (m2) đến dưới 17.000 mét vuông (m2) đối với rừng sản xuất; từ 10.000 mét vuông (m2) đến dưới 15.000 mét vuông (m2) đối với rừng phòng hộ hoặc từ 7.500 mét vuông (m2) đến dưới 12.000 mét vuông (m2) đối với rừng đặc dụng;,condition_or_rule,cho phep chuyen muc dich su dung rung trai phap luat tu 12 500 met vuong m2 den duoi 17 000 met vuong m2 doi voi rung san xuat tu 10 000 met vuong m2 den duoi 15 000 met vuong m2 doi voi rung phong ho hoac tu 7 500 met vuong m2 den duoi 12 000 met vuong m2 doi voi rung dac dung
article_233_clause_2_point_d,article_233_clause_2,article_233,233,2,đ,"Cho phép khai thác, vận chuyển lâm sản trái pháp luật thuộc một trong các trường hợp quy định tại các điểm từ điểm a đến điểm l khoản 2 Điều 232 của Bộ luật này.",condition_or_rule,cho phep khai thac van chuyen lam san trai phap luat thuoc mot trong cac truong hop quy dinh tai cac diem tu diem a den diem l khoan 2 dieu 232 cua bo luat nay
article_233_clause_3_point_a,article_233_clause_3,article_233,233,3,a,"Giao rừng, thu hồi rừng, cho thuê rừng trái pháp luật 40.000 mét vuông (m2) trở lên đối với rừng sản xuất; 30.000 mét vuông (m2) trở lên đối với rừng phòng hộ hoặc 25.000 mét vuông (m2) trở lên đối với rừng đặc dụng;",condition_or_rule,giao rung thu hoi rung cho thue rung trai phap luat 40 000 met vuong m2 tro len doi voi rung san xuat 30 000 met vuong m2 tro len doi voi rung phong ho hoac 25 000 met vuong m2 tro len doi voi rung dac dung
article_233_clause_3_point_b,article_233_clause_3,article_233,233,3,b,Cho phép chuyển mục đích sử dụng rừng trái pháp luật 17.000 mét vuông (m2) trở lên đối với rừng sản xuất; 15.000 mét vuông (m2) trở lên đối với rừng phòng hộ hoặc 12.000 mét vuông (m2) trở lên đối với rừng đặc dụng;,condition_or_rule,cho phep chuyen muc dich su dung rung trai phap luat 17 000 met vuong m2 tro len doi voi rung san xuat 15 000 met vuong m2 tro len doi voi rung phong ho hoac 12 000 met vuong m2 tro len doi voi rung dac dung
article_233_clause_3_point_c,article_233_clause_3,article_233,233,3,c,"Cho phép khai thác, vận chuyển lâm sản trái pháp luật thuộc một trong các trường hợp quy định tại khoản 3 Điều 232 của Bộ luật này.",condition_or_rule,cho phep khai thac van chuyen lam san trai phap luat thuoc mot trong cac truong hop quy dinh tai khoan 3 dieu 232 cua bo luat nay
article_234_clause_1_point_a,article_234_clause_1,article_234,234,1,a,"Săn bắt, giết, nuôi, nhốt, tàng trữ, vận chuyển, buôn bán trái phép động vật thuộc Danh mục thực vật rừng, động vật rừng nguy cấp, quý, hiếm Nhóm IIB hoặc Phụ lục II Công ước về buôn bán quốc tế các loài động vật, thực vật hoang dã nguy cấp trị giá từ 150.000.000 đồng đến dưới 500.000.000 đồng hoặc động vật hoang dã khác trị giá từ 300.000.000 đồng đến dưới 700.000.000 đồng hoặc thu lợi bất chính từ 50.000.000 đồng đến dưới 200.000.000 đồng;",condition_or_rule,san bat giet nuoi nhot tang tru van chuyen buon ban trai phep dong vat thuoc danh muc thuc vat rung dong vat rung nguy cap quy hiem nhom iib hoac phu luc ii cong uoc ve buon ban quoc te cac loai dong vat thuc vat hoang da nguy cap tri gia tu 150 000 000 dong den duoi 500 000 000 dong hoac dong vat hoang da khac tri gia tu 300 000 000 dong den duoi 700 000 000 dong hoac thu loi bat chinh tu 50 000 000 dong den duoi 200 000 000 dong
article_234_clause_1_point_b,article_234_clause_1,article_234,234,1,b,"Tàng trữ, vận chuyển, buôn bán trái phép bộ phận cơ thể hoặc sản phẩm của động vật thuộc Danh mục thực vật rừng, động vật rừng nguy cấp, quý, hiếm Nhóm IIB hoặc Phụ lục II Công ước về buôn bán quốc tế các loài động vật, thực vật hoang dã nguy cấp trị giá từ 150.000.000 đồng đến dưới 500.000.000 đồng hoặc của động vật hoang dã khác trị giá từ 300.000.000 đồng đến dưới 700.000.000 đồng hoặc thu lợi bất chính từ 50.000.000 đồng đến dưới 200.000.000 đồng;",condition_or_rule,tang tru van chuyen buon ban trai phep bo phan co the hoac san pham cua dong vat thuoc danh muc thuc vat rung dong vat rung nguy cap quy hiem nhom iib hoac phu luc ii cong uoc ve buon ban quoc te cac loai dong vat thuc vat hoang da nguy cap tri gia tu 150 000 000 dong den duoi 500 000 000 dong hoac cua dong vat hoang da khac tri gia tu 300 000 000 dong den duoi 700 000 000 dong hoac thu loi bat chinh tu 50 000 000 dong den duoi 200 000 000 dong
article_234_clause_1_point_c,article_234_clause_1,article_234,234,1,c,"Săn bắt, giết, nuôi, nhốt, tàng trữ, vận chuyển, buôn bán trái phép động vật, bộ phận cơ thể hoặc sản phẩm của động vật thu lợi bất chính hoặc trị giá dưới mức quy định tại điểm a, điểm b khoản này nhưng đã bị xử phạt vi phạm hành chính về một trong các hành vi quy định tại Điều này hoặc đã bị kết án về tội này, chưa được xóa án tích mà còn vi phạm.",condition_or_rule,san bat giet nuoi nhot tang tru van chuyen buon ban trai phep dong vat bo phan co the hoac san pham cua dong vat thu loi bat chinh hoac tri gia duoi muc quy dinh tai diem a diem b khoan nay nhung da bi xu phat vi pham hanh chinh ve mot trong cac hanh vi quy dinh tai dieu nay hoac da bi ket an ve toi nay chua duoc xoa an tich ma con vi pham
article_234_clause_2_point_a,article_234_clause_2,article_234,234,2,a,Có tổ chức;,condition_or_rule,co to chuc
article_234_clause_2_point_b,article_234_clause_2,article_234,234,2,b,"Lợi dụng chức vụ, quyền hạn;",condition_or_rule,loi dung chuc vu quyen han
article_234_clause_2_point_c,article_234_clause_2,article_234,234,2,c,"Lợi dụng danh nghĩa cơ quan, tổ chức;",condition_or_rule,loi dung danh nghia co quan to chuc
article_234_clause_2_point_d,article_234_clause_2,article_234,234,2,d,Sử dụng công cụ hoặc phương tiện săn bắt bị cấm;,condition_or_rule,su dung cong cu hoac phuong tien san bat bi cam
article_234_clause_2_point_d,article_234_clause_2,article_234,234,2,đ,Săn bắt trong khu vực bị cấm hoặc vào thời gian bị cấm;,condition_or_rule,san bat trong khu vuc bi cam hoac vao thoi gian bi cam
article_234_clause_2_point_e,article_234_clause_2,article_234,234,2,e,"Vận chuyển, buôn bán qua biên giới;",condition_or_rule,van chuyen buon ban qua bien gioi
article_234_clause_2_point_g,article_234_clause_2,article_234,234,2,g,"Động vật, bộ phận cơ thể hoặc sản phẩm của động vật thuộc Danh mục thực vật rừng, động vật rừng nguy cấp, quý, hiếm Nhóm IIB hoặc Phụ lục II Công ước về buôn bán quốc tế các loài động vật, thực vật hoang dã nguy cấp trị giá từ 500.000.000 đồng đến dưới 1.000.000.000 đồng hoặc của động vật hoang dã khác trị giá từ 700.000.000 đồng đến dưới 1.500.000.000 đồng;",condition_or_rule,dong vat bo phan co the hoac san pham cua dong vat thuoc danh muc thuc vat rung dong vat rung nguy cap quy hiem nhom iib hoac phu luc ii cong uoc ve buon ban quoc te cac loai dong vat thuc vat hoang da nguy cap tri gia tu 500 000 000 dong den duoi 1 000 000 000 dong hoac cua dong vat hoang da khac tri gia tu 700 000 000 dong den duoi 1 500 000 000 dong
article_234_clause_2_point_h,article_234_clause_2,article_234,234,2,h,Thu lợi bất chính từ 200.000.000 đồng đến dưới 500.000.000 đồng;,condition_or_rule,thu loi bat chinh tu 200 000 000 dong den duoi 500 000 000 dong
article_234_clause_2_point_i,article_234_clause_2,article_234,234,2,i,Tái phạm nguy hiểm.,condition_or_rule,tai pham nguy hiem
article_234_clause_3_point_a,article_234_clause_3,article_234,234,3,a,"Động vật, bộ phận cơ thể hoặc sản phẩm của động vật thuộc Danh mục thực vật rừng, động vật rừng nguy cấp, quý, hiếm Nhóm IIB hoặc Phụ lục II Công ước về buôn bán quốc tế các loài động vật, thực vật hoang dã nguy cấp trị giá 1.000.000.000 đồng trở lên hoặc của động vật hoang dã khác trị giá 1.500.000.000 đồng trở lên;",condition_or_rule,dong vat bo phan co the hoac san pham cua dong vat thuoc danh muc thuc vat rung dong vat rung nguy cap quy hiem nhom iib hoac phu luc ii cong uoc ve buon ban quoc te cac loai dong vat thuc vat hoang da nguy cap tri gia 1 000 000 000 dong tro len hoac cua dong vat hoang da khac tri gia 1 500 000 000 dong tro len
article_234_clause_3_point_b,article_234_clause_3,article_234,234,3,b,Thu lợi bất chính 500.000.000 đồng trở lên.,condition_or_rule,thu loi bat chinh 500 000 000 dong tro len
article_234_clause_5_point_a,article_234_clause_5,article_234,234,5,a,"Phạm tội thuộc trường hợp quy định tại khoản 1 Điều này, thì bị phạt tiền từ 300.000.000 đồng đến 1.000.000.000 đồng;",penalty_frame,pham toi thuoc truong hop quy dinh tai khoan 1 dieu nay thi bi phat tien tu 300 000 000 dong den 1 000 000 000 dong
article_234_clause_5_point_b,article_234_clause_5,article_234,234,5,b,"Phạm tội thuộc một trong các trường hợp quy định tại các điểm a, d, đ, e, g, h và i khoản 2 Điều này, thì bị phạt tiền từ 1.000.000.000 đồng đến 3.000.000.000 đồng;",penalty_frame,pham toi thuoc mot trong cac truong hop quy dinh tai cac diem a d d e g h va i khoan 2 dieu nay thi bi phat tien tu 1 000 000 000 dong den 3 000 000 000 dong
article_234_clause_5_point_c,article_234_clause_5,article_234,234,5,c,"Phạm tội thuộc trường hợp quy định tại khoản 3 Điều này, thì bị phạt tiền từ 3.000.000.000 đồng đến 6.000.000.000 đồng hoặc đình chỉ hoạt động có thời hạn từ 06 tháng đến 03 năm;",penalty_frame,pham toi thuoc truong hop quy dinh tai khoan 3 dieu nay thi bi phat tien tu 3 000 000 000 dong den 6 000 000 000 dong hoac dinh chi hoat dong co thoi han tu 06 thang den 03 nam
article_234_clause_5_point_d,article_234_clause_5,article_234,234,5,d,"Phạm tội thuộc trường hợp quy định tại Điều 79 của Bộ luật này, thì bị đình chỉ hoạt động vĩnh viễn;",condition_or_rule,pham toi thuoc truong hop quy dinh tai dieu 79 cua bo luat nay thi bi dinh chi hoat dong vinh vien
article_234_clause_5_point_d,article_234_clause_5,article_234,234,5,đ,"Pháp nhân thương mại còn có thể bị phạt tiền từ 50.000.000 đồng đến 200.000.000 đồng, cấm kinh doanh, cấm hoạt động trong một số lĩnh vực nhất định hoặc cấm huy động vốn từ 01 năm đến 03 năm.",penalty_frame,phap nhan thuong mai con co the bi phat tien tu 50 000 000 dong den 200 000 000 dong cam kinh doanh cam hoat dong trong mot so linh vuc nhat dinh hoac cam huy dong von tu 01 nam den 03 nam
article_235_clause_1_point_a,article_235_clause_1,article_235,235,1,a,"Chôn, lấp, đổ, thải ra môi trường trái pháp luật từ 1.000 kilôgam đến dưới 3.000 kilôgam chất thải nguy hại có thành phần nguy hại đặc biệt vượt ngưỡng chất thải nguy hại theo quy định của pháp luật hoặc có chứa chất phải loại trừ theo Phụ lục A Công ước Stockholm về các chất ô nhiễm hữu cơ khó phân hủy hoặc từ 3.000 kilôgam đến dưới 10.000 kilôgam chất thải nguy hại khác;",condition_or_rule,chon lap do thai ra moi truong trai phap luat tu 1 000 kilogam den duoi 3 000 kilogam chat thai nguy hai co thanh phan nguy hai dac biet vuot nguong chat thai nguy hai theo quy dinh cua phap luat hoac co chua chat phai loai tru theo phu luc a cong uoc stockholm ve cac chat o nhiem huu co kho phan huy hoac tu 3 000 kilogam den duoi 10 000 kilogam chat thai nguy hai khac
article_235_clause_1_point_b,article_235_clause_1,article_235,235,1,b,"Chôn, lấp, đổ, thải ra môi trường trái pháp luật từ 500 kilôgam đến dưới 1.000 kilôgam chất thải nguy hại có thành phần nguy hại đặc biệt vượt ngưỡng chất thải nguy hại theo quy định của pháp luật hoặc có chứa chất phải loại trừ theo Phụ lục A Công ước Stockholm về các chất ô nhiễm hữu cơ khó phân hủy hoặc từ 1.500 kilôgam đến dưới 3.000 kilôgam chất thải nguy hại khác nhưng đã bị xử phạt vi phạm hành chính về một trong các hành vi quy định tại Điều này hoặc đã bị kết án về tội này, chưa được xóa án tích mà còn vi phạm;",condition_or_rule,chon lap do thai ra moi truong trai phap luat tu 500 kilogam den duoi 1 000 kilogam chat thai nguy hai co thanh phan nguy hai dac biet vuot nguong chat thai nguy hai theo quy dinh cua phap luat hoac co chua chat phai loai tru theo phu luc a cong uoc stockholm ve cac chat o nhiem huu co kho phan huy hoac tu 1 500 kilogam den duoi 3 000 kilogam chat thai nguy hai khac nhung da bi xu phat vi pham hanh chinh ve mot trong cac hanh vi quy dinh tai dieu nay hoac da bi ket an ve toi nay chua duoc xoa an tich ma con vi pham
article_235_clause_1_point_c,article_235_clause_1,article_235,235,1,c,Xả thải ra môi trường từ 500 mét khối (m3) trên ngày đến dưới 5.000 mét khối (m3) trên ngày nước thải có thông số môi trường nguy hại vượt quy chuẩn kỹ thuật quốc gia về môi trường từ 03 lần đến dưới 05 lần hoặc từ 300 mét khối (m3) trên ngày đến dưới 500 mét khối (m3) trên ngày nước thải có thông số môi trường nguy hại vượt quy chuẩn kỹ thuật quốc gia về môi trường 05 lần trở lên;,condition_or_rule,xa thai ra moi truong tu 500 met khoi m3 tren ngay den duoi 5 000 met khoi m3 tren ngay nuoc thai co thong so moi truong nguy hai vuot quy chuan ky thuat quoc gia ve moi truong tu 03 lan den duoi 05 lan hoac tu 300 met khoi m3 tren ngay den duoi 500 met khoi m3 tren ngay nuoc thai co thong so moi truong nguy hai vuot quy chuan ky thuat quoc gia ve moi truong 05 lan tro len
article_235_clause_1_point_d,article_235_clause_1,article_235,235,1,d,"Xả thải ra môi trường 500 mét khối (m3) trên ngày trở lên nước thải có thông số môi trường nguy hại vượt quy chuẩn kỹ thuật quốc gia về môi trường từ 02 lần đến dưới 03 lần hoặc từ 300 mét khối (m3) trên ngày đến dưới 500 mét khối (m3) trên ngày nước thải có thông số môi trường nguy hại vượt quy chuẩn kỹ thuật quốc gia về môi trường từ 03 lần đến dưới 05 lần hoặc từ 100 mét khối (m3) trên ngày đến dưới 300 mét khối (m3) trên ngày nước thải có thông số môi trường nguy hại vượt quy chuẩn kỹ thuật quốc gia về môi trường 05 lần trở lên nhưng đã bị xử phạt vi phạm hành chính về một trong các hành vi quy định tại Điều này hoặc đã bị kết án về tội này, chưa được xóa án tích mà còn vi phạm;",condition_or_rule,xa thai ra moi truong 500 met khoi m3 tren ngay tro len nuoc thai co thong so moi truong nguy hai vuot quy chuan ky thuat quoc gia ve moi truong tu 02 lan den duoi 03 lan hoac tu 300 met khoi m3 tren ngay den duoi 500 met khoi m3 tren ngay nuoc thai co thong so moi truong nguy hai vuot quy chuan ky thuat quoc gia ve moi truong tu 03 lan den duoi 05 lan hoac tu 100 met khoi m3 tren ngay den duoi 300 met khoi m3 tren ngay nuoc thai co thong so moi truong nguy hai vuot quy chuan ky thuat quoc gia ve moi truong 05 lan tro len nhung da bi xu phat vi pham hanh chinh ve mot trong cac hanh vi quy dinh tai dieu nay hoac da bi ket an ve toi nay chua duoc xoa an tich ma con vi pham
article_235_clause_1_point_d,article_235_clause_1,article_235,235,1,đ,Thải ra môi trường từ 150.000 mét khối (m3) trên giờ đến dưới 300.000 mét khối (m3) trên giờ khí thải có thông số môi trường nguy hại vượt quy chuẩn kỹ thuật quốc gia về môi trường từ 03 lần đến dưới 05 lần hoặc từ 100.000 mét khối (m3) trên giờ đến dưới 150.000 mét khối (m3) trên giờ khí thải có thông số môi trường nguy hại vượt quy chuẩn kỹ thuật quốc gia về môi trường 05 lần trở lên;,condition_or_rule,thai ra moi truong tu 150 000 met khoi m3 tren gio den duoi 300 000 met khoi m3 tren gio khi thai co thong so moi truong nguy hai vuot quy chuan ky thuat quoc gia ve moi truong tu 03 lan den duoi 05 lan hoac tu 100 000 met khoi m3 tren gio den duoi 150 000 met khoi m3 tren gio khi thai co thong so moi truong nguy hai vuot quy chuan ky thuat quoc gia ve moi truong 05 lan tro len
article_235_clause_1_point_e,article_235_clause_1,article_235,235,1,e,"Thải ra môi trường 150.000 mét khối (m3) trên giờ trở lên khí thải có thông số môi trường nguy hại vượt quy chuẩn kỹ thuật quốc gia về môi trường từ 02 lần đến dưới 03 lần hoặc từ 100.000 mét khối (m3) trên giờ đến dưới 150.000 mét khối (m3) trên giờ khí thải có thông số môi trường nguy hại vượt quy chuẩn kỹ thuật quốc gia về môi trường từ 03 lần đến dưới 05 lần hoặc từ 50.000 mét khối (m3) trên giờ đến dưới 100.000 mét khối (m3) trên giờ khí thải có thông số môi trường nguy hại vượt quy chuẩn kỹ thuật quốc gia về môi trường 05 lần trở lên nhưng đã bị xử phạt vi phạm hành chính về một trong các hành vi quy định tại Điều này hoặc đã bị kết án về tội này, chưa được xóa án tích mà còn vi phạm;",condition_or_rule,thai ra moi truong 150 000 met khoi m3 tren gio tro len khi thai co thong so moi truong nguy hai vuot quy chuan ky thuat quoc gia ve moi truong tu 02 lan den duoi 03 lan hoac tu 100 000 met khoi m3 tren gio den duoi 150 000 met khoi m3 tren gio khi thai co thong so moi truong nguy hai vuot quy chuan ky thuat quoc gia ve moi truong tu 03 lan den duoi 05 lan hoac tu 50 000 met khoi m3 tren gio den duoi 100 000 met khoi m3 tren gio khi thai co thong so moi truong nguy hai vuot quy chuan ky thuat quoc gia ve moi truong 05 lan tro len nhung da bi xu phat vi pham hanh chinh ve mot trong cac hanh vi quy dinh tai dieu nay hoac da bi ket an ve toi nay chua duoc xoa an tich ma con vi pham
article_235_clause_1_point_g,article_235_clause_1,article_235,235,1,g,"Chôn, lấp, đổ, thải ra môi trường trái pháp luật chất thải rắn thông thường từ 100.000 kilôgam đến dưới 200.000 kilôgam hoặc từ 70.000 kilôgam đến dưới 100.000 kilôgam nhưng đã bị xử phạt vi phạm hành chính về một trong các hành vi quy định tại Điều này hoặc đã bị kết án về tội này, chưa được xóa án tích mà còn vi phạm;",condition_or_rule,chon lap do thai ra moi truong trai phap luat chat thai ran thong thuong tu 100 000 kilogam den duoi 200 000 kilogam hoac tu 70 000 kilogam den duoi 100 000 kilogam nhung da bi xu phat vi pham hanh chinh ve mot trong cac hanh vi quy dinh tai dieu nay hoac da bi ket an ve toi nay chua duoc xoa an tich ma con vi pham
article_235_clause_1_point_h,article_235_clause_1,article_235,235,1,h,"Xả thải ra môi trường nước thải, chôn, lấp, đổ, thải ra môi trường chất thải rắn hoặc phát tán khí thải có chứa chất phóng xạ vượt giá trị liều từ 50 milisivơ (mSv) trên năm đến dưới 200 milisivơ (mSv) trên năm hoặc giá trị suất liều từ 0,0025 milisivơ (mSv) trên giờ đến dưới 0,01 milisivơ (mSv) trên giờ.",condition_or_rule,xa thai ra moi truong nuoc thai chon lap do thai ra moi truong chat thai ran hoac phat tan khi thai co chua chat phong xa vuot gia tri lieu tu 50 milisivo msv tren nam den duoi 200 milisivo msv tren nam hoac gia tri suat lieu tu 0 0025 milisivo msv tren gio den duoi 0 01 milisivo msv tren gio
article_235_clause_2_point_a,article_235_clause_2,article_235,235,2,a,"Chôn, lấp, đổ, thải ra môi trường trái pháp luật từ 3.000 kilôgam đến dưới 5.000 kilôgam chất thải nguy hại có thành phần nguy hại đặc biệt vượt ngưỡng chất thải nguy hại theo quy định của pháp luật hoặc có chứa chất phải loại trừ theo Phụ lục A Công ước Stockholm về các chất ô nhiễm hữu cơ khó phân hủy hoặc từ 10.000 kilôgam đến dưới 50.000 kilôgam chất thải nguy hại khác;",condition_or_rule,chon lap do thai ra moi truong trai phap luat tu 3 000 kilogam den duoi 5 000 kilogam chat thai nguy hai co thanh phan nguy hai dac biet vuot nguong chat thai nguy hai theo quy dinh cua phap luat hoac co chua chat phai loai tru theo phu luc a cong uoc stockholm ve cac chat o nhiem huu co kho phan huy hoac tu 10 000 kilogam den duoi 50 000 kilogam chat thai nguy hai khac
article_235_clause_2_point_b,article_235_clause_2,article_235,235,2,b,Xả thải ra môi trường từ 5.000 mét khối (m3) trên ngày đến dưới 10.000 mét khối (m3) trên ngày nước thải có thông số môi trường nguy hại vượt quy chuẩn kỹ thuật quốc gia về môi trường từ 03 lần đến dưới 05 lần hoặc từ 500 mét khối (m3) trên ngày đến dưới 5.000 mét khối (m3) trên ngày nước thải có thông số môi trường nguy hại vượt quy chuẩn kỹ thuật quốc gia về môi trường 05 lần trở lên;,condition_or_rule,xa thai ra moi truong tu 5 000 met khoi m3 tren ngay den duoi 10 000 met khoi m3 tren ngay nuoc thai co thong so moi truong nguy hai vuot quy chuan ky thuat quoc gia ve moi truong tu 03 lan den duoi 05 lan hoac tu 500 met khoi m3 tren ngay den duoi 5 000 met khoi m3 tren ngay nuoc thai co thong so moi truong nguy hai vuot quy chuan ky thuat quoc gia ve moi truong 05 lan tro len
article_235_clause_2_point_c,article_235_clause_2,article_235,235,2,c,Thải ra môi trường từ 300.000 mét khối (m3) trên giờ đến dưới 500.000 mét khối (m3) trên giờ khí thải có thông số môi trường nguy hại vượt quy chuẩn kỹ thuật quốc gia về môi trường từ 03 lần đến dưới 05 lần hoặc từ 150.000 mét khối (m3) trên giờ đến dưới 300.000 mét khối (m3) trên giờ khí thải có thông số môi trường nguy hại vượt quy chuẩn kỹ thuật quốc gia về môi trường 05 lần trở lên;,condition_or_rule,thai ra moi truong tu 300 000 met khoi m3 tren gio den duoi 500 000 met khoi m3 tren gio khi thai co thong so moi truong nguy hai vuot quy chuan ky thuat quoc gia ve moi truong tu 03 lan den duoi 05 lan hoac tu 150 000 met khoi m3 tren gio den duoi 300 000 met khoi m3 tren gio khi thai co thong so moi truong nguy hai vuot quy chuan ky thuat quoc gia ve moi truong 05 lan tro len
article_235_clause_2_point_d,article_235_clause_2,article_235,235,2,d,"Chôn, lấp, đổ, thải ra môi trường trái pháp luật chất thải rắn thông thường từ 200.000 kilôgam đến dưới 500.000 kilôgam;",condition_or_rule,chon lap do thai ra moi truong trai phap luat chat thai ran thong thuong tu 200 000 kilogam den duoi 500 000 kilogam
article_235_clause_2_point_d,article_235_clause_2,article_235,235,2,đ,"Xả thải ra môi trường nước thải, chôn, lấp, đổ, thải ra môi trường chất thải rắn hoặc phát tán khí thải có chứa chất phóng xạ vượt giá trị liều từ 200 milisivơ (mSv) trên năm đến dưới 400 milisivơ (mSv) trên năm hoặc giá trị suất liều từ 0,01 milisivơ (mSv) trên giờ đến dưới 0,02 milisivơ (mSv) trên giờ;",condition_or_rule,xa thai ra moi truong nuoc thai chon lap do thai ra moi truong chat thai ran hoac phat tan khi thai co chua chat phong xa vuot gia tri lieu tu 200 milisivo msv tren nam den duoi 400 milisivo msv tren nam hoac gia tri suat lieu tu 0 01 milisivo msv tren gio den duoi 0 02 milisivo msv tren gio
article_235_clause_2_point_e,article_235_clause_2,article_235,235,2,e,Gây hậu quả nghiêm trọng.,condition_or_rule,gay hau qua nghiem trong
article_235_clause_3_point_a,article_235_clause_3,article_235,235,3,a,"Chôn, lấp, đổ, thải ra môi trường trái pháp luật 5.000 kilôgam trở lên chất thải nguy hại có thành phần nguy hại đặc biệt vượt ngưỡng chất thải nguy hại theo quy định của pháp luật hoặc có chứa chất phải loại trừ theo Phụ lục A Công ước Stockholm về các chất ô nhiễm hữu cơ khó phân hủy hoặc 50.000 kilôgam trở lên chất thải nguy hại khác;",condition_or_rule,chon lap do thai ra moi truong trai phap luat 5 000 kilogam tro len chat thai nguy hai co thanh phan nguy hai dac biet vuot nguong chat thai nguy hai theo quy dinh cua phap luat hoac co chua chat phai loai tru theo phu luc a cong uoc stockholm ve cac chat o nhiem huu co kho phan huy hoac 50 000 kilogam tro len chat thai nguy hai khac
article_235_clause_3_point_b,article_235_clause_3,article_235,235,3,b,Xả thải ra môi trường 10.000 mét khối (m3) trên ngày trở lên nước thải có thông số môi trường nguy hại vượt quy chuẩn kỹ thuật quốc gia về môi trường từ 03 lần đến dưới 05 lần hoặc 5.000 mét khối (m3) trên ngày trở lên nước thải có thông số môi trường nguy hại vượt quy chuẩn kỹ thuật quốc gia về môi trường 05 lần trở lên;,condition_or_rule,xa thai ra moi truong 10 000 met khoi m3 tren ngay tro len nuoc thai co thong so moi truong nguy hai vuot quy chuan ky thuat quoc gia ve moi truong tu 03 lan den duoi 05 lan hoac 5 000 met khoi m3 tren ngay tro len nuoc thai co thong so moi truong nguy hai vuot quy chuan ky thuat quoc gia ve moi truong 05 lan tro len
article_235_clause_3_point_c,article_235_clause_3,article_235,235,3,c,Thải ra môi trường 500.000 mét khối (m3) trên giờ trở lên khí thải có thông số môi trường nguy hại vượt quy chuẩn kỹ thuật quốc gia về môi trường từ 03 lần đến dưới 05 lần hoặc 300.000 mét khối (m3) trên giờ trở lên khí thải có thông số môi trường nguy hại vượt quy chuẩn kỹ thuật quốc gia về môi trường 05 lần trở lên;,condition_or_rule,thai ra moi truong 500 000 met khoi m3 tren gio tro len khi thai co thong so moi truong nguy hai vuot quy chuan ky thuat quoc gia ve moi truong tu 03 lan den duoi 05 lan hoac 300 000 met khoi m3 tren gio tro len khi thai co thong so moi truong nguy hai vuot quy chuan ky thuat quoc gia ve moi truong 05 lan tro len
article_235_clause_3_point_d,article_235_clause_3,article_235,235,3,d,"Chôn, lấp, đổ, thải ra môi trường trái pháp luật chất thải rắn thông thường 500.000 kilôgam trở lên;",condition_or_rule,chon lap do thai ra moi truong trai phap luat chat thai ran thong thuong 500 000 kilogam tro len
article_235_clause_3_point_d,article_235_clause_3,article_235,235,3,đ,"Xả thải ra môi trường nước thải, chôn, lấp, đổ, thải ra môi trường chất thải rắn hoặc phát tán khí thải có chứa chất phóng xạ vượt giá trị liều 400 milisivơ (mSv) trên năm trở lên hoặc giá trị suất liều 0,02 milisivơ (mSv) trên giờ trở lên;",condition_or_rule,xa thai ra moi truong nuoc thai chon lap do thai ra moi truong chat thai ran hoac phat tan khi thai co chua chat phong xa vuot gia tri lieu 400 milisivo msv tren nam tro len hoac gia tri suat lieu 0 02 milisivo msv tren gio tro len
article_235_clause_3_point_e,article_235_clause_3,article_235,235,3,e,Gây hậu quả rất nghiêm trọng hoặc đặc biệt nghiêm trọng.,condition_or_rule,gay hau qua rat nghiem trong hoac dac biet nghiem trong
article_235_clause_5_point_a,article_235_clause_5,article_235,235,5,a,"Phạm tội thuộc trường hợp quy định tại khoản 1 Điều này, thì bị phạt tiền từ 6.000.000.000 đồng đến 14.000.000.000 đồng;",penalty_frame,pham toi thuoc truong hop quy dinh tai khoan 1 dieu nay thi bi phat tien tu 6 000 000 000 dong den 14 000 000 000 dong
article_235_clause_5_point_b,article_235_clause_5,article_235,235,5,b,"Phạm tội thuộc trường hợp quy định tại khoản 2 Điều này, thì bị phạt tiền từ 14.000.000.000 đồng đến 24.000.000.000 đồng hoặc đình chỉ hoạt động có thời hạn từ 06 tháng đến 02 năm;",penalty_frame,pham toi thuoc truong hop quy dinh tai khoan 2 dieu nay thi bi phat tien tu 14 000 000 000 dong den 24 000 000 000 dong hoac dinh chi hoat dong co thoi han tu 06 thang den 02 nam
article_235_clause_5_point_c,article_235_clause_5,article_235,235,5,c,"Phạm tội thuộc trường hợp quy định tại khoản 3 Điều này, thì bị phạt tiền từ 24.000.000.000 đồng đến 40.000.000.000 đồng hoặc đình chỉ hoạt động có thời hạn từ 01 năm đến 03 năm;",penalty_frame,pham toi thuoc truong hop quy dinh tai khoan 3 dieu nay thi bi phat tien tu 24 000 000 000 dong den 40 000 000 000 dong hoac dinh chi hoat dong co thoi han tu 01 nam den 03 nam
article_235_clause_5_point_d,article_235_clause_5,article_235,235,5,d,"Phạm tội thuộc trường hợp quy định tại Điều 79 của Bộ luật này, thì bị đình chỉ hoạt động vĩnh viễn;",condition_or_rule,pham toi thuoc truong hop quy dinh tai dieu 79 cua bo luat nay thi bi dinh chi hoat dong vinh vien
article_235_clause_5_point_d,article_235_clause_5,article_235,235,5,đ,"Pháp nhân thương mại còn có thể bị phạt tiền từ 2.000.000.000 đồng đến 10.000.000.000 đồng, cấm kinh doanh, cấm hoạt động trong một số lĩnh vực nhất định từ 01 năm đến 03 năm.",penalty_frame,phap nhan thuong mai con co the bi phat tien tu 2 000 000 000 dong den 10 000 000 000 dong cam kinh doanh cam hoat dong trong mot so linh vuc nhat dinh tu 01 nam den 03 nam
article_236_clause_2_point_a,article_236_clause_2,article_236,236,2,a,"Chất thải nguy hại có thành phần nguy hại đặc biệt vượt ngưỡng chất thải nguy hại theo quy định của pháp luật hoặc có chứa chất phải loại trừ theo Phụ lục A Công ước Stockholm về các chất ô nhiễm hữu cơ khó phân hủy từ 5.000 kilôgam đến dưới 10.000 kilôgam; chất thải có chứa chất phóng xạ, gây nhiễm xạ môi trường thuộc nguồn phóng xạ loại có mức độ nguy hiểm trung bình theo Quy chuẩn kỹ thuật quốc gia về an toàn bức xạ - phân nhóm và phân loại nguồn phóng xạ vượt quy chuẩn cho phép;",condition_or_rule,chat thai nguy hai co thanh phan nguy hai dac biet vuot nguong chat thai nguy hai theo quy dinh cua phap luat hoac co chua chat phai loai tru theo phu luc a cong uoc stockholm ve cac chat o nhiem huu co kho phan huy tu 5 000 kilogam den duoi 10 000 kilogam chat thai co chua chat phong xa gay nhiem xa moi truong thuoc nguon phong xa loai co muc do nguy hiem trung binh theo quy chuan ky thuat quoc gia ve an toan buc xa phan nhom va phan loai nguon phong xa vuot quy chuan cho phep
article_236_clause_2_point_b,article_236_clause_2,article_236,236,2,b,Có tổ chức;,condition_or_rule,co to chuc
article_236_clause_2_point_c,article_236_clause_2,article_236,236,2,c,Phạm tội 02 lần trở lên;,condition_or_rule,pham toi 02 lan tro len
article_236_clause_2_point_d,article_236_clause_2,article_236,236,2,d,Tái phạm nguy hiểm.,condition_or_rule,tai pham nguy hiem
article_237_clause_1_point_a,article_237_clause_1,article_237,237,1,a,Vi phạm quy định về phòng ngừa sự cố môi trường để xảy ra sự cố môi trường;,condition_or_rule,vi pham quy dinh ve phong ngua su co moi truong de xay ra su co moi truong
article_237_clause_1_point_b,article_237_clause_1,article_237,237,1,b,"Vi phạm quy định về ứng phó, khắc phục sự cố môi trường làm môi trường bị ô nhiễm nghiêm trọng hoặc gây thương tích hoặc gây tổn hại cho sức khỏe của người khác mà tỷ lệ tổn thương cơ thể 61% trở lên hoặc gây thương tích hoặc gây tổn hại cho sức khỏe của 02 người trở lên mà tổng tỷ lệ tổn thương cơ thể của những người này từ 61% đến 121% hoặc gây thiệt hại từ 1.000.000.000 đồng đến dưới 3.000.000.000 đồng.",condition_or_rule,vi pham quy dinh ve ung pho khac phuc su co moi truong lam moi truong bi o nhiem nghiem trong hoac gay thuong tich hoac gay ton hai cho suc khoe cua nguoi khac ma ty le ton thuong co the 61 tro len hoac gay thuong tich hoac gay ton hai cho suc khoe cua 02 nguoi tro len ma tong ty le ton thuong co the cua nhung nguoi nay tu 61 den 121 hoac gay thiet hai tu 1 000 000 000 dong den duoi 3 000 000 000 dong
article_237_clause_2_point_a,article_237_clause_2,article_237,237,2,a,Làm chết người;,condition_or_rule,lam chet nguoi
article_237_clause_2_point_b,article_237_clause_2,article_237,237,2,b,Gây thương tích hoặc gây tổn hại cho sức khỏe của 02 người trở lên mà tổng tỷ lệ tổn thương cơ thể của những người này từ 122% đến 200%;,condition_or_rule,gay thuong tich hoac gay ton hai cho suc khoe cua 02 nguoi tro len ma tong ty le ton thuong co the cua nhung nguoi nay tu 122 den 200
article_237_clause_2_point_c,article_237_clause_2,article_237,237,2,c,Gây thiệt hại từ 3.000.000.000 đồng đến dưới 7.000.000.000 đồng.,condition_or_rule,gay thiet hai tu 3 000 000 000 dong den duoi 7 000 000 000 dong
article_237_clause_3_point_a,article_237_clause_3,article_237,237,3,a,Làm chết 02 người trở lên;,condition_or_rule,lam chet 02 nguoi tro len
article_237_clause_3_point_b,article_237_clause_3,article_237,237,3,b,Gây thương tích hoặc gây tổn hại cho sức khỏe của 03 người trở lên mà tổng tỷ lệ tổn thương cơ thể của những người này 201% trở lên;,condition_or_rule,gay thuong tich hoac gay ton hai cho suc khoe cua 03 nguoi tro len ma tong ty le ton thuong co the cua nhung nguoi nay 201 tro len
article_237_clause_3_point_c,article_237_clause_3,article_237,237,3,c,Gây thiệt hại 7.000.000.000 đồng trở lên.,condition_or_rule,gay thiet hai 7 000 000 000 dong tro len
article_237_clause_5_point_a,article_237_clause_5,article_237,237,5,a,"Phạm tội thuộc trường hợp quy định tại khoản 1 Điều này, thì bị phạt tiền từ 2.000.000.000 đồng đến 6.000.000.000 đồng;",penalty_frame,pham toi thuoc truong hop quy dinh tai khoan 1 dieu nay thi bi phat tien tu 2 000 000 000 dong den 6 000 000 000 dong
article_237_clause_5_point_b,article_237_clause_5,article_237,237,5,b,"Phạm tội thuộc trường hợp quy định tại khoản 2 Điều này, thì bị phạt tiền từ 6.000.000.000 đồng đến 10.000.000.000 đồng;",penalty_frame,pham toi thuoc truong hop quy dinh tai khoan 2 dieu nay thi bi phat tien tu 6 000 000 000 dong den 10 000 000 000 dong
article_237_clause_5_point_c,article_237_clause_5,article_237,237,5,c,"Phạm tội thuộc trường hợp quy định tại khoản 3 Điều này, thì bị phạt tiền từ 10.000.000.000 đồng đến 20.000.000.000 đồng hoặc đình chỉ hoạt động có thời hạn từ 01 năm đến 03 năm;",penalty_frame,pham toi thuoc truong hop quy dinh tai khoan 3 dieu nay thi bi phat tien tu 10 000 000 000 dong den 20 000 000 000 dong hoac dinh chi hoat dong co thoi han tu 01 nam den 03 nam
article_237_clause_5_point_d,article_237_clause_5,article_237,237,5,d,"Phạm tội thuộc trường hợp quy định tại Điều 79 của Bộ luật này, thì bị đình chỉ hoạt động vĩnh viễn;",condition_or_rule,pham toi thuoc truong hop quy dinh tai dieu 79 cua bo luat nay thi bi dinh chi hoat dong vinh vien
article_237_clause_5_point_d,article_237_clause_5,article_237,237,5,đ,"Pháp nhân thương mại còn có thể bị phạt tiền từ 200.000.000 đồng đến 1.000.000.000 đồng, cấm kinh doanh, cấm hoạt động trong một số lĩnh vực nhất định từ 01 năm đến 03 năm.",penalty_frame,phap nhan thuong mai con co the bi phat tien tu 200 000 000 dong den 1 000 000 000 dong cam kinh doanh cam hoat dong trong mot so linh vuc nhat dinh tu 01 nam den 03 nam
article_238_clause_1_point_a,article_238_clause_1,article_238,238,1,a,"Xây nhà, công trình trái phép trong phạm vi bảo vệ công trình thủy lợi, đê điều, công trình phòng, chống thiên tai;",condition_or_rule,xay nha cong trinh trai phep trong pham vi bao ve cong trinh thuy loi de dieu cong trinh phong chong thien tai
article_238_clause_1_point_b,article_238_clause_1,article_238,238,1,b,"Làm hư hỏng công trình thủy lợi, đê điều, công trình phòng, chống thiên tai, công trình bảo vệ, khai thác, sử dụng, quan trắc, giám sát tài nguyên nước, công trình phòng, chống và khắc phục hậu quả tác hại do nước gây ra;",condition_or_rule,lam hu hong cong trinh thuy loi de dieu cong trinh phong chong thien tai cong trinh bao ve khai thac su dung quan trac giam sat tai nguyen nuoc cong trinh phong chong va khac phuc hau qua tac hai do nuoc gay ra
article_238_clause_1_point_c,article_238_clause_1,article_238,238,1,c,"Khoan, đào thăm dò, khảo sát, khai thác đất, đá, cát sỏi, khoáng sản, nước dưới đất trái phép;",condition_or_rule,khoan dao tham do khao sat khai thac dat da cat soi khoang san nuoc duoi dat trai phep
article_238_clause_1_point_d,article_238_clause_1,article_238,238,1,d,"Sử dụng chất nổ, gây nổ, gây cháy trong phạm vi bảo vệ công trình thủy lợi, đê điều, công trình phòng, chống thiên tai, công trình bảo vệ, khai thác, sử dụng, quan trắc, giám sát tài nguyên nước, công trình phòng, chống và khắc phục hậu quả tác hại do nước gây ra, trừ trường hợp có giấy phép hoặc trường hợp khẩn cấp do luật định;",condition_or_rule,su dung chat no gay no gay chay trong pham vi bao ve cong trinh thuy loi de dieu cong trinh phong chong thien tai cong trinh bao ve khai thac su dung quan trac giam sat tai nguyen nuoc cong trinh phong chong va khac phuc hau qua tac hai do nuoc gay ra tru truong hop co giay phep hoac truong hop khan cap do luat dinh
article_238_clause_1_point_d,article_238_clause_1,article_238,238,1,đ,"Vận hành hồ chứa nước không đúng quy trình vận hành hồ chứa, quy trình vận hành liên hồ chứa; vận hành công trình phân lũ, làm chậm lũ không đúng với quy trình, quy chuẩn kỹ thuật cho phép, trừ trường hợp đặc biệt thực hiện theo quyết định của người có thẩm quyền.",condition_or_rule,van hanh ho chua nuoc khong dung quy trinh van hanh ho chua quy trinh van hanh lien ho chua van hanh cong trinh phan lu lam cham lu khong dung voi quy trinh quy chuan ky thuat cho phep tru truong hop dac biet thuc hien theo quyet dinh cua nguoi co tham quyen
article_238_clause_2_point_a,article_238_clause_2,article_238,238,2,a,Có tổ chức;,condition_or_rule,co to chuc
article_238_clause_2_point_b,article_238_clause_2,article_238,238,2,b,Phạm tội 02 lần trở lên;,condition_or_rule,pham toi 02 lan tro len
article_238_clause_2_point_c,article_238_clause_2,article_238,238,2,c,Làm chết người;,condition_or_rule,lam chet nguoi
article_238_clause_2_point_d,article_238_clause_2,article_238,238,2,d,Gây thương tích hoặc gây tổn hại cho sức khỏe của 02 người trở lên mà tổng tỷ lệ tổn thương cơ thể của những người này từ 122% đến 200%;,condition_or_rule,gay thuong tich hoac gay ton hai cho suc khoe cua 02 nguoi tro len ma tong ty le ton thuong co the cua nhung nguoi nay tu 122 den 200
article_238_clause_2_point_d,article_238_clause_2,article_238,238,2,đ,Gây thiệt hại từ 300.000.000 đồng đến dưới 1.000.000.000 đồng;,condition_or_rule,gay thiet hai tu 300 000 000 dong den duoi 1 000 000 000 dong
article_238_clause_2_point_e,article_238_clause_2,article_238,238,2,e,Tái phạm nguy hiểm.,condition_or_rule,tai pham nguy hiem
article_238_clause_3_point_a,article_238_clause_3,article_238,238,3,a,Làm chết 02 người trở lên;,condition_or_rule,lam chet 02 nguoi tro len
article_238_clause_3_point_b,article_238_clause_3,article_238,238,3,b,Gây thương tích hoặc gây tổn hại cho sức khỏe của 03 người trở lên mà tổng tỷ lệ tổn thương cơ thể của những người này 201% trở lên;,condition_or_rule,gay thuong tich hoac gay ton hai cho suc khoe cua 03 nguoi tro len ma tong ty le ton thuong co the cua nhung nguoi nay 201 tro len
article_238_clause_3_point_c,article_238_clause_3,article_238,238,3,c,Gây thiệt hại 1.000.000.000 đồng trở lên.,condition_or_rule,gay thiet hai 1 000 000 000 dong tro len
article_238_clause_5_point_a,article_238_clause_5,article_238,238,5,a,"Phạm tội thuộc trường hợp quy định tại khoản 1 Điều này, thì bị phạt tiền từ 600.000.000 đồng đến 2.000.000.000 đồng;",penalty_frame,pham toi thuoc truong hop quy dinh tai khoan 1 dieu nay thi bi phat tien tu 600 000 000 dong den 2 000 000 000 dong
article_238_clause_5_point_b,article_238_clause_5,article_238,238,5,b,"Phạm tội thuộc trường hợp quy định tại khoản 2 Điều này, thì bị phạt tiền từ 2.000.000.000 đồng đến 6.000.000.000 đồng;",penalty_frame,pham toi thuoc truong hop quy dinh tai khoan 2 dieu nay thi bi phat tien tu 2 000 000 000 dong den 6 000 000 000 dong
article_238_clause_5_point_c,article_238_clause_5,article_238,238,5,c,"Phạm tội thuộc trường hợp quy định tại khoản 3 Điều này, thì bị phạt tiền từ 6.000.000.000 đồng đến 10.000.000.000 đồng hoặc đình chỉ hoạt động có thời hạn từ 01 năm đến 03 năm;",penalty_frame,pham toi thuoc truong hop quy dinh tai khoan 3 dieu nay thi bi phat tien tu 6 000 000 000 dong den 10 000 000 000 dong hoac dinh chi hoat dong co thoi han tu 01 nam den 03 nam
article_238_clause_5_point_d,article_238_clause_5,article_238,238,5,d,"Phạm tội thuộc trường hợp quy định tại Điều 79 của Bộ luật này, thì bị đình chỉ hoạt động vĩnh viễn;",condition_or_rule,pham toi thuoc truong hop quy dinh tai dieu 79 cua bo luat nay thi bi dinh chi hoat dong vinh vien
article_238_clause_5_point_d,article_238_clause_5,article_238,238,5,đ,"Pháp nhân thương mại còn có thể bị phạt tiền từ 200.000.000 đồng đến 1.000.000.000 đồng, cấm kinh doanh, cấm hoạt động trong một số lĩnh vực nhất định từ 01 năm đến 03 năm.",penalty_frame,phap nhan thuong mai con co the bi phat tien tu 200 000 000 dong den 1 000 000 000 dong cam kinh doanh cam hoat dong trong mot so linh vuc nhat dinh tu 01 nam den 03 nam
article_239_clause_1_point_a,article_239_clause_1,article_239,239,1,a,Đưa từ 1.000 kilôgam đến dưới 3.000 kilôgam chất thải nguy hại có thành phần nguy hại đặc biệt vượt ngưỡng chất thải nguy hại theo quy định của pháp luật hoặc có chứa chất phải loại trừ theo Phụ lục A Công ước Stockholm về các chất ô nhiễm hữu cơ khó phân hủy hoặc từ 3.000 kilôgam đến dưới 10.000 kilôgam chất thải nguy hại khác;,condition_or_rule,dua tu 1 000 kilogam den duoi 3 000 kilogam chat thai nguy hai co thanh phan nguy hai dac biet vuot nguong chat thai nguy hai theo quy dinh cua phap luat hoac co chua chat phai loai tru theo phu luc a cong uoc stockholm ve cac chat o nhiem huu co kho phan huy hoac tu 3 000 kilogam den duoi 10 000 kilogam chat thai nguy hai khac
article_239_clause_1_point_b,article_239_clause_1,article_239,239,1,b,Đưa từ 70.000 kilôgam đến dưới 170.000 kilôgam chất thải khác.,condition_or_rule,dua tu 70 000 kilogam den duoi 170 000 kilogam chat thai khac
article_239_clause_2_point_a,article_239_clause_2,article_239,239,2,a,Có tổ chức;,condition_or_rule,co to chuc
article_239_clause_2_point_b,article_239_clause_2,article_239,239,2,b,Đưa từ 3.000 kilôgam đến dưới 5.000 kilôgam chất thải nguy hại có thành phần nguy hại đặc biệt vượt ngưỡng chất thải nguy hại theo quy định của pháp luật hoặc có chứa chất phải loại trừ theo Phụ lục A Công ước Stockholm về các chất ô nhiễm hữu cơ khó phân hủy hoặc từ 10.000 kilôgam đến dưới 50.000 kilôgam chất thải nguy hại khác;,condition_or_rule,dua tu 3 000 kilogam den duoi 5 000 kilogam chat thai nguy hai co thanh phan nguy hai dac biet vuot nguong chat thai nguy hai theo quy dinh cua phap luat hoac co chua chat phai loai tru theo phu luc a cong uoc stockholm ve cac chat o nhiem huu co kho phan huy hoac tu 10 000 kilogam den duoi 50 000 kilogam chat thai nguy hai khac
article_239_clause_2_point_c,article_239_clause_2,article_239,239,2,c,Đưa từ 170.000 kilôgam đến dưới 300.000 kilôgam chất thải khác.,condition_or_rule,dua tu 170 000 kilogam den duoi 300 000 kilogam chat thai khac
article_239_clause_3_point_a,article_239_clause_3,article_239,239,3,a,Đưa 5.000 kilôgam trở lên chất thải nguy hại có thành phần nguy hại đặc biệt vượt ngưỡng chất thải nguy hại theo quy định của pháp luật hoặc có chứa chất phải loại trừ theo Phụ lục A Công ước Stockholm về các chất ô nhiễm hữu cơ khó phân hủy hoặc 50.000 kilôgam trở lên chất thải nguy hại khác;,condition_or_rule,dua 5 000 kilogam tro len chat thai nguy hai co thanh phan nguy hai dac biet vuot nguong chat thai nguy hai theo quy dinh cua phap luat hoac co chua chat phai loai tru theo phu luc a cong uoc stockholm ve cac chat o nhiem huu co kho phan huy hoac 50 000 kilogam tro len chat thai nguy hai khac
article_239_clause_3_point_b,article_239_clause_3,article_239,239,3,b,Đưa 300.000 kilôgam trở lên chất thải khác.,condition_or_rule,dua 300 000 kilogam tro len chat thai khac
article_239_clause_5_point_a,article_239_clause_5,article_239,239,5,a,"Phạm tội thuộc trường hợp quy định tại khoản 1 Điều này, thì bị phạt tiền từ 2.000.000.000 đồng đến 6.000.000.000 đồng;",penalty_frame,pham toi thuoc truong hop quy dinh tai khoan 1 dieu nay thi bi phat tien tu 2 000 000 000 dong den 6 000 000 000 dong
article_239_clause_5_point_b,article_239_clause_5,article_239,239,5,b,"Phạm tội thuộc trường hợp quy định tại khoản 2 Điều này, thì bị phạt tiền từ 6.000.000.000 đồng đến 10.000.000.000 đồng hoặc đình chỉ hoạt động có thời hạn từ 06 tháng đến 01 năm;",penalty_frame,pham toi thuoc truong hop quy dinh tai khoan 2 dieu nay thi bi phat tien tu 6 000 000 000 dong den 10 000 000 000 dong hoac dinh chi hoat dong co thoi han tu 06 thang den 01 nam
article_239_clause_5_point_c,article_239_clause_5,article_239,239,5,c,"Phạm tội thuộc trường hợp quy định tại khoản 3 Điều này, thì bị phạt liền từ 10.000.000.000 đồng đến 14.000.000.000 đồng hoặc đình chỉ hoạt động có thời hạn từ 01 năm đến 03 năm;",penalty_frame,pham toi thuoc truong hop quy dinh tai khoan 3 dieu nay thi bi phat lien tu 10 000 000 000 dong den 14 000 000 000 dong hoac dinh chi hoat dong co thoi han tu 01 nam den 03 nam
article_239_clause_5_point_d,article_239_clause_5,article_239,239,5,d,"Phạm tội thuộc trường hợp quy định tại Điều 79 của Bộ luật này, thì bị đình chỉ hoạt động vĩnh viễn;",condition_or_rule,pham toi thuoc truong hop quy dinh tai dieu 79 cua bo luat nay thi bi dinh chi hoat dong vinh vien
article_239_clause_5_point_d,article_239_clause_5,article_239,239,5,đ,"Pháp nhân thương mại còn có thể bị phạt tiền từ 200.000.000 đồng đến 1.000.000.000 đồng, cấm kinh doanh, cấm hoạt động trong một số lĩnh vực nhất định từ 01 năm đến 03 năm.”.",penalty_frame,phap nhan thuong mai con co the bi phat tien tu 200 000 000 dong den 1 000 000 000 dong cam kinh doanh cam hoat dong trong mot so linh vuc nhat dinh tu 01 nam den 03 nam
article_240_clause_1_point_a,article_240_clause_1,article_240,240,1,a,"Đưa ra hoặc cho phép đưa ra khỏi vùng có dịch bệnh động vật, thực vật, sản phẩm động vật, thực vật hoặc vật phẩm khác có khả năng lây truyền dịch bệnh nguy hiểm cho người, trừ trường hợp pháp luật có quy định khác;",condition_or_rule,dua ra hoac cho phep dua ra khoi vung co dich benh dong vat thuc vat san pham dong vat thuc vat hoac vat pham khac co kha nang lay truyen dich benh nguy hiem cho nguoi tru truong hop phap luat co quy dinh khac
article_240_clause_1_point_b,article_240_clause_1,article_240,240,1,b,"Đưa vào hoặc cho phép đưa vào lãnh thổ Việt Nam động vật, thực vật hoặc sản phẩm động vật, thực vật bị nhiễm bệnh hoặc mang mầm bệnh nguy hiểm có khả năng lây truyền cho người;",condition_or_rule,dua vao hoac cho phep dua vao lanh tho viet nam dong vat thuc vat hoac san pham dong vat thuc vat bi nhiem benh hoac mang mam benh nguy hiem co kha nang lay truyen cho nguoi
article_240_clause_1_point_c,article_240_clause_1,article_240,240,1,c,Hành vi khác làm lây lan dịch bệnh nguy hiểm cho người,condition_or_rule,hanh vi khac lam lay lan dich benh nguy hiem cho nguoi
article_240_clause_2_point_a,article_240_clause_2,article_240,240,2,a,Dẫn đến phải công bố dịch thuộc thẩm quyền của Chủ tịch Ủy ban nhân dân tỉnh hoặc Bộ trưởng Bộ Y tế;,condition_or_rule,dan den phai cong bo dich thuoc tham quyen cua chu tich uy ban nhan dan tinh hoac bo truong bo y te
article_240_clause_2_point_b,article_240_clause_2,article_240,240,2,b,Làm chết người.,condition_or_rule,lam chet nguoi
article_240_clause_3_point_a,article_240_clause_3,article_240,240,3,a,Dẫn đến phải công bố dịch thuộc thẩm quyền của Thủ tướng Chính phủ;,condition_or_rule,dan den phai cong bo dich thuoc tham quyen cua thu tuong chinh phu
article_240_clause_3_point_b,article_240_clause_3,article_240,240,3,b,Làm chết 02 người trở lên.,condition_or_rule,lam chet 02 nguoi tro len
article_241_clause_1_point_a,article_241_clause_1,article_241,241,1,a,"Đưa vào, mang ra hoặc cho phép đưa vào, mang ra khỏi vùng có dịch động vật, thực vật, sản phẩm động vật, thực vật hoặc vật phẩm khác bị nhiễm bệnh hoặc mang mầm bệnh, trừ trường hợp pháp luật có quy định khác;",condition_or_rule,dua vao mang ra hoac cho phep dua vao mang ra khoi vung co dich dong vat thuc vat san pham dong vat thuc vat hoac vat pham khac bi nhiem benh hoac mang mam benh tru truong hop phap luat co quy dinh khac
article_241_clause_1_point_b,article_241_clause_1,article_241,241,1,b,"Đưa vào hoặc cho phép đưa vào lãnh thổ Việt Nam động vật, thực vật, sản phẩm động vật, thực vật thuộc diện kiểm dịch mà không thực hiện các quy định của pháp luật về kiểm dịch;",condition_or_rule,dua vao hoac cho phep dua vao lanh tho viet nam dong vat thuc vat san pham dong vat thuc vat thuoc dien kiem dich ma khong thuc hien cac quy dinh cua phap luat ve kiem dich
article_241_clause_1_point_c,article_241_clause_1,article_241,241,1,c,"Hành vi khác làm lây lan dịch bệnh nguy hiểm cho động vật, thực vật.",condition_or_rule,hanh vi khac lam lay lan dich benh nguy hiem cho dong vat thuc vat
article_241_clause_2_point_a,article_241_clause_2,article_241,241,2,a,Gây thiệt hại về tài sản từ 500.000.000 đồng đến dưới 1.000.000.000 đồng;,condition_or_rule,gay thiet hai ve tai san tu 500 000 000 dong den duoi 1 000 000 000 dong
article_241_clause_2_point_b,article_241_clause_2,article_241,241,2,b,Dẫn đến phải công bố dịch thuộc thẩm quyền của Chủ tịch Ủy ban nhân dân cấp tỉnh.,condition_or_rule,dan den phai cong bo dich thuoc tham quyen cua chu tich uy ban nhan dan cap tinh
article_241_clause_3_point_a,article_241_clause_3,article_241,241,3,a,Gây thiệt hại về tài sản 1.000.000.000 đồng trở lên;,condition_or_rule,gay thiet hai ve tai san 1 000 000 000 dong tro len
article_241_clause_3_point_b,article_241_clause_3,article_241,241,3,b,Dẫn đến phải công bố dịch thuộc thẩm quyền của Bộ trưởng Bộ Nông nghiệp và Môi trường.,condition_or_rule,dan den phai cong bo dich thuoc tham quyen cua bo truong bo nong nghiep va moi truong
article_242_clause_1_point_a,article_242_clause_1,article_242,242,1,a,"Sử dụng chất độc, chất nổ, hóa chất, dòng điện hoặc phương tiện, ngư cụ bị cấm để khai thác thủy sản hoặc làm hủy hoại nguồn lợi thủy sản;",condition_or_rule,su dung chat doc chat no hoa chat dong dien hoac phuong tien ngu cu bi cam de khai thac thuy san hoac lam huy hoai nguon loi thuy san
article_242_clause_1_point_b,article_242_clause_1,article_242,242,1,b,Khai thác thủy sản trong khu vực cấm hoặc trong khu vực cấm có thời hạn;,condition_or_rule,khai thac thuy san trong khu vuc cam hoac trong khu vuc cam co thoi han
article_242_clause_1_point_c,article_242_clause_1,article_242,242,1,c,"Khai thác loài thủy sản bị cấm khai thác, nếu không thuộc trường hợp quy định tại Điều 244 của Bộ luật này;",condition_or_rule,khai thac loai thuy san bi cam khai thac neu khong thuoc truong hop quy dinh tai dieu 244 cua bo luat nay
article_242_clause_1_point_d,article_242_clause_1,article_242,242,1,d,"Phá hoại nơi cư ngụ của loài thủy sản thuộc Danh mục loài nguy cấp, quý, hiếm được ưu tiên bảo vệ;",condition_or_rule,pha hoai noi cu ngu cua loai thuy san thuoc danh muc loai nguy cap quy hiem duoc uu tien bao ve
article_242_clause_1_point_d,article_242_clause_1,article_242,242,1,đ,Gây thương tích hoặc gây tổn hại cho sức khỏe của người khác mà tỷ lệ tổn thương cơ thể 61 % trở lên;,condition_or_rule,gay thuong tich hoac gay ton hai cho suc khoe cua nguoi khac ma ty le ton thuong co the 61 tro len
article_242_clause_1_point_e,article_242_clause_1,article_242,242,1,e,Gây thương tích hoặc gây tổn hại cho sức khỏe của 02 người trở lên mà tổng tỷ lệ tổn thương cơ thể của những người này từ 61% đến 121%;,condition_or_rule,gay thuong tich hoac gay ton hai cho suc khoe cua 02 nguoi tro len ma tong ty le ton thuong co the cua nhung nguoi nay tu 61 den 121
article_242_clause_1_point_g,article_242_clause_1,article_242,242,1,g,Vi phạm quy định khác của pháp luật về bảo vệ nguồn lợi thủy sản.,condition_or_rule,vi pham quy dinh khac cua phap luat ve bao ve nguon loi thuy san
article_242_clause_2_point_a,article_242_clause_2,article_242,242,2,a,Gây thiệt hại nguồn lợi thủy sản từ 500.000.000 đồng đến dưới 1.500.000.000 đồng hoặc thủy sản thu được trị giá từ 200.000.000 đồng đến dưới 500.000.000 đồng;,condition_or_rule,gay thiet hai nguon loi thuy san tu 500 000 000 dong den duoi 1 500 000 000 dong hoac thuy san thu duoc tri gia tu 200 000 000 dong den duoi 500 000 000 dong
article_242_clause_2_point_b,article_242_clause_2,article_242,242,2,b,Làm chết người;,condition_or_rule,lam chet nguoi
article_242_clause_2_point_c,article_242_clause_2,article_242,242,2,c,Gây thương tích hoặc gây tổn hại cho sức khỏe của 02 người trở lên mà tổng tỷ lệ tổn thương cơ thể của những người này từ 122% đến 200%.,condition_or_rule,gay thuong tich hoac gay ton hai cho suc khoe cua 02 nguoi tro len ma tong ty le ton thuong co the cua nhung nguoi nay tu 122 den 200
article_242_clause_3_point_a,article_242_clause_3,article_242,242,3,a,Gây thiệt hại nguồn lợi thủy sản 1.500.000.000 đồng trở lên hoặc thủy sản thu được trị giá 500.000.000 đồng trở lên;,condition_or_rule,gay thiet hai nguon loi thuy san 1 500 000 000 dong tro len hoac thuy san thu duoc tri gia 500 000 000 dong tro len
article_242_clause_3_point_b,article_242_clause_3,article_242,242,3,b,Làm chết 02 người trở lên;,condition_or_rule,lam chet 02 nguoi tro len
article_242_clause_3_point_c,article_242_clause_3,article_242,242,3,c,Gây thương tích hoặc gây tổn hại cho sức khỏe của 03 người trở lên mà tổng tỷ lệ tổn thương cơ thể của những người này 201% trở lên.,condition_or_rule,gay thuong tich hoac gay ton hai cho suc khoe cua 03 nguoi tro len ma tong ty le ton thuong co the cua nhung nguoi nay 201 tro len
article_242_clause_5_point_a,article_242_clause_5,article_242,242,5,a,"Phạm tội thuộc trường hợp quy định tại khoản 1 Điều này, thì bị phạt tiền từ 600.000.000 đồng đến 2.000.000.000 đồng;",penalty_frame,pham toi thuoc truong hop quy dinh tai khoan 1 dieu nay thi bi phat tien tu 600 000 000 dong den 2 000 000 000 dong
article_242_clause_5_point_b,article_242_clause_5,article_242,242,5,b,"Phạm tội thuộc trường hợp quy định tại khoản 2 Điều này, thì bị phạt tiền từ 2.000.000.000 đồng đến 6.000.000.000 đồng;",penalty_frame,pham toi thuoc truong hop quy dinh tai khoan 2 dieu nay thi bi phat tien tu 2 000 000 000 dong den 6 000 000 000 dong
article_242_clause_5_point_c,article_242_clause_5,article_242,242,5,c,"Phạm tội thuộc trường hợp quy định tại khoản 3 Điều này, thì bị phạt tiền từ 6.000.000.000 đồng đến 10.000.000.000 đồng hoặc đình chỉ hoạt động có thời hạn từ 06 tháng đến 03 năm;",penalty_frame,pham toi thuoc truong hop quy dinh tai khoan 3 dieu nay thi bi phat tien tu 6 000 000 000 dong den 10 000 000 000 dong hoac dinh chi hoat dong co thoi han tu 06 thang den 03 nam
article_242_clause_5_point_d,article_242_clause_5,article_242,242,5,d,"Pháp nhân thương mại còn có thể bị phạt tiền từ 100.000.000 đồng đến 400.000.000 đồng, cấm kinh doanh, cấm hoạt động trong một số lĩnh vực nhất định từ 01 năm đến 03 năm hoặc cấm huy động vốn từ 01 năm đến 03 năm.”",penalty_frame,phap nhan thuong mai con co the bi phat tien tu 100 000 000 dong den 400 000 000 dong cam kinh doanh cam hoat dong trong mot so linh vuc nhat dinh tu 01 nam den 03 nam hoac cam huy dong von tu 01 nam den 03 nam
article_243_clause_1_point_a,article_243_clause_1,article_243,243,1,a,Cây trồng chưa thành rừng hoặc rừng khoanh nuôi tái sinh thuộc rừng chưa có trữ lượng có diện tích từ 30.000 mét vuông (m2) đến dưới 50.000 mét vuông (m2);,condition_or_rule,cay trong chua thanh rung hoac rung khoanh nuoi tai sinh thuoc rung chua co tru luong co dien tich tu 30 000 met vuong m2 den duoi 50 000 met vuong m2
article_243_clause_1_point_b,article_243_clause_1,article_243,243,1,b,Rừng sản xuất có diện tích từ 5.000 mét vuông (m2) đến dưới 10.000 mét vuông (m2);,condition_or_rule,rung san xuat co dien tich tu 5 000 met vuong m2 den duoi 10 000 met vuong m2
article_243_clause_1_point_c,article_243_clause_1,article_243,243,1,c,Rừng phòng hộ có diện tích từ 3.000 mét vuông (m2) đến dưới 7.000 mét vuông (m2);,condition_or_rule,rung phong ho co dien tich tu 3 000 met vuong m2 den duoi 7 000 met vuong m2
article_243_clause_1_point_d,article_243_clause_1,article_243,243,1,d,Rừng đặc dụng có diện tích từ 1.000 mét vuông (m2) đến dưới 3.000 mét vuông (m2);,condition_or_rule,rung dac dung co dien tich tu 1 000 met vuong m2 den duoi 3 000 met vuong m2
article_243_clause_1_point_d,article_243_clause_1,article_243,243,1,đ,Gây thiệt hại về lâm sản trị giá từ 50.000.000 đồng đến dưới 100.000.000 đồng trong trường hợp rừng bị thiệt hại không tính được bằng diện tích;,condition_or_rule,gay thiet hai ve lam san tri gia tu 50 000 000 dong den duoi 100 000 000 dong trong truong hop rung bi thiet hai khong tinh duoc bang dien tich
article_243_clause_1_point_e,article_243_clause_1,article_243,243,1,e,"Thực vật thuộc Danh mục loài nguy cấp, quý, hiếm được ưu tiên bảo vệ hoặc Danh mục thực vật rừng, động vật rừng nguy cấp, quý, hiếm Nhóm IA trị giá từ 20.000.000 đồng đến dưới 60.000.000 đồng; thực vật thuộc Danh mục thực vật rừng, động vật rừng nguy cấp, quý, hiếm Nhóm IIA trị giá từ 40.000.000 đồng đến dưới 100.000.000 đồng;",condition_or_rule,thuc vat thuoc danh muc loai nguy cap quy hiem duoc uu tien bao ve hoac danh muc thuc vat rung dong vat rung nguy cap quy hiem nhom ia tri gia tu 20 000 000 dong den duoi 60 000 000 dong thuc vat thuoc danh muc thuc vat rung dong vat rung nguy cap quy hiem nhom iia tri gia tu 40 000 000 dong den duoi 100 000 000 dong
article_243_clause_1_point_g,article_243_clause_1,article_243,243,1,g,"Diện tích rừng hoặc trị giá lâm sản dưới mức quy định tại một trong các điểm a, b, c, d, đ và e khoản này nhưng đã bị xử phạt vi phạm hành chính về một trong các hành vi quy định tại Điều này hoặc đã bị kết án về tội này, chưa được xóa án tích mà còn vi phạm",condition_or_rule,dien tich rung hoac tri gia lam san duoi muc quy dinh tai mot trong cac diem a b c d d va e khoan nay nhung da bi xu phat vi pham hanh chinh ve mot trong cac hanh vi quy dinh tai dieu nay hoac da bi ket an ve toi nay chua duoc xoa an tich ma con vi pham
article_243_clause_2_point_a,article_243_clause_2,article_243,243,2,a,Có tổ chức;,condition_or_rule,co to chuc
article_243_clause_2_point_b,article_243_clause_2,article_243,243,2,b,"Lợi dụng chức vụ, quyền hạn hoặc lợi dụng danh nghĩa cơ quan, tổ chức;",condition_or_rule,loi dung chuc vu quyen han hoac loi dung danh nghia co quan to chuc
article_243_clause_2_point_c,article_243_clause_2,article_243,243,2,c,Tái phạm nguy hiểm;,condition_or_rule,tai pham nguy hiem
article_243_clause_2_point_d,article_243_clause_2,article_243,243,2,d,Cây trồng chưa thành rừng hoặc rừng khoanh nuôi tái sinh thuộc rừng chưa có trữ lượng có diện tích từ 50.000 mét vuông (m2) đến dưới 100.000 mét vuông (m2);,condition_or_rule,cay trong chua thanh rung hoac rung khoanh nuoi tai sinh thuoc rung chua co tru luong co dien tich tu 50 000 met vuong m2 den duoi 100 000 met vuong m2
article_243_clause_2_point_d,article_243_clause_2,article_243,243,2,đ,Rừng sản xuất có diện tích từ 10.000 mét vuông (m2) đến dưới 50.000 mét vuông (m2);,condition_or_rule,rung san xuat co dien tich tu 10 000 met vuong m2 den duoi 50 000 met vuong m2
article_243_clause_2_point_e,article_243_clause_2,article_243,243,2,e,Rừng phòng hộ có diện tích từ 7.000 mét vuông (m2) đến dưới 10.000 mét vuông (m2);,condition_or_rule,rung phong ho co dien tich tu 7 000 met vuong m2 den duoi 10 000 met vuong m2
article_243_clause_2_point_g,article_243_clause_2,article_243,243,2,g,Rừng đặc dụng có diện tích từ 3.000 mét vuông (m2) đến dưới 5.000 mét vuông (m2);,condition_or_rule,rung dac dung co dien tich tu 3 000 met vuong m2 den duoi 5 000 met vuong m2
article_243_clause_2_point_h,article_243_clause_2,article_243,243,2,h,Gây thiệt hại về lâm sản trị giá từ 100.000.000 đồng đến dưới 200.000.000 đồng trong trường hợp rừng bị thiệt hại không tính được bằng diện tích;,condition_or_rule,gay thiet hai ve lam san tri gia tu 100 000 000 dong den duoi 200 000 000 dong trong truong hop rung bi thiet hai khong tinh duoc bang dien tich
article_243_clause_2_point_i,article_243_clause_2,article_243,243,2,i,"Thực vật thuộc Danh mục loài nguy cấp, quý, hiếm được ưu tiên bảo vệ hoặc Danh mục thực vật rừng, động vật rừng nguy cấp, quý, hiếm Nhóm IA trị giá từ 60.000.000 đồng đến dưới 100.000.000 đồng; thực vật thuộc Danh mục thực vật rừng, động vật rừng nguy cấp, quý, hiếm Nhóm IIA trị giá từ 100.000.000 đồng đến dưới 200.000.000 đồng.",condition_or_rule,thuc vat thuoc danh muc loai nguy cap quy hiem duoc uu tien bao ve hoac danh muc thuc vat rung dong vat rung nguy cap quy hiem nhom ia tri gia tu 60 000 000 dong den duoi 100 000 000 dong thuc vat thuoc danh muc thuc vat rung dong vat rung nguy cap quy hiem nhom iia tri gia tu 100 000 000 dong den duoi 200 000 000 dong
article_243_clause_3_point_a,article_243_clause_3,article_243,243,3,a,Cây trồng chưa thành rừng hoặc rừng khoanh nuôi tái sinh thuộc rừng chưa có trữ lượng có diện tích 100.000 mét vuông (m2) trở lên;,condition_or_rule,cay trong chua thanh rung hoac rung khoanh nuoi tai sinh thuoc rung chua co tru luong co dien tich 100 000 met vuong m2 tro len
article_243_clause_3_point_b,article_243_clause_3,article_243,243,3,b,Rừng sản xuất có diện tích 50.000 mét vuông (m2) trở lên;,condition_or_rule,rung san xuat co dien tich 50 000 met vuong m2 tro len
article_243_clause_3_point_c,article_243_clause_3,article_243,243,3,c,Rừng phòng hộ có diện tích 10.000 mét vuông (m2) trở lên;,condition_or_rule,rung phong ho co dien tich 10 000 met vuong m2 tro len
article_243_clause_3_point_d,article_243_clause_3,article_243,243,3,d,Rừng đặc dụng có diện tích 5.000 mét vuông (m2) trở lên;,condition_or_rule,rung dac dung co dien tich 5 000 met vuong m2 tro len
article_243_clause_3_point_d,article_243_clause_3,article_243,243,3,đ,Gây thiệt hại về lâm sản trị giá 200.000.000 đồng trở lên trong trường hợp rừng bị thiệt hại không tính được bằng diện tích;,condition_or_rule,gay thiet hai ve lam san tri gia 200 000 000 dong tro len trong truong hop rung bi thiet hai khong tinh duoc bang dien tich
article_243_clause_3_point_e,article_243_clause_3,article_243,243,3,e,"Thực vật thuộc Danh mục loài nguy cấp, quý, hiếm được ưu tiên bảo vệ hoặc Danh mục thực vật rừng, động vật rừng nguy cấp, quý, hiếm Nhóm IA trị giá 100.000.000 đồng trở lên; thực vật thuộc Danh mục thực vật rừng, động vật rừng nguy cấp, quý, hiếm Nhóm IIA trị giá 200.000.000 đồng trở lên.",condition_or_rule,thuc vat thuoc danh muc loai nguy cap quy hiem duoc uu tien bao ve hoac danh muc thuc vat rung dong vat rung nguy cap quy hiem nhom ia tri gia 100 000 000 dong tro len thuc vat thuoc danh muc thuc vat rung dong vat rung nguy cap quy hiem nhom iia tri gia 200 000 000 dong tro len
article_243_clause_5_point_a,article_243_clause_5,article_243,243,5,a,"Phạm tội thuộc trường hợp quy định tại khoản 1 Điều này, thì bị phạt tiền từ 1.000.000.000 đồng đến 4.000.000.000 đồng;",penalty_frame,pham toi thuoc truong hop quy dinh tai khoan 1 dieu nay thi bi phat tien tu 1 000 000 000 dong den 4 000 000 000 dong
article_243_clause_5_point_b,article_243_clause_5,article_243,243,5,b,"Phạm tội thuộc một trong các trường hợp quy định tại các điểm a, c, d, đ, e, g, h và i khoản 2 Điều này, thì bị phạt tiền từ 4.000.000.000 đồng đến 10.000.000.000 đồng;",penalty_frame,pham toi thuoc mot trong cac truong hop quy dinh tai cac diem a c d d e g h va i khoan 2 dieu nay thi bi phat tien tu 4 000 000 000 dong den 10 000 000 000 dong
article_243_clause_5_point_c,article_243_clause_5,article_243,243,5,c,"Phạm tội thuộc trường hợp quy định tại khoản 3 Điều này, thì bị phạt tiền từ 10.000.000.000 đồng đến 14.000.000.000 đồng hoặc đình chỉ hoạt động có thời hạn từ 06 tháng đến 03 năm;",penalty_frame,pham toi thuoc truong hop quy dinh tai khoan 3 dieu nay thi bi phat tien tu 10 000 000 000 dong den 14 000 000 000 dong hoac dinh chi hoat dong co thoi han tu 06 thang den 03 nam
article_243_clause_5_point_d,article_243_clause_5,article_243,243,5,d,"Phạm tội thuộc trường hợp quy định tại Điều 79 của Bộ luật này, thì bị đình chỉ hoạt động vĩnh viễn;",condition_or_rule,pham toi thuoc truong hop quy dinh tai dieu 79 cua bo luat nay thi bi dinh chi hoat dong vinh vien
article_243_clause_5_point_d,article_243_clause_5,article_243,243,5,đ,"Pháp nhân thương mại còn có thể bị phạt tiền từ 100.000.000 đồng đến 400.000.000 đồng, cấm kinh doanh, cấm hoạt động trong một số lĩnh vực nhất định hoặc cấm huy động vốn từ 01 năm đến 03 năm",penalty_frame,phap nhan thuong mai con co the bi phat tien tu 100 000 000 dong den 400 000 000 dong cam kinh doanh cam hoat dong trong mot so linh vuc nhat dinh hoac cam huy dong von tu 01 nam den 03 nam
article_244_clause_1_point_a,article_244_clause_1,article_244,244,1,a,"Săn bắt, giết, nuôi, nhốt, vận chuyển, buôn bán trái phép động vật thuộc Danh mục loài nguy cấp, quý, hiếm được ưu tiên bảo vệ;",condition_or_rule,san bat giet nuoi nhot van chuyen buon ban trai phep dong vat thuoc danh muc loai nguy cap quy hiem duoc uu tien bao ve
article_244_clause_1_point_b,article_244_clause_1,article_244,244,1,b,"Tàng trữ, vận chuyển, buôn bán trái phép cá thể, bộ phận cơ thể không thể tách rời sự sống hoặc sản phẩm của động vật quy định tại điểm a khoản này;",condition_or_rule,tang tru van chuyen buon ban trai phep ca the bo phan co the khong the tach roi su song hoac san pham cua dong vat quy dinh tai diem a khoan nay
article_244_clause_1_point_c,article_244_clause_1,article_244,244,1,c,"Tàng trữ, vận chuyển, buôn bán trái phép ngà voi có khối lượng từ 02 kilôgam đến dưới 20 kilôgam; sừng tê giác có khối lượng từ 50 gam đến dưới 01 kilôgam;",condition_or_rule,tang tru van chuyen buon ban trai phep nga voi co khoi luong tu 02 kilogam den duoi 20 kilogam sung te giac co khoi luong tu 50 gam den duoi 01 kilogam
article_244_clause_1_point_d,article_244_clause_1,article_244,244,1,d,"Săn bắt, giết, nuôi, nhốt, vận chuyển, buôn bán trái phép động vật thuộc Danh mục thực vật rừng, động vật rừng nguy cấp, quý, hiếm Nhóm IB hoặc Phụ lục I Công ước về buôn bán quốc tế các loài động vật, thực vật hoang dã nguy cấp mà không thuộc loài quy định tại điểm a khoản này với số lượng từ 03 cá thể đến 07 cá thể lớp thú, từ 07 cá thể đến 10 cá thể lớp chim, bò sát hoặc từ 10 cá thể đến 15 cá thể động vật lớp khác;",condition_or_rule,san bat giet nuoi nhot van chuyen buon ban trai phep dong vat thuoc danh muc thuc vat rung dong vat rung nguy cap quy hiem nhom ib hoac phu luc i cong uoc ve buon ban quoc te cac loai dong vat thuc vat hoang da nguy cap ma khong thuoc loai quy dinh tai diem a khoan nay voi so luong tu 03 ca the den 07 ca the lop thu tu 07 ca the den 10 ca the lop chim bo sat hoac tu 10 ca the den 15 ca the dong vat lop khac
article_244_clause_1_point_d,article_244_clause_1,article_244,244,1,đ,"Tàng trữ, vận chuyển, buôn bán trái phép cá thể, bộ phận cơ thể không thể tách rời sự sống của từ 03 cá thể đến 07 cá thể lớp thú, từ 07 cá thể đến 10 cá thể lớp chim, bò sát hoặc từ 10 cá thể đến 15 cá thể động vật lớp khác quy định tại điểm d khoản này;",condition_or_rule,tang tru van chuyen buon ban trai phep ca the bo phan co the khong the tach roi su song cua tu 03 ca the den 07 ca the lop thu tu 07 ca the den 10 ca the lop chim bo sat hoac tu 10 ca the den 15 ca the dong vat lop khac quy dinh tai diem d khoan nay
article_244_clause_1_point_e,article_244_clause_1,article_244,244,1,e,"Săn bắt, giết, nuôi, nhốt, vận chuyển, buôn bán trái phép động vật hoặc tàng trữ, vận chuyển, buôn bán trái phép cá thể, bộ phận cơ thể không thể tách rời sự sống hoặc sản phẩm của động vật có số lượng dưới mức quy định tại các điểm c, d và đ khoản này nhưng đã bị xử phạt vi phạm hành chính về một trong các hành vi quy định tại Điều này hoặc đã bị kết án về tội này, chưa được xóa án tích mà còn vi phạm",condition_or_rule,san bat giet nuoi nhot van chuyen buon ban trai phep dong vat hoac tang tru van chuyen buon ban trai phep ca the bo phan co the khong the tach roi su song hoac san pham cua dong vat co so luong duoi muc quy dinh tai cac diem c d va d khoan nay nhung da bi xu phat vi pham hanh chinh ve mot trong cac hanh vi quy dinh tai dieu nay hoac da bi ket an ve toi nay chua duoc xoa an tich ma con vi pham
article_244_clause_2_point_a,article_244_clause_2,article_244,244,2,a,"Số lượng động vật hoặc bộ phận cơ thể không thể tách rời sự sống của từ 03 cá thể đến 07 cá thể lớp thú, từ 07 cá thể đến 10 cá thể lớp chim, bò sát hoặc từ 10 cá thể đến 15 cá thể động vật lớp khác quy định tại điểm a khoản 1 Điều này;",condition_or_rule,so luong dong vat hoac bo phan co the khong the tach roi su song cua tu 03 ca the den 07 ca the lop thu tu 07 ca the den 10 ca the lop chim bo sat hoac tu 10 ca the den 15 ca the dong vat lop khac quy dinh tai diem a khoan 1 dieu nay
article_244_clause_2_point_b,article_244_clause_2,article_244,244,2,b,"Số lượng động vật hoặc bộ phận cơ thể không thể tách rời sự sống của từ 08 cá thể đến 11 cá thể lớp thú, từ 11 cá thể đến 15 cá thể lớp chim, bò sát hoặc từ 16 cá thể đến 20 cá thể động vật lớp khác quy định tại điểm d khoản 1 Điều này;",condition_or_rule,so luong dong vat hoac bo phan co the khong the tach roi su song cua tu 08 ca the den 11 ca the lop thu tu 11 ca the den 15 ca the lop chim bo sat hoac tu 16 ca the den 20 ca the dong vat lop khac quy dinh tai diem d khoan 1 dieu nay
article_244_clause_2_point_c,article_244_clause_2,article_244,244,2,c,"Từ 01 cá thể đến 02 cá thể voi, tê giác hoặc bộ phận cơ thể không thể tách rời sự sống của từ 01 cá thể đến 02 cá thể voi, tê giác; từ 03 cá thể đến 05 cá thể gấu, hổ hoặc bộ phận cơ thể không thể tách rời sự sống của từ 03 cá thể đến 05 cá thể gấu, hổ;",condition_or_rule,tu 01 ca the den 02 ca the voi te giac hoac bo phan co the khong the tach roi su song cua tu 01 ca the den 02 ca the voi te giac tu 03 ca the den 05 ca the gau ho hoac bo phan co the khong the tach roi su song cua tu 03 ca the den 05 ca the gau ho
article_244_clause_2_point_d,article_244_clause_2,article_244,244,2,d,Ngà voi có khối lượng từ 20 kilôgam đến dưới 90 kilôgam; sừng tê giác có khối lượng từ 01 kilôgam đến dưới 09 kilôgam;,condition_or_rule,nga voi co khoi luong tu 20 kilogam den duoi 90 kilogam sung te giac co khoi luong tu 01 kilogam den duoi 09 kilogam
article_244_clause_2_point_d,article_244_clause_2,article_244,244,2,đ,Có tổ chức;,condition_or_rule,co to chuc
article_244_clause_2_point_e,article_244_clause_2,article_244,244,2,e,"Lợi dụng chức vụ, quyền hạn hoặc lợi dụng danh nghĩa cơ quan, tổ chức;",condition_or_rule,loi dung chuc vu quyen han hoac loi dung danh nghia co quan to chuc
article_244_clause_2_point_g,article_244_clause_2,article_244,244,2,g,Sử dụng công cụ hoặc phương tiện săn bắt bị cấm;,condition_or_rule,su dung cong cu hoac phuong tien san bat bi cam
article_244_clause_2_point_h,article_244_clause_2,article_244,244,2,h,Săn bắt trong khu vực bị cấm hoặc vào thời gian bị cấm;,condition_or_rule,san bat trong khu vuc bi cam hoac vao thoi gian bi cam
article_244_clause_2_point_i,article_244_clause_2,article_244,244,2,i,"Buôn bán, vận chuyển qua biên giới;",condition_or_rule,buon ban van chuyen qua bien gioi
article_244_clause_2_point_k,article_244_clause_2,article_244,244,2,k,Tái phạm nguy hiểm.,condition_or_rule,tai pham nguy hiem
article_244_clause_3_point_a,article_244_clause_3,article_244,244,3,a,"Số lượng động vật hoặc bộ phận cơ thể không thể tách rời sự sống của 08 cá thể lớp thú trở lên, 11 cá thể lớp chim, bò sát trở lên hoặc 16 cá thể động vật lớp khác trở lên quy định tại điểm a khoản 1 Điều này;",condition_or_rule,so luong dong vat hoac bo phan co the khong the tach roi su song cua 08 ca the lop thu tro len 11 ca the lop chim bo sat tro len hoac 16 ca the dong vat lop khac tro len quy dinh tai diem a khoan 1 dieu nay
article_244_clause_3_point_b,article_244_clause_3,article_244,244,3,b,"Số lượng động vật hoặc bộ phận cơ thể không thể tách rời sự sống của 12 cá thể lớp thú trở lên, 16 cá thể lớp chim, bò sát trở lên hoặc 21 cá thể động vật lớp khác trở lên quy định tại điểm d khoản 1 Điều này;",condition_or_rule,so luong dong vat hoac bo phan co the khong the tach roi su song cua 12 ca the lop thu tro len 16 ca the lop chim bo sat tro len hoac 21 ca the dong vat lop khac tro len quy dinh tai diem d khoan 1 dieu nay
article_244_clause_3_point_c,article_244_clause_3,article_244,244,3,c,"Từ 03 cá thể voi, tê giác trở lên hoặc bộ phận cơ thể không thể tách rời sự sống của 03 cá thể voi, tê giác trở lên; 06 cá thể gấu, hổ trở lên hoặc bộ phận cơ thể không thể tách rời sự sống của 06 cá thể gấu, hổ trở lên;",condition_or_rule,tu 03 ca the voi te giac tro len hoac bo phan co the khong the tach roi su song cua 03 ca the voi te giac tro len 06 ca the gau ho tro len hoac bo phan co the khong the tach roi su song cua 06 ca the gau ho tro len
article_244_clause_3_point_d,article_244_clause_3,article_244,244,3,d,Ngà voi có khối lượng 90 kilôgam trở lên; sừng tê giác có khối lượng 09 kilôgam trở lên.,condition_or_rule,nga voi co khoi luong 90 kilogam tro len sung te giac co khoi luong 09 kilogam tro len
article_244_clause_5_point_a,article_244_clause_5,article_244,244,5,a,"Phạm tội thuộc trường hợp quy định tại khoản 1 Điều này, thì bị phạt tiền từ 2.000.000.000 đồng đến 10.000.000.000 đồng;",penalty_frame,pham toi thuoc truong hop quy dinh tai khoan 1 dieu nay thi bi phat tien tu 2 000 000 000 dong den 10 000 000 000 dong
article_244_clause_5_point_b,article_244_clause_5,article_244,244,5,b,"Phạm tội thuộc một trong các trường hợp quy định tại các điểm a, b, c, d, d, g, h, i và k khoản 2 Điều này, thì bị phạt tiền từ 10.000.000.000 đồng đến 20.000.000.000 đồng;",penalty_frame,pham toi thuoc mot trong cac truong hop quy dinh tai cac diem a b c d d g h i va k khoan 2 dieu nay thi bi phat tien tu 10 000 000 000 dong den 20 000 000 000 dong
article_244_clause_5_point_c,article_244_clause_5,article_244,244,5,c,"Phạm tội thuộc trường hợp quy định tại khoản 3 Điều này, thì bị phạt tiền từ 20.000.000.000 đồng đến 30.000.000.000 đồng hoặc đình chỉ hoạt động có thời hạn từ 06 tháng đến 03 năm;",penalty_frame,pham toi thuoc truong hop quy dinh tai khoan 3 dieu nay thi bi phat tien tu 20 000 000 000 dong den 30 000 000 000 dong hoac dinh chi hoat dong co thoi han tu 06 thang den 03 nam
article_244_clause_5_point_d,article_244_clause_5,article_244,244,5,d,"Phạm tội thuộc trường hợp quy định tại Điều 79 của Bộ luật này, thì bị đình chỉ hoạt động vĩnh viễn;",condition_or_rule,pham toi thuoc truong hop quy dinh tai dieu 79 cua bo luat nay thi bi dinh chi hoat dong vinh vien
article_244_clause_5_point_d,article_244_clause_5,article_244,244,5,đ,"Pháp nhân thương mại còn có thể bị phạt tiền từ 600.000.000 đồng đến 1.200.000.000 đồng, cấm kinh doanh, cấm hoạt động trong một số lĩnh vực nhất định hoặc cấm huy động vốn từ 01 năm đến 03 năm.",penalty_frame,phap nhan thuong mai con co the bi phat tien tu 600 000 000 dong den 1 200 000 000 dong cam kinh doanh cam hoat dong trong mot so linh vuc nhat dinh hoac cam huy dong von tu 01 nam den 03 nam
article_245_clause_1_point_a,article_245_clause_1,article_245,245,1,a,Gây thiệt hại về tài sản từ 50.000.000 đồng đến dưới 200.000.000 đồng;,condition_or_rule,gay thiet hai ve tai san tu 50 000 000 dong den duoi 200 000 000 dong
article_245_clause_1_point_b,article_245_clause_1,article_245,245,1,b,"Gây thiệt hại đến cảnh quan, hệ sinh thái tự nhiên trong phân khu bảo vệ nghiêm ngặt của khu bảo tồn thiên nhiên có tổng diện tích từ 300 mét vuông (m2) đến dưới 500 mét vuông (m2);",condition_or_rule,gay thiet hai den canh quan he sinh thai tu nhien trong phan khu bao ve nghiem ngat cua khu bao ton thien nhien co tong dien tich tu 300 met vuong m2 den duoi 500 met vuong m2
article_245_clause_1_point_c,article_245_clause_1,article_245,245,1,c,"Đã bị xử phạt vi phạm hành chính về một trong những hành vi này mà còn vi phạm hoặc đã bị kết án về tội này, chưa được xóa án tích mà còn vi phạm.",condition_or_rule,da bi xu phat vi pham hanh chinh ve mot trong nhung hanh vi nay ma con vi pham hoac da bi ket an ve toi nay chua duoc xoa an tich ma con vi pham
article_245_clause_2_point_a,article_245_clause_2,article_245,245,2,a,Gây thiệt hại về tài sản 200.000.000 đồng trở lên;,condition_or_rule,gay thiet hai ve tai san 200 000 000 dong tro len
article_245_clause_2_point_b,article_245_clause_2,article_245,245,2,b,"Gây thiệt hại đến cảnh quan, hệ sinh thái tự nhiên trong phân khu bảo vệ nghiêm ngặt của khu bảo tồn thiên nhiên có tổng diện tích 500 mét vuông (m2) trở lên;",condition_or_rule,gay thiet hai den canh quan he sinh thai tu nhien trong phan khu bao ve nghiem ngat cua khu bao ton thien nhien co tong dien tich 500 met vuong m2 tro len
article_245_clause_2_point_c,article_245_clause_2,article_245,245,2,c,Có tổ chức;,condition_or_rule,co to chuc
article_245_clause_2_point_d,article_245_clause_2,article_245,245,2,d,"Sử dụng công cụ, phương tiện, biện pháp bị cấm;",condition_or_rule,su dung cong cu phuong tien bien phap bi cam
article_245_clause_2_point_d,article_245_clause_2,article_245,245,2,đ,Tái phạm nguy hiểm.,condition_or_rule,tai pham nguy hiem
article_245_clause_4_point_a,article_245_clause_4,article_245,245,4,a,"Phạm tội thuộc trường hợp quy định tại khoản 1 Điều này, thì bị phạt tiền từ 600.000.000 đồng đến 2.000.000.000 đồng;",penalty_frame,pham toi thuoc truong hop quy dinh tai khoan 1 dieu nay thi bi phat tien tu 600 000 000 dong den 2 000 000 000 dong
article_245_clause_4_point_b,article_245_clause_4,article_245,245,4,b,"Phạm tội thuộc trường hợp quy định tại khoản 2 Điều này, thì bị phạt tiền từ 2.000.000.000 đồng đến 6.000.000.000 đồng hoặc đình chỉ hoạt động có thời hạn từ 06 tháng đến 03 năm;",penalty_frame,pham toi thuoc truong hop quy dinh tai khoan 2 dieu nay thi bi phat tien tu 2 000 000 000 dong den 6 000 000 000 dong hoac dinh chi hoat dong co thoi han tu 06 thang den 03 nam
article_245_clause_4_point_c,article_245_clause_4,article_245,245,4,c,"Phạm tội thuộc trường hợp quy định tại Điều 79 của Bộ luật này, thì bị đình chỉ hoạt động vĩnh viễn;",condition_or_rule,pham toi thuoc truong hop quy dinh tai dieu 79 cua bo luat nay thi bi dinh chi hoat dong vinh vien
article_245_clause_4_point_d,article_245_clause_4,article_245,245,4,d,"Pháp nhân thương mại còn có thể bị phạt tiền từ 100.000.000 đồng đến 1.000.000.000 đồng, cấm kinh doanh, cấm hoạt động trong một số lĩnh vực nhất định hoặc cấm huy động vốn từ 01 năm đến 03 năm.",penalty_frame,phap nhan thuong mai con co the bi phat tien tu 100 000 000 dong den 1 000 000 000 dong cam kinh doanh cam hoat dong trong mot so linh vuc nhat dinh hoac cam huy dong von tu 01 nam den 03 nam
article_246_clause_1_point_a,article_246_clause_1,article_246,246,1,a,"Nhập khẩu trái phép loài động vật, thực vật ngoại lai xâm hại hoặc loài động vật, thực vật ngoại lai có nguy cơ xâm hại trong trường hợp vật phạm pháp trị giá từ 250.000.000 đồng đến dưới 500.000.000 đồng hoặc trong trường hợp vật phạm pháp trị giá dưới 250.000.000 đồng nhưng đã bị xử phạt vi phạm hành chính về hành vi này mà còn vi phạm;",condition_or_rule,nhap khau trai phep loai dong vat thuc vat ngoai lai xam hai hoac loai dong vat thuc vat ngoai lai co nguy co xam hai trong truong hop vat pham phap tri gia tu 250 000 000 dong den duoi 500 000 000 dong hoac trong truong hop vat pham phap tri gia duoi 250 000 000 dong nhung da bi xu phat vi pham hanh chinh ve hanh vi nay ma con vi pham
article_246_clause_1_point_b,article_246_clause_1,article_246,246,1,b,"Phát tán loài động vật, thực vật ngoại lai xâm hại hoặc loài động vật, thực vật ngoại lai có nguy cơ xâm hại, gây thiệt hại về tài sản từ 150.000.000 đồng đến dưới 500.000.000 đồng.",condition_or_rule,phat tan loai dong vat thuc vat ngoai lai xam hai hoac loai dong vat thuc vat ngoai lai co nguy co xam hai gay thiet hai ve tai san tu 150 000 000 dong den duoi 500 000 000 dong
article_246_clause_2_point_a,article_246_clause_2,article_246,246,2,a,Có tổ chức;,condition_or_rule,co to chuc
article_246_clause_2_point_b,article_246_clause_2,article_246,246,2,b,"Nhập khẩu trái phép loài động vật, thực vật ngoại lai xâm hại hoặc loài động vật, thực vật ngoại lai có nguy cơ xâm hại trong trường hợp vật phạm pháp trị giá 500.000.000 đồng trở lên;",condition_or_rule,nhap khau trai phep loai dong vat thuc vat ngoai lai xam hai hoac loai dong vat thuc vat ngoai lai co nguy co xam hai trong truong hop vat pham phap tri gia 500 000 000 dong tro len
article_246_clause_2_point_c,article_246_clause_2,article_246,246,2,c,"Phát tán loài động vật, thực vật ngoại lai xâm hại hoặc loài động vật, thực vật ngoại lai có nguy cơ xâm hại, gây thiệt hại về tài sản 500.000.000 đồng trở lên;",condition_or_rule,phat tan loai dong vat thuc vat ngoai lai xam hai hoac loai dong vat thuc vat ngoai lai co nguy co xam hai gay thiet hai ve tai san 500 000 000 dong tro len
article_246_clause_2_point_d,article_246_clause_2,article_246,246,2,d,Tái phạm nguy hiểm.,condition_or_rule,tai pham nguy hiem
article_246_clause_4_point_a,article_246_clause_4,article_246,246,4,a,"Phạm tội thuộc trường hợp quy định tại khoản 1 Điều này, thì bị phạt tiền từ 2.000.000.000 đồng đến 6.000.000.000 đồng;",penalty_frame,pham toi thuoc truong hop quy dinh tai khoan 1 dieu nay thi bi phat tien tu 2 000 000 000 dong den 6 000 000 000 dong
article_246_clause_4_point_b,article_246_clause_4,article_246,246,4,b,"Phạm tội thuộc trường hợp quy định tại khoản 2 Điều này, thì bị phạt tiền từ 6.000.000.000 đồng đến 10.000.000.000 đồng hoặc đình chỉ hoạt động có thời hạn từ 06 tháng đến 03 năm;",penalty_frame,pham toi thuoc truong hop quy dinh tai khoan 2 dieu nay thi bi phat tien tu 6 000 000 000 dong den 10 000 000 000 dong hoac dinh chi hoat dong co thoi han tu 06 thang den 03 nam
article_246_clause_4_point_c,article_246_clause_4,article_246,246,4,c,"Pháp nhân thương mại còn có thể bị phạt tiền từ 200.000.000 đồng đến 2.000.000.000 đồng, cấm kinh doanh, cấm hoạt động trong một số lĩnh vực nhất định hoặc cấm huy động vốn từ 01 năm đến 03 năm.",penalty_frame,phap nhan thuong mai con co the bi phat tien tu 200 000 000 dong den 2 000 000 000 dong cam kinh doanh cam hoat dong trong mot so linh vuc nhat dinh hoac cam huy dong von tu 01 nam den 03 nam
article_247_clause_1_point_a,article_247_clause_1,article_247,247,1,a,Đã được giáo dục 02 lần và đã được tạo điều kiện ổn định cuộc sống;,condition_or_rule,da duoc giao duc 02 lan va da duoc tao dieu kien on dinh cuoc song
article_247_clause_1_point_b,article_247_clause_1,article_247,247,1,b,"Đã bị xử phạt vi phạm hành chính về hành vi này hoặc đã bị kết án về tội này, chưa được xóa án tích mà còn vi phạm;",condition_or_rule,da bi xu phat vi pham hanh chinh ve hanh vi nay hoac da bi ket an ve toi nay chua duoc xoa an tich ma con vi pham
article_247_clause_1_point_c,article_247_clause_1,article_247,247,1,c,Với số lượng từ 500 cây đến dưới 3.000 cây.,condition_or_rule,voi so luong tu 500 cay den duoi 3 000 cay
article_247_clause_2_point_a,article_247_clause_2,article_247,247,2,a,Có tổ chức;,condition_or_rule,co to chuc
article_247_clause_2_point_b,article_247_clause_2,article_247,247,2,b,Với số lượng 3.000 cây trở lên;,condition_or_rule,voi so luong 3 000 cay tro len
article_247_clause_2_point_c,article_247_clause_2,article_247,247,2,c,Tái phạm nguy hiểm.,condition_or_rule,tai pham nguy hiem
article_248_clause_2_point_a,article_248_clause_2,article_248,248,2,a,Có tổ chức;,condition_or_rule,co to chuc
article_248_clause_2_point_b,article_248_clause_2,article_248,248,2,b,Phạm tội 02 lần trở lên;,condition_or_rule,pham toi 02 lan tro len
article_248_clause_2_point_c,article_248_clause_2,article_248,248,2,c,"Lợi dụng chức vụ, quyền hạn;",condition_or_rule,loi dung chuc vu quyen han
article_248_clause_2_point_d,article_248_clause_2,article_248,248,2,d,"Lợi dụng danh nghĩa cơ quan, tổ chức;",condition_or_rule,loi dung danh nghia co quan to chuc
article_248_clause_2_point_d,article_248_clause_2,article_248,248,2,đ,"Nhựa thuốc phiện, nhựa cần sa hoặc cao côca có khối lượng từ 500 gam đến dưới 01 kilôgam;",condition_or_rule,nhua thuoc phien nhua can sa hoac cao coca co khoi luong tu 500 gam den duoi 01 kilogam
article_248_clause_2_point_e,article_248_clause_2,article_248,248,2,e,"Heroine, Cocaine, Methamphetamine, Amphetamine, Ketamine, Fentanyl, MDMA hoặc XLR-11 có khối lượng từ 05 gam đến dưới 30 gam;",condition_or_rule,heroine cocaine methamphetamine amphetamine ketamine fentanyl mdma hoac xlr 11 co khoi luong tu 05 gam den duoi 30 gam
article_248_clause_2_point_g,article_248_clause_2,article_248,248,2,g,Các chất ma túy khác ở thể rắn có khối lượng từ 20 gam đến dưới 100 gam;,condition_or_rule,cac chat ma tuy khac o the ran co khoi luong tu 20 gam den duoi 100 gam
article_248_clause_2_point_h,article_248_clause_2,article_248,248,2,h,Các chất ma túy khác ở thể lỏng có thể tích từ 100 mililít đến dưới 200 mililít;,condition_or_rule,cac chat ma tuy khac o the long co the tich tu 100 mililit den duoi 200 mililit
article_248_clause_2_point_i,article_248_clause_2,article_248,248,2,i,Tái phạm nguy hiểm;,condition_or_rule,tai pham nguy hiem
article_248_clause_2_point_k,article_248_clause_2,article_248,248,2,k,Có 02 chất ma túy trở lên mà tổng khối lượng hoặc thể tích của các chất đó tương đương với khối lượng hoặc thể tích chất ma túy quy định tại một trong các điểm từ điểm đ đến điểm h khoản này.,condition_or_rule,co 02 chat ma tuy tro len ma tong khoi luong hoac the tich cua cac chat do tuong duong voi khoi luong hoac the tich chat ma tuy quy dinh tai mot trong cac diem tu diem d den diem h khoan nay
article_248_clause_3_point_a,article_248_clause_3,article_248,248,3,a,Có tính chất chuyên nghiệp;,condition_or_rule,co tinh chat chuyen nghiep
article_248_clause_3_point_b,article_248_clause_3,article_248,248,3,b,"Nhựa thuốc phiện, nhựa cần sa hoặc cao côca có khối lượng từ 01 kilôgam đến dưới 05 kilôgam;",condition_or_rule,nhua thuoc phien nhua can sa hoac cao coca co khoi luong tu 01 kilogam den duoi 05 kilogam
article_248_clause_3_point_c,article_248_clause_3,article_248,248,3,c,"Heroine, Cocaine, Methamphetamine, Amphetamine, Ketamine, Fentanyl, MDMA hoặc XLR-11 có khối lượng từ 30 gam đến dưới 100 gam;",condition_or_rule,heroine cocaine methamphetamine amphetamine ketamine fentanyl mdma hoac xlr 11 co khoi luong tu 30 gam den duoi 100 gam
article_248_clause_3_point_d,article_248_clause_3,article_248,248,3,d,Các chất ma túy khác ở thể rắn có khối lượng từ 100 gam đến dưới 300 gam;,condition_or_rule,cac chat ma tuy khac o the ran co khoi luong tu 100 gam den duoi 300 gam
article_248_clause_3_point_d,article_248_clause_3,article_248,248,3,đ,Các chất ma túy khác ở thể lỏng có thể tích từ 200 mililít đến dưới 750 mililít;,condition_or_rule,cac chat ma tuy khac o the long co the tich tu 200 mililit den duoi 750 mililit
article_248_clause_3_point_e,article_248_clause_3,article_248,248,3,e,Có 02 chất ma túy trở lên mà tổng khối lượng hoặc thể tích của các chất đó tương đương với khối lượng hoặc thể tích chất ma túy quy định tại một trong các điểm từ điểm b đến điểm đ khoản này.,condition_or_rule,co 02 chat ma tuy tro len ma tong khoi luong hoac the tich cua cac chat do tuong duong voi khoi luong hoac the tich chat ma tuy quy dinh tai mot trong cac diem tu diem b den diem d khoan nay
article_248_clause_4_point_a,article_248_clause_4,article_248,248,4,a,"Nhựa thuốc phiện, nhựa cần sa hoặc cao côca có khối lượng từ 05 kilôgam đến dưới 30 kilôgam;",condition_or_rule,nhua thuoc phien nhua can sa hoac cao coca co khoi luong tu 05 kilogam den duoi 30 kilogam
article_248_clause_4_point_b,article_248_clause_4,article_248,248,4,b,"Heroine, Cocaine, Methamphetamine, Amphetamine, Ketamine, Fentanyl, MDMA hoặc XLR-11 có khối lượng từ 100 gam đến dưới 03 kilôgam;",condition_or_rule,heroine cocaine methamphetamine amphetamine ketamine fentanyl mdma hoac xlr 11 co khoi luong tu 100 gam den duoi 03 kilogam
article_248_clause_4_point_c,article_248_clause_4,article_248,248,4,c,Các chất ma túy khác ở thể rắn có khối lượng từ 300 gam đến dưới 09 kilôgam;,condition_or_rule,cac chat ma tuy khac o the ran co khoi luong tu 300 gam den duoi 09 kilogam
article_248_clause_4_point_d,article_248_clause_4,article_248,248,4,d,Các chất ma túy khác ở thể lỏng có thể tích từ 750 mililít đến dưới 22 lít;,condition_or_rule,cac chat ma tuy khac o the long co the tich tu 750 mililit den duoi 22 lit
article_248_clause_4_point_d,article_248_clause_4,article_248,248,4,đ,Có 02 chất ma túy trở lên mà tổng khối lượng hoặc thể tích của các chất đó tương đương với khối lượng hoặc thể tích chất ma túy quy định tại một trong các điểm từ điểm a đến điểm d khoản này.,condition_or_rule,co 02 chat ma tuy tro len ma tong khoi luong hoac the tich cua cac chat do tuong duong voi khoi luong hoac the tich chat ma tuy quy dinh tai mot trong cac diem tu diem a den diem d khoan nay
article_248_clause_5_point_a,article_248_clause_5,article_248,248,5,a,"Nhựa thuốc phiện, nhựa cần sa hoặc cao côca có khối lượng 30 kilôgam trở lên;",condition_or_rule,nhua thuoc phien nhua can sa hoac cao coca co khoi luong 30 kilogam tro len
article_248_clause_5_point_b,article_248_clause_5,article_248,248,5,b,"Heroine, Cocaine, Methamphetamine, Amphetamine, Ketamine, Fentanyl, MDMA hoặc XLR-11 có khối lượng 03 kilôgam trở lên;",condition_or_rule,heroine cocaine methamphetamine amphetamine ketamine fentanyl mdma hoac xlr 11 co khoi luong 03 kilogam tro len
article_248_clause_5_point_c,article_248_clause_5,article_248,248,5,c,Các chất ma túy khác ở thể rắn có khối lượng 09 kilôgam trở lên;,condition_or_rule,cac chat ma tuy khac o the ran co khoi luong 09 kilogam tro len
article_248_clause_5_point_d,article_248_clause_5,article_248,248,5,d,Các chất ma túy khác ở thể lỏng có thể tích 22 lít trở lên;,condition_or_rule,cac chat ma tuy khac o the long co the tich 22 lit tro len
article_248_clause_5_point_d,article_248_clause_5,article_248,248,5,đ,Có 02 chất ma túy trở lên mà tổng khối lượng hoặc thể tích của các chất đó tương đương với khối lượng hoặc thể tích chất ma túy quy định tại một trong các điểm từ điểm a đến điểm d khoản này.,condition_or_rule,co 02 chat ma tuy tro len ma tong khoi luong hoac the tich cua cac chat do tuong duong voi khoi luong hoac the tich chat ma tuy quy dinh tai mot trong cac diem tu diem a den diem d khoan nay
article_249_clause_1_point_a,article_249_clause_1,article_249,249,1,a,"Đã bị xử phạt vi phạm hành chính về hành vi quy định tại Điều này hoặc đã bị kết án về tội này hoặc một trong các tội quy định tại các điều 248, 250, 251, 252 và 256a của Bộ luật này, chưa được xóa án tích mà còn vi phạm;",condition_or_rule,da bi xu phat vi pham hanh chinh ve hanh vi quy dinh tai dieu nay hoac da bi ket an ve toi nay hoac mot trong cac toi quy dinh tai cac dieu 248 250 251 252 va 256a cua bo luat nay chua duoc xoa an tich ma con vi pham
article_249_clause_1_point_b,article_249_clause_1,article_249,249,1,b,"Nhựa thuốc phiện, nhựa cần sa hoặc cao côca có khối lượng từ 01 gam đến dưới 500 gam;",condition_or_rule,nhua thuoc phien nhua can sa hoac cao coca co khoi luong tu 01 gam den duoi 500 gam
article_249_clause_1_point_c,article_249_clause_1,article_249,249,1,c,"Heroine, Cocaine, Methamphetamine, Amphetamine, Ketamine, Fentanyl, MDMA hoặc XLR-11 có khối lượng từ 0,1 gam đến dưới 05 gam;",condition_or_rule,heroine cocaine methamphetamine amphetamine ketamine fentanyl mdma hoac xlr 11 co khoi luong tu 0 1 gam den duoi 05 gam
article_249_clause_1_point_d,article_249_clause_1,article_249,249,1,d,"Lá cây côca; lá khát (lá cây Catha edulis); lá, rễ, thân, cành, hoa, quả của cây cần sa hoặc bộ phận của cây khác có chứa chất ma túy do Chính phủ quy định có khối lượng từ 01 kilôgam đến dưới 10 kilôgam;",condition_or_rule,la cay coca la khat la cay catha edulis la re than canh hoa qua cua cay can sa hoac bo phan cua cay khac co chua chat ma tuy do chinh phu quy dinh co khoi luong tu 01 kilogam den duoi 10 kilogam
article_249_clause_1_point_d,article_249_clause_1,article_249,249,1,đ,Quả thuốc phiện khô có khối lượng từ 05 kilôgam đến dưới 50 kilôgam;,condition_or_rule,qua thuoc phien kho co khoi luong tu 05 kilogam den duoi 50 kilogam
article_249_clause_1_point_e,article_249_clause_1,article_249,249,1,e,Quả thuốc phiện tươi có khối lượng từ 01 kilôgam đến dưới 10 kilôgam;,condition_or_rule,qua thuoc phien tuoi co khoi luong tu 01 kilogam den duoi 10 kilogam
article_249_clause_1_point_g,article_249_clause_1,article_249,249,1,g,Các chất ma túy khác ở thể rắn có khối lượng từ 01 gam đến dưới 20 gam;,condition_or_rule,cac chat ma tuy khac o the ran co khoi luong tu 01 gam den duoi 20 gam
article_249_clause_1_point_h,article_249_clause_1,article_249,249,1,h,Các chất ma túy khác ở thể lỏng có thể tích từ 10 mililít đến dưới 100 mililít;,condition_or_rule,cac chat ma tuy khac o the long co the tich tu 10 mililit den duoi 100 mililit
article_249_clause_1_point_i,article_249_clause_1,article_249,249,1,i,Có 02 chất ma túy trở lên mà tổng khối lượng hoặc thể tích của các chất đó tương đương với khối lượng hoặc thể tích chất ma túy quy định tại một trong các điểm từ điểm b đến điểm h khoản này.,condition_or_rule,co 02 chat ma tuy tro len ma tong khoi luong hoac the tich cua cac chat do tuong duong voi khoi luong hoac the tich chat ma tuy quy dinh tai mot trong cac diem tu diem b den diem h khoan nay
article_249_clause_2_point_a,article_249_clause_2,article_249,249,2,a,Có tổ chức;,condition_or_rule,co to chuc
article_249_clause_2_point_b,article_249_clause_2,article_249,249,2,b,Phạm tội 02 lần trở lên;,condition_or_rule,pham toi 02 lan tro len
article_249_clause_2_point_c,article_249_clause_2,article_249,249,2,c,"Lợi dụng chức vụ, quyền hạn;",condition_or_rule,loi dung chuc vu quyen han
article_249_clause_2_point_d,article_249_clause_2,article_249,249,2,d,"Lợi dụng danh nghĩa cơ quan, tổ chức;",condition_or_rule,loi dung danh nghia co quan to chuc
article_249_clause_2_point_d,article_249_clause_2,article_249,249,2,đ,Sử dụng người dưới 16 tuổi vào việc phạm tội;,condition_or_rule,su dung nguoi duoi 16 tuoi vao viec pham toi
article_249_clause_2_point_e,article_249_clause_2,article_249,249,2,e,"Nhựa thuốc phiện, nhựa cần sa hoặc cao côca có khối lượng từ 500 gam đến dưới 01 kilôgam;",condition_or_rule,nhua thuoc phien nhua can sa hoac cao coca co khoi luong tu 500 gam den duoi 01 kilogam
article_249_clause_2_point_g,article_249_clause_2,article_249,249,2,g,"Heroine, Cocaine, Methamphetamine, Amphetamine, Ketamine, Fentanyl, MDMA hoặc XLR-11 có khối lượng từ 05 gam đến dưới 30 gam;",condition_or_rule,heroine cocaine methamphetamine amphetamine ketamine fentanyl mdma hoac xlr 11 co khoi luong tu 05 gam den duoi 30 gam
article_249_clause_2_point_h,article_249_clause_2,article_249,249,2,h,"Lá cây côca; lá khát (lá cây Catha edulis); lá, rễ, thân, cành, hoa, quả của cây cần sa hoặc bộ phận của cây khác có chứa chất ma túy do Chính phủ quy định có khối lượng từ 10 kilôgam đến dưới 25 kilôgam;",condition_or_rule,la cay coca la khat la cay catha edulis la re than canh hoa qua cua cay can sa hoac bo phan cua cay khac co chua chat ma tuy do chinh phu quy dinh co khoi luong tu 10 kilogam den duoi 25 kilogam
article_249_clause_2_point_i,article_249_clause_2,article_249,249,2,i,Quả thuốc phiện khô có khối lượng từ 50 kilôgam đến dưới 200 kilôgam;,condition_or_rule,qua thuoc phien kho co khoi luong tu 50 kilogam den duoi 200 kilogam
article_249_clause_2_point_k,article_249_clause_2,article_249,249,2,k,Quả thuốc phiện tươi có khối lượng từ 10 kilôgam đến dưới 50 kilôgam;,condition_or_rule,qua thuoc phien tuoi co khoi luong tu 10 kilogam den duoi 50 kilogam
article_249_clause_2_point_l,article_249_clause_2,article_249,249,2,l,Các chất ma túy khác ở thể rắn có khối lượng từ 20 gam đến dưới 100 gam;,condition_or_rule,cac chat ma tuy khac o the ran co khoi luong tu 20 gam den duoi 100 gam
article_249_clause_2_point_m,article_249_clause_2,article_249,249,2,m,Các chất ma túy khác ở thể lỏng có thể tích từ 100 mililít đến dưới 250 mililít;,condition_or_rule,cac chat ma tuy khac o the long co the tich tu 100 mililit den duoi 250 mililit
article_249_clause_2_point_n,article_249_clause_2,article_249,249,2,n,Có 02 chất ma túy trở lên mà tổng khối lượng hoặc thể tích của các chất đó tương đương với khối lượng hoặc thể tích chất ma túy quy định tại một trong các điểm từ điểm e đến điểm m khoản này;,condition_or_rule,co 02 chat ma tuy tro len ma tong khoi luong hoac the tich cua cac chat do tuong duong voi khoi luong hoac the tich chat ma tuy quy dinh tai mot trong cac diem tu diem e den diem m khoan nay
article_249_clause_2_point_o,article_249_clause_2,article_249,249,2,o,Tái phạm nguy hiểm.,condition_or_rule,tai pham nguy hiem
article_249_clause_3_point_a,article_249_clause_3,article_249,249,3,a,"Nhựa thuốc phiện, nhựa cần sa hoặc cao côca có khối lượng từ 01 kilôgam đến dưới 05 kilôgam;",condition_or_rule,nhua thuoc phien nhua can sa hoac cao coca co khoi luong tu 01 kilogam den duoi 05 kilogam
article_249_clause_3_point_b,article_249_clause_3,article_249,249,3,b,"Heroine, Cocaine, Methamphetamine, Amphetamine, Ketamine, Fentanyl, MDMA hoặc XLR-11 có khối lượng từ 30 gam đến dưới 100 gam;",condition_or_rule,heroine cocaine methamphetamine amphetamine ketamine fentanyl mdma hoac xlr 11 co khoi luong tu 30 gam den duoi 100 gam
article_249_clause_3_point_c,article_249_clause_3,article_249,249,3,c,"Lá cây côca; lá khát (lá cây Catha edulis); lá, rễ, thân, cành, hoa, quả của cây cần sa hoặc bộ phận của cây khác có chứa chất ma túy do Chính phủ quy định có khối lượng từ 25 kilôgam đến dưới 75 kilôgam;",condition_or_rule,la cay coca la khat la cay catha edulis la re than canh hoa qua cua cay can sa hoac bo phan cua cay khac co chua chat ma tuy do chinh phu quy dinh co khoi luong tu 25 kilogam den duoi 75 kilogam
article_249_clause_3_point_d,article_249_clause_3,article_249,249,3,d,Quả thuốc phiện khô có khối lượng từ 200 kilôgam đến dưới 600 kilôgam;,condition_or_rule,qua thuoc phien kho co khoi luong tu 200 kilogam den duoi 600 kilogam
article_249_clause_3_point_d,article_249_clause_3,article_249,249,3,đ,Quả thuốc phiện tươi có khối lượng từ 50 kilôgam đến dưới 150 kilôgam;,condition_or_rule,qua thuoc phien tuoi co khoi luong tu 50 kilogam den duoi 150 kilogam
article_249_clause_3_point_e,article_249_clause_3,article_249,249,3,e,Các chất ma túy khác ở thể rắn có khối lượng từ 100 gam đến dưới 300 gam;,condition_or_rule,cac chat ma tuy khac o the ran co khoi luong tu 100 gam den duoi 300 gam
article_249_clause_3_point_g,article_249_clause_3,article_249,249,3,g,Các chất ma túy khác ở thể lỏng có thể tích từ 250 mililít đến dưới 750 mililít;,condition_or_rule,cac chat ma tuy khac o the long co the tich tu 250 mililit den duoi 750 mililit
article_249_clause_3_point_h,article_249_clause_3,article_249,249,3,h,Có 02 chất ma túy trở lên mà tổng khối lượng hoặc thể tích của các chất đó tương đương với khối lượng hoặc thể tích chất ma túy quy định tại một trong các điểm từ điểm a đến điểm g khoản này.,condition_or_rule,co 02 chat ma tuy tro len ma tong khoi luong hoac the tich cua cac chat do tuong duong voi khoi luong hoac the tich chat ma tuy quy dinh tai mot trong cac diem tu diem a den diem g khoan nay
article_249_clause_4_point_a,article_249_clause_4,article_249,249,4,a,"Nhựa thuốc phiện, nhựa cần sa hoặc cao côca có khối lượng 05 kilôgam trở lên;",condition_or_rule,nhua thuoc phien nhua can sa hoac cao coca co khoi luong 05 kilogam tro len
article_249_clause_4_point_b,article_249_clause_4,article_249,249,4,b,"Heroine, Cocaine, Methamphetamine, Amphetamine, Ketamine, Fentanyl, MDMA hoặc XLR-11 có khối lượng 100 gam trở lên;",condition_or_rule,heroine cocaine methamphetamine amphetamine ketamine fentanyl mdma hoac xlr 11 co khoi luong 100 gam tro len
article_249_clause_4_point_c,article_249_clause_4,article_249,249,4,c,"Lá cây côca; lá khát (lá cây Catha edulis); lá, rễ, thân, cành, hoa, quả của cây cần sa hoặc bộ phận của cây khác có chứa chất ma túy do Chính phủ quy định có khối lượng 75 kilôgam trở lên;",condition_or_rule,la cay coca la khat la cay catha edulis la re than canh hoa qua cua cay can sa hoac bo phan cua cay khac co chua chat ma tuy do chinh phu quy dinh co khoi luong 75 kilogam tro len
article_249_clause_4_point_d,article_249_clause_4,article_249,249,4,d,Quả thuốc phiện khô có khối lượng 600 kilôgam trở lên;,condition_or_rule,qua thuoc phien kho co khoi luong 600 kilogam tro len
article_249_clause_4_point_d,article_249_clause_4,article_249,249,4,đ,Quả thuốc phiện tươi có khối lượng 150 kilôgam trở lên;,condition_or_rule,qua thuoc phien tuoi co khoi luong 150 kilogam tro len
article_249_clause_4_point_e,article_249_clause_4,article_249,249,4,e,Các chất ma túy khác ở thể rắn có khối lượng 300 gam trở lên;,condition_or_rule,cac chat ma tuy khac o the ran co khoi luong 300 gam tro len
article_249_clause_4_point_g,article_249_clause_4,article_249,249,4,g,Các chất ma túy khác ở thể lỏng có thể tích 750 mililít trở lên;,condition_or_rule,cac chat ma tuy khac o the long co the tich 750 mililit tro len
article_249_clause_4_point_h,article_249_clause_4,article_249,249,4,h,Có 02 chất ma túy trở lên mà tổng khối lượng hoặc thể tích của các chất đó tương đương với khối lượng hoặc thể tích chất ma túy quy định tại một trong các điểm từ điểm a đến điểm g khoản này.,condition_or_rule,co 02 chat ma tuy tro len ma tong khoi luong hoac the tich cua cac chat do tuong duong voi khoi luong hoac the tich chat ma tuy quy dinh tai mot trong cac diem tu diem a den diem g khoan nay
article_250_clause_1_point_a,article_250_clause_1,article_250,250,1,a,"Đã bị xử phạt vi phạm hành chính về hành vi quy định tại Điều này hoặc đã bị kết án về tội này hoặc một trong các tội quy định tại các điều 248, 249, 251, 252 và 256a của Bộ luật này, chưa được xóa án tích mà còn vi phạm;",condition_or_rule,da bi xu phat vi pham hanh chinh ve hanh vi quy dinh tai dieu nay hoac da bi ket an ve toi nay hoac mot trong cac toi quy dinh tai cac dieu 248 249 251 252 va 256a cua bo luat nay chua duoc xoa an tich ma con vi pham
article_250_clause_1_point_b,article_250_clause_1,article_250,250,1,b,"Nhựa thuốc phiện, nhựa cần sa hoặc cao côca có khối lượng từ 01 gam đến dưới 500 gam;",condition_or_rule,nhua thuoc phien nhua can sa hoac cao coca co khoi luong tu 01 gam den duoi 500 gam
article_250_clause_1_point_c,article_250_clause_1,article_250,250,1,c,"Heroine, Cocaine, Methamphetamine, Amphetamine, Ketamine, Fentanyl, MDMA hoặc XLR-11 có khối lượng từ 0,1 gam đến dưới 05 gam;",condition_or_rule,heroine cocaine methamphetamine amphetamine ketamine fentanyl mdma hoac xlr 11 co khoi luong tu 0 1 gam den duoi 05 gam
article_250_clause_1_point_d,article_250_clause_1,article_250,250,1,d,"Lá cây côca; lá khát (lá cây Catha edulis); lá, rễ, thân, cành, hoa, quả của cây cần sa hoặc bộ phận của cây khác có chứa chất ma túy do Chính phủ quy định có khối lượng từ 01 kilôgam đến dưới 10 kilôgam;",condition_or_rule,la cay coca la khat la cay catha edulis la re than canh hoa qua cua cay can sa hoac bo phan cua cay khac co chua chat ma tuy do chinh phu quy dinh co khoi luong tu 01 kilogam den duoi 10 kilogam
article_250_clause_1_point_d,article_250_clause_1,article_250,250,1,đ,Quả thuốc phiện khô có khối lượng từ 05 kilôgam đến dưới 50 kilôgam;,condition_or_rule,qua thuoc phien kho co khoi luong tu 05 kilogam den duoi 50 kilogam
article_250_clause_1_point_e,article_250_clause_1,article_250,250,1,e,Quả thuốc phiện tươi có khối lượng từ 01 kilôgam đến dưới 10 kilôgam;,condition_or_rule,qua thuoc phien tuoi co khoi luong tu 01 kilogam den duoi 10 kilogam
article_250_clause_1_point_g,article_250_clause_1,article_250,250,1,g,Các chất ma túy khác ở thể rắn có khối lượng từ 01 gam đến dưới 20 gam;,condition_or_rule,cac chat ma tuy khac o the ran co khoi luong tu 01 gam den duoi 20 gam
article_250_clause_1_point_h,article_250_clause_1,article_250,250,1,h,Các chất ma túy khác ở thể lỏng có thể tích từ 10 mililít đến dưới 100 mililít;,condition_or_rule,cac chat ma tuy khac o the long co the tich tu 10 mililit den duoi 100 mililit
article_250_clause_1_point_i,article_250_clause_1,article_250,250,1,i,Có 02 chất ma túy trở lên mà tổng khối lượng hoặc thể tích của các chất đó tương đương với khối lượng hoặc thể tích chất ma túy quy định tại một trong các điểm từ điểm b đến điểm h khoản này.,condition_or_rule,co 02 chat ma tuy tro len ma tong khoi luong hoac the tich cua cac chat do tuong duong voi khoi luong hoac the tich chat ma tuy quy dinh tai mot trong cac diem tu diem b den diem h khoan nay
article_250_clause_2_point_a,article_250_clause_2,article_250,250,2,a,Có tổ chức;,condition_or_rule,co to chuc
article_250_clause_2_point_b,article_250_clause_2,article_250,250,2,b,Phạm tội 02 lần trở lên;,condition_or_rule,pham toi 02 lan tro len
article_250_clause_2_point_c,article_250_clause_2,article_250,250,2,c,"Lợi dụng chức vụ, quyền hạn;",condition_or_rule,loi dung chuc vu quyen han
article_250_clause_2_point_d,article_250_clause_2,article_250,250,2,d,"Lợi dụng danh nghĩa cơ quan, tổ chức;",condition_or_rule,loi dung danh nghia co quan to chuc
article_250_clause_2_point_d,article_250_clause_2,article_250,250,2,đ,Sử dụng người dưới 16 tuổi vào việc phạm tội;,condition_or_rule,su dung nguoi duoi 16 tuoi vao viec pham toi
article_250_clause_2_point_e,article_250_clause_2,article_250,250,2,e,Qua biên giới;,condition_or_rule,qua bien gioi
article_250_clause_2_point_g,article_250_clause_2,article_250,250,2,g,"Nhựa thuốc phiện, nhựa cần sa hoặc cao côca có khối lượng từ 500 gam đến dưới 01 kilôgam;",condition_or_rule,nhua thuoc phien nhua can sa hoac cao coca co khoi luong tu 500 gam den duoi 01 kilogam
article_250_clause_2_point_h,article_250_clause_2,article_250,250,2,h,"Heroine, Cocaine, Methamphetamine, Amphetamine, Ketamine, Fentanyl, MDMA hoặc XLR-11 có khối lượng từ 05 gam đến dưới 30 gam;",condition_or_rule,heroine cocaine methamphetamine amphetamine ketamine fentanyl mdma hoac xlr 11 co khoi luong tu 05 gam den duoi 30 gam
article_250_clause_2_point_i,article_250_clause_2,article_250,250,2,i,"Lá cây côca; lá khát (lá cây Catha edulis); lá, rễ, thân, cành, hoa, quả của cây cần sa hoặc bộ phận của cây khác có chứa chất ma túy do Chính phủ quy định có khối lượng từ 10 kilôgam đến dưới 25 kilôgam;",condition_or_rule,la cay coca la khat la cay catha edulis la re than canh hoa qua cua cay can sa hoac bo phan cua cay khac co chua chat ma tuy do chinh phu quy dinh co khoi luong tu 10 kilogam den duoi 25 kilogam
article_250_clause_2_point_k,article_250_clause_2,article_250,250,2,k,Quả thuốc phiện khô có khối lượng từ 50 kilôgam đến dưới 200 kilôgam;,condition_or_rule,qua thuoc phien kho co khoi luong tu 50 kilogam den duoi 200 kilogam
article_250_clause_2_point_l,article_250_clause_2,article_250,250,2,l,Quả thuốc phiện tươi có khối lượng từ 10 kilôgam đến dưới 50 kilôgam;,condition_or_rule,qua thuoc phien tuoi co khoi luong tu 10 kilogam den duoi 50 kilogam
article_250_clause_2_point_m,article_250_clause_2,article_250,250,2,m,Các chất ma túy khác ở thể rắn có khối lượng từ 20 gam đến dưới 100 gam;,condition_or_rule,cac chat ma tuy khac o the ran co khoi luong tu 20 gam den duoi 100 gam
article_250_clause_2_point_n,article_250_clause_2,article_250,250,2,n,Các chất ma túy khác ở thể lỏng có thể tích từ 100 mililít đến dưới 250 mililít;,condition_or_rule,cac chat ma tuy khac o the long co the tich tu 100 mililit den duoi 250 mililit
article_250_clause_2_point_o,article_250_clause_2,article_250,250,2,o,Có 02 chất ma túy trở lên mà tổng khối lượng hoặc thể tích của các chất đó tương đương với khối lượng hoặc thể tích chất ma túy quy định tại một trong các điểm từ điểm g đến điểm n khoản này;,condition_or_rule,co 02 chat ma tuy tro len ma tong khoi luong hoac the tich cua cac chat do tuong duong voi khoi luong hoac the tich chat ma tuy quy dinh tai mot trong cac diem tu diem g den diem n khoan nay
article_250_clause_2_point_p,article_250_clause_2,article_250,250,2,p,Tái phạm nguy hiểm.,condition_or_rule,tai pham nguy hiem
article_250_clause_3_point_a,article_250_clause_3,article_250,250,3,a,"Nhựa thuốc phiện, nhựa cần sa hoặc cao côca có khối lượng từ 01 kilôgam đến dưới 05 kilôgam;",condition_or_rule,nhua thuoc phien nhua can sa hoac cao coca co khoi luong tu 01 kilogam den duoi 05 kilogam
article_250_clause_3_point_b,article_250_clause_3,article_250,250,3,b,"Heroine, Cocaine, Methamphetamine, Amphetamine, Ketamine, Fentanyl, MDMA hoặc XLR-11 có khối lượng từ 30 gam đến dưới 100 gam;",condition_or_rule,heroine cocaine methamphetamine amphetamine ketamine fentanyl mdma hoac xlr 11 co khoi luong tu 30 gam den duoi 100 gam
article_250_clause_3_point_c,article_250_clause_3,article_250,250,3,c,"Lá cây côca; lá khát (lá cây Catha edulis); lá, rễ, thân, cành, hoa, quả của cây cần sa hoặc bộ phận của cây khác có chứa chất ma túy do Chính phủ quy định có khối lượng từ 25 kilôgam đến dưới 75 kilôgam;",condition_or_rule,la cay coca la khat la cay catha edulis la re than canh hoa qua cua cay can sa hoac bo phan cua cay khac co chua chat ma tuy do chinh phu quy dinh co khoi luong tu 25 kilogam den duoi 75 kilogam
article_250_clause_3_point_d,article_250_clause_3,article_250,250,3,d,Quả thuốc phiện khô có khối lượng từ 200 kilôgam đến dưới 600 kilôgam;,condition_or_rule,qua thuoc phien kho co khoi luong tu 200 kilogam den duoi 600 kilogam
article_250_clause_3_point_d,article_250_clause_3,article_250,250,3,đ,Quả thuốc phiện tươi có khối lượng từ 50 kilôgam đến dưới 150 kilôgam;,condition_or_rule,qua thuoc phien tuoi co khoi luong tu 50 kilogam den duoi 150 kilogam
article_250_clause_3_point_e,article_250_clause_3,article_250,250,3,e,Các chất ma túy khác ở thể rắn có khối lượng từ 100 gam đến dưới 300 gam;,condition_or_rule,cac chat ma tuy khac o the ran co khoi luong tu 100 gam den duoi 300 gam
article_250_clause_3_point_g,article_250_clause_3,article_250,250,3,g,Các chất ma túy khác ở thể lỏng có thể tích từ 250 mililít đến dưới 750 mililít;,condition_or_rule,cac chat ma tuy khac o the long co the tich tu 250 mililit den duoi 750 mililit
article_250_clause_3_point_h,article_250_clause_3,article_250,250,3,h,Có 02 chất ma túy trở lên mà tổng khối lượng hoặc thể tích của các chất đó tương đương với khối lượng hoặc thể tích chất ma túy quy định tại một trong các điểm từ điểm a đến điểm g khoản này.,condition_or_rule,co 02 chat ma tuy tro len ma tong khoi luong hoac the tich cua cac chat do tuong duong voi khoi luong hoac the tich chat ma tuy quy dinh tai mot trong cac diem tu diem a den diem g khoan nay
article_250_clause_4_point_a,article_250_clause_4,article_250,250,4,a,"Nhựa thuốc phiện, nhựa cần sa hoặc cao côca có khối lượng 05 kilôgam trở lên;",condition_or_rule,nhua thuoc phien nhua can sa hoac cao coca co khoi luong 05 kilogam tro len
article_250_clause_4_point_b,article_250_clause_4,article_250,250,4,b,"Heroine, Cocaine, Methamphetamine, Amphetamine, Ketamine, Fentanyl, MDMA hoặc XLR-11 có khối lượng 100 gam trở lên;",condition_or_rule,heroine cocaine methamphetamine amphetamine ketamine fentanyl mdma hoac xlr 11 co khoi luong 100 gam tro len
article_250_clause_4_point_c,article_250_clause_4,article_250,250,4,c,"Lá cây côca; lá khát (lá cây Catha edulis); lá, rễ, thân, cành, hoa, quả của cây cần sa hoặc bộ phận của cây khác có chứa chất ma túy do Chính phủ quy định có khối lượng 75 kilôgam trở lên;",condition_or_rule,la cay coca la khat la cay catha edulis la re than canh hoa qua cua cay can sa hoac bo phan cua cay khac co chua chat ma tuy do chinh phu quy dinh co khoi luong 75 kilogam tro len
article_250_clause_4_point_d,article_250_clause_4,article_250,250,4,d,Quả thuốc phiện khô có khối lượng 600 kilôgam trở lên;,condition_or_rule,qua thuoc phien kho co khoi luong 600 kilogam tro len
article_250_clause_4_point_d,article_250_clause_4,article_250,250,4,đ,Quả thuốc phiện tươi có khối lượng 150 kilôgam trở lên;,condition_or_rule,qua thuoc phien tuoi co khoi luong 150 kilogam tro len
article_250_clause_4_point_e,article_250_clause_4,article_250,250,4,e,Các chất ma túy khác ở thể rắn có khối lượng 300 gam trở lên;,condition_or_rule,cac chat ma tuy khac o the ran co khoi luong 300 gam tro len
article_250_clause_4_point_g,article_250_clause_4,article_250,250,4,g,Các chất ma túy khác ở thể lỏng có thể tích 750 mililít trở lên;,condition_or_rule,cac chat ma tuy khac o the long co the tich 750 mililit tro len
article_250_clause_4_point_h,article_250_clause_4,article_250,250,4,h,Có 02 chất ma túy trở lên mà tổng khối lượng hoặc thể tích của các chất đó tương đương với khối lượng hoặc thể tích chất ma túy quy định tại một trong các điểm từ điểm a đến điểm g khoản này.,condition_or_rule,co 02 chat ma tuy tro len ma tong khoi luong hoac the tich cua cac chat do tuong duong voi khoi luong hoac the tich chat ma tuy quy dinh tai mot trong cac diem tu diem a den diem g khoan nay
article_251_clause_2_point_a,article_251_clause_2,article_251,251,2,a,Có tổ chức;,condition_or_rule,co to chuc
article_251_clause_2_point_b,article_251_clause_2,article_251,251,2,b,Phạm tội 02 lần trở lên;,condition_or_rule,pham toi 02 lan tro len
article_251_clause_2_point_c,article_251_clause_2,article_251,251,2,c,Đối với 02 người trở lên;,condition_or_rule,doi voi 02 nguoi tro len
article_251_clause_2_point_d,article_251_clause_2,article_251,251,2,d,"Lợi dụng chức vụ, quyền hạn;",condition_or_rule,loi dung chuc vu quyen han
article_251_clause_2_point_d,article_251_clause_2,article_251,251,2,đ,"Lợi dụng danh nghĩa cơ quan, tổ chức;",condition_or_rule,loi dung danh nghia co quan to chuc
article_251_clause_2_point_e,article_251_clause_2,article_251,251,2,e,Sử dụng người dưới 16 tuổi vào việc phạm tội hoặc bán ma túy cho người dưới 16 tuổi;,condition_or_rule,su dung nguoi duoi 16 tuoi vao viec pham toi hoac ban ma tuy cho nguoi duoi 16 tuoi
article_251_clause_2_point_g,article_251_clause_2,article_251,251,2,g,Qua biên giới;,condition_or_rule,qua bien gioi
article_251_clause_2_point_h,article_251_clause_2,article_251,251,2,h,"Nhựa thuốc phiện, nhựa cần sa hoặc cao côca có khối lượng từ 500 gam đến dưới 01 kilôgam;",condition_or_rule,nhua thuoc phien nhua can sa hoac cao coca co khoi luong tu 500 gam den duoi 01 kilogam
article_251_clause_2_point_i,article_251_clause_2,article_251,251,2,i,"Heroine, Cocaine, Methamphetamine, Amphetamine, Ketamine, Fentanyl, MDMA hoặc XLR-11 có khối lượng từ 05 gam đến dưới 30 gam;",condition_or_rule,heroine cocaine methamphetamine amphetamine ketamine fentanyl mdma hoac xlr 11 co khoi luong tu 05 gam den duoi 30 gam
article_251_clause_2_point_k,article_251_clause_2,article_251,251,2,k,"Lá cây côca; lá khát (lá cây Catha edulis); lá, rễ, thân, cành, hoa, quả của cây cần sa hoặc bộ phận của cây khác có chứa chất ma túy do Chính phủ quy định có khối lượng từ 10 kilôgam đến dưới 25 kilôgam;",condition_or_rule,la cay coca la khat la cay catha edulis la re than canh hoa qua cua cay can sa hoac bo phan cua cay khac co chua chat ma tuy do chinh phu quy dinh co khoi luong tu 10 kilogam den duoi 25 kilogam
article_251_clause_2_point_l,article_251_clause_2,article_251,251,2,l,Quả thuốc phiện khô có khối lượng từ 50 kilôgam đến dưới 200 kilôgam;,condition_or_rule,qua thuoc phien kho co khoi luong tu 50 kilogam den duoi 200 kilogam
article_251_clause_2_point_m,article_251_clause_2,article_251,251,2,m,Quả thuốc phiện tươi có khối lượng từ 10 kilôgam đến dưới 50 kilôgam;,condition_or_rule,qua thuoc phien tuoi co khoi luong tu 10 kilogam den duoi 50 kilogam
article_251_clause_2_point_n,article_251_clause_2,article_251,251,2,n,Các chất ma túy khác ở thể rắn có khối lượng từ 20 gam đến dưới 100 gam;,condition_or_rule,cac chat ma tuy khac o the ran co khoi luong tu 20 gam den duoi 100 gam
article_251_clause_2_point_o,article_251_clause_2,article_251,251,2,o,Các chất ma túy khác ở thể lỏng có thể tích từ 100 mililít đến dưới 250 mililít;,condition_or_rule,cac chat ma tuy khac o the long co the tich tu 100 mililit den duoi 250 mililit
article_251_clause_2_point_p,article_251_clause_2,article_251,251,2,p,Có 02 chất ma túy trở lên mà tổng khối lượng hoặc thể tích của các chất đó tương đương với khối lượng hoặc thể tích chất ma túy quy định tại một trong các điểm từ điểm h đến điểm o khoản này;,condition_or_rule,co 02 chat ma tuy tro len ma tong khoi luong hoac the tich cua cac chat do tuong duong voi khoi luong hoac the tich chat ma tuy quy dinh tai mot trong cac diem tu diem h den diem o khoan nay
article_251_clause_2_point_q,article_251_clause_2,article_251,251,2,q,Tái phạm nguy hiểm.,condition_or_rule,tai pham nguy hiem
article_251_clause_3_point_a,article_251_clause_3,article_251,251,3,a,"Nhựa thuốc phiện, nhựa cần sa hoặc cao côca có khối lượng từ 01 kilôgam đến dưới 05 kilôgam;",condition_or_rule,nhua thuoc phien nhua can sa hoac cao coca co khoi luong tu 01 kilogam den duoi 05 kilogam
article_251_clause_3_point_b,article_251_clause_3,article_251,251,3,b,"Heroine, Cocaine, Methamphetamine, Amphetamine, Ketamine, Fentanyl, MDMA hoặc XLR-11 có khối lượng từ 30 gam đến dưới 100 gam;",condition_or_rule,heroine cocaine methamphetamine amphetamine ketamine fentanyl mdma hoac xlr 11 co khoi luong tu 30 gam den duoi 100 gam
article_251_clause_3_point_c,article_251_clause_3,article_251,251,3,c,"Lá cây côca; lá khát (lá cây Catha edulis); lá, rễ, thân, cành, hoa, quả của cây cần sa hoặc bộ phận của cây khác có chứa chất ma túy do Chính phủ quy định có khối lượng từ 25 kilôgam đến dưới 75 kilôgam;",condition_or_rule,la cay coca la khat la cay catha edulis la re than canh hoa qua cua cay can sa hoac bo phan cua cay khac co chua chat ma tuy do chinh phu quy dinh co khoi luong tu 25 kilogam den duoi 75 kilogam
article_251_clause_3_point_d,article_251_clause_3,article_251,251,3,d,Quả thuốc phiện khô có khối lượng từ 200 kilôgam đến dưới 600 kilôgam;,condition_or_rule,qua thuoc phien kho co khoi luong tu 200 kilogam den duoi 600 kilogam
article_251_clause_3_point_d,article_251_clause_3,article_251,251,3,đ,Quả thuốc phiện tươi có khối lượng từ 50 kilôgam đến dưới 150 kilôgam;,condition_or_rule,qua thuoc phien tuoi co khoi luong tu 50 kilogam den duoi 150 kilogam
article_251_clause_3_point_e,article_251_clause_3,article_251,251,3,e,Các chất ma túy khác ở thể rắn có khối lượng từ 100 gam đến dưới 300 gam;,condition_or_rule,cac chat ma tuy khac o the ran co khoi luong tu 100 gam den duoi 300 gam
article_251_clause_3_point_g,article_251_clause_3,article_251,251,3,g,Các chất ma túy khác ở thể lỏng có thể tích từ 250 mililít đến dưới 750 mililít;,condition_or_rule,cac chat ma tuy khac o the long co the tich tu 250 mililit den duoi 750 mililit
article_251_clause_3_point_h,article_251_clause_3,article_251,251,3,h,Có 02 chất ma túy trở lên mà tổng khối lượng hoặc thể tích của các chất đó tương đương với khối lượng hoặc thể tích chất ma túy quy định tại một trong các điểm từ điểm a đến điểm g khoản này.,condition_or_rule,co 02 chat ma tuy tro len ma tong khoi luong hoac the tich cua cac chat do tuong duong voi khoi luong hoac the tich chat ma tuy quy dinh tai mot trong cac diem tu diem a den diem g khoan nay
article_251_clause_4_point_a,article_251_clause_4,article_251,251,4,a,"Nhựa thuốc phiện, nhựa cần sa hoặc cao côca có khối lượng từ 05 kilôgam đến dưới 30 kilôgam;",condition_or_rule,nhua thuoc phien nhua can sa hoac cao coca co khoi luong tu 05 kilogam den duoi 30 kilogam
article_251_clause_4_point_b,article_251_clause_4,article_251,251,4,b,"Heroine, Cocaine, Methamphetamine, Amphetamine, Ketamine, Fentanyl, MDMA hoặc XLR-11 có khối lượng từ 100 gam đến dưới 03 kilôgam;",condition_or_rule,heroine cocaine methamphetamine amphetamine ketamine fentanyl mdma hoac xlr 11 co khoi luong tu 100 gam den duoi 03 kilogam
article_251_clause_4_point_c,article_251_clause_4,article_251,251,4,c,"Lá cây côca; lá khát (lá cây Catha edulis); lá, rễ, thân, cành, hoa, quả của cây cần sa hoặc bộ phận của cây khác có chứa chất ma túy do Chính phủ quy định có khối lượng từ 75 kilôgam đến dưới 150 kilôgam;",condition_or_rule,la cay coca la khat la cay catha edulis la re than canh hoa qua cua cay can sa hoac bo phan cua cay khac co chua chat ma tuy do chinh phu quy dinh co khoi luong tu 75 kilogam den duoi 150 kilogam
article_251_clause_4_point_d,article_251_clause_4,article_251,251,4,d,Quả thuốc phiện khô có khối lượng từ 600 kilôgam đến dưới 1.200 kilôgam;,condition_or_rule,qua thuoc phien kho co khoi luong tu 600 kilogam den duoi 1 200 kilogam
article_251_clause_4_point_d,article_251_clause_4,article_251,251,4,đ,Quả thuốc phiện tươi có khối lượng từ 150 kilôgam đến dưới 300 kilôgam;,condition_or_rule,qua thuoc phien tuoi co khoi luong tu 150 kilogam den duoi 300 kilogam
article_251_clause_4_point_e,article_251_clause_4,article_251,251,4,e,Các chất ma túy khác ở thể rắn có khối lượng từ 300 gam đến dưới 09 kilôgam;,condition_or_rule,cac chat ma tuy khac o the ran co khoi luong tu 300 gam den duoi 09 kilogam
article_251_clause_4_point_g,article_251_clause_4,article_251,251,4,g,Các chất ma túy khác ở thể lỏng có thể tích từ 750 mililít đến dưới 22 lít;,condition_or_rule,cac chat ma tuy khac o the long co the tich tu 750 mililit den duoi 22 lit
article_251_clause_4_point_h,article_251_clause_4,article_251,251,4,h,Có 02 chất ma túy trở lên mà tổng khối lượng hoặc thể tích của các chất đó tương đương với khối lượng hoặc thể tích chất ma túy quy định tại một trong các điểm từ điểm a đến điểm g khoản này.,condition_or_rule,co 02 chat ma tuy tro len ma tong khoi luong hoac the tich cua cac chat do tuong duong voi khoi luong hoac the tich chat ma tuy quy dinh tai mot trong cac diem tu diem a den diem g khoan nay
article_251_clause_5_point_a,article_251_clause_5,article_251,251,5,a,"Nhựa thuốc phiện, nhựa cần sa hoặc cao côca có khối lượng 30 kilôgam trở lên;",condition_or_rule,nhua thuoc phien nhua can sa hoac cao coca co khoi luong 30 kilogam tro len
article_251_clause_5_point_b,article_251_clause_5,article_251,251,5,b,"Heroine, Cocaine, Methamphetamine, Amphetamine, Ketamine, Fentanyl, MDMA hoặc XLR-11 có khối lượng 03 kilôgam trở lên;",condition_or_rule,heroine cocaine methamphetamine amphetamine ketamine fentanyl mdma hoac xlr 11 co khoi luong 03 kilogam tro len
article_251_clause_5_point_c,article_251_clause_5,article_251,251,5,c,"Lá cây côca; lá khát (lá cây Catha edulis); lá, rễ, thân, cành, hoa, quả của cây cần sa hoặc bộ phận của cây khác có chứa chất ma túy do Chính phủ quy định có khối lượng 150 kilôgam trở lên;",condition_or_rule,la cay coca la khat la cay catha edulis la re than canh hoa qua cua cay can sa hoac bo phan cua cay khac co chua chat ma tuy do chinh phu quy dinh co khoi luong 150 kilogam tro len
article_251_clause_5_point_d,article_251_clause_5,article_251,251,5,d,Quả thuốc phiện khô có khối lượng 1.200 kilôgam trở lên;,condition_or_rule,qua thuoc phien kho co khoi luong 1 200 kilogam tro len
article_251_clause_5_point_d,article_251_clause_5,article_251,251,5,đ,Quả thuốc phiện tươi có khối lượng 300 kilôgam trở lên;,condition_or_rule,qua thuoc phien tuoi co khoi luong 300 kilogam tro len
article_251_clause_5_point_e,article_251_clause_5,article_251,251,5,e,Các chất ma túy khác ở thể rắn có khối lượng 09 kilôgam trở lên;,condition_or_rule,cac chat ma tuy khac o the ran co khoi luong 09 kilogam tro len
article_251_clause_5_point_g,article_251_clause_5,article_251,251,5,g,Các chất ma túy khác ở thể lỏng có thể tích 22 lít trở lên;,condition_or_rule,cac chat ma tuy khac o the long co the tich 22 lit tro len
article_251_clause_5_point_h,article_251_clause_5,article_251,251,5,h,Có 02 chất ma túy trở lên mà tổng khối lượng hoặc thể tích của các chất đó tương đương với khối lượng hoặc thể tích chất ma túy quy định tại một trong các điểm từ điểm a đến điểm g khoản này.,condition_or_rule,co 02 chat ma tuy tro len ma tong khoi luong hoac the tich cua cac chat do tuong duong voi khoi luong hoac the tich chat ma tuy quy dinh tai mot trong cac diem tu diem a den diem g khoan nay
article_252_clause_1_point_a,article_252_clause_1,article_252,252,1,a,"Đã bị xử phạt vi phạm hành chính về hành vi quy định tại Điều này hoặc đã bị kết án về tội này hoặc một trong các tội quy định tại các điều 248, 249, 250, 251 và 256a của Bộ luật này, chưa được xóa án tích mà còn vi phạm;",condition_or_rule,da bi xu phat vi pham hanh chinh ve hanh vi quy dinh tai dieu nay hoac da bi ket an ve toi nay hoac mot trong cac toi quy dinh tai cac dieu 248 249 250 251 va 256a cua bo luat nay chua duoc xoa an tich ma con vi pham
article_252_clause_1_point_b,article_252_clause_1,article_252,252,1,b,"Nhựa thuốc phiện, nhựa cần sa hoặc cao côca có khối lượng từ 01 gam đến dưới 500 gam;",condition_or_rule,nhua thuoc phien nhua can sa hoac cao coca co khoi luong tu 01 gam den duoi 500 gam
article_252_clause_1_point_c,article_252_clause_1,article_252,252,1,c,"Heroine, Cocaine, Methamphetamine, Amphetamine, Ketamine, Fentanyl, MDMA hoặc XLR-11 có khối lượng từ 0,1 gam đến dưới 05 gam;",condition_or_rule,heroine cocaine methamphetamine amphetamine ketamine fentanyl mdma hoac xlr 11 co khoi luong tu 0 1 gam den duoi 05 gam
article_252_clause_1_point_d,article_252_clause_1,article_252,252,1,d,"Lá cây côca; lá khát (lá cây Catha edulis); lá, rễ, thân, cành, hoa, quả của cây cần sa hoặc bộ phận của cây khác có chứa chất ma túy do Chính phủ quy định có khối lượng từ 01 kilôgam đến dưới 10 kilôgam;",condition_or_rule,la cay coca la khat la cay catha edulis la re than canh hoa qua cua cay can sa hoac bo phan cua cay khac co chua chat ma tuy do chinh phu quy dinh co khoi luong tu 01 kilogam den duoi 10 kilogam
article_252_clause_1_point_d,article_252_clause_1,article_252,252,1,đ,Quả thuốc phiện khô có khối lượng từ 05 kilôgam đến dưới 50 kilôgam;,condition_or_rule,qua thuoc phien kho co khoi luong tu 05 kilogam den duoi 50 kilogam
article_252_clause_1_point_e,article_252_clause_1,article_252,252,1,e,Quả thuốc phiện tươi có khối lượng từ 01 kilôgam đến dưới 10 kilôgam;,condition_or_rule,qua thuoc phien tuoi co khoi luong tu 01 kilogam den duoi 10 kilogam
article_252_clause_1_point_g,article_252_clause_1,article_252,252,1,g,Các chất ma túy khác ở thể rắn có khối lượng từ 01 gam đến dưới 20 gam;,condition_or_rule,cac chat ma tuy khac o the ran co khoi luong tu 01 gam den duoi 20 gam
article_252_clause_1_point_h,article_252_clause_1,article_252,252,1,h,Các chất ma túy khác ở thể lỏng có thể tích từ 10 mililít đến dưới 100 mililít;,condition_or_rule,cac chat ma tuy khac o the long co the tich tu 10 mililit den duoi 100 mililit
article_252_clause_1_point_i,article_252_clause_1,article_252,252,1,i,Có 02 chất ma túy trở lên mà tổng khối lượng hoặc thể tích của các chất đó tương đương với khối lượng hoặc thể tích chất ma túy quy định tại một trong các điểm từ điểm b đến điểm h khoản này.,condition_or_rule,co 02 chat ma tuy tro len ma tong khoi luong hoac the tich cua cac chat do tuong duong voi khoi luong hoac the tich chat ma tuy quy dinh tai mot trong cac diem tu diem b den diem h khoan nay
article_252_clause_2_point_a,article_252_clause_2,article_252,252,2,a,Có tổ chức;,condition_or_rule,co to chuc
article_252_clause_2_point_b,article_252_clause_2,article_252,252,2,b,Phạm tội 02 lần trở lên;,condition_or_rule,pham toi 02 lan tro len
article_252_clause_2_point_c,article_252_clause_2,article_252,252,2,c,"Lợi dụng chức vụ, quyền hạn;",condition_or_rule,loi dung chuc vu quyen han
article_252_clause_2_point_d,article_252_clause_2,article_252,252,2,d,"Lợi dụng danh nghĩa cơ quan, tổ chức;",condition_or_rule,loi dung danh nghia co quan to chuc
article_252_clause_2_point_d,article_252_clause_2,article_252,252,2,đ,Sử dụng người dưới 16 tuổi vào việc phạm tội;,condition_or_rule,su dung nguoi duoi 16 tuoi vao viec pham toi
article_252_clause_2_point_e,article_252_clause_2,article_252,252,2,e,"Nhựa thuốc phiện, nhựa cần sa hoặc cao côca có khối lượng từ 500 gam đến dưới 01 kilôgam;",condition_or_rule,nhua thuoc phien nhua can sa hoac cao coca co khoi luong tu 500 gam den duoi 01 kilogam
article_252_clause_2_point_g,article_252_clause_2,article_252,252,2,g,"Heroine, Cocaine, Methamphetamine, Amphetamine, Ketamine, Fentanyl, MDMA hoặc XLR-11 có khối lượng từ 05 gam đến dưới 30 gam;",condition_or_rule,heroine cocaine methamphetamine amphetamine ketamine fentanyl mdma hoac xlr 11 co khoi luong tu 05 gam den duoi 30 gam
article_252_clause_2_point_h,article_252_clause_2,article_252,252,2,h,"Lá cây côca; lá khát (lá cây Catha edulis); lá, rễ, thân, cành, hoa, quả của cây cần sa hoặc bộ phận của cây khác có chứa chất ma túy do Chính phủ quy định có khối lượng từ 10 kilôgam đến dưới 25 kilôgam;",condition_or_rule,la cay coca la khat la cay catha edulis la re than canh hoa qua cua cay can sa hoac bo phan cua cay khac co chua chat ma tuy do chinh phu quy dinh co khoi luong tu 10 kilogam den duoi 25 kilogam
article_252_clause_2_point_i,article_252_clause_2,article_252,252,2,i,Quả thuốc phiện khô có khối lượng từ 50 kilôgam đến dưới 200 kilôgam;,condition_or_rule,qua thuoc phien kho co khoi luong tu 50 kilogam den duoi 200 kilogam
article_252_clause_2_point_k,article_252_clause_2,article_252,252,2,k,Quả thuốc phiện tươi có khối lượng từ 10 kilôgam đến dưới 50 kilôgam;,condition_or_rule,qua thuoc phien tuoi co khoi luong tu 10 kilogam den duoi 50 kilogam
article_252_clause_2_point_l,article_252_clause_2,article_252,252,2,l,Các chất ma túy khác ở thể rắn có khối lượng từ 20 gam đến dưới 100 gam;,condition_or_rule,cac chat ma tuy khac o the ran co khoi luong tu 20 gam den duoi 100 gam
article_252_clause_2_point_m,article_252_clause_2,article_252,252,2,m,Các chất ma túy khác ở thể lỏng có thể tích từ 100 mililít đến dưới 250 mililít;,condition_or_rule,cac chat ma tuy khac o the long co the tich tu 100 mililit den duoi 250 mililit
article_252_clause_2_point_n,article_252_clause_2,article_252,252,2,n,Có 02 chất ma túy trở lên mà tổng khối lượng hoặc thể tích của các chất đó tương đương với khối lượng hoặc thể tích chất ma túy quy định tại một trong các điểm từ điểm e đến điểm m khoản này;,condition_or_rule,co 02 chat ma tuy tro len ma tong khoi luong hoac the tich cua cac chat do tuong duong voi khoi luong hoac the tich chat ma tuy quy dinh tai mot trong cac diem tu diem e den diem m khoan nay
article_252_clause_2_point_o,article_252_clause_2,article_252,252,2,o,Tái phạm nguy hiểm.,condition_or_rule,tai pham nguy hiem
article_252_clause_3_point_a,article_252_clause_3,article_252,252,3,a,"Nhựa thuốc phiện, nhựa cần sa hoặc cao côca có khối lượng từ 01 kilôgam đến dưới 05 kilôgam;",condition_or_rule,nhua thuoc phien nhua can sa hoac cao coca co khoi luong tu 01 kilogam den duoi 05 kilogam
article_252_clause_3_point_b,article_252_clause_3,article_252,252,3,b,"Heroine, Cocaine, Methamphetamine, Amphetamine, Ketamine, Fentanyl, MDMA hoặc XLR-11 có khối lượng từ 30 gam đến dưới 100 gam;",condition_or_rule,heroine cocaine methamphetamine amphetamine ketamine fentanyl mdma hoac xlr 11 co khoi luong tu 30 gam den duoi 100 gam
article_252_clause_3_point_c,article_252_clause_3,article_252,252,3,c,"Lá cây côca; lá khát (lá cây Catha edulis); lá, rễ, thân, cành, hoa, quả của cây cần sa hoặc bộ phận của cây khác có chứa chất ma túy do Chính phủ quy định có khối lượng từ 25 kilôgam đến dưới 75 kilôgam;",condition_or_rule,la cay coca la khat la cay catha edulis la re than canh hoa qua cua cay can sa hoac bo phan cua cay khac co chua chat ma tuy do chinh phu quy dinh co khoi luong tu 25 kilogam den duoi 75 kilogam
article_252_clause_3_point_d,article_252_clause_3,article_252,252,3,d,Quả thuốc phiện khô có khối lượng từ 200 kilôgam đến dưới 600 kilôgam;,condition_or_rule,qua thuoc phien kho co khoi luong tu 200 kilogam den duoi 600 kilogam
article_252_clause_3_point_d,article_252_clause_3,article_252,252,3,đ,Quả thuốc phiện tươi có khối lượng từ 50 kilôgam đến dưới 150 kilôgam;,condition_or_rule,qua thuoc phien tuoi co khoi luong tu 50 kilogam den duoi 150 kilogam
article_252_clause_3_point_e,article_252_clause_3,article_252,252,3,e,Các chất ma túy khác ở thể rắn có khối lượng từ 100 gam đến dưới 300 gam;,condition_or_rule,cac chat ma tuy khac o the ran co khoi luong tu 100 gam den duoi 300 gam
article_252_clause_3_point_g,article_252_clause_3,article_252,252,3,g,Các chất ma túy khác ở thể lỏng có thể tích từ 250 mililít đến dưới 750 mililít;,condition_or_rule,cac chat ma tuy khac o the long co the tich tu 250 mililit den duoi 750 mililit
article_252_clause_3_point_h,article_252_clause_3,article_252,252,3,h,Có 02 chất ma túy trở lên mà tổng khối lượng hoặc thể tích của các chất đó tương đương với khối lượng hoặc thể tích chất ma túy quy định tại một trong các điểm từ điểm a đến điểm g khoản này.,condition_or_rule,co 02 chat ma tuy tro len ma tong khoi luong hoac the tich cua cac chat do tuong duong voi khoi luong hoac the tich chat ma tuy quy dinh tai mot trong cac diem tu diem a den diem g khoan nay
article_252_clause_4_point_a,article_252_clause_4,article_252,252,4,a,"Nhựa thuốc phiện, nhựa cần sa hoặc cao côca có khối lượng 05 kilôgam trở lên;",condition_or_rule,nhua thuoc phien nhua can sa hoac cao coca co khoi luong 05 kilogam tro len
article_252_clause_4_point_b,article_252_clause_4,article_252,252,4,b,"Heroine, Cocaine, Methamphetamine, Amphetamine, Ketamine, Fentanyl, MDMA hoặc XLR-11 có khối lượng 100 gam trở lên;",condition_or_rule,heroine cocaine methamphetamine amphetamine ketamine fentanyl mdma hoac xlr 11 co khoi luong 100 gam tro len
article_252_clause_4_point_c,article_252_clause_4,article_252,252,4,c,"Lá cây côca; lá khát (lá cây Catha edulis); lá, rễ, thân, cành, hoa, quả của cây cần sa hoặc bộ phận của cây khác có chứa chất ma túy do Chính phủ quy định có khối lượng 75 kilôgam trở lên;",condition_or_rule,la cay coca la khat la cay catha edulis la re than canh hoa qua cua cay can sa hoac bo phan cua cay khac co chua chat ma tuy do chinh phu quy dinh co khoi luong 75 kilogam tro len
article_252_clause_4_point_d,article_252_clause_4,article_252,252,4,d,Quả thuốc phiện khô có khối lượng 600 kilôgam trở lên;,condition_or_rule,qua thuoc phien kho co khoi luong 600 kilogam tro len
article_252_clause_4_point_d,article_252_clause_4,article_252,252,4,đ,Quả thuốc phiện tươi có khối lượng 150 kilôgam trở lên;,condition_or_rule,qua thuoc phien tuoi co khoi luong 150 kilogam tro len
article_252_clause_4_point_e,article_252_clause_4,article_252,252,4,e,Các chất ma túy khác ở thể rắn có khối lượng 300 gam trở lên;,condition_or_rule,cac chat ma tuy khac o the ran co khoi luong 300 gam tro len
article_252_clause_4_point_g,article_252_clause_4,article_252,252,4,g,Các chất ma túy khác ở thể lỏng có thể tích 750 mililít trở lên;,condition_or_rule,cac chat ma tuy khac o the long co the tich 750 mililit tro len
article_252_clause_4_point_h,article_252_clause_4,article_252,252,4,h,Có 02 chất ma túy trở lên mà tổng khối lượng hoặc thể tích của các chất đó tương đương với khối lượng hoặc thể tích chất ma túy quy định tại một trong các điểm từ điểm a đến điểm g khoản này.,condition_or_rule,co 02 chat ma tuy tro len ma tong khoi luong hoac the tich cua cac chat do tuong duong voi khoi luong hoac the tich chat ma tuy quy dinh tai mot trong cac diem tu diem a den diem g khoan nay
article_253_clause_1_point_a,article_253_clause_1,article_253,253,1,a,"Đã bị xử phạt vi phạm hành chính về một trong các hành vi quy định tại Điều này hoặc đã bị kết án về tội này, chưa được xóa án tích mà còn vi phạm;",condition_or_rule,da bi xu phat vi pham hanh chinh ve mot trong cac hanh vi quy dinh tai dieu nay hoac da bi ket an ve toi nay chua duoc xoa an tich ma con vi pham
article_253_clause_1_point_b,article_253_clause_1,article_253,253,1,b,Tiền chất ở thể rắn có khối lượng từ 50 gam đến dưới 200 gam;,condition_or_rule,tien chat o the ran co khoi luong tu 50 gam den duoi 200 gam
article_253_clause_1_point_c,article_253_clause_1,article_253,253,1,c,Tiền chất ở thể lỏng có thể tích từ 75 mililít đến dưới 300 mililít.,condition_or_rule,tien chat o the long co the tich tu 75 mililit den duoi 300 mililit
article_253_clause_2_point_a,article_253_clause_2,article_253,253,2,a,Có tổ chức;,condition_or_rule,co to chuc
article_253_clause_2_point_b,article_253_clause_2,article_253,253,2,b,Phạm tội 02 lần trở lên;,condition_or_rule,pham toi 02 lan tro len
article_253_clause_2_point_c,article_253_clause_2,article_253,253,2,c,"Lợi dụng chức vụ, quyền hạn;",condition_or_rule,loi dung chuc vu quyen han
article_253_clause_2_point_d,article_253_clause_2,article_253,253,2,d,"Lợi dụng danh nghĩa cơ quan, tổ chức;",condition_or_rule,loi dung danh nghia co quan to chuc
article_253_clause_2_point_d,article_253_clause_2,article_253,253,2,đ,Tiền chất ở thể rắn có khối lượng từ 200 gam đến dưới 500 gam;,condition_or_rule,tien chat o the ran co khoi luong tu 200 gam den duoi 500 gam
article_253_clause_2_point_e,article_253_clause_2,article_253,253,2,e,Tiền chất ở thể lỏng có thể tích từ 300 mililít đến dưới 750 mililít;,condition_or_rule,tien chat o the long co the tich tu 300 mililit den duoi 750 mililit
article_253_clause_2_point_g,article_253_clause_2,article_253,253,2,g,Sử dụng người dưới 16 tuổi vào việc phạm tội;,condition_or_rule,su dung nguoi duoi 16 tuoi vao viec pham toi
article_253_clause_2_point_h,article_253_clause_2,article_253,253,2,h,"Vận chuyển, mua bán qua biên giới;",condition_or_rule,van chuyen mua ban qua bien gioi
article_253_clause_2_point_i,article_253_clause_2,article_253,253,2,i,Tái phạm nguy hiểm.,condition_or_rule,tai pham nguy hiem
article_253_clause_3_point_a,article_253_clause_3,article_253,253,3,a,Tiền chất ở thể rắn có khối lượng từ 500 gam đến dưới 1.200 gam;,condition_or_rule,tien chat o the ran co khoi luong tu 500 gam den duoi 1 200 gam
article_253_clause_3_point_b,article_253_clause_3,article_253,253,3,b,Tiền chất ở thể lỏng có thể tích từ 750 mililít đến dưới 1.800 mililít.,condition_or_rule,tien chat o the long co the tich tu 750 mililit den duoi 1 800 mililit
article_253_clause_4_point_a,article_253_clause_4,article_253,253,4,a,Tiền chất ở thể rắn có khối lượng 1.200 gam trở lên;,condition_or_rule,tien chat o the ran co khoi luong 1 200 gam tro len
article_253_clause_4_point_b,article_253_clause_4,article_253,253,4,b,Tiền chất ở thể lỏng có thể tích 1.800 mililít trở lên.,condition_or_rule,tien chat o the long co the tich 1 800 mililit tro len
article_254_clause_1_point_a,article_254_clause_1,article_254,254,1,a,"Đã bị xử phạt vi phạm hành chính về một trong các hành vi này hoặc đã bị kết án về tội này, chưa được xóa án tích mà còn vi phạm;",condition_or_rule,da bi xu phat vi pham hanh chinh ve mot trong cac hanh vi nay hoac da bi ket an ve toi nay chua duoc xoa an tich ma con vi pham
article_254_clause_1_point_b,article_254_clause_1,article_254,254,1,b,"Có số lượng từ 06 đơn vị đến 19 đơn vị dụng cụ, phương tiện cùng loại hoặc khác loại.",condition_or_rule,co so luong tu 06 don vi den 19 don vi dung cu phuong tien cung loai hoac khac loai
article_254_clause_2_point_a,article_254_clause_2,article_254,254,2,a,Có tổ chức;,condition_or_rule,co to chuc
article_254_clause_2_point_b,article_254_clause_2,article_254,254,2,b,Phạm tội 02 lần trở lên;,condition_or_rule,pham toi 02 lan tro len
article_254_clause_2_point_c,article_254_clause_2,article_254,254,2,c,"Lợi dụng chức vụ, quyền hạn;",condition_or_rule,loi dung chuc vu quyen han
article_254_clause_2_point_d,article_254_clause_2,article_254,254,2,d,"Lợi dụng danh nghĩa cơ quan, tổ chức;",condition_or_rule,loi dung danh nghia co quan to chuc
article_254_clause_2_point_d,article_254_clause_2,article_254,254,2,đ,"Có số lượng 20 đơn vị dụng cụ, phương tiện cùng loại hoặc khác loại trở lên;",condition_or_rule,co so luong 20 don vi dung cu phuong tien cung loai hoac khac loai tro len
article_254_clause_2_point_e,article_254_clause_2,article_254,254,2,e,"Vận chuyển, mua bán qua biên giới;",condition_or_rule,van chuyen mua ban qua bien gioi
article_254_clause_2_point_g,article_254_clause_2,article_254,254,2,g,Sử dụng người dưới 16 tuổi vào việc phạm tội;,condition_or_rule,su dung nguoi duoi 16 tuoi vao viec pham toi
article_254_clause_2_point_h,article_254_clause_2,article_254,254,2,h,Tái phạm nguy hiểm.,condition_or_rule,tai pham nguy hiem
article_255_clause_2_point_a,article_255_clause_2,article_255,255,2,a,Phạm tội 02 lần trở lên;,condition_or_rule,pham toi 02 lan tro len
article_255_clause_2_point_b,article_255_clause_2,article_255,255,2,b,Đối với 02 người trở lên;,condition_or_rule,doi voi 02 nguoi tro len
article_255_clause_2_point_c,article_255_clause_2,article_255,255,2,c,Đối với người từ đủ 13 tuổi đến dưới 18 tuổi;,condition_or_rule,doi voi nguoi tu du 13 tuoi den duoi 18 tuoi
article_255_clause_2_point_d,article_255_clause_2,article_255,255,2,d,Đối với phụ nữ mà biết là có thai;,definition_or_list,doi voi phu nu ma biet la co thai
article_255_clause_2_point_d,article_255_clause_2,article_255,255,2,đ,Đối với người đang cai nghiện;,condition_or_rule,doi voi nguoi dang cai nghien
article_255_clause_2_point_e,article_255_clause_2,article_255,255,2,e,Gây tổn hại cho sức khỏe của người khác mà tỷ lệ tổn thương cơ thể từ 31% đến 60%;,condition_or_rule,gay ton hai cho suc khoe cua nguoi khac ma ty le ton thuong co the tu 31 den 60
article_255_clause_2_point_g,article_255_clause_2,article_255,255,2,g,Gây bệnh nguy hiểm cho người khác;,condition_or_rule,gay benh nguy hiem cho nguoi khac
article_255_clause_2_point_h,article_255_clause_2,article_255,255,2,h,Tái phạm nguy hiểm.,condition_or_rule,tai pham nguy hiem
article_255_clause_3_point_a,article_255_clause_3,article_255,255,3,a,Gây tổn hại cho sức khỏe của người khác mà tỷ lệ tổn thương cơ thể từ 61% trở lên hoặc gây chết người;,condition_or_rule,gay ton hai cho suc khoe cua nguoi khac ma ty le ton thuong co the tu 61 tro len hoac gay chet nguoi
article_255_clause_3_point_b,article_255_clause_3,article_255,255,3,b,Gây tổn hại cho sức khỏe cho 02 người trở lên mà tỷ lệ tổn thương cơ thể của mỗi người từ 31% đến 60%;,condition_or_rule,gay ton hai cho suc khoe cho 02 nguoi tro len ma ty le ton thuong co the cua moi nguoi tu 31 den 60
article_255_clause_3_point_c,article_255_clause_3,article_255,255,3,c,Gây bệnh nguy hiểm cho 02 người trở lên;,condition_or_rule,gay benh nguy hiem cho 02 nguoi tro len
article_255_clause_3_point_d,article_255_clause_3,article_255,255,3,d,Đối với người dưới 13 tuổi.,condition_or_rule,doi voi nguoi duoi 13 tuoi
article_255_clause_4_point_a,article_255_clause_4,article_255,255,4,a,Gây tổn hại cho sức khỏe của 02 người trở lên mà tỷ lệ tổn thương cơ thể của mỗi người 61% trở lên;,condition_or_rule,gay ton hai cho suc khoe cua 02 nguoi tro len ma ty le ton thuong co the cua moi nguoi 61 tro len
article_255_clause_4_point_b,article_255_clause_4,article_255,255,4,b,Làm chết 02 người trở lên.,condition_or_rule,lam chet 02 nguoi tro len
article_256_clause_2_point_a,article_256_clause_2,article_256,256,2,a,"Lợi dụng chức vụ, quyền hạn;",condition_or_rule,loi dung chuc vu quyen han
article_256_clause_2_point_b,article_256_clause_2,article_256,256,2,b,Phạm tội 02 lần trở lên;,condition_or_rule,pham toi 02 lan tro len
article_256_clause_2_point_c,article_256_clause_2,article_256,256,2,c,Đối với người dưới 16 tuổi;,condition_or_rule,doi voi nguoi duoi 16 tuoi
article_256_clause_2_point_d,article_256_clause_2,article_256,256,2,d,Đối với 02 người trở lên;,condition_or_rule,doi voi 02 nguoi tro len
article_256_clause_2_point_d,article_256_clause_2,article_256,256,2,đ,Tái phạm nguy hiểm.,condition_or_rule,tai pham nguy hiem
article_256a_clause_1_point_a,article_256a_clause_1,article_256a,256a,1,a,"Đang trong thời hạn cai nghiện ma túy hoặc điều trị nghiện các chất ma túy bằng thuốc thay thế theo quy định của Luật Phòng, chống ma túy;",condition_or_rule,dang trong thoi han cai nghien ma tuy hoac dieu tri nghien cac chat ma tuy bang thuoc thay the theo quy dinh cua luat phong chong ma tuy
article_256a_clause_1_point_b,article_256a_clause_1,article_256a,256a,1,b,"Đang trong thời hạn quản lý sau cai nghiện ma túy theo quy định của Luật Phòng, chống ma túy;",condition_or_rule,dang trong thoi han quan ly sau cai nghien ma tuy theo quy dinh cua luat phong chong ma tuy
article_256a_clause_1_point_c,article_256a_clause_1,article_256a,256a,1,c,"Đang trong thời hạn 02 năm kể từ ngày hết thời hạn quản lý sau cai nghiện ma túy và trong thời hạn quản lý người sử dụng trái phép chất ma túy theo quy định của Luật Phòng, chống ma túy;",condition_or_rule,dang trong thoi han 02 nam ke tu ngay het thoi han quan ly sau cai nghien ma tuy va trong thoi han quan ly nguoi su dung trai phep chat ma tuy theo quy dinh cua luat phong chong ma tuy
article_256a_clause_1_point_d,article_256a_clause_1,article_256a,256a,1,d,"Đang trong thời hạn 02 năm kể từ khi tự ý chấm dứt cai nghiện ma túy tự nguyện hoặc điều trị nghiện các chất ma túy bằng thuốc thay thế theo quy định của Luật Phòng, chống ma túy.",condition_or_rule,dang trong thoi han 02 nam ke tu khi tu y cham dut cai nghien ma tuy tu nguyen hoac dieu tri nghien cac chat ma tuy bang thuoc thay the theo quy dinh cua luat phong chong ma tuy
article_257_clause_2_point_a,article_257_clause_2,article_257,257,2,a,Có tổ chức;,condition_or_rule,co to chuc
article_257_clause_2_point_b,article_257_clause_2,article_257,257,2,b,Phạm tội 02 lần trở lên;,condition_or_rule,pham toi 02 lan tro len
article_257_clause_2_point_c,article_257_clause_2,article_257,257,2,c,Vì động cơ đê hèn hoặc vì tư lợi;,condition_or_rule,vi dong co de hen hoac vi tu loi
article_257_clause_2_point_d,article_257_clause_2,article_257,257,2,d,Đối với người từ đủ 13 tuổi đến dưới 18 tuổi;,condition_or_rule,doi voi nguoi tu du 13 tuoi den duoi 18 tuoi
article_257_clause_2_point_d,article_257_clause_2,article_257,257,2,đ,Đối với phụ nữ mà biết là có thai;,definition_or_list,doi voi phu nu ma biet la co thai
article_257_clause_2_point_e,article_257_clause_2,article_257,257,2,e,Đối với 02 người trở lên;,condition_or_rule,doi voi 02 nguoi tro len
article_257_clause_2_point_g,article_257_clause_2,article_257,257,2,g,Đối với người đang cai nghiện;,condition_or_rule,doi voi nguoi dang cai nghien
article_257_clause_2_point_h,article_257_clause_2,article_257,257,2,h,Gây tổn hại cho sức khỏe của người khác mà tỷ lệ tổn thương cơ thể từ 31% đến 60%;,condition_or_rule,gay ton hai cho suc khoe cua nguoi khac ma ty le ton thuong co the tu 31 den 60
article_257_clause_2_point_i,article_257_clause_2,article_257,257,2,i,Gây bệnh nguy hiểm cho người khác;,condition_or_rule,gay benh nguy hiem cho nguoi khac
article_257_clause_2_point_k,article_257_clause_2,article_257,257,2,k,Tái phạm nguy hiểm.,condition_or_rule,tai pham nguy hiem
article_257_clause_3_point_a,article_257_clause_3,article_257,257,3,a,Gây tổn hại cho sức khỏe của người khác mà tỷ lệ tổn thương cơ thể từ 61% trở lên hoặc gây chết người;,condition_or_rule,gay ton hai cho suc khoe cua nguoi khac ma ty le ton thuong co the tu 61 tro len hoac gay chet nguoi
article_257_clause_3_point_b,article_257_clause_3,article_257,257,3,b,Gây bệnh nguy hiểm cho 02 người trở lên;,condition_or_rule,gay benh nguy hiem cho 02 nguoi tro len
article_257_clause_3_point_c,article_257_clause_3,article_257,257,3,c,Đối với người dưới 13 tuổi.,condition_or_rule,doi voi nguoi duoi 13 tuoi
article_258_clause_2_point_a,article_258_clause_2,article_258,258,2,a,Có tổ chức;,condition_or_rule,co to chuc
article_258_clause_2_point_b,article_258_clause_2,article_258,258,2,b,Phạm tội 02 lần trở lên;,condition_or_rule,pham toi 02 lan tro len
article_258_clause_2_point_c,article_258_clause_2,article_258,258,2,c,Vì động cơ đê hèn hoặc vì tư lợi;,condition_or_rule,vi dong co de hen hoac vi tu loi
article_258_clause_2_point_d,article_258_clause_2,article_258,258,2,d,Đối với người từ đủ 13 tuổi đến dưới 18 tuổi;,condition_or_rule,doi voi nguoi tu du 13 tuoi den duoi 18 tuoi
article_258_clause_2_point_d,article_258_clause_2,article_258,258,2,đ,Đối với phụ nữ mà biết là có thai;,definition_or_list,doi voi phu nu ma biet la co thai
article_258_clause_2_point_e,article_258_clause_2,article_258,258,2,e,Đối với 02 người trở lên;,condition_or_rule,doi voi 02 nguoi tro len
article_258_clause_2_point_g,article_258_clause_2,article_258,258,2,g,Đối với người đang cai nghiện;,condition_or_rule,doi voi nguoi dang cai nghien
article_258_clause_2_point_h,article_258_clause_2,article_258,258,2,h,Gây tổn hại cho sức khỏe của người khác mà tỷ lệ tổn thương cơ thể từ 31% đến 60%;,condition_or_rule,gay ton hai cho suc khoe cua nguoi khac ma ty le ton thuong co the tu 31 den 60
article_258_clause_2_point_i,article_258_clause_2,article_258,258,2,i,Gây bệnh nguy hiểm cho người khác;,condition_or_rule,gay benh nguy hiem cho nguoi khac
article_258_clause_2_point_k,article_258_clause_2,article_258,258,2,k,Tái phạm nguy hiểm.,condition_or_rule,tai pham nguy hiem
article_258_clause_3_point_a,article_258_clause_3,article_258,258,3,a,Gây tổn hại cho sức khỏe của người khác mà tỷ lệ tổn thương cơ thể 61% trở lên hoặc gây chết người;,condition_or_rule,gay ton hai cho suc khoe cua nguoi khac ma ty le ton thuong co the 61 tro len hoac gay chet nguoi
article_258_clause_3_point_b,article_258_clause_3,article_258,258,3,b,Gây bệnh nguy hiểm cho 02 người trở lên;,condition_or_rule,gay benh nguy hiem cho 02 nguoi tro len
article_258_clause_3_point_c,article_258_clause_3,article_258,258,3,c,Đối với người dưới 13 tuổi.,condition_or_rule,doi voi nguoi duoi 13 tuoi
article_259_clause_1_point_a,article_259_clause_1,article_259,259,1,a,"Vi phạm quy định về xuất khẩu, nhập khẩu, tạm nhập, tái xuất, quá cảnh chất ma túy, tiền chất, thuốc gây nghiện hoặc thuốc hướng thần;",condition_or_rule,vi pham quy dinh ve xuat khau nhap khau tam nhap tai xuat qua canh chat ma tuy tien chat thuoc gay nghien hoac thuoc huong than
article_259_clause_1_point_b,article_259_clause_1,article_259,259,1,b,"Vi phạm quy định về nghiên cứu, giám định, sản xuất, bảo quản chất ma túy, tiền chất, thuốc gây nghiện hoặc thuốc hướng thần;",condition_or_rule,vi pham quy dinh ve nghien cuu giam dinh san xuat bao quan chat ma tuy tien chat thuoc gay nghien hoac thuoc huong than
article_259_clause_1_point_c,article_259_clause_1,article_259,259,1,c,"Vi phạm quy định về giao nhận, vận chuyển chất ma túy, tiền chất, thuốc gây nghiện hoặc thuốc hướng thần;",condition_or_rule,vi pham quy dinh ve giao nhan van chuyen chat ma tuy tien chat thuoc gay nghien hoac thuoc huong than
article_259_clause_1_point_d,article_259_clause_1,article_259,259,1,d,"Vi phạm quy định về phân phối, mua bán, trao đổi chất ma túy, tiền chất, thuốc gây nghiện hoặc thuốc hướng thần;",condition_or_rule,vi pham quy dinh ve phan phoi mua ban trao doi chat ma tuy tien chat thuoc gay nghien hoac thuoc huong than
article_259_clause_1_point_d,article_259_clause_1,article_259,259,1,đ,"Vi phạm quy định về quản lý, kiểm soát, lưu giữ chất ma túy, tiền chất, thuốc gây nghiện hoặc thuốc hướng thần tại khu vực cửa khẩu, khu vực biên giới, trên biển;",condition_or_rule,vi pham quy dinh ve quan ly kiem soat luu giu chat ma tuy tien chat thuoc gay nghien hoac thuoc huong than tai khu vuc cua khau khu vuc bien gioi tren bien
article_259_clause_1_point_e,article_259_clause_1,article_259,259,1,e,"Vi phạm quy định về cấp phát, cho phép sử dụng chất ma túy, thuốc gây nghiện hoặc thuốc hướng thần.",condition_or_rule,vi pham quy dinh ve cap phat cho phep su dung chat ma tuy thuoc gay nghien hoac thuoc huong than
article_259_clause_2_point_a,article_259_clause_2,article_259,259,2,a,Có tổ chức;,condition_or_rule,co to chuc
article_259_clause_2_point_b,article_259_clause_2,article_259,259,2,b,Phạm tội 02 lần trở lên;,condition_or_rule,pham toi 02 lan tro len
article_259_clause_2_point_c,article_259_clause_2,article_259,259,2,c,Tái phạm nguy hiểm.,condition_or_rule,tai pham nguy hiem
article_260_clause_1_point_a,article_260_clause_1,article_260,260,1,a,Làm chết người;,condition_or_rule,lam chet nguoi
article_260_clause_1_point_b,article_260_clause_1,article_260,260,1,b,Gây thương tích hoặc gây tổn hại cho sức khỏe của 01 người mà tỷ lệ tổn thương cơ thể 61% trở lên;,condition_or_rule,gay thuong tich hoac gay ton hai cho suc khoe cua 01 nguoi ma ty le ton thuong co the 61 tro len
article_260_clause_1_point_c,article_260_clause_1,article_260,260,1,c,Gây thương tích hoặc gây tổn hại cho sức khỏe của 02 người trở lên mà tổng tỷ lệ tổn thương cơ thể của những người này từ 61% đến 121%;,condition_or_rule,gay thuong tich hoac gay ton hai cho suc khoe cua 02 nguoi tro len ma tong ty le ton thuong co the cua nhung nguoi nay tu 61 den 121
article_260_clause_1_point_d,article_260_clause_1,article_260,260,1,d,Gây thiệt hại về tài sản từ 100.000.000 đồng đến dưới 500.000.000 đồng.,condition_or_rule,gay thiet hai ve tai san tu 100 000 000 dong den duoi 500 000 000 dong
article_260_clause_2_point_a,article_260_clause_2,article_260,260,2,a,Không có giấy phép lái xe theo quy định;,condition_or_rule,khong co giay phep lai xe theo quy dinh
article_260_clause_2_point_b,article_260_clause_2,article_260,260,2,b,"Trong tình trạng có sử dụng rượu, bia mà trong máu hoặc hơi thở có nồng độ cồn vượt quá mức quy định, có sử dụng chất ma túy hoặc chất kích thích mạnh khác;",condition_or_rule,trong tinh trang co su dung ruou bia ma trong mau hoac hoi tho co nong do con vuot qua muc quy dinh co su dung chat ma tuy hoac chat kich thich manh khac
article_260_clause_2_point_c,article_260_clause_2,article_260,260,2,c,Bỏ chạy để trốn tránh trách nhiệm hoặc cố ý không cứu giúp người bị nạn;,condition_or_rule,bo chay de tron tranh trach nhiem hoac co y khong cuu giup nguoi bi nan
article_260_clause_2_point_d,article_260_clause_2,article_260,260,2,d,Không chấp hành hiệu lệnh của người điều khiển hoặc hướng dẫn giao thông;,condition_or_rule,khong chap hanh hieu lenh cua nguoi dieu khien hoac huong dan giao thong
article_260_clause_2_point_d,article_260_clause_2,article_260,260,2,đ,Làm chết 02 người;,condition_or_rule,lam chet 02 nguoi
article_260_clause_2_point_e,article_260_clause_2,article_260,260,2,e,Gây thương tích hoặc gây tổn hại cho sức khỏe của 02 người trở lên mà tổng tỷ lệ tổn thương cơ thể của những người này từ 122% đến 200%;,condition_or_rule,gay thuong tich hoac gay ton hai cho suc khoe cua 02 nguoi tro len ma tong ty le ton thuong co the cua nhung nguoi nay tu 122 den 200
article_260_clause_2_point_g,article_260_clause_2,article_260,260,2,g,Gây thiệt hại về tài sản từ 500.000.000 đồng đến dưới 1.500.000.000 đồng.,condition_or_rule,gay thiet hai ve tai san tu 500 000 000 dong den duoi 1 500 000 000 dong
article_260_clause_3_point_a,article_260_clause_3,article_260,260,3,a,Làm chết 03 người trở lên;,condition_or_rule,lam chet 03 nguoi tro len
article_260_clause_3_point_b,article_260_clause_3,article_260,260,3,b,Gây thương tích hoặc gây tổn hại cho sức khỏe của 03 người trở lên mà tổng tỷ lệ tổn thương cơ thể của những người này 201% trở lên;,condition_or_rule,gay thuong tich hoac gay ton hai cho suc khoe cua 03 nguoi tro len ma tong ty le ton thuong co the cua nhung nguoi nay 201 tro len
article_260_clause_3_point_c,article_260_clause_3,article_260,260,3,c,Gây thiệt hại về tài sản 1.500.000.000 đồng trở lên.,condition_or_rule,gay thiet hai ve tai san 1 500 000 000 dong tro len
article_261_clause_1_point_a,article_261_clause_1,article_261,261,1,a,Làm chết người;,condition_or_rule,lam chet nguoi
article_261_clause_1_point_b,article_261_clause_1,article_261,261,1,b,Gây thương tích hoặc gây tổn hại cho sức khỏe của 01 người mà tỷ lệ tổn thương cơ thể 61% trở lên;,condition_or_rule,gay thuong tich hoac gay ton hai cho suc khoe cua 01 nguoi ma ty le ton thuong co the 61 tro len
article_261_clause_1_point_c,article_261_clause_1,article_261,261,1,c,Gây thương tích hoặc gây tổn hại cho sức khỏe của 02 người trở lên mà tổng tỷ lệ tổn thương cơ thể của những người này từ 61% đến 121%;,condition_or_rule,gay thuong tich hoac gay ton hai cho suc khoe cua 02 nguoi tro len ma tong ty le ton thuong co the cua nhung nguoi nay tu 61 den 121
article_261_clause_1_point_d,article_261_clause_1,article_261,261,1,d,Gây thiệt hại về tài sản từ 100.000.000 đồng đến dưới 500.000.000 đồng.,condition_or_rule,gay thiet hai ve tai san tu 100 000 000 dong den duoi 500 000 000 dong
article_261_clause_2_point_a,article_261_clause_2,article_261,261,2,a,"Tại đèo, dốc, đường cao tốc hoặc đoạn đường nguy hiểm;",condition_or_rule,tai deo doc duong cao toc hoac doan duong nguy hiem
article_261_clause_2_point_b,article_261_clause_2,article_261,261,2,b,Làm chết 02 người;,condition_or_rule,lam chet 02 nguoi
article_261_clause_2_point_c,article_261_clause_2,article_261,261,2,c,Gây thương tích hoặc gây tổn hại cho sức khỏe của 02 người trở lên mà tổng tỷ lệ tổn thương cơ thể của những người này từ 122% đến 200%;,condition_or_rule,gay thuong tich hoac gay ton hai cho suc khoe cua 02 nguoi tro len ma tong ty le ton thuong co the cua nhung nguoi nay tu 122 den 200
article_261_clause_2_point_d,article_261_clause_2,article_261,261,2,d,Gây thiệt hại về tài sản từ 500.000.000 đồng đến dưới 1.500.000.000 đồng.,condition_or_rule,gay thiet hai ve tai san tu 500 000 000 dong den duoi 1 500 000 000 dong
article_261_clause_3_point_a,article_261_clause_3,article_261,261,3,a,Làm chết 03 người trở lên;,condition_or_rule,lam chet 03 nguoi tro len
article_261_clause_3_point_b,article_261_clause_3,article_261,261,3,b,Gây thương tích hoặc gây tổn hại cho sức khỏe của 03 người trở lên mà tổng tỷ lệ tổn thương cơ thể của những người này 201% trở lên;,condition_or_rule,gay thuong tich hoac gay ton hai cho suc khoe cua 03 nguoi tro len ma tong ty le ton thuong co the cua nhung nguoi nay 201 tro len
article_261_clause_3_point_c,article_261_clause_3,article_261,261,3,c,Gây thiệt hại về tài sản 1.500.000.000 đồng trở lên.,condition_or_rule,gay thiet hai ve tai san 1 500 000 000 dong tro len
article_262_clause_1_point_a,article_262_clause_1,article_262,262,1,a,Làm chết người;,condition_or_rule,lam chet nguoi
article_262_clause_1_point_b,article_262_clause_1,article_262,262,1,b,Gây thương tích hoặc gây tổn hại cho sức khỏe của 01 người mà tỷ lệ tổn thương cơ thể 61% trở lên;,condition_or_rule,gay thuong tich hoac gay ton hai cho suc khoe cua 01 nguoi ma ty le ton thuong co the 61 tro len
article_262_clause_1_point_c,article_262_clause_1,article_262,262,1,c,Gây thương tích hoặc gây tổn hại cho sức khỏe của 02 người trở lên mà tổng tỷ lệ tổn thương cơ thể của những người này từ 61% đến 121%;,condition_or_rule,gay thuong tich hoac gay ton hai cho suc khoe cua 02 nguoi tro len ma tong ty le ton thuong co the cua nhung nguoi nay tu 61 den 121
article_262_clause_1_point_d,article_262_clause_1,article_262,262,1,d,Gây thiệt hại về tài sản từ 100.000.000 đồng đến dưới 500.000.000 đồng.,condition_or_rule,gay thiet hai ve tai san tu 100 000 000 dong den duoi 500 000 000 dong
article_262_clause_2_point_a,article_262_clause_2,article_262,262,2,a,Làm chết 02 người;,condition_or_rule,lam chet 02 nguoi
article_262_clause_2_point_b,article_262_clause_2,article_262,262,2,b,Gây thương tích hoặc gây tổn hại cho sức khỏe của 02 người trở lên mà tổng tỷ lệ tổn thương cơ thể của những người này từ 122% đến 200%;,condition_or_rule,gay thuong tich hoac gay ton hai cho suc khoe cua 02 nguoi tro len ma tong ty le ton thuong co the cua nhung nguoi nay tu 122 den 200
article_262_clause_2_point_c,article_262_clause_2,article_262,262,2,c,Gây thiệt hại về tài sản từ 500.000.000 đồng đến dưới 1.500.000.000 đồng.,condition_or_rule,gay thiet hai ve tai san tu 500 000 000 dong den duoi 1 500 000 000 dong
article_262_clause_3_point_a,article_262_clause_3,article_262,262,3,a,Làm chết 03 người trở lên;,condition_or_rule,lam chet 03 nguoi tro len
article_262_clause_3_point_b,article_262_clause_3,article_262,262,3,b,Gây thương tích hoặc gây tổn hại cho sức khỏe của 03 người trở lên mà tổng tỷ lệ tổn thương cơ thể của những người này 201% trở lên;,condition_or_rule,gay thuong tich hoac gay ton hai cho suc khoe cua 03 nguoi tro len ma tong ty le ton thuong co the cua nhung nguoi nay 201 tro len
article_262_clause_3_point_c,article_262_clause_3,article_262,262,3,c,Gây thiệt hại về tài sản 1.500.000.000 đồng trở lên.,condition_or_rule,gay thiet hai ve tai san 1 500 000 000 dong tro len
article_263_clause_1_point_a,article_263_clause_1,article_263,263,1,a,Làm chết người;,condition_or_rule,lam chet nguoi
article_263_clause_1_point_b,article_263_clause_1,article_263,263,1,b,Gây thương tích hoặc gây tổn hại cho sức khỏe của 01 người mà tỷ lệ tổn thương cơ thể 61% trở lên;,condition_or_rule,gay thuong tich hoac gay ton hai cho suc khoe cua 01 nguoi ma ty le ton thuong co the 61 tro len
article_263_clause_1_point_c,article_263_clause_1,article_263,263,1,c,Gây thương tích hoặc gây tổn hại cho sức khỏe của 02 người trở lên mà tổng tỷ lệ tổn thương cơ thể của những người này từ 61% đến 121%;,condition_or_rule,gay thuong tich hoac gay ton hai cho suc khoe cua 02 nguoi tro len ma tong ty le ton thuong co the cua nhung nguoi nay tu 61 den 121
article_263_clause_1_point_d,article_263_clause_1,article_263,263,1,d,Gây thiệt hại về tài sản từ 100.000.000 đồng đến dưới 500.000.000 đồng.,condition_or_rule,gay thiet hai ve tai san tu 100 000 000 dong den duoi 500 000 000 dong
article_263_clause_2_point_a,article_263_clause_2,article_263,263,2,a,Làm chết 02 người;,condition_or_rule,lam chet 02 nguoi
article_263_clause_2_point_b,article_263_clause_2,article_263,263,2,b,Gây thương tích hoặc gây tổn hại cho sức khỏe của 02 người trở lên mà tổng tỷ lệ tổn thương cơ thể của những người này từ 122% đến 200%;,condition_or_rule,gay thuong tich hoac gay ton hai cho suc khoe cua 02 nguoi tro len ma tong ty le ton thuong co the cua nhung nguoi nay tu 122 den 200
article_263_clause_2_point_c,article_263_clause_2,article_263,263,2,c,Gây thiệt hại về tài sản từ 500.000.000 đồng đến dưới 1.500.000.000 đồng.,condition_or_rule,gay thiet hai ve tai san tu 500 000 000 dong den duoi 1 500 000 000 dong
article_263_clause_3_point_a,article_263_clause_3,article_263,263,3,a,Làm chết 03 người trở lên;,condition_or_rule,lam chet 03 nguoi tro len
article_263_clause_3_point_b,article_263_clause_3,article_263,263,3,b,Gây thương tích hoặc gây tổn hại cho sức khỏe của 03 người trở lên mà tổng tỷ lệ tổn thương cơ thể của những người này 201% trở lên;,condition_or_rule,gay thuong tich hoac gay ton hai cho suc khoe cua 03 nguoi tro len ma tong ty le ton thuong co the cua nhung nguoi nay 201 tro len
article_263_clause_3_point_c,article_263_clause_3,article_263,263,3,c,Gây thiệt hại về tài sản 1.500.000.000 đồng trở lên.,condition_or_rule,gay thiet hai ve tai san 1 500 000 000 dong tro len
article_264_clause_1_point_a,article_264_clause_1,article_264,264,1,a,Làm chết người;,condition_or_rule,lam chet nguoi
article_264_clause_1_point_b,article_264_clause_1,article_264,264,1,b,Gây thương tích hoặc gây tổn hại cho sức khỏe của 01 người mà tỷ lệ tổn thương cơ thể 61% trở lên;,condition_or_rule,gay thuong tich hoac gay ton hai cho suc khoe cua 01 nguoi ma ty le ton thuong co the 61 tro len
article_264_clause_1_point_c,article_264_clause_1,article_264,264,1,c,Gây thương tích hoặc gây tổn hại cho sức khỏe của 02 người trở lên mà tổng tỷ lệ tổn thương cơ thể của những người này từ 61% đến 121%;,condition_or_rule,gay thuong tich hoac gay ton hai cho suc khoe cua 02 nguoi tro len ma tong ty le ton thuong co the cua nhung nguoi nay tu 61 den 121
article_264_clause_1_point_d,article_264_clause_1,article_264,264,1,d,Gây thiệt hại về tài sản từ 100.000.000 đồng đến dưới 500.000.000 đồng.,condition_or_rule,gay thiet hai ve tai san tu 100 000 000 dong den duoi 500 000 000 dong
article_264_clause_2_point_a,article_264_clause_2,article_264,264,2,a,Làm chết 02 người;,condition_or_rule,lam chet 02 nguoi
article_264_clause_2_point_b,article_264_clause_2,article_264,264,2,b,Gây thương tích hoặc gây tổn hại cho sức khỏe của 02 người trở lên mà tổng tỷ lệ tổn thương cơ thể của những người này từ 122% đến 200%;,condition_or_rule,gay thuong tich hoac gay ton hai cho suc khoe cua 02 nguoi tro len ma tong ty le ton thuong co the cua nhung nguoi nay tu 122 den 200
article_264_clause_2_point_c,article_264_clause_2,article_264,264,2,c,Gây thiệt hại về tài sản từ 500.000.000 đồng đến dưới 1.500.000.000 đồng.,condition_or_rule,gay thiet hai ve tai san tu 500 000 000 dong den duoi 1 500 000 000 dong
article_264_clause_3_point_a,article_264_clause_3,article_264,264,3,a,Làm chết 03 người trở lên;,condition_or_rule,lam chet 03 nguoi tro len
article_264_clause_3_point_b,article_264_clause_3,article_264,264,3,b,Gây thương tích hoặc gây tổn hại cho sức khỏe của 03 người trở lên mà tổng tỷ lệ tổn thương cơ thể của những người này 201% trở lên;,condition_or_rule,gay thuong tich hoac gay ton hai cho suc khoe cua 03 nguoi tro len ma tong ty le ton thuong co the cua nhung nguoi nay 201 tro len
article_264_clause_3_point_c,article_264_clause_3,article_264,264,3,c,Gây thiệt hại về tài sản 1.500.000.000 đồng trở lên.,condition_or_rule,gay thiet hai ve tai san 1 500 000 000 dong tro len
article_265_clause_2_point_a,article_265_clause_2,article_265,265,2,a,Tổ chức cho 10 xe tham gia trở lên trong cùng một lúc hoặc tổ chức 02 cuộc đua xe trở lên trong cùng một lúc;,condition_or_rule,to chuc cho 10 xe tham gia tro len trong cung mot luc hoac to chuc 02 cuoc dua xe tro len trong cung mot luc
article_265_clause_2_point_b,article_265_clause_2,article_265,265,2,b,Tổ chức cá cược;,condition_or_rule,to chuc ca cuoc
article_265_clause_2_point_c,article_265_clause_2,article_265,265,2,c,"Chống lại người có trách nhiệm bảo đảm trật tự, an toàn giao thông hoặc người có trách nhiệm giải tán cuộc đua xe trái phép;",condition_or_rule,chong lai nguoi co trach nhiem bao dam trat tu an toan giao thong hoac nguoi co trach nhiem giai tan cuoc dua xe trai phep
article_265_clause_2_point_d,article_265_clause_2,article_265,265,2,d,Tại nơi tập trung đông dân cư;,condition_or_rule,tai noi tap trung dong dan cu
article_265_clause_2_point_d,article_265_clause_2,article_265,265,2,đ,Tháo dỡ thiết bị an toàn khỏi phương tiện đua;,condition_or_rule,thao do thiet bi an toan khoi phuong tien dua
article_265_clause_2_point_e,article_265_clause_2,article_265,265,2,e,Làm chết người;,condition_or_rule,lam chet nguoi
article_265_clause_2_point_g,article_265_clause_2,article_265,265,2,g,Gây thương tích hoặc gây tổn hại cho sức khỏe của người khác mà tỷ lệ tổn thương cơ thể 61% trở lên;,condition_or_rule,gay thuong tich hoac gay ton hai cho suc khoe cua nguoi khac ma ty le ton thuong co the 61 tro len
article_265_clause_2_point_h,article_265_clause_2,article_265,265,2,h,Gây thương tích hoặc gây tổn hại cho sức khỏe của 02 người trở lên mà tổng tỷ lệ tổn thương cơ thể của những người này từ 61% đến 121%;,condition_or_rule,gay thuong tich hoac gay ton hai cho suc khoe cua 02 nguoi tro len ma tong ty le ton thuong co the cua nhung nguoi nay tu 61 den 121
article_265_clause_2_point_i,article_265_clause_2,article_265,265,2,i,Gây thiệt hại về tài sản từ 100.000.000 đồng đến dưới 500.000.000 đồng;,condition_or_rule,gay thiet hai ve tai san tu 100 000 000 dong den duoi 500 000 000 dong
article_265_clause_2_point_k,article_265_clause_2,article_265,265,2,k,Tái phạm về tội này hoặc tội đua xe trái phép.,condition_or_rule,tai pham ve toi nay hoac toi dua xe trai phep
article_265_clause_3_point_a,article_265_clause_3,article_265,265,3,a,Làm chết 02 người;,condition_or_rule,lam chet 02 nguoi
article_265_clause_3_point_b,article_265_clause_3,article_265,265,3,b,Gây thương tích hoặc gây tổn hại cho sức khỏe của 02 người trở lên mà tổng tỷ lệ tổn thương cơ thể của những người này từ 122% đến 200%;,condition_or_rule,gay thuong tich hoac gay ton hai cho suc khoe cua 02 nguoi tro len ma tong ty le ton thuong co the cua nhung nguoi nay tu 122 den 200
article_265_clause_3_point_c,article_265_clause_3,article_265,265,3,c,Gây thiệt hại về tài sản từ 500.000.000 đồng đến dưới 1.500.000.000 đồng;,condition_or_rule,gay thiet hai ve tai san tu 500 000 000 dong den duoi 1 500 000 000 dong
article_265_clause_3_point_d,article_265_clause_3,article_265,265,3,d,Tái phạm nguy hiểm.,condition_or_rule,tai pham nguy hiem
article_265_clause_4_point_a,article_265_clause_4,article_265,265,4,a,Làm chết 03 người trở lên;,condition_or_rule,lam chet 03 nguoi tro len
article_265_clause_4_point_b,article_265_clause_4,article_265,265,4,b,Gây thương tích hoặc gây tổn hại cho sức khỏe của 03 người trở lên mà tổng tỷ lệ tổn thương cơ thể của những người này 201% trở lên;,condition_or_rule,gay thuong tich hoac gay ton hai cho suc khoe cua 03 nguoi tro len ma tong ty le ton thuong co the cua nhung nguoi nay 201 tro len
article_265_clause_4_point_c,article_265_clause_4,article_265,265,4,c,Gây thiệt hại về tài sản 1.500.000.000 đồng trở lên.,condition_or_rule,gay thiet hai ve tai san 1 500 000 000 dong tro len
article_266_clause_1_point_a,article_266_clause_1,article_266,266,1,a,Gây thương tích hoặc gây tổn hại cho sức khỏe của 01 người mà tỷ lệ tổn thương cơ thể từ 31% đến 60%;,condition_or_rule,gay thuong tich hoac gay ton hai cho suc khoe cua 01 nguoi ma ty le ton thuong co the tu 31 den 60
article_266_clause_1_point_b,article_266_clause_1,article_266,266,1,b,Gây thiệt hại về tài sản từ 50.000.000 đồng đến dưới 100.000.000 đồng.,condition_or_rule,gay thiet hai ve tai san tu 50 000 000 dong den duoi 100 000 000 dong
article_266_clause_2_point_a,article_266_clause_2,article_266,266,2,a,Làm chết người;,condition_or_rule,lam chet nguoi
article_266_clause_2_point_b,article_266_clause_2,article_266,266,2,b,Gây thương tích hoặc gây tổn hại cho sức khỏe của 01 người mà tỷ lệ tổn thương cơ thể 61% trở lên;,condition_or_rule,gay thuong tich hoac gay ton hai cho suc khoe cua 01 nguoi ma ty le ton thuong co the 61 tro len
article_266_clause_2_point_c,article_266_clause_2,article_266,266,2,c,Gây thương tích hoặc gây tổn hại cho sức khỏe của 02 người trở lên mà tổng tỷ lệ tổn thương cơ thể của những người này từ 61% đến 121%;,condition_or_rule,gay thuong tich hoac gay ton hai cho suc khoe cua 02 nguoi tro len ma tong ty le ton thuong co the cua nhung nguoi nay tu 61 den 121
article_266_clause_2_point_d,article_266_clause_2,article_266,266,2,d,Gây thiệt hại về tài sản từ 100.000.000 đồng đến dưới 500.000.000 đồng;,condition_or_rule,gay thiet hai ve tai san tu 100 000 000 dong den duoi 500 000 000 dong
article_266_clause_2_point_d,article_266_clause_2,article_266,266,2,đ,Bỏ chạy để trốn tránh trách nhiệm hoặc cố ý không cứu giúp người bị nạn;,condition_or_rule,bo chay de tron tranh trach nhiem hoac co y khong cuu giup nguoi bi nan
article_266_clause_2_point_e,article_266_clause_2,article_266,266,2,e,Tham gia cá cược;,condition_or_rule,tham gia ca cuoc
article_266_clause_2_point_g,article_266_clause_2,article_266,266,2,g,"Chống lại người có trách nhiệm bảo đảm trật tự, an toàn giao thông hoặc người có trách nhiệm giải tán cuộc đua xe trái phép;",condition_or_rule,chong lai nguoi co trach nhiem bao dam trat tu an toan giao thong hoac nguoi co trach nhiem giai tan cuoc dua xe trai phep
article_266_clause_2_point_h,article_266_clause_2,article_266,266,2,h,Tại nơi tập trung đông dân cư;,condition_or_rule,tai noi tap trung dong dan cu
article_266_clause_2_point_i,article_266_clause_2,article_266,266,2,i,Tháo dỡ thiết bị an toàn khỏi phương tiện đua;,condition_or_rule,thao do thiet bi an toan khoi phuong tien dua
article_266_clause_2_point_k,article_266_clause_2,article_266,266,2,k,Tái phạm nguy hiểm.,condition_or_rule,tai pham nguy hiem
article_266_clause_3_point_a,article_266_clause_3,article_266,266,3,a,Làm chết 02 người;,condition_or_rule,lam chet 02 nguoi
article_266_clause_3_point_b,article_266_clause_3,article_266,266,3,b,Gây thương tích hoặc gây tổn hại cho sức khỏe của 02 người trở lên mà tổng tỷ lệ tổn thương cơ thể của những người này từ 122% đến 200%;,condition_or_rule,gay thuong tich hoac gay ton hai cho suc khoe cua 02 nguoi tro len ma tong ty le ton thuong co the cua nhung nguoi nay tu 122 den 200
article_266_clause_3_point_c,article_266_clause_3,article_266,266,3,c,Gây thiệt hại về tài sản từ 500.000.000 đồng đến dưới 1.500.000.000 đồng.,condition_or_rule,gay thiet hai ve tai san tu 500 000 000 dong den duoi 1 500 000 000 dong
article_266_clause_4_point_a,article_266_clause_4,article_266,266,4,a,Làm chết 03 người trở lên;,condition_or_rule,lam chet 03 nguoi tro len
article_266_clause_4_point_b,article_266_clause_4,article_266,266,4,b,Gây thương tích hoặc gây tổn hại cho sức khỏe của 03 người trở lên mà tổng tỷ lệ tổn thương cơ thể của những người này 201% trở lên;,condition_or_rule,gay thuong tich hoac gay ton hai cho suc khoe cua 03 nguoi tro len ma tong ty le ton thuong co the cua nhung nguoi nay 201 tro len
article_266_clause_4_point_c,article_266_clause_4,article_266,266,4,c,Gây thiệt hại về tài sản 1.500.000.000 đồng trở lên.,condition_or_rule,gay thiet hai ve tai san 1 500 000 000 dong tro len
article_267_clause_1_point_a,article_267_clause_1,article_267,267,1,a,Làm chết người;,condition_or_rule,lam chet nguoi
article_267_clause_1_point_b,article_267_clause_1,article_267,267,1,b,Gây thương tích hoặc gây tổn hại cho sức khỏe của 01 người mà tỷ lệ tổn thương cơ thể 61% trở lên;,condition_or_rule,gay thuong tich hoac gay ton hai cho suc khoe cua 01 nguoi ma ty le ton thuong co the 61 tro len
article_267_clause_1_point_c,article_267_clause_1,article_267,267,1,c,Gây thương tích hoặc gây tổn hại cho sức khỏe của 02 người trở lên mà tổng tỷ lệ tổn thương cơ thể của những người này từ 61% đến 121%;,condition_or_rule,gay thuong tich hoac gay ton hai cho suc khoe cua 02 nguoi tro len ma tong ty le ton thuong co the cua nhung nguoi nay tu 61 den 121
article_267_clause_1_point_d,article_267_clause_1,article_267,267,1,d,Gây thiệt hại về tài sản từ 100.000.000 đồng đến dưới 500.000.000 đồng.,condition_or_rule,gay thiet hai ve tai san tu 100 000 000 dong den duoi 500 000 000 dong
article_267_clause_2_point_a,article_267_clause_2,article_267,267,2,a,"Không có giấy phép, bằng hoặc chứng chỉ chuyên môn tương ứng với nhiệm vụ được giao;",condition_or_rule,khong co giay phep bang hoac chung chi chuyen mon tuong ung voi nhiem vu duoc giao
article_267_clause_2_point_b,article_267_clause_2,article_267,267,2,b,"Trong tình trạng có sử dụng rượu, bia mà trong máu hoặc hơi thở có nồng độ cồn vượt quá mức quy định, có sử dụng chất ma túy hoặc chất kích thích mạnh khác;",condition_or_rule,trong tinh trang co su dung ruou bia ma trong mau hoac hoi tho co nong do con vuot qua muc quy dinh co su dung chat ma tuy hoac chat kich thich manh khac
article_267_clause_2_point_c,article_267_clause_2,article_267,267,2,c,Bỏ chạy để trốn tránh trách nhiệm hoặc cố ý không cứu giúp người bị nạn;,condition_or_rule,bo chay de tron tranh trach nhiem hoac co y khong cuu giup nguoi bi nan
article_267_clause_2_point_d,article_267_clause_2,article_267,267,2,d,"Không chấp hành hiệu lệnh của người chỉ huy hoặc người có thẩm quyền điều khiển, giữ gìn trật tự, an toàn giao thông;",condition_or_rule,khong chap hanh hieu lenh cua nguoi chi huy hoac nguoi co tham quyen dieu khien giu gin trat tu an toan giao thong
article_267_clause_2_point_d,article_267_clause_2,article_267,267,2,đ,Làm chết 02 người;,condition_or_rule,lam chet 02 nguoi
article_267_clause_2_point_e,article_267_clause_2,article_267,267,2,e,Gây thương tích hoặc gây tổn hại cho sức khỏe của 02 người trở lên mà tổng tỷ lệ tổn thương cơ thể của những người này từ 122% đến 200%;,condition_or_rule,gay thuong tich hoac gay ton hai cho suc khoe cua 02 nguoi tro len ma tong ty le ton thuong co the cua nhung nguoi nay tu 122 den 200
article_267_clause_2_point_g,article_267_clause_2,article_267,267,2,g,Gây thiệt hại về tài sản từ 500.000.000 đồng đến dưới 1.500.000.000 đồng.,condition_or_rule,gay thiet hai ve tai san tu 500 000 000 dong den duoi 1 500 000 000 dong
article_267_clause_3_point_a,article_267_clause_3,article_267,267,3,a,Làm chết 03 người trở lên;,condition_or_rule,lam chet 03 nguoi tro len
article_267_clause_3_point_b,article_267_clause_3,article_267,267,3,b,Gây thương tích hoặc gây tổn hại cho sức khỏe của 03 người trở lên mà tổng tỷ lệ tổn thương cơ thể của những người này 201% trở lên;,condition_or_rule,gay thuong tich hoac gay ton hai cho suc khoe cua 03 nguoi tro len ma tong ty le ton thuong co the cua nhung nguoi nay 201 tro len
article_267_clause_3_point_c,article_267_clause_3,article_267,267,3,c,Gây thiệt hại về tài sản 1.500.000.000 đồng trở lên.,condition_or_rule,gay thiet hai ve tai san 1 500 000 000 dong tro len
article_268_clause_1_point_a,article_268_clause_1,article_268,268,1,a,Làm chết người;,condition_or_rule,lam chet nguoi
article_268_clause_1_point_b,article_268_clause_1,article_268,268,1,b,Gây thương tích hoặc gây tổn hại cho sức khỏe của 01 người mà tỷ lệ tổn thương cơ thể 61% trở lên;,condition_or_rule,gay thuong tich hoac gay ton hai cho suc khoe cua 01 nguoi ma ty le ton thuong co the 61 tro len
article_268_clause_1_point_c,article_268_clause_1,article_268,268,1,c,Gây thương tích hoặc gây tổn hại cho sức khỏe của 02 người trở lên mà tổng tỷ lệ tổn thương cơ thể của những người này từ 61% đến 121%;,condition_or_rule,gay thuong tich hoac gay ton hai cho suc khoe cua 02 nguoi tro len ma tong ty le ton thuong co the cua nhung nguoi nay tu 61 den 121
article_268_clause_1_point_d,article_268_clause_1,article_268,268,1,d,Gây thiệt hại về tài sản từ 100.000.000 đồng đến dưới 500.000.000 đồng.,condition_or_rule,gay thiet hai ve tai san tu 100 000 000 dong den duoi 500 000 000 dong
article_268_clause_2_point_a,article_268_clause_2,article_268,268,2,a,Làm chết 02 người;,condition_or_rule,lam chet 02 nguoi
article_268_clause_2_point_b,article_268_clause_2,article_268,268,2,b,Gây thương tích hoặc gây tổn hại cho sức khỏe của 02 người trở lên mà tổng tỷ lệ tổn thương cơ thể của những người này từ 122% đến 200%;,condition_or_rule,gay thuong tich hoac gay ton hai cho suc khoe cua 02 nguoi tro len ma tong ty le ton thuong co the cua nhung nguoi nay tu 122 den 200
article_268_clause_2_point_c,article_268_clause_2,article_268,268,2,c,Gây thiệt hại về tài sản từ 500.000.000 đồng đến dưới 1.500.000.000 đồng.,condition_or_rule,gay thiet hai ve tai san tu 500 000 000 dong den duoi 1 500 000 000 dong
article_268_clause_3_point_a,article_268_clause_3,article_268,268,3,a,Làm chết 03 người trở lên;,condition_or_rule,lam chet 03 nguoi tro len
article_268_clause_3_point_b,article_268_clause_3,article_268,268,3,b,Gây thương tích hoặc gây tổn hại cho sức khỏe của 03 người trở lên mà tổng tỷ lệ tổn thương cơ thể của những người này 201% trở lên;,condition_or_rule,gay thuong tich hoac gay ton hai cho suc khoe cua 03 nguoi tro len ma tong ty le ton thuong co the cua nhung nguoi nay 201 tro len
article_268_clause_3_point_c,article_268_clause_3,article_268,268,3,c,Gây thiệt hại về tài sản 1.500.000.000 đồng trở lên.,condition_or_rule,gay thiet hai ve tai san 1 500 000 000 dong tro len
article_269_clause_1_point_a,article_269_clause_1,article_269,269,1,a,Làm chết người;,condition_or_rule,lam chet nguoi
article_269_clause_1_point_b,article_269_clause_1,article_269,269,1,b,Gây thương tích hoặc gây tổn hại cho sức khỏe của 01 người mà tỷ lệ tổn thương cơ thể 61% trở lên;,condition_or_rule,gay thuong tich hoac gay ton hai cho suc khoe cua 01 nguoi ma ty le ton thuong co the 61 tro len
article_269_clause_1_point_c,article_269_clause_1,article_269,269,1,c,Gây thương tích hoặc gây tổn hại cho sức khỏe của 02 người trở lên mà tổng tỷ lệ tổn thương cơ thể của những người này từ 61% đến 121%;,condition_or_rule,gay thuong tich hoac gay ton hai cho suc khoe cua 02 nguoi tro len ma tong ty le ton thuong co the cua nhung nguoi nay tu 61 den 121
article_269_clause_1_point_d,article_269_clause_1,article_269,269,1,d,Gây thiệt hại về tài sản từ 100.000.000 đồng đến dưới 500.000.000 đồng.,condition_or_rule,gay thiet hai ve tai san tu 100 000 000 dong den duoi 500 000 000 dong
article_269_clause_2_point_a,article_269_clause_2,article_269,269,2,a,Làm chết 02 người;,condition_or_rule,lam chet 02 nguoi
article_269_clause_2_point_b,article_269_clause_2,article_269,269,2,b,Gây thương tích hoặc gây tổn hại cho sức khỏe của 02 người trở lên mà tổng tỷ lệ tổn thương cơ thể của những người này từ 122% đến 200%;,condition_or_rule,gay thuong tich hoac gay ton hai cho suc khoe cua 02 nguoi tro len ma tong ty le ton thuong co the cua nhung nguoi nay tu 122 den 200
article_269_clause_2_point_c,article_269_clause_2,article_269,269,2,c,Gây thiệt hại về tài sản từ 500.000.000 đồng đến dưới 1.500.000.000 đồng.,condition_or_rule,gay thiet hai ve tai san tu 500 000 000 dong den duoi 1 500 000 000 dong
article_269_clause_3_point_a,article_269_clause_3,article_269,269,3,a,Làm chết 03 người trở lên;,condition_or_rule,lam chet 03 nguoi tro len
article_269_clause_3_point_b,article_269_clause_3,article_269,269,3,b,Gây thương tích hoặc gây tổn hại cho sức khỏe của 03 người trở lên mà tổng tỷ lệ tổn thương cơ thể của những người này 201% trở lên;,condition_or_rule,gay thuong tich hoac gay ton hai cho suc khoe cua 03 nguoi tro len ma tong ty le ton thuong co the cua nhung nguoi nay 201 tro len
article_269_clause_3_point_c,article_269_clause_3,article_269,269,3,c,Gây thiệt hại về tài sản 1.500.000.000 đồng trở lên.,condition_or_rule,gay thiet hai ve tai san 1 500 000 000 dong tro len
article_270_clause_1_point_a,article_270_clause_1,article_270,270,1,a,Làm chết người;,condition_or_rule,lam chet nguoi
article_270_clause_1_point_b,article_270_clause_1,article_270,270,1,b,Gây thương tích hoặc gây tổn hại cho sức khỏe của 01 người mà tỷ lệ tổn thương cơ thể 61% trở lên;,condition_or_rule,gay thuong tich hoac gay ton hai cho suc khoe cua 01 nguoi ma ty le ton thuong co the 61 tro len
article_270_clause_1_point_c,article_270_clause_1,article_270,270,1,c,Gây thương tích hoặc gây tổn hại cho sức khỏe của 02 người trở lên mà tổng tỷ lệ tổn thương cơ thể của những người này từ 61% đến 121%;,condition_or_rule,gay thuong tich hoac gay ton hai cho suc khoe cua 02 nguoi tro len ma tong ty le ton thuong co the cua nhung nguoi nay tu 61 den 121
article_270_clause_1_point_d,article_270_clause_1,article_270,270,1,d,Gây thiệt hại về tài sản từ 100.000.000 đồng đến dưới 500.000.000 đồng.,condition_or_rule,gay thiet hai ve tai san tu 100 000 000 dong den duoi 500 000 000 dong
article_270_clause_2_point_a,article_270_clause_2,article_270,270,2,a,Làm chết 02 người;,condition_or_rule,lam chet 02 nguoi
article_270_clause_2_point_b,article_270_clause_2,article_270,270,2,b,Gây thương tích hoặc gây tổn hại cho sức khỏe của 02 người trở lên mà tổng tỷ lệ tổn thương cơ thể của những người này từ 122% đến 200%;,condition_or_rule,gay thuong tich hoac gay ton hai cho suc khoe cua 02 nguoi tro len ma tong ty le ton thuong co the cua nhung nguoi nay tu 122 den 200
article_270_clause_2_point_c,article_270_clause_2,article_270,270,2,c,Gây thiệt hại về tài sản từ 500.000.000 đồng đến dưới 1.500.000.000 đồng.,condition_or_rule,gay thiet hai ve tai san tu 500 000 000 dong den duoi 1 500 000 000 dong
article_270_clause_3_point_a,article_270_clause_3,article_270,270,3,a,Làm chết 03 người trở lên;,condition_or_rule,lam chet 03 nguoi tro len
article_270_clause_3_point_b,article_270_clause_3,article_270,270,3,b,Gây thương tích hoặc gây tổn hại cho sức khỏe của 03 người trở lên mà tổng tỷ lệ tổn thương cơ thể của những người này 201% trở lên;,condition_or_rule,gay thuong tich hoac gay ton hai cho suc khoe cua 03 nguoi tro len ma tong ty le ton thuong co the cua nhung nguoi nay 201 tro len
article_270_clause_3_point_c,article_270_clause_3,article_270,270,3,c,Gây thiệt hại về tài sản 1.500.000.000 đồng trở lên.,condition_or_rule,gay thiet hai ve tai san 1 500 000 000 dong tro len
article_271_clause_1_point_a,article_271_clause_1,article_271,271,1,a,Làm chết người;,condition_or_rule,lam chet nguoi
article_271_clause_1_point_b,article_271_clause_1,article_271,271,1,b,Gây thương tích hoặc gây tổn hại cho sức khỏe của 01 người mà tỷ lệ tổn thương cơ thể 61% trở lên;,condition_or_rule,gay thuong tich hoac gay ton hai cho suc khoe cua 01 nguoi ma ty le ton thuong co the 61 tro len
article_271_clause_1_point_c,article_271_clause_1,article_271,271,1,c,Gây thương tích hoặc gây tổn hại cho sức khỏe của 02 người trở lên mà tổng tỷ lệ tổn thương cơ thể của những người này từ 61% đến 121%;,condition_or_rule,gay thuong tich hoac gay ton hai cho suc khoe cua 02 nguoi tro len ma tong ty le ton thuong co the cua nhung nguoi nay tu 61 den 121
article_271_clause_1_point_d,article_271_clause_1,article_271,271,1,d,Gây thiệt hại về tài sản từ 100.000.000 đồng đến dưới 500.000.000 đồng.,condition_or_rule,gay thiet hai ve tai san tu 100 000 000 dong den duoi 500 000 000 dong
article_271_clause_2_point_a,article_271_clause_2,article_271,271,2,a,Làm chết 02 người;,condition_or_rule,lam chet 02 nguoi
article_271_clause_2_point_b,article_271_clause_2,article_271,271,2,b,Gây thương tích hoặc gây tổn hại cho sức khỏe của 02 người trở lên mà tổng tỷ lệ tổn thương cơ thể của những người này từ 122% đến 200%;,condition_or_rule,gay thuong tich hoac gay ton hai cho suc khoe cua 02 nguoi tro len ma tong ty le ton thuong co the cua nhung nguoi nay tu 122 den 200
article_271_clause_2_point_c,article_271_clause_2,article_271,271,2,c,Gây thiệt hại về tài sản từ 500.000.000 đồng đến dưới 1.500.000.000 đồng.,condition_or_rule,gay thiet hai ve tai san tu 500 000 000 dong den duoi 1 500 000 000 dong
article_271_clause_3_point_a,article_271_clause_3,article_271,271,3,a,Làm chết 03 người trở lên;,condition_or_rule,lam chet 03 nguoi tro len
article_271_clause_3_point_b,article_271_clause_3,article_271,271,3,b,Gây thương tích hoặc gây tổn hại cho sức khỏe của 03 người trở lên mà tổng tỷ lệ tổn thương cơ thể của những người này 201% trở lên;,condition_or_rule,gay thuong tich hoac gay ton hai cho suc khoe cua 03 nguoi tro len ma tong ty le ton thuong co the cua nhung nguoi nay 201 tro len
article_271_clause_3_point_c,article_271_clause_3,article_271,271,3,c,Gây thiệt hại về tài sản 1.500.000.000 đồng trở lên.,condition_or_rule,gay thiet hai ve tai san 1 500 000 000 dong tro len
article_272_clause_1_point_a,article_272_clause_1,article_272,272,1,a,Làm chết người;,condition_or_rule,lam chet nguoi
article_272_clause_1_point_b,article_272_clause_1,article_272,272,1,b,Gây thương tích hoặc gây tổn hại cho sức khỏe của 01 người mà tỷ lệ tổn thương cơ thể 61% trở lên;,condition_or_rule,gay thuong tich hoac gay ton hai cho suc khoe cua 01 nguoi ma ty le ton thuong co the 61 tro len
article_272_clause_1_point_c,article_272_clause_1,article_272,272,1,c,Gây thương tích hoặc gây tổn hại cho sức khỏe của 02 người trở lên mà tổng tỷ lệ tổn thương cơ thể của những người này từ 61% đến 121%;,condition_or_rule,gay thuong tich hoac gay ton hai cho suc khoe cua 02 nguoi tro len ma tong ty le ton thuong co the cua nhung nguoi nay tu 61 den 121
article_272_clause_1_point_d,article_272_clause_1,article_272,272,1,d,Gây thiệt hại về tài sản từ 100.000.000 đồng đến dưới 500.000.000 đồng.,condition_or_rule,gay thiet hai ve tai san tu 100 000 000 dong den duoi 500 000 000 dong
article_272_clause_2_point_a,article_272_clause_2,article_272,272,2,a,"Không có bằng, giấy chứng nhận khả năng chuyên môn hoặc chứng chỉ chuyên môn phù hợp với chức danh, loại phương tiện theo quy định;",condition_or_rule,khong co bang giay chung nhan kha nang chuyen mon hoac chung chi chuyen mon phu hop voi chuc danh loai phuong tien theo quy dinh
article_272_clause_2_point_b,article_272_clause_2,article_272,272,2,b,"Trong tình trạng có sử dụng rượu, bia mà trong máu hoặc hơi thở có nồng độ cồn vượt quá mức quy định, có sử dụng chất ma túy hoặc chất kích thích mạnh khác;",condition_or_rule,trong tinh trang co su dung ruou bia ma trong mau hoac hoi tho co nong do con vuot qua muc quy dinh co su dung chat ma tuy hoac chat kich thich manh khac
article_272_clause_2_point_c,article_272_clause_2,article_272,272,2,c,Bỏ chạy để trốn tránh trách nhiệm hoặc cố ý không cứu giúp người bị nạn;,condition_or_rule,bo chay de tron tranh trach nhiem hoac co y khong cuu giup nguoi bi nan
article_272_clause_2_point_d,article_272_clause_2,article_272,272,2,d,"Không chấp hành hiệu lệnh của người chỉ huy hoặc người có thẩm quyền điều khiển, giữ gìn trật tự, an toàn giao thông đường thủy;",condition_or_rule,khong chap hanh hieu lenh cua nguoi chi huy hoac nguoi co tham quyen dieu khien giu gin trat tu an toan giao thong duong thuy
article_272_clause_2_point_d,article_272_clause_2,article_272,272,2,đ,Làm chết 02 người;,condition_or_rule,lam chet 02 nguoi
article_272_clause_2_point_e,article_272_clause_2,article_272,272,2,e,Gây thương tích hoặc gây tổn hại cho sức khỏe của 02 người trở lên mà tổng tỷ lệ tổn thương cơ thể của những người này từ 122% đến 200%;,condition_or_rule,gay thuong tich hoac gay ton hai cho suc khoe cua 02 nguoi tro len ma tong ty le ton thuong co the cua nhung nguoi nay tu 122 den 200
article_272_clause_2_point_g,article_272_clause_2,article_272,272,2,g,Gây thiệt hại về tài sản từ 500.000.000 đồng đến dưới 1.500.000.000 đồng.,condition_or_rule,gay thiet hai ve tai san tu 500 000 000 dong den duoi 1 500 000 000 dong
article_272_clause_3_point_a,article_272_clause_3,article_272,272,3,a,Làm chết 03 người trở lên;,condition_or_rule,lam chet 03 nguoi tro len
article_272_clause_3_point_b,article_272_clause_3,article_272,272,3,b,Gây thương tích hoặc gây tổn hại cho sức khỏe của 03 người trở lên mà tổng tỷ lệ tổn thương cơ thể của những người này 201% trở lên;,condition_or_rule,gay thuong tich hoac gay ton hai cho suc khoe cua 03 nguoi tro len ma tong ty le ton thuong co the cua nhung nguoi nay 201 tro len
article_272_clause_3_point_c,article_272_clause_3,article_272,272,3,c,Gây thiệt hại về tài sản 1.500.000.000 đồng trở lên.,condition_or_rule,gay thiet hai ve tai san 1 500 000 000 dong tro len
article_273_clause_1_point_a,article_273_clause_1,article_273,273,1,a,Làm chết người;,condition_or_rule,lam chet nguoi
article_273_clause_1_point_b,article_273_clause_1,article_273,273,1,b,Gây thương tích hoặc gây tổn hại cho sức khỏe của 01 người mà tỷ lệ tổn thương cơ thể 61% trở lên;,condition_or_rule,gay thuong tich hoac gay ton hai cho suc khoe cua 01 nguoi ma ty le ton thuong co the 61 tro len
article_273_clause_1_point_c,article_273_clause_1,article_273,273,1,c,Gây thương tích hoặc gây tổn hại cho sức khỏe của 02 người trở lên mà tổng tỷ lệ tổn thương cơ thể của những người này từ 61% đến 121%;,condition_or_rule,gay thuong tich hoac gay ton hai cho suc khoe cua 02 nguoi tro len ma tong ty le ton thuong co the cua nhung nguoi nay tu 61 den 121
article_273_clause_1_point_d,article_273_clause_1,article_273,273,1,d,Gây thiệt hại về tài sản từ 100.000.000 đồng đến dưới 500.000.000 đồng.,condition_or_rule,gay thiet hai ve tai san tu 100 000 000 dong den duoi 500 000 000 dong
article_273_clause_2_point_a,article_273_clause_2,article_273,273,2,a,Làm chết 02 người;,condition_or_rule,lam chet 02 nguoi
article_273_clause_2_point_b,article_273_clause_2,article_273,273,2,b,Gây thương tích hoặc gây tổn hại cho sức khỏe của 02 người trở lên mà tổng tỷ lệ tổn thương cơ thể của những người này từ 122% đến 200%;,condition_or_rule,gay thuong tich hoac gay ton hai cho suc khoe cua 02 nguoi tro len ma tong ty le ton thuong co the cua nhung nguoi nay tu 122 den 200
article_273_clause_2_point_c,article_273_clause_2,article_273,273,2,c,Gây thiệt hại về tài sản từ 500.000.000 đồng đến dưới 1.500.000.000 đồng.,condition_or_rule,gay thiet hai ve tai san tu 500 000 000 dong den duoi 1 500 000 000 dong
article_273_clause_3_point_a,article_273_clause_3,article_273,273,3,a,Làm chết 03 người trở lên;,condition_or_rule,lam chet 03 nguoi tro len
article_273_clause_3_point_b,article_273_clause_3,article_273,273,3,b,Gây thương tích hoặc gây tổn hại cho sức khỏe của 03 người trở lên mà tổng tỷ lệ tổn thương cơ thể của những người này 201% trở lên;,condition_or_rule,gay thuong tich hoac gay ton hai cho suc khoe cua 03 nguoi tro len ma tong ty le ton thuong co the cua nhung nguoi nay 201 tro len
article_273_clause_3_point_c,article_273_clause_3,article_273,273,3,c,Gây thiệt hại về tài sản 1.500.000.000 đồng trở lên.,condition_or_rule,gay thiet hai ve tai san 1 500 000 000 dong tro len
article_274_clause_1_point_a,article_274_clause_1,article_274,274,1,a,Làm chết người;,condition_or_rule,lam chet nguoi
article_274_clause_1_point_b,article_274_clause_1,article_274,274,1,b,Gây thương tích hoặc gây tổn hại cho sức khỏe của 01 người mà tỷ lệ tổn thương cơ thể 61% trở lên;,condition_or_rule,gay thuong tich hoac gay ton hai cho suc khoe cua 01 nguoi ma ty le ton thuong co the 61 tro len
article_274_clause_1_point_c,article_274_clause_1,article_274,274,1,c,Gây thương tích hoặc gây tổn hại cho sức khỏe của 02 người trở lên mà tổng tỷ lệ tổn thương cơ thể của những người này từ 61% đến 121%;,condition_or_rule,gay thuong tich hoac gay ton hai cho suc khoe cua 02 nguoi tro len ma tong ty le ton thuong co the cua nhung nguoi nay tu 61 den 121
article_274_clause_1_point_d,article_274_clause_1,article_274,274,1,d,Gây thiệt hại về tài sản từ 100.000.000 đồng đến dưới 500.000.000 đồng.,condition_or_rule,gay thiet hai ve tai san tu 100 000 000 dong den duoi 500 000 000 dong
article_274_clause_2_point_a,article_274_clause_2,article_274,274,2,a,Làm chết 02 người;,condition_or_rule,lam chet 02 nguoi
article_274_clause_2_point_b,article_274_clause_2,article_274,274,2,b,Gây thương tích hoặc gây tổn hại cho sức khỏe của 02 người trở lên mà tổng tỷ lệ tổn thương cơ thể của những người này từ 122% đến 200%;,condition_or_rule,gay thuong tich hoac gay ton hai cho suc khoe cua 02 nguoi tro len ma tong ty le ton thuong co the cua nhung nguoi nay tu 122 den 200
article_274_clause_2_point_c,article_274_clause_2,article_274,274,2,c,Gây thiệt hại về tài sản từ 500.000.000 đồng đến dưới 1.500.000.000 đồng.,condition_or_rule,gay thiet hai ve tai san tu 500 000 000 dong den duoi 1 500 000 000 dong
article_274_clause_3_point_a,article_274_clause_3,article_274,274,3,a,Làm chết 03 người trở lên;,condition_or_rule,lam chet 03 nguoi tro len
article_274_clause_3_point_b,article_274_clause_3,article_274,274,3,b,Gây thương tích hoặc gây tổn hại cho sức khỏe của 03 người trở lên mà tổng tỷ lệ tổn thương cơ thể của những người này 201% trở lên;,condition_or_rule,gay thuong tich hoac gay ton hai cho suc khoe cua 03 nguoi tro len ma tong ty le ton thuong co the cua nhung nguoi nay 201 tro len
article_274_clause_3_point_c,article_274_clause_3,article_274,274,3,c,Gây thiệt hại về tài sản 1.500.000.000 đồng trở lên.,condition_or_rule,gay thiet hai ve tai san 1 500 000 000 dong tro len
article_275_clause_1_point_a,article_275_clause_1,article_275,275,1,a,Làm chết người;,condition_or_rule,lam chet nguoi
article_275_clause_1_point_b,article_275_clause_1,article_275,275,1,b,Gây thương tích hoặc gây tổn hại cho sức khỏe của 01 người mà tỷ lệ tổn thương cơ thể 61% trở lên;,condition_or_rule,gay thuong tich hoac gay ton hai cho suc khoe cua 01 nguoi ma ty le ton thuong co the 61 tro len
article_275_clause_1_point_c,article_275_clause_1,article_275,275,1,c,Gây thương tích hoặc gây tổn hại cho sức khỏe của 02 người trở lên mà tổng tỷ lệ tổn thương cơ thể của những người này từ 61% đến 121%;,condition_or_rule,gay thuong tich hoac gay ton hai cho suc khoe cua 02 nguoi tro len ma tong ty le ton thuong co the cua nhung nguoi nay tu 61 den 121
article_275_clause_1_point_d,article_275_clause_1,article_275,275,1,d,Gây thiệt hại về tài sản từ 100.000.000 đồng đến dưới 500.000.000 đồng.,condition_or_rule,gay thiet hai ve tai san tu 100 000 000 dong den duoi 500 000 000 dong
article_275_clause_2_point_a,article_275_clause_2,article_275,275,2,a,Làm chết 02 người;,condition_or_rule,lam chet 02 nguoi
article_275_clause_2_point_b,article_275_clause_2,article_275,275,2,b,Gây thương tích hoặc gây tổn hại cho sức khỏe của 02 người trở lên mà tổng tỷ lệ tổn thương cơ thể của những người này từ 122% đến 200%;,condition_or_rule,gay thuong tich hoac gay ton hai cho suc khoe cua 02 nguoi tro len ma tong ty le ton thuong co the cua nhung nguoi nay tu 122 den 200
article_275_clause_2_point_c,article_275_clause_2,article_275,275,2,c,Gây thiệt hại về tài sản từ 500.000.000 đồng đến dưới 1.500.000.000 đồng.,condition_or_rule,gay thiet hai ve tai san tu 500 000 000 dong den duoi 1 500 000 000 dong
article_275_clause_3_point_a,article_275_clause_3,article_275,275,3,a,Làm chết 03 người trở lên;,condition_or_rule,lam chet 03 nguoi tro len
article_275_clause_3_point_b,article_275_clause_3,article_275,275,3,b,Gây thương tích hoặc gây tổn hại cho sức khỏe của 03 người trở lên mà tổng tỷ lệ tổn thương cơ thể của những người này 201% trở lên;,condition_or_rule,gay thuong tich hoac gay ton hai cho suc khoe cua 03 nguoi tro len ma tong ty le ton thuong co the cua nhung nguoi nay 201 tro len
article_275_clause_3_point_c,article_275_clause_3,article_275,275,3,c,Gây thiệt hại về tài sản 1.500.000.000 đồng trở lên.,condition_or_rule,gay thiet hai ve tai san 1 500 000 000 dong tro len
article_276_clause_1_point_a,article_276_clause_1,article_276,276,1,a,Làm chết người;,condition_or_rule,lam chet nguoi
article_276_clause_1_point_b,article_276_clause_1,article_276,276,1,b,Gây thương tích hoặc gây tổn hại cho sức khỏe của 01 người mà tỷ lệ tổn thương cơ thể 61% trở lên;,condition_or_rule,gay thuong tich hoac gay ton hai cho suc khoe cua 01 nguoi ma ty le ton thuong co the 61 tro len
article_276_clause_1_point_c,article_276_clause_1,article_276,276,1,c,Gây thương tích hoặc gây tổn hại cho sức khỏe của 02 người trở lên mà tổng tỷ lệ tổn thương cơ thể của những người này từ 61% đến 121%;,condition_or_rule,gay thuong tich hoac gay ton hai cho suc khoe cua 02 nguoi tro len ma tong ty le ton thuong co the cua nhung nguoi nay tu 61 den 121
article_276_clause_1_point_d,article_276_clause_1,article_276,276,1,d,Gây thiệt hại về tài sản từ 100.000.000 đồng đến dưới 500.000.000 đồng.,condition_or_rule,gay thiet hai ve tai san tu 100 000 000 dong den duoi 500 000 000 dong
article_276_clause_2_point_a,article_276_clause_2,article_276,276,2,a,Làm chết 02 người;,condition_or_rule,lam chet 02 nguoi
article_276_clause_2_point_b,article_276_clause_2,article_276,276,2,b,Gây thương tích hoặc gây tổn hại cho sức khỏe của 02 người trở lên mà tổng tỷ lệ tổn thương cơ thể của những người này từ 122% đến 200%;,condition_or_rule,gay thuong tich hoac gay ton hai cho suc khoe cua 02 nguoi tro len ma tong ty le ton thuong co the cua nhung nguoi nay tu 122 den 200
article_276_clause_2_point_c,article_276_clause_2,article_276,276,2,c,Gây thiệt hại về tài sản từ 500.000.000 đồng đến dưới 1.500.000.000 đồng.,condition_or_rule,gay thiet hai ve tai san tu 500 000 000 dong den duoi 1 500 000 000 dong
article_276_clause_3_point_a,article_276_clause_3,article_276,276,3,a,Làm chết 03 người trở lên;,condition_or_rule,lam chet 03 nguoi tro len
article_276_clause_3_point_b,article_276_clause_3,article_276,276,3,b,Gây thương tích hoặc gây tổn hại cho sức khỏe của 03 người trở lên mà tổng tỷ lệ tổn thương cơ thể của những người này 201% trở lên;,condition_or_rule,gay thuong tich hoac gay ton hai cho suc khoe cua 03 nguoi tro len ma tong ty le ton thuong co the cua nhung nguoi nay 201 tro len
article_276_clause_3_point_c,article_276_clause_3,article_276,276,3,c,Gây thiệt hại về tài sản 1.500.000.000 đồng trở lên.,condition_or_rule,gay thiet hai ve tai san 1 500 000 000 dong tro len
article_277_clause_2_point_a,article_277_clause_2,article_277,277,2,a,Làm chết người;,condition_or_rule,lam chet nguoi
article_277_clause_2_point_b,article_277_clause_2,article_277,277,2,b,Gây thương tích hoặc gây tổn hại cho sức khỏe của người khác mà tỷ lệ tổn thương cơ thể 61% trở lên;,condition_or_rule,gay thuong tich hoac gay ton hai cho suc khoe cua nguoi khac ma ty le ton thuong co the 61 tro len
article_277_clause_2_point_c,article_277_clause_2,article_277,277,2,c,Gây thương tích hoặc gây tổn hại cho sức khỏe của 02 người trở lên mà tổng tỷ lệ tổn thương cơ thể của những người này từ 61% đến 121%;,condition_or_rule,gay thuong tich hoac gay ton hai cho suc khoe cua 02 nguoi tro len ma tong ty le ton thuong co the cua nhung nguoi nay tu 61 den 121
article_277_clause_2_point_d,article_277_clause_2,article_277,277,2,d,Gây thiệt hại về tài sản từ 100.000.000 đồng đến dưới 500.000.000 đồng.,condition_or_rule,gay thiet hai ve tai san tu 100 000 000 dong den duoi 500 000 000 dong
article_277_clause_3_point_a,article_277_clause_3,article_277,277,3,a,Làm chết 02 người;,condition_or_rule,lam chet 02 nguoi
article_277_clause_3_point_b,article_277_clause_3,article_277,277,3,b,Gây thương tích hoặc gây tổn hại cho sức khỏe của 02 người trở lên mà tổng tỷ lệ tổn thương cơ thể của những người này từ 122% đến 200%;,condition_or_rule,gay thuong tich hoac gay ton hai cho suc khoe cua 02 nguoi tro len ma tong ty le ton thuong co the cua nhung nguoi nay tu 122 den 200
article_277_clause_3_point_c,article_277_clause_3,article_277,277,3,c,Gây thiệt hại về tài sản từ 500.000.000 đồng đến dưới 1.500.000.000 đồng.,condition_or_rule,gay thiet hai ve tai san tu 500 000 000 dong den duoi 1 500 000 000 dong
article_277_clause_4_point_a,article_277_clause_4,article_277,277,4,a,Làm chết 03 người trở lên;,condition_or_rule,lam chet 03 nguoi tro len
article_277_clause_4_point_b,article_277_clause_4,article_277,277,4,b,Gây thương tích hoặc gây tổn hại cho sức khỏe của 03 người trở lên mà tổng tỷ lệ tổn thương cơ thể của những người này 201% trở lên;,condition_or_rule,gay thuong tich hoac gay ton hai cho suc khoe cua 03 nguoi tro len ma tong ty le ton thuong co the cua nhung nguoi nay 201 tro len
article_277_clause_4_point_c,article_277_clause_4,article_277,277,4,c,Gây thiệt hại về tài sản 1.500.000.000 đồng trở lên.,condition_or_rule,gay thiet hai ve tai san 1 500 000 000 dong tro len
article_278_clause_1_point_a,article_278_clause_1,article_278,278,1,a,Làm chết người;,condition_or_rule,lam chet nguoi
article_278_clause_1_point_b,article_278_clause_1,article_278,278,1,b,Gây thương tích hoặc gây tổn hại cho sức khỏe của 01 người mà tỷ lệ tổn thương cơ thể 61% trở lên;,condition_or_rule,gay thuong tich hoac gay ton hai cho suc khoe cua 01 nguoi ma ty le ton thuong co the 61 tro len
article_278_clause_1_point_c,article_278_clause_1,article_278,278,1,c,Gây thương tích hoặc gây tổn hại cho sức khỏe của 02 người trở lên mà tổng tỷ lệ tổn thương cơ thể của những người này từ 61% đến 121%;,condition_or_rule,gay thuong tich hoac gay ton hai cho suc khoe cua 02 nguoi tro len ma tong ty le ton thuong co the cua nhung nguoi nay tu 61 den 121
article_278_clause_1_point_d,article_278_clause_1,article_278,278,1,d,Gây thiệt hại về tài sản từ 100.000.000 đồng đến dưới 500.000.000 đồng.,condition_or_rule,gay thiet hai ve tai san tu 100 000 000 dong den duoi 500 000 000 dong
article_278_clause_2_point_a,article_278_clause_2,article_278,278,2,a,Làm chết 02 người;,condition_or_rule,lam chet 02 nguoi
article_278_clause_2_point_b,article_278_clause_2,article_278,278,2,b,Gây thương tích hoặc gây tổn hại cho sức khỏe của 02 người trở lên mà tổng tỷ lệ tổn thương cơ thể của những người này từ 122% đến 200%;,condition_or_rule,gay thuong tich hoac gay ton hai cho suc khoe cua 02 nguoi tro len ma tong ty le ton thuong co the cua nhung nguoi nay tu 122 den 200
article_278_clause_2_point_c,article_278_clause_2,article_278,278,2,c,Gây thiệt hại về tài sản từ 500.000.000 đồng đến dưới 1.500.000.000 đồng;,condition_or_rule,gay thiet hai ve tai san tu 500 000 000 dong den duoi 1 500 000 000 dong
article_278_clause_2_point_d,article_278_clause_2,article_278,278,2,d,Là người có trách nhiệm trực tiếp bảo đảm an toàn giao thông đường không hoặc trực tiếp quản lý thiết bị an toàn giao thông đường không.,definition_or_list,la nguoi co trach nhiem truc tiep bao dam an toan giao thong duong khong hoac truc tiep quan ly thiet bi an toan giao thong duong khong
article_278_clause_3_point_a,article_278_clause_3,article_278,278,3,a,Làm chết 03 người trở lên;,condition_or_rule,lam chet 03 nguoi tro len
article_278_clause_3_point_b,article_278_clause_3,article_278,278,3,b,Gây thương tích hoặc gây tổn hại cho sức khỏe của 03 người trở lên mà tổng tỷ lệ tổn thương cơ thể của những người này 201% trở lên;,condition_or_rule,gay thuong tich hoac gay ton hai cho suc khoe cua 03 nguoi tro len ma tong ty le ton thuong co the cua nhung nguoi nay 201 tro len
article_278_clause_3_point_c,article_278_clause_3,article_278,278,3,c,Gây thiệt hại về tài sản 1.500.000.000 đồng trở lên.,condition_or_rule,gay thiet hai ve tai san 1 500 000 000 dong tro len
article_279_clause_2_point_a,article_279_clause_2,article_279,279,2,a,Làm chết người;,condition_or_rule,lam chet nguoi
article_279_clause_2_point_b,article_279_clause_2,article_279,279,2,b,Gây thương tích hoặc gây tổn hại cho sức khỏe của người khác mà tỷ lệ tổn thương cơ thể 61% trở lên;,condition_or_rule,gay thuong tich hoac gay ton hai cho suc khoe cua nguoi khac ma ty le ton thuong co the 61 tro len
article_279_clause_2_point_c,article_279_clause_2,article_279,279,2,c,Gây thương tích hoặc gây tổn hại cho sức khỏe của 02 người trở lên mà tổng tỷ lệ tổn thương cơ thể của những người này từ 61% đến 121%;,condition_or_rule,gay thuong tich hoac gay ton hai cho suc khoe cua 02 nguoi tro len ma tong ty le ton thuong co the cua nhung nguoi nay tu 61 den 121
article_279_clause_2_point_d,article_279_clause_2,article_279,279,2,d,Gây thiệt hại về tài sản từ 100.000.000 đồng đến dưới 500.000.000 đồng.,condition_or_rule,gay thiet hai ve tai san tu 100 000 000 dong den duoi 500 000 000 dong
article_279_clause_3_point_a,article_279_clause_3,article_279,279,3,a,Làm chết 02 người;,condition_or_rule,lam chet 02 nguoi
article_279_clause_3_point_b,article_279_clause_3,article_279,279,3,b,Gây thương tích hoặc gây tổn hại cho sức khỏe của 02 người trở lên mà tổng tỷ lệ tổn thương cơ thể của những người này từ 122% đến 200%;,condition_or_rule,gay thuong tich hoac gay ton hai cho suc khoe cua 02 nguoi tro len ma tong ty le ton thuong co the cua nhung nguoi nay tu 122 den 200
article_279_clause_3_point_c,article_279_clause_3,article_279,279,3,c,Gây thiệt hại về tài sản từ 500.000.000 đồng đến dưới 1.500.000.000 đồng.,condition_or_rule,gay thiet hai ve tai san tu 500 000 000 dong den duoi 1 500 000 000 dong
article_279_clause_4_point_a,article_279_clause_4,article_279,279,4,a,Làm chết 03 người trở lên;,condition_or_rule,lam chet 03 nguoi tro len
article_279_clause_4_point_b,article_279_clause_4,article_279,279,4,b,Gây thương tích hoặc gây tổn hại cho sức khỏe của 03 người trở lên mà tổng tỷ lệ tổn thương cơ thể của những người này 201% trở lên;,condition_or_rule,gay thuong tich hoac gay ton hai cho suc khoe cua 03 nguoi tro len ma tong ty le ton thuong co the cua nhung nguoi nay 201 tro len
article_279_clause_4_point_c,article_279_clause_4,article_279,279,4,c,Gây thiệt hại về tài sản 1.500.000.000 đồng trở lên.,condition_or_rule,gay thiet hai ve tai san 1 500 000 000 dong tro len
article_280_clause_2_point_a,article_280_clause_2,article_280,280,2,a,Làm chết người;,condition_or_rule,lam chet nguoi
article_280_clause_2_point_b,article_280_clause_2,article_280,280,2,b,Gây thương tích hoặc gây tổn hại cho sức khỏe của người khác mà tỷ lệ tổn thương cơ thể 61% trở lên;,condition_or_rule,gay thuong tich hoac gay ton hai cho suc khoe cua nguoi khac ma ty le ton thuong co the 61 tro len
article_280_clause_2_point_c,article_280_clause_2,article_280,280,2,c,Gây thương tích hoặc gây tổn hại cho sức khỏe của 02 người trở lên mà tổng tỷ lệ tổn thương cơ thể của những người này từ 61% đến 121%;,condition_or_rule,gay thuong tich hoac gay ton hai cho suc khoe cua 02 nguoi tro len ma tong ty le ton thuong co the cua nhung nguoi nay tu 61 den 121
article_280_clause_2_point_d,article_280_clause_2,article_280,280,2,d,Gây thiệt hại về tài sản từ 100.000.000 đồng đến dưới 500.000.000 đồng.,condition_or_rule,gay thiet hai ve tai san tu 100 000 000 dong den duoi 500 000 000 dong
article_280_clause_3_point_a,article_280_clause_3,article_280,280,3,a,Làm chết 02 người;,condition_or_rule,lam chet 02 nguoi
article_280_clause_3_point_b,article_280_clause_3,article_280,280,3,b,Gây thương tích hoặc gây tổn hại cho sức khỏe của 02 người trở lên mà tổng tỷ lệ tổn thương cơ thể của những người này từ 122% đến 200%;,condition_or_rule,gay thuong tich hoac gay ton hai cho suc khoe cua 02 nguoi tro len ma tong ty le ton thuong co the cua nhung nguoi nay tu 122 den 200
article_280_clause_3_point_c,article_280_clause_3,article_280,280,3,c,Gây thiệt hại về tài sản từ 500.000.000 đồng đến dưới 1.500.000.000 đồng.,condition_or_rule,gay thiet hai ve tai san tu 500 000 000 dong den duoi 1 500 000 000 dong
article_280_clause_4_point_a,article_280_clause_4,article_280,280,4,a,Làm chết 03 người trở lên;,condition_or_rule,lam chet 03 nguoi tro len
article_280_clause_4_point_b,article_280_clause_4,article_280,280,4,b,Gây thương tích hoặc gây tổn hại cho sức khỏe của 03 người trở lên mà tổng tỷ lệ tổn thương cơ thể của những người này 201% trở lên;,condition_or_rule,gay thuong tich hoac gay ton hai cho suc khoe cua 03 nguoi tro len ma tong ty le ton thuong co the cua nhung nguoi nay 201 tro len
article_280_clause_4_point_c,article_280_clause_4,article_280,280,4,c,Gây thiệt hại về tài sản 1.500.000.000 đồng trở lên.,condition_or_rule,gay thiet hai ve tai san 1 500 000 000 dong tro len
article_281_clause_1_point_a,article_281_clause_1,article_281,281,1,a,"Không thực hiện hoặc thực hiện không đúng quy định về duy tu, bảo dưỡng, quản lý để công trình giao thông không bảo đảm an toàn kỹ thuật và tiêu chuẩn kỹ thuật;",condition_or_rule,khong thuc hien hoac thuc hien khong dung quy dinh ve duy tu bao duong quan ly de cong trinh giao thong khong bao dam an toan ky thuat va tieu chuan ky thuat
article_281_clause_1_point_b,article_281_clause_1,article_281,281,1,b,"Không khắc phục kịp thời đối với công trình giao thông bị hư hỏng, đe dọa an toàn giao thông;",condition_or_rule,khong khac phuc kip thoi doi voi cong trinh giao thong bi hu hong de doa an toan giao thong
article_281_clause_1_point_c,article_281_clause_1,article_281,281,1,c,"Không thực hiện hoặc thực hiện không đúng biện pháp hướng dẫn, điều khiển giao thông, đặt biển hiệu, cọc tiêu, rào chắn ngăn ngừa tai nạn khi công trình giao thông đã bị hư hại mà chưa kịp hoặc đang tiến hành duy tu, sửa chữa;",condition_or_rule,khong thuc hien hoac thuc hien khong dung bien phap huong dan dieu khien giao thong dat bien hieu coc tieu rao chan ngan ngua tai nan khi cong trinh giao thong da bi hu hai ma chua kip hoac dang tien hanh duy tu sua chua
article_281_clause_1_point_d,article_281_clause_1,article_281,281,1,d,"Không thực hiện hoặc thực hiện không đúng quy định về kiểm tra và thực hiện biện pháp bảo đảm an toàn giao thông trên đoạn đường đèo dốc nguy hiểm, đoạn đường có đá lở, đất sụt, nước ngập hoặc trên đoạn đường có nguy cơ không bảo đảm an toàn giao thông;",condition_or_rule,khong thuc hien hoac thuc hien khong dung quy dinh ve kiem tra va thuc hien bien phap bao dam an toan giao thong tren doan duong deo doc nguy hiem doan duong co da lo dat sut nuoc ngap hoac tren doan duong co nguy co khong bao dam an toan giao thong
article_281_clause_1_point_d,article_281_clause_1,article_281,281,1,đ,Không có biện pháp xử lý kịp thời và biện pháp ngăn ngừa tai nạn khi phát hiện hoặc nhận được tin báo công trình giao thông thuộc thẩm quyền quản lý của mình bị hư hỏng;,condition_or_rule,khong co bien phap xu ly kip thoi va bien phap ngan ngua tai nan khi phat hien hoac nhan duoc tin bao cong trinh giao thong thuoc tham quyen quan ly cua minh bi hu hong
article_281_clause_1_point_e,article_281_clause_1,article_281,281,1,e,"Không thực hiện hoặc thực hiện không đúng quy định về đặt tín hiệu phòng vệ khi thi công, sửa chữa công trình giao thông;",condition_or_rule,khong thuc hien hoac thuc hien khong dung quy dinh ve dat tin hieu phong ve khi thi cong sua chua cong trinh giao thong
article_281_clause_1_point_g,article_281_clause_1,article_281,281,1,g,"Không thu dọn, thanh thải biển hiệu phòng vệ, rào chắn, phương tiện, vật liệu khi thi công xong;",condition_or_rule,khong thu don thanh thai bien hieu phong ve rao chan phuong tien vat lieu khi thi cong xong
article_281_clause_1_point_h,article_281_clause_1,article_281,281,1,h,"Vi phạm quy định khác về duy tu, sửa chữa, quản lý công trình giao thông.",condition_or_rule,vi pham quy dinh khac ve duy tu sua chua quan ly cong trinh giao thong
article_281_clause_2_point_a,article_281_clause_2,article_281,281,2,a,Làm chết 02 người;,condition_or_rule,lam chet 02 nguoi
article_281_clause_2_point_b,article_281_clause_2,article_281,281,2,b,Gây thương tích hoặc gây tổn hại cho sức khỏe của 02 người trở lên mà tổng tỷ lệ tổn thương cơ thể của những người này từ 122% đến 200%;,condition_or_rule,gay thuong tich hoac gay ton hai cho suc khoe cua 02 nguoi tro len ma tong ty le ton thuong co the cua nhung nguoi nay tu 122 den 200
article_281_clause_2_point_c,article_281_clause_2,article_281,281,2,c,Gây thiệt hại về tài sản từ 500.000.000 đồng đến dưới 1.500.000.000 đồng.,condition_or_rule,gay thiet hai ve tai san tu 500 000 000 dong den duoi 1 500 000 000 dong
article_281_clause_3_point_a,article_281_clause_3,article_281,281,3,a,Làm chết 03 người trở lên;,condition_or_rule,lam chet 03 nguoi tro len
article_281_clause_3_point_b,article_281_clause_3,article_281,281,3,b,Gây thương tích hoặc gây tổn hại cho sức khỏe của 03 người trở lên mà tổng tỷ lệ tổn thương cơ thể của những người này 201% trở lên;,condition_or_rule,gay thuong tich hoac gay ton hai cho suc khoe cua 03 nguoi tro len ma tong ty le ton thuong co the cua nhung nguoi nay 201 tro len
article_281_clause_3_point_c,article_281_clause_3,article_281,281,3,c,Gây thiệt hại về tài sản 1.500.000.000 đồng trở lên.,condition_or_rule,gay thiet hai ve tai san 1 500 000 000 dong tro len
article_282_clause_2_point_a,article_282_clause_2,article_282,282,2,a,Có tổ chức;,condition_or_rule,co to chuc
article_282_clause_2_point_b,article_282_clause_2,article_282,282,2,b,"Sử dụng vũ khí, phương tiện hoặc thủ đoạn nguy hiểm khác;",condition_or_rule,su dung vu khi phuong tien hoac thu doan nguy hiem khac
article_282_clause_2_point_c,article_282_clause_2,article_282,282,2,c,Gây thương tích hoặc gây tổn hại cho sức khỏe của người khác mà tỷ lệ tổn thương cơ thể từ 31% đến 60%;,condition_or_rule,gay thuong tich hoac gay ton hai cho suc khoe cua nguoi khac ma ty le ton thuong co the tu 31 den 60
article_282_clause_2_point_d,article_282_clause_2,article_282,282,2,d,Chiếm đoạt tài sản từ 200.000.000 đồng đến dưới 500.000.000 đồng;,condition_or_rule,chiem doat tai san tu 200 000 000 dong den duoi 500 000 000 dong
article_282_clause_2_point_d,article_282_clause_2,article_282,282,2,đ,Tái phạm nguy hiểm.,condition_or_rule,tai pham nguy hiem
article_282_clause_3_point_a,article_282_clause_3,article_282,282,3,a,Làm chết người;,condition_or_rule,lam chet nguoi
article_282_clause_3_point_b,article_282_clause_3,article_282,282,3,b,Gây thương tích hoặc gây tổn hại cho sức khỏe của người khác mà tỷ lệ tổn thương cơ thể 61% trở lên;,condition_or_rule,gay thuong tich hoac gay ton hai cho suc khoe cua nguoi khac ma ty le ton thuong co the 61 tro len
article_282_clause_3_point_c,article_282_clause_3,article_282,282,3,c,Gây thương tích hoặc gây tổn hại cho sức khỏe của 02 người trở lên mà tỷ lệ tổn thương cơ thể của mỗi người 31% trở lên;,condition_or_rule,gay thuong tich hoac gay ton hai cho suc khoe cua 02 nguoi tro len ma ty le ton thuong co the cua moi nguoi 31 tro len
article_282_clause_3_point_d,article_282_clause_3,article_282,282,3,d,Chiếm đoạt tài sản 500.000.000 đồng trở lên.,condition_or_rule,chiem doat tai san 500 000 000 dong tro len
article_284_clause_1_point_a,article_284_clause_1,article_284,284,1,a,Chạy quá tốc độ cho phép trong vùng nước cảng biển;,condition_or_rule,chay qua toc do cho phep trong vung nuoc cang bien
article_284_clause_1_point_b,article_284_clause_1,article_284,284,1,b,Chạy không đúng vùng được phép hoạt động theo quy định;,condition_or_rule,chay khong dung vung duoc phep hoat dong theo quy dinh
article_284_clause_1_point_c,article_284_clause_1,article_284,284,1,c,"Không thực hiện hoặc thực hiện không đầy đủ thủ tục vào cảng, rời cảng, chế độ hoa tiêu, thủ tục neo, đậu, cập cầu, cập mạn, quy định về trật tự vệ sinh, an toàn cháy nổ, phòng ngừa ô nhiễm môi trường;",condition_or_rule,khong thuc hien hoac thuc hien khong day du thu tuc vao cang roi cang che do hoa tieu thu tuc neo dau cap cau cap man quy dinh ve trat tu ve sinh an toan chay no phong ngua o nhiem moi truong
article_284_clause_1_point_d,article_284_clause_1,article_284,284,1,d,"Không thực hiện hoặc thực hiện không đúng quy định về đi, tránh nhau, vượt nhau, nhường đường trong hoạt động giao thông hàng hải hoặc phương tiện giao thông hàng hải không có, không bảo đảm về còi, chuông, kẻng theo âm lượng quy định;",condition_or_rule,khong thuc hien hoac thuc hien khong dung quy dinh ve di tranh nhau vuot nhau nhuong duong trong hoat dong giao thong hang hai hoac phuong tien giao thong hang hai khong co khong bao dam ve coi chuong keng theo am luong quy dinh
article_284_clause_1_point_d,article_284_clause_1,article_284,284,1,đ,"Không bảo đảm về đèn hành trình, đèn hiệu theo tiêu chuẩn quy định, không thực hiện hoặc thực hiện không đúng việc phát tín hiệu về âm hiệu, tín hiệu ánh sáng.",condition_or_rule,khong bao dam ve den hanh trinh den hieu theo tieu chuan quy dinh khong thuc hien hoac thuc hien khong dung viec phat tin hieu ve am hieu tin hieu anh sang
article_285_clause_2_point_a,article_285_clause_2,article_285,285,2,a,Có tổ chức;,condition_or_rule,co to chuc
article_285_clause_2_point_b,article_285_clause_2,article_285,285,2,b,Phạm tội 02 lần trở lên;,condition_or_rule,pham toi 02 lan tro len
article_285_clause_2_point_c,article_285_clause_2,article_285,285,2,c,Có tính chất chuyên nghiệp;,condition_or_rule,co tinh chat chuyen nghiep
article_285_clause_2_point_d,article_285_clause_2,article_285,285,2,d,Thu lợi bất chính từ 50.000.000 đồng đến dưới 500.000.000 đồng;,condition_or_rule,thu loi bat chinh tu 50 000 000 dong den duoi 500 000 000 dong
article_285_clause_2_point_d,article_285_clause_2,article_285,285,2,đ,Gây thiệt hại về tài sản từ 100.000.000 đồng đến dưới 1.000.000.000 đồng;,condition_or_rule,gay thiet hai ve tai san tu 100 000 000 dong den duoi 1 000 000 000 dong
article_285_clause_2_point_e,article_285_clause_2,article_285,285,2,e,Tái phạm nguy hiểm.,condition_or_rule,tai pham nguy hiem
article_285_clause_3_point_a,article_285_clause_3,article_285,285,3,a,Thu lợi bất chính 500.000.000 đồng trở lên;,condition_or_rule,thu loi bat chinh 500 000 000 dong tro len
article_285_clause_3_point_b,article_285_clause_3,article_285,285,3,b,Gây thiệt hại về tài sản 1.000.000.000 đồng trở lên.,condition_or_rule,gay thiet hai ve tai san 1 000 000 000 dong tro len
article_286_clause_1_point_a,article_286_clause_1,article_286,286,1,a,Thu lợi bất chính từ 50.000.000 đồng đến dưới 200.000.000 đồng;,condition_or_rule,thu loi bat chinh tu 50 000 000 dong den duoi 200 000 000 dong
article_286_clause_1_point_b,article_286_clause_1,article_286,286,1,b,Gây thiệt hại từ 50.000.000 đồng đến dưới 300.000.000 đồng;,condition_or_rule,gay thiet hai tu 50 000 000 dong den duoi 300 000 000 dong
article_286_clause_1_point_c,article_286_clause_1,article_286,286,1,c,Làm lây nhiễm từ 50 phương tiện điện tử đến dưới 200 phương tiện điện tử hoặc hệ thống thông tin có từ 50 người sử dụng đến dưới 200 người sử dụng;,condition_or_rule,lam lay nhiem tu 50 phuong tien dien tu den duoi 200 phuong tien dien tu hoac he thong thong tin co tu 50 nguoi su dung den duoi 200 nguoi su dung
article_286_clause_1_point_d,article_286_clause_1,article_286,286,1,d,"Đã bị xử phạt vi phạm hành chính về hành vi này hoặc đã bị kết án về tội này, chưa được xóa án tích mà còn vi phạm.",condition_or_rule,da bi xu phat vi pham hanh chinh ve hanh vi nay hoac da bi ket an ve toi nay chua duoc xoa an tich ma con vi pham
article_286_clause_2_point_a,article_286_clause_2,article_286,286,2,a,Có tổ chức;,condition_or_rule,co to chuc
article_286_clause_2_point_b,article_286_clause_2,article_286,286,2,b,Thu lợi bất chính từ 200.000.000 đồng đến dưới 500.000.000 đồng;,condition_or_rule,thu loi bat chinh tu 200 000 000 dong den duoi 500 000 000 dong
article_286_clause_2_point_c,article_286_clause_2,article_286,286,2,c,Gây thiệt hại từ 300.000.000 đồng đến dưới 1.000.000.000 đồng;,condition_or_rule,gay thiet hai tu 300 000 000 dong den duoi 1 000 000 000 dong
article_286_clause_2_point_d,article_286_clause_2,article_286,286,2,d,Làm lây nhiễm từ 200 phương tiện điện tử đến dưới 500 phương tiện điện tử hoặc hệ thống thông tin có từ 200 người sử dụng đến dưới 500 người sử dụng;,condition_or_rule,lam lay nhiem tu 200 phuong tien dien tu den duoi 500 phuong tien dien tu hoac he thong thong tin co tu 200 nguoi su dung den duoi 500 nguoi su dung
article_286_clause_2_point_d,article_286_clause_2,article_286,286,2,đ,Tái phạm nguy hiểm.,condition_or_rule,tai pham nguy hiem
article_286_clause_3_point_a,article_286_clause_3,article_286,286,3,a,"Đối với hệ thống dữ liệu thuộc bí mật nhà nước; hệ thống thông tin phục vụ quốc phòng, an ninh;",condition_or_rule,doi voi he thong du lieu thuoc bi mat nha nuoc he thong thong tin phuc vu quoc phong an ninh
article_286_clause_3_point_b,article_286_clause_3,article_286,286,3,b,"Đối với cơ sở hạ tầng thông tin quốc gia; hệ thống thông tin điều hành lưới điện quốc gia; hệ thống thông tin tài chính, ngân hàng; hệ thống thông tin điều khiển giao thông;",condition_or_rule,doi voi co so ha tang thong tin quoc gia he thong thong tin dieu hanh luoi dien quoc gia he thong thong tin tai chinh ngan hang he thong thong tin dieu khien giao thong
article_286_clause_3_point_c,article_286_clause_3,article_286,286,3,c,Thu lợi bất chính 500.000.000 đồng trở lên;,condition_or_rule,thu loi bat chinh 500 000 000 dong tro len
article_286_clause_3_point_d,article_286_clause_3,article_286,286,3,d,Gây thiệt hại 1.000.000.000 đồng trở lên;,condition_or_rule,gay thiet hai 1 000 000 000 dong tro len
article_286_clause_3_point_d,article_286_clause_3,article_286,286,3,đ,Làm lây nhiễm 500 phương tiện điện tử trở lên hoặc hệ thống thông tin có từ 500 người sử dụng trở lên.,condition_or_rule,lam lay nhiem 500 phuong tien dien tu tro len hoac he thong thong tin co tu 500 nguoi su dung tro len
article_287_clause_1_point_a,article_287_clause_1,article_287,287,1,a,Thu lợi bất chính từ 50.000.000 đồng đến dưới 200.000.000 đồng;,condition_or_rule,thu loi bat chinh tu 50 000 000 dong den duoi 200 000 000 dong
article_287_clause_1_point_b,article_287_clause_1,article_287,287,1,b,Gây thiệt hại từ 100.000.000 đồng đến dưới 500.000.000 đồng;,condition_or_rule,gay thiet hai tu 100 000 000 dong den duoi 500 000 000 dong
article_287_clause_1_point_c,article_287_clause_1,article_287,287,1,c,"Làm tê liệt, gián đoạn, ngưng trệ hoạt động của mạng máy tính, mạng viễn thông, phương tiện điện tử từ 30 phút đến dưới 24 giờ hoặc từ 03 lần đến dưới 10 lần trong thời gian 24 giờ;",condition_or_rule,lam te liet gian doan ngung tre hoat dong cua mang may tinh mang vien thong phuong tien dien tu tu 30 phut den duoi 24 gio hoac tu 03 lan den duoi 10 lan trong thoi gian 24 gio
article_287_clause_1_point_d,article_287_clause_1,article_287,287,1,d,"Làm đình trệ hoạt động của cơ quan, tổ chức từ 24 giờ đến dưới 72 giờ;",condition_or_rule,lam dinh tre hoat dong cua co quan to chuc tu 24 gio den duoi 72 gio
article_287_clause_1_point_d,article_287_clause_1,article_287,287,1,đ,"Đã bị xử phạt vi phạm hành chính về hành vi này hoặc đã bị kết án về tội này, chưa được xóa án tích mà còn vi phạm.",condition_or_rule,da bi xu phat vi pham hanh chinh ve hanh vi nay hoac da bi ket an ve toi nay chua duoc xoa an tich ma con vi pham
article_287_clause_2_point_a,article_287_clause_2,article_287,287,2,a,Có tổ chức;,condition_or_rule,co to chuc
article_287_clause_2_point_b,article_287_clause_2,article_287,287,2,b,"Lợi dụng quyền quản trị mạng máy tính, mạng viễn thông;",condition_or_rule,loi dung quyen quan tri mang may tinh mang vien thong
article_287_clause_2_point_c,article_287_clause_2,article_287,287,2,c,Tái phạm nguy hiểm;,condition_or_rule,tai pham nguy hiem
article_287_clause_2_point_d,article_287_clause_2,article_287,287,2,d,Thu lợi bất chính từ 200.000.000 đồng đến dưới 1.000.000.000 đồng;,condition_or_rule,thu loi bat chinh tu 200 000 000 dong den duoi 1 000 000 000 dong
article_287_clause_2_point_d,article_287_clause_2,article_287,287,2,đ,Gây thiệt hại từ 500.000.000 đồng đến dưới 1.500.000.000 đồng;,condition_or_rule,gay thiet hai tu 500 000 000 dong den duoi 1 500 000 000 dong
article_287_clause_2_point_e,article_287_clause_2,article_287,287,2,e,"Làm tê liệt, gián đoạn, ngưng trệ hoạt động của mạng máy tính, mạng viễn thông, phương tiện điện tử từ 24 giờ đến dưới 168 giờ hoặc từ 10 lần đến dưới 50 lần trong thời gian 24 giờ;",condition_or_rule,lam te liet gian doan ngung tre hoat dong cua mang may tinh mang vien thong phuong tien dien tu tu 24 gio den duoi 168 gio hoac tu 10 lan den duoi 50 lan trong thoi gian 24 gio
article_287_clause_2_point_g,article_287_clause_2,article_287,287,2,g,"Làm đình trệ hoạt động của cơ quan, tổ chức từ 72 giờ đến dưới 168 giờ.",condition_or_rule,lam dinh tre hoat dong cua co quan to chuc tu 72 gio den duoi 168 gio
article_287_clause_3_point_a,article_287_clause_3,article_287,287,3,a,"Đối với hệ thống dữ liệu thuộc bí mật nhà nước; hệ thống thông tin phục vụ quốc phòng, an ninh;",condition_or_rule,doi voi he thong du lieu thuoc bi mat nha nuoc he thong thong tin phuc vu quoc phong an ninh
article_287_clause_3_point_b,article_287_clause_3,article_287,287,3,b,"Đối với cơ sở hạ tầng thông tin quốc gia; hệ thống thông tin điều hành lưới điện quốc gia; hệ thống thông tin tài chính, ngân hàng; hệ thống thông tin điều khiển giao thông;",condition_or_rule,doi voi co so ha tang thong tin quoc gia he thong thong tin dieu hanh luoi dien quoc gia he thong thong tin tai chinh ngan hang he thong thong tin dieu khien giao thong
article_287_clause_3_point_c,article_287_clause_3,article_287,287,3,c,Thu lợi bất chính 1.000.000.000 đồng trở lên;,condition_or_rule,thu loi bat chinh 1 000 000 000 dong tro len
article_287_clause_3_point_d,article_287_clause_3,article_287,287,3,d,Gây thiệt hại 1.500.000.000 đồng trở lên;,condition_or_rule,gay thiet hai 1 500 000 000 dong tro len
article_287_clause_3_point_d,article_287_clause_3,article_287,287,3,đ,"Làm tê liệt, gián đoạn, ngưng trệ hoạt động của mạng máy tính, mạng viễn thông, phương tiện điện tử 168 giờ trở lên hoặc 50 lần trở lên trong thời gian 24 giờ;",condition_or_rule,lam te liet gian doan ngung tre hoat dong cua mang may tinh mang vien thong phuong tien dien tu 168 gio tro len hoac 50 lan tro len trong thoi gian 24 gio
article_287_clause_3_point_e,article_287_clause_3,article_287,287,3,e,"Làm đình trệ hoạt động của cơ quan, tổ chức 168 giờ trở lên.",condition_or_rule,lam dinh tre hoat dong cua co quan to chuc 168 gio tro len
article_288_clause_1_point_a,article_288_clause_1,article_288,288,1,a,"Đưa lên mạng máy tính, mạng viễn thông những thông tin trái với quy định của pháp luật, nếu không thuộc một trong các trường hợp quy định tại các Điều 117, 155, 156 và 326 của Bộ luật này;",condition_or_rule,dua len mang may tinh mang vien thong nhung thong tin trai voi quy dinh cua phap luat neu khong thuoc mot trong cac truong hop quy dinh tai cac dieu 117 155 156 va 326 cua bo luat nay
article_288_clause_1_point_b,article_288_clause_1,article_288,288,1,b,"Mua bán, trao đổi, tặng cho, sửa chữa, thay đổi hoặc công khai hóa thông tin riêng hợp pháp của cơ quan, tổ chức, cá nhân trên mạng máy tính, mạng viễn thông mà không được phép của chủ sở hữu thông tin đó;",condition_or_rule,mua ban trao doi tang cho sua chua thay doi hoac cong khai hoa thong tin rieng hop phap cua co quan to chuc ca nhan tren mang may tinh mang vien thong ma khong duoc phep cua chu so huu thong tin do
article_288_clause_1_point_c,article_288_clause_1,article_288,288,1,c,"Hành vi khác sử dụng trái phép thông tin trên mạng máy tính, mạng viễn thông.",condition_or_rule,hanh vi khac su dung trai phep thong tin tren mang may tinh mang vien thong
article_288_clause_2_point_a,article_288_clause_2,article_288,288,2,a,Có tổ chức;,condition_or_rule,co to chuc
article_288_clause_2_point_b,article_288_clause_2,article_288,288,2,b,"Lợi dụng quyền quản trị mạng máy tính, mạng viễn thông;",condition_or_rule,loi dung quyen quan tri mang may tinh mang vien thong
article_288_clause_2_point_c,article_288_clause_2,article_288,288,2,c,Thu lợi bất chính 200.000.000 đồng trở lên;,condition_or_rule,thu loi bat chinh 200 000 000 dong tro len
article_288_clause_2_point_d,article_288_clause_2,article_288,288,2,d,Gây thiệt hại 500.000.000 đồng trở lên;,condition_or_rule,gay thiet hai 500 000 000 dong tro len
article_288_clause_2_point_d,article_288_clause_2,article_288,288,2,đ,Xâm phạm bí mật cá nhân dẫn đến người bị xâm phạm tự sát;,condition_or_rule,xam pham bi mat ca nhan dan den nguoi bi xam pham tu sat
article_288_clause_2_point_e,article_288_clause_2,article_288,288,2,e,"Gây ảnh hưởng xấu đến an ninh, trật tự, an toàn xã hội hoặc quan hệ đối ngoại của Việt Nam;",condition_or_rule,gay anh huong xau den an ninh trat tu an toan xa hoi hoac quan he doi ngoai cua viet nam
article_288_clause_2_point_g,article_288_clause_2,article_288,288,2,g,Dẫn đến biểu tình.,condition_or_rule,dan den bieu tinh
article_289_clause_2_point_a,article_289_clause_2,article_289,289,2,a,Có tổ chức;,condition_or_rule,co to chuc
article_289_clause_2_point_b,article_289_clause_2,article_289,289,2,b,"Lợi dụng chức vụ, quyền hạn;",condition_or_rule,loi dung chuc vu quyen han
article_289_clause_2_point_c,article_289_clause_2,article_289,289,2,c,Thu lợi bất chính từ 200.000.000 đồng đến dưới 500.000.000 đồng;,condition_or_rule,thu loi bat chinh tu 200 000 000 dong den duoi 500 000 000 dong
article_289_clause_2_point_d,article_289_clause_2,article_289,289,2,d,Gây thiệt hại từ 300.000.000 đồng đến dưới 1.000.000.000 đồng;,condition_or_rule,gay thiet hai tu 300 000 000 dong den duoi 1 000 000 000 dong
article_289_clause_2_point_d,article_289_clause_2,article_289,289,2,đ,"Đối với trạm trung chuyển internet quốc gia, hệ thống cơ sở dữ liệu tên miền và hệ thống máy chủ tên miền quốc gia;",condition_or_rule,doi voi tram trung chuyen internet quoc gia he thong co so du lieu ten mien va he thong may chu ten mien quoc gia
article_289_clause_2_point_e,article_289_clause_2,article_289,289,2,e,Tái phạm nguy hiểm.,condition_or_rule,tai pham nguy hiem
article_289_clause_3_point_a,article_289_clause_3,article_289,289,3,a,"Đối với hệ thống dữ liệu thuộc bí mật nhà nước; hệ thống thông tin phục vụ quốc phòng, an ninh;",condition_or_rule,doi voi he thong du lieu thuoc bi mat nha nuoc he thong thong tin phuc vu quoc phong an ninh
article_289_clause_3_point_b,article_289_clause_3,article_289,289,3,b,"Đối với cơ sở hạ tầng thông tin quốc gia; hệ thống thông tin điều hành lưới điện quốc gia; hệ thống thông tin tài chính, ngân hàng; hệ thống thông tin điều khiển giao thông;",condition_or_rule,doi voi co so ha tang thong tin quoc gia he thong thong tin dieu hanh luoi dien quoc gia he thong thong tin tai chinh ngan hang he thong thong tin dieu khien giao thong
article_289_clause_3_point_c,article_289_clause_3,article_289,289,3,c,Thu lợi bất chính 500.000.000 đồng trở lên;,condition_or_rule,thu loi bat chinh 500 000 000 dong tro len
article_289_clause_3_point_d,article_289_clause_3,article_289,289,3,d,Gây thiệt hại 1.000.000.000 đồng trở lên.,condition_or_rule,gay thiet hai 1 000 000 000 dong tro len
article_290_clause_1_point_a,article_290_clause_1,article_290,290,1,a,"Sử dụng thông tin về tài khoản, thẻ ngân hàng của cơ quan, tổ chức, cá nhân để chiếm đoạt tài sản của chủ tài khoản, chủ thẻ hoặc thanh toán hàng hóa, dịch vụ;",condition_or_rule,su dung thong tin ve tai khoan the ngan hang cua co quan to chuc ca nhan de chiem doat tai san cua chu tai khoan chu the hoac thanh toan hang hoa dich vu
article_290_clause_1_point_b,article_290_clause_1,article_290,290,1,b,"Làm, tàng trữ, mua bán, sử dụng, lưu hành thẻ ngân hàng giả nhằm chiếm đoạt tài sản của chủ tài khoản, chủ thẻ hoặc thanh toán hàng hóa, dịch vụ;",condition_or_rule,lam tang tru mua ban su dung luu hanh the ngan hang gia nham chiem doat tai san cua chu tai khoan chu the hoac thanh toan hang hoa dich vu
article_290_clause_1_point_c,article_290_clause_1,article_290,290,1,c,"Truy cập bất hợp pháp vào tài khoản của cơ quan, tổ chức, cá nhân nhằm chiếm đoạt tài sản;",condition_or_rule,truy cap bat hop phap vao tai khoan cua co quan to chuc ca nhan nham chiem doat tai san
article_290_clause_1_point_d,article_290_clause_1,article_290,290,1,d,"Lừa đảo trong thương mại điện tử, thanh toán điện tử, kinh doanh tiền tệ, huy động vốn, kinh doanh đa cấp hoặc giao dịch chứng khoán qua mạng nhằm chiếm đoạt tài sản;",condition_or_rule,lua dao trong thuong mai dien tu thanh toan dien tu kinh doanh tien te huy dong von kinh doanh da cap hoac giao dich chung khoan qua mang nham chiem doat tai san
article_290_clause_1_point_d,article_290_clause_1,article_290,290,1,đ,"Thiết lập, cung cấp trái phép dịch vụ viễn thông, internet nhằm chiếm đoạt tài sản.",condition_or_rule,thiet lap cung cap trai phep dich vu vien thong internet nham chiem doat tai san
article_290_clause_2_point_a,article_290_clause_2,article_290,290,2,a,Có tổ chức;,condition_or_rule,co to chuc
article_290_clause_2_point_b,article_290_clause_2,article_290,290,2,b,Phạm tội 02 lần trở lên;,condition_or_rule,pham toi 02 lan tro len
article_290_clause_2_point_c,article_290_clause_2,article_290,290,2,c,Có tính chất chuyên nghiệp;,condition_or_rule,co tinh chat chuyen nghiep
article_290_clause_2_point_d,article_290_clause_2,article_290,290,2,d,Số lượng thẻ giả từ 50 thẻ đến dưới 200 thẻ;,condition_or_rule,so luong the gia tu 50 the den duoi 200 the
article_290_clause_2_point_d,article_290_clause_2,article_290,290,2,đ,Chiếm đoạt tài sản trị giá từ 50.000.000 đồng đến dưới 200.000.000 đồng;,condition_or_rule,chiem doat tai san tri gia tu 50 000 000 dong den duoi 200 000 000 dong
article_290_clause_2_point_e,article_290_clause_2,article_290,290,2,e,Gây thiệt hại từ 50.000.000 đồng đến dưới 300.000.000 đồng;,condition_or_rule,gay thiet hai tu 50 000 000 dong den duoi 300 000 000 dong
article_290_clause_2_point_g,article_290_clause_2,article_290,290,2,g,Tái phạm nguy hiểm.,condition_or_rule,tai pham nguy hiem
article_290_clause_3_point_a,article_290_clause_3,article_290,290,3,a,Chiếm đoạt tài sản trị giá từ 200.000.000 đồng đến dưới 500.000.000 đồng;,condition_or_rule,chiem doat tai san tri gia tu 200 000 000 dong den duoi 500 000 000 dong
article_290_clause_3_point_b,article_290_clause_3,article_290,290,3,b,Gây thiệt hại từ 300.000.000 đồng đến dưới 500.000.000 đồng;,condition_or_rule,gay thiet hai tu 300 000 000 dong den duoi 500 000 000 dong
article_290_clause_3_point_c,article_290_clause_3,article_290,290,3,c,Số lượng thẻ giả từ 200 thẻ đến dưới 500 thẻ.,condition_or_rule,so luong the gia tu 200 the den duoi 500 the
article_290_clause_4_point_a,article_290_clause_4,article_290,290,4,a,Chiếm đoạt tài sản trị giá 500.000.000 đồng trở lên;,condition_or_rule,chiem doat tai san tri gia 500 000 000 dong tro len
article_290_clause_4_point_b,article_290_clause_4,article_290,290,4,b,Gây thiệt hại 500.000.000 đồng trở lên;,condition_or_rule,gay thiet hai 500 000 000 dong tro len
article_290_clause_4_point_c,article_290_clause_4,article_290,290,4,c,Số lượng thẻ giả 500 thẻ trở lên.,condition_or_rule,so luong the gia 500 the tro len
article_291_clause_2_point_a,article_291_clause_2,article_291,291,2,a,"Thu thập, tàng trữ, trao đổi, mua bán, công khai hóa trái phép thông tin về tài khoản ngân hàng của người khác với số lượng từ 50 tài khoản đến dưới 200 tài khoản;",condition_or_rule,thu thap tang tru trao doi mua ban cong khai hoa trai phep thong tin ve tai khoan ngan hang cua nguoi khac voi so luong tu 50 tai khoan den duoi 200 tai khoan
article_291_clause_2_point_b,article_291_clause_2,article_291,291,2,b,Có tổ chức;,condition_or_rule,co to chuc
article_291_clause_2_point_c,article_291_clause_2,article_291,291,2,c,Có tính chất chuyên nghiệp;,condition_or_rule,co tinh chat chuyen nghiep
article_291_clause_2_point_d,article_291_clause_2,article_291,291,2,d,Thu lợi bất chính từ 50.000.000 đồng đến dưới 200.000.000 đồng;,condition_or_rule,thu loi bat chinh tu 50 000 000 dong den duoi 200 000 000 dong
article_291_clause_2_point_d,article_291_clause_2,article_291,291,2,đ,Tái phạm nguy hiểm.,condition_or_rule,tai pham nguy hiem
article_291_clause_3_point_a,article_291_clause_3,article_291,291,3,a,"Thu thập, tàng trữ, trao đổi, mua bán, công khai hóa trái phép thông tin về tài khoản ngân hàng của người khác với số lượng 200 tài khoản trở lên;",condition_or_rule,thu thap tang tru trao doi mua ban cong khai hoa trai phep thong tin ve tai khoan ngan hang cua nguoi khac voi so luong 200 tai khoan tro len
article_291_clause_3_point_b,article_291_clause_3,article_291,291,3,b,Thu lợi bất chính 200.000.000 đồng trở lên.,condition_or_rule,thu loi bat chinh 200 000 000 dong tro len
article_293_clause_2_point_a,article_293_clause_2,article_293,293,2,a,Có tổ chức;,condition_or_rule,co to chuc
article_293_clause_2_point_b,article_293_clause_2,article_293,293,2,b,Gây thiệt hại 500.000.000 đồng trở lên;,condition_or_rule,gay thiet hai 500 000 000 dong tro len
article_293_clause_2_point_c,article_293_clause_2,article_293,293,2,c,Tái phạm nguy hiểm.,condition_or_rule,tai pham nguy hiem
article_294_clause_2_point_a,article_294_clause_2,article_294,294,2,a,Có tổ chức;,condition_or_rule,co to chuc
article_294_clause_2_point_b,article_294_clause_2,article_294,294,2,b,Gây thiệt hại 500.000.000 đồng trở lên;,condition_or_rule,gay thiet hai 500 000 000 dong tro len
article_294_clause_2_point_c,article_294_clause_2,article_294,294,2,c,Tái phạm nguy hiểm.,condition_or_rule,tai pham nguy hiem
article_295_clause_1_point_a,article_295_clause_1,article_295,295,1,a,Làm chết người;,condition_or_rule,lam chet nguoi
article_295_clause_1_point_b,article_295_clause_1,article_295,295,1,b,Gây thương tích hoặc gây tổn hại cho sức khỏe của 01 người mà tỷ lệ tổn thương cơ thể 61% trở lên;,condition_or_rule,gay thuong tich hoac gay ton hai cho suc khoe cua 01 nguoi ma ty le ton thuong co the 61 tro len
article_295_clause_1_point_c,article_295_clause_1,article_295,295,1,c,Gây thương tích hoặc gây tổn hại cho sức khỏe của 02 người trở lên mà tổng tỷ lệ tổn thương cơ thể của những người này từ 61% đến 121%;,condition_or_rule,gay thuong tich hoac gay ton hai cho suc khoe cua 02 nguoi tro len ma tong ty le ton thuong co the cua nhung nguoi nay tu 61 den 121
article_295_clause_1_point_d,article_295_clause_1,article_295,295,1,d,Gây thiệt hại về tài sản từ 100.000.000 đồng đến dưới 500.000.000 đồng.,condition_or_rule,gay thiet hai ve tai san tu 100 000 000 dong den duoi 500 000 000 dong
article_295_clause_2_point_a,article_295_clause_2,article_295,295,2,a,Làm chết 02 người;,condition_or_rule,lam chet 02 nguoi
article_295_clause_2_point_b,article_295_clause_2,article_295,295,2,b,Gây thương tích hoặc gây tổn hại cho sức khỏe của 02 người trở lên mà tổng tỷ lệ tổn thương cơ thể của những người này từ 122% đến 200%;,condition_or_rule,gay thuong tich hoac gay ton hai cho suc khoe cua 02 nguoi tro len ma tong ty le ton thuong co the cua nhung nguoi nay tu 122 den 200
article_295_clause_2_point_c,article_295_clause_2,article_295,295,2,c,Gây thiệt hại về tài sản từ 500.000.000 đồng đến dưới 1.500.000.000 đồng;,condition_or_rule,gay thiet hai ve tai san tu 500 000 000 dong den duoi 1 500 000 000 dong
article_295_clause_2_point_d,article_295_clause_2,article_295,295,2,d,"Là người có trách nhiệm về an toàn lao động, vệ sinh lao động, về an toàn ở nơi đông người.",definition_or_list,la nguoi co trach nhiem ve an toan lao dong ve sinh lao dong ve an toan o noi dong nguoi
article_295_clause_3_point_a,article_295_clause_3,article_295,295,3,a,Làm chết 03 người trở lên;,condition_or_rule,lam chet 03 nguoi tro len
article_295_clause_3_point_b,article_295_clause_3,article_295,295,3,b,Gây thương tích hoặc gây tổn hại cho sức khỏe của 03 người trở lên mà tổng tỷ lệ tổn thương cơ thể của những người này 201% trở lên;,condition_or_rule,gay thuong tich hoac gay ton hai cho suc khoe cua 03 nguoi tro len ma tong ty le ton thuong co the cua nhung nguoi nay 201 tro len
article_295_clause_3_point_c,article_295_clause_3,article_295,295,3,c,Gây thiệt hại về tài sản 1.500.000.000 đồng trở lên.,condition_or_rule,gay thiet hai ve tai san 1 500 000 000 dong tro len
article_296_clause_1_point_a,article_296_clause_1,article_296,296,1,a,"Đã bị xử phạt vi phạm hành chính về hành vi này hoặc đã bị kết án về tội này, chưa được xóa án tích mà còn vi phạm;",condition_or_rule,da bi xu phat vi pham hanh chinh ve hanh vi nay hoac da bi ket an ve toi nay chua duoc xoa an tich ma con vi pham
article_296_clause_1_point_b,article_296_clause_1,article_296,296,1,b,Gây thương tích hoặc gây tổn hại cho sức khỏe của người khác mà tỷ lệ tổn thương cơ thể từ 31% đến 60%;,condition_or_rule,gay thuong tich hoac gay ton hai cho suc khoe cua nguoi khac ma ty le ton thuong co the tu 31 den 60
article_296_clause_1_point_c,article_296_clause_1,article_296,296,1,c,Gây thương tích hoặc gây tổn hại cho sức khỏe của 02 người trở lên mà tổng tỷ lệ tổn thương cơ thể của những người này từ 31% đến 60%.,condition_or_rule,gay thuong tich hoac gay ton hai cho suc khoe cua 02 nguoi tro len ma tong ty le ton thuong co the cua nhung nguoi nay tu 31 den 60
article_296_clause_2_point_a,article_296_clause_2,article_296,296,2,a,Phạm tội 02 lần trở lên;,condition_or_rule,pham toi 02 lan tro len
article_296_clause_2_point_b,article_296_clause_2,article_296,296,2,b,Làm chết người;,condition_or_rule,lam chet nguoi
article_296_clause_2_point_c,article_296_clause_2,article_296,296,2,c,Gây thương tích hoặc gây tổn hại cho sức khỏe của người khác mà tỷ lệ tổn thương cơ thể 61% trở lên;,condition_or_rule,gay thuong tich hoac gay ton hai cho suc khoe cua nguoi khac ma ty le ton thuong co the 61 tro len
article_296_clause_2_point_d,article_296_clause_2,article_296,296,2,d,Gây thương tích hoặc gây tổn hại cho sức khỏe của 02 người trở lên mà tổng tỷ lệ tổn thương cơ thể của những người này từ 61% đến 121%.,condition_or_rule,gay thuong tich hoac gay ton hai cho suc khoe cua 02 nguoi tro len ma tong ty le ton thuong co the cua nhung nguoi nay tu 61 den 121
article_296_clause_3_point_a,article_296_clause_3,article_296,296,3,a,Làm chết 02 người trở lên;,condition_or_rule,lam chet 02 nguoi tro len
article_296_clause_3_point_b,article_296_clause_3,article_296,296,3,b,Gây thương tích hoặc gây tổn hại cho sức khỏe của 02 người trở lên mà tổng tỷ lệ tổn thương cơ thể của những người này 122% trở lên.,condition_or_rule,gay thuong tich hoac gay ton hai cho suc khoe cua 02 nguoi tro len ma tong ty le ton thuong co the cua nhung nguoi nay 122 tro len
article_297_clause_1_point_a,article_297_clause_1,article_297,297,1,a,"Đã bị xử phạt vi phạm hành chính về hành vi này hoặc đã bị kết án về tội này, chưa được xóa án tích mà còn vi phạm;",condition_or_rule,da bi xu phat vi pham hanh chinh ve hanh vi nay hoac da bi ket an ve toi nay chua duoc xoa an tich ma con vi pham
article_297_clause_1_point_b,article_297_clause_1,article_297,297,1,b,Gây thương tích hoặc gây tổn hại cho sức khỏe của 01 người mà tỷ lệ tổn thương cơ thể từ 31% đến 60%;,condition_or_rule,gay thuong tich hoac gay ton hai cho suc khoe cua 01 nguoi ma ty le ton thuong co the tu 31 den 60
article_297_clause_1_point_c,article_297_clause_1,article_297,297,1,c,Gây thương tích hoặc gây tổn hại cho sức khỏe của 02 người trở lên mà tổng tỷ lệ tổn thương cơ thể của những người này từ 31% đến 60%.,condition_or_rule,gay thuong tich hoac gay ton hai cho suc khoe cua 02 nguoi tro len ma tong ty le ton thuong co the cua nhung nguoi nay tu 31 den 60
article_297_clause_2_point_a,article_297_clause_2,article_297,297,2,a,Có tổ chức;,condition_or_rule,co to chuc
article_297_clause_2_point_b,article_297_clause_2,article_297,297,2,b,"Đối với người dưới 16 tuổi, phụ nữ mà biết là có thai, người già yếu, người khuyết tật nặng hoặc khuyết tật đặc biệt nặng;",definition_or_list,doi voi nguoi duoi 16 tuoi phu nu ma biet la co thai nguoi gia yeu nguoi khuyet tat nang hoac khuyet tat dac biet nang
article_297_clause_2_point_c,article_297_clause_2,article_297,297,2,c,Làm chết người;,condition_or_rule,lam chet nguoi
article_297_clause_2_point_d,article_297_clause_2,article_297,297,2,d,Gây thương tích hoặc gây tổn hại cho sức khỏe của 01 người mà tỷ lệ tổn thương cơ thể 61% trở lên;,condition_or_rule,gay thuong tich hoac gay ton hai cho suc khoe cua 01 nguoi ma ty le ton thuong co the 61 tro len
article_297_clause_2_point_d,article_297_clause_2,article_297,297,2,đ,Gây thương tích hoặc gây tổn hại cho sức khỏe của 02 người trở lên mà tổng tỷ lệ tổn thương cơ thể của những người này từ 61% đến 121%;,condition_or_rule,gay thuong tich hoac gay ton hai cho suc khoe cua 02 nguoi tro len ma tong ty le ton thuong co the cua nhung nguoi nay tu 61 den 121
article_297_clause_2_point_e,article_297_clause_2,article_297,297,2,e,Tái phạm nguy hiểm.,condition_or_rule,tai pham nguy hiem
article_297_clause_3_point_a,article_297_clause_3,article_297,297,3,a,Làm chết 02 người trở lên;,condition_or_rule,lam chet 02 nguoi tro len
article_297_clause_3_point_b,article_297_clause_3,article_297,297,3,b,Gây thương tích hoặc gây tổn hại cho sức khỏe của 02 người trở lên mà tổng tỷ lệ tổn thương cơ thể của những người này 122% trở lên.,condition_or_rule,gay thuong tich hoac gay ton hai cho suc khoe cua 02 nguoi tro len ma tong ty le ton thuong co the cua nhung nguoi nay 122 tro len
article_298_clause_1_point_a,article_298_clause_1,article_298,298,1,a,Làm chết người;,condition_or_rule,lam chet nguoi
article_298_clause_1_point_b,article_298_clause_1,article_298,298,1,b,Gây thương tích hoặc gây tổn hại cho sức khỏe của người khác mà tỷ lệ tổn thương cơ thể 61% trở lên;,condition_or_rule,gay thuong tich hoac gay ton hai cho suc khoe cua nguoi khac ma ty le ton thuong co the 61 tro len
article_298_clause_1_point_c,article_298_clause_1,article_298,298,1,c,Gây thương tích hoặc gây tổn hại cho sức khỏe của 02 người trở lên mà tổng tỷ lệ tổn thương cơ thể của những người này từ 61% đến 121%;,condition_or_rule,gay thuong tich hoac gay ton hai cho suc khoe cua 02 nguoi tro len ma tong ty le ton thuong co the cua nhung nguoi nay tu 61 den 121
article_298_clause_1_point_d,article_298_clause_1,article_298,298,1,d,Gây thiệt hại về tài sản từ 100.000.000 đồng đến dưới 500.000.000 đồng.,condition_or_rule,gay thiet hai ve tai san tu 100 000 000 dong den duoi 500 000 000 dong
article_298_clause_2_point_a,article_298_clause_2,article_298,298,2,a,Làm chết 02 người;,condition_or_rule,lam chet 02 nguoi
article_298_clause_2_point_b,article_298_clause_2,article_298,298,2,b,Gây thương tích hoặc gây tổn hại cho sức khỏe của 02 người trở lên mà tổng tỷ lệ tổn thương cơ thể của những người này từ 122% đến 200%;,condition_or_rule,gay thuong tich hoac gay ton hai cho suc khoe cua 02 nguoi tro len ma tong ty le ton thuong co the cua nhung nguoi nay tu 122 den 200
article_298_clause_2_point_c,article_298_clause_2,article_298,298,2,c,Gây thiệt hại về tài sản từ 500.000.000 đồng đến dưới 1.500.000.000 đồng.,condition_or_rule,gay thiet hai ve tai san tu 500 000 000 dong den duoi 1 500 000 000 dong
article_298_clause_3_point_a,article_298_clause_3,article_298,298,3,a,Làm chết 03 người trở lên;,condition_or_rule,lam chet 03 nguoi tro len
article_298_clause_3_point_b,article_298_clause_3,article_298,298,3,b,Gây thương tích hoặc gây tổn hại cho sức khỏe của 03 người trở lên mà tổng tỷ lệ tổn thương cơ thể của những người này 201% trở lên;,condition_or_rule,gay thuong tich hoac gay ton hai cho suc khoe cua 03 nguoi tro len ma tong ty le ton thuong co the cua nhung nguoi nay 201 tro len
article_298_clause_3_point_c,article_298_clause_3,article_298,298,3,c,Gây thiệt hại về tài sản 1.500.000.000 đồng trở lên.,condition_or_rule,gay thiet hai ve tai san 1 500 000 000 dong tro len
article_299_clause_2_point_a,article_299_clause_2,article_299,299,2,a,"Thành lập, tham gia tổ chức khủng bố, tổ chức tài trợ khủng bố;",condition_or_rule,thanh lap tham gia to chuc khung bo to chuc tai tro khung bo
article_299_clause_2_point_b,article_299_clause_2,article_299,299,2,b,"Cưỡng ép, lôi kéo, tuyển mộ, đào tạo, huấn luyện phần tử khủng bố; chế tạo, cung cấp vũ khí cho phần tử khủng bố;",condition_or_rule,cuong ep loi keo tuyen mo dao tao huan luyen phan tu khung bo che tao cung cap vu khi cho phan tu khung bo
article_299_clause_2_point_c,article_299_clause_2,article_299,299,2,c,"Xâm phạm tự do thân thể, sức khỏe hoặc chiếm giữ, làm hư hại tài sản của cơ quan, tổ chức, cá nhân.",condition_or_rule,xam pham tu do than the suc khoe hoac chiem giu lam hu hai tai san cua co quan to chuc ca nhan
article_299_clause_2_point_d,article_299_clause_2,article_299,299,2,d,"Tấn công, xâm hại, cản trở, gây rối loạn hoạt động của mạng máy tính, mạng viễn thông, phương tiện điện tử của cơ quan, tổ chức, cá nhân.",condition_or_rule,tan cong xam hai can tro gay roi loan hoat dong cua mang may tinh mang vien thong phuong tien dien tu cua co quan to chuc ca nhan
article_300_clause_4_point_a,article_300_clause_4,article_300,300,4,a,"Phạm tội thuộc trường hợp quy định tại khoản 1 Điều này, thì bị phạt tiền từ 7.000.000.000 đồng đến 15.000.000.000 đồng hoặc đình chỉ hoạt động có thời hạn từ 06 tháng đến 03 năm;",penalty_frame,pham toi thuoc truong hop quy dinh tai khoan 1 dieu nay thi bi phat tien tu 7 000 000 000 dong den 15 000 000 000 dong hoac dinh chi hoat dong co thoi han tu 06 thang den 03 nam
article_300_clause_4_point_b,article_300_clause_4,article_300,300,4,b,"Phạm tội thuộc trường hợp quy định tại Điều 79 của Bộ luật này, thì bị đình chỉ hoạt động vĩnh viễn;",condition_or_rule,pham toi thuoc truong hop quy dinh tai dieu 79 cua bo luat nay thi bi dinh chi hoat dong vinh vien
article_300_clause_4_point_c,article_300_clause_4,article_300,300,4,c,"Pháp nhân thương mại còn có thể bị phạt tiền từ 1.000.000.000 đồng đến 5.000.000.000 đồng, cấm kinh doanh, cấm hoạt động trong một số lĩnh vực nhất định hoặc cấm huy động vốn từ 01 năm đến 03 năm.",penalty_frame,phap nhan thuong mai con co the bi phat tien tu 1 000 000 000 dong den 5 000 000 000 dong cam kinh doanh cam hoat dong trong mot so linh vuc nhat dinh hoac cam huy dong von tu 01 nam den 03 nam
article_301_clause_2_point_a,article_301_clause_2,article_301,301,2,a,Có tổ chức;,condition_or_rule,co to chuc
article_301_clause_2_point_b,article_301_clause_2,article_301,301,2,b,"Lợi dụng chức vụ, quyền hạn;",condition_or_rule,loi dung chuc vu quyen han
article_301_clause_2_point_c,article_301_clause_2,article_301,301,2,c,"Đối với người dưới 18 tuổi, phụ nữ mà biết là có thai, người đủ 70 tuổi trở lên;",definition_or_list,doi voi nguoi duoi 18 tuoi phu nu ma biet la co thai nguoi du 70 tuoi tro len
article_301_clause_2_point_d,article_301_clause_2,article_301,301,2,d,Đối với người đang thi hành công vụ;,condition_or_rule,doi voi nguoi dang thi hanh cong vu
article_301_clause_2_point_d,article_301_clause_2,article_301,301,2,đ,Gây hậu quả nghiêm trọng.,condition_or_rule,gay hau qua nghiem trong
article_302_clause_1_point_a,article_302_clause_1,article_302,302,1,a,"Tấn công tàu biển, phương tiện bay hoặc phương tiện hàng hải khác đang ở biển cả hoặc ở nơi không thuộc quyền tài phán của quốc gia nào;",condition_or_rule,tan cong tau bien phuong tien bay hoac phuong tien hang hai khac dang o bien ca hoac o noi khong thuoc quyen tai phan cua quoc gia nao
article_302_clause_1_point_b,article_302_clause_1,article_302,302,1,b,"Tấn công hoặc bắt giữ người trên tàu biển, phương tiện bay hoặc phương tiện hàng hải khác quy định tại điểm a khoản này;",condition_or_rule,tan cong hoac bat giu nguoi tren tau bien phuong tien bay hoac phuong tien hang hai khac quy dinh tai diem a khoan nay
article_302_clause_1_point_c,article_302_clause_1,article_302,302,1,c,"Cướp phá tài sản trên tàu biển, phương tiện bay hoặc phương tiện hàng hải khác quy định tại điểm a khoản này.",condition_or_rule,cuop pha tai san tren tau bien phuong tien bay hoac phuong tien hang hai khac quy dinh tai diem a khoan nay
article_302_clause_2_point_a,article_302_clause_2,article_302,302,2,a,Có tổ chức;,condition_or_rule,co to chuc
article_302_clause_2_point_b,article_302_clause_2,article_302,302,2,b,Gây thương tích hoặc gây tổn hại cho sức khỏe của người khác mà tỷ lệ tổn thương cơ thể từ 11% đến 30%;,condition_or_rule,gay thuong tich hoac gay ton hai cho suc khoe cua nguoi khac ma ty le ton thuong co the tu 11 den 30
article_302_clause_2_point_c,article_302_clause_2,article_302,302,2,c,Chiếm đoạt tài sản trị giá từ 50.000.000 đồng đến dưới 200.000.000 đồng;,condition_or_rule,chiem doat tai san tri gia tu 50 000 000 dong den duoi 200 000 000 dong
article_302_clause_2_point_d,article_302_clause_2,article_302,302,2,d,Gây thiệt hại về tài sản từ 100.000.000 đồng đến dưới 500.000.000 đồng.,condition_or_rule,gay thiet hai ve tai san tu 100 000 000 dong den duoi 500 000 000 dong
article_302_clause_3_point_a,article_302_clause_3,article_302,302,3,a,Gây thương tích hoặc gây tổn hại cho sức khỏe của người khác mà tỷ lệ tổn thương cơ thể từ 31% đến 60%;,condition_or_rule,gay thuong tich hoac gay ton hai cho suc khoe cua nguoi khac ma ty le ton thuong co the tu 31 den 60
article_302_clause_3_point_b,article_302_clause_3,article_302,302,3,b,Chiếm đoạt tài sản trị giá từ 200.000.000 đồng đến dưới 500.000.000 đồng;,condition_or_rule,chiem doat tai san tri gia tu 200 000 000 dong den duoi 500 000 000 dong
article_302_clause_3_point_c,article_302_clause_3,article_302,302,3,c,Gây thiệt hại về tài sản từ 500.000.000 đồng đến dưới 1.000.000.000 đồng.,condition_or_rule,gay thiet hai ve tai san tu 500 000 000 dong den duoi 1 000 000 000 dong
article_302_clause_4_point_a,article_302_clause_4,article_302,302,4,a,Làm chết người;,condition_or_rule,lam chet nguoi
article_302_clause_4_point_b,article_302_clause_4,article_302,302,4,b,Gây thương tích hoặc gây tổn hại cho sức khỏe của người khác mà tỷ lệ tổn thương cơ thể 61% trở lên;,condition_or_rule,gay thuong tich hoac gay ton hai cho suc khoe cua nguoi khac ma ty le ton thuong co the 61 tro len
article_302_clause_4_point_c,article_302_clause_4,article_302,302,4,c,Gây thương tích hoặc gây tổn hại cho sức khỏe của 02 người trở lên mà tỷ lệ tổn thương cơ thể của mỗi người 31% trở lên;,condition_or_rule,gay thuong tich hoac gay ton hai cho suc khoe cua 02 nguoi tro len ma ty le ton thuong co the cua moi nguoi 31 tro len
article_302_clause_4_point_d,article_302_clause_4,article_302,302,4,d,Chiếm đoạt tài sản trị giá 500.000.000 đồng trở lên;,condition_or_rule,chiem doat tai san tri gia 500 000 000 dong tro len
article_302_clause_4_point_d,article_302_clause_4,article_302,302,4,đ,Gây thiệt hại về tài sản 1.000.000.000 đồng trở lên.,condition_or_rule,gay thiet hai ve tai san 1 000 000 000 dong tro len
article_303_clause_2_point_a,article_303_clause_2,article_303,303,2,a,Có tổ chức;,condition_or_rule,co to chuc
article_303_clause_2_point_b,article_303_clause_2,article_303,303,2,b,"Làm công trình, cơ sở, phương tiện quan trọng về an ninh quốc gia hư hỏng, ngưng hoạt động;",condition_or_rule,lam cong trinh co so phuong tien quan trong ve an ninh quoc gia hu hong ngung hoat dong
article_303_clause_2_point_c,article_303_clause_2,article_303,303,2,c,Làm chết 03 người trở lên;,condition_or_rule,lam chet 03 nguoi tro len
article_303_clause_2_point_d,article_303_clause_2,article_303,303,2,d,Gây thương tích hoặc gây tổn hại cho sức khỏe của 03 người trở lên mà tổng tỷ lệ tổn thương cơ thể của những người này 201% trở lên;,condition_or_rule,gay thuong tich hoac gay ton hai cho suc khoe cua 03 nguoi tro len ma tong ty le ton thuong co the cua nhung nguoi nay 201 tro len
article_303_clause_2_point_d,article_303_clause_2,article_303,303,2,đ,Gây thiệt hại về tài sản 1.500.000.000 đồng trở lên;,condition_or_rule,gay thiet hai ve tai san 1 500 000 000 dong tro len
article_303_clause_2_point_e,article_303_clause_2,article_303,303,2,e,Gây ảnh hưởng xấu đến tình hình kinh tế - xã hội;,condition_or_rule,gay anh huong xau den tinh hinh kinh te xa hoi
article_303_clause_2_point_g,article_303_clause_2,article_303,303,2,g,Tái phạm nguy hiểm.,condition_or_rule,tai pham nguy hiem
article_304_clause_2_point_a,article_304_clause_2,article_304,304,2,a,Có tổ chức;,condition_or_rule,co to chuc
article_304_clause_2_point_b,article_304_clause_2,article_304,304,2,b,"Vận chuyển, mua bán qua biên giới;",condition_or_rule,van chuyen mua ban qua bien gioi
article_304_clause_2_point_c,article_304_clause_2,article_304,304,2,c,Làm chết người;,condition_or_rule,lam chet nguoi
article_304_clause_2_point_d,article_304_clause_2,article_304,304,2,d,Gây thương tích hoặc gây tổn hại cho sức khỏe của người khác mà tỷ lệ tổn thương cơ thể 61% trở lên;,condition_or_rule,gay thuong tich hoac gay ton hai cho suc khoe cua nguoi khac ma ty le ton thuong co the 61 tro len
article_304_clause_2_point_d,article_304_clause_2,article_304,304,2,đ,Gây thương tích hoặc gây tổn hại cho sức khỏe của 02 người trở lên mà tổng tỷ lệ tổn thương cơ thể của những người này từ 61% đến 121%;,condition_or_rule,gay thuong tich hoac gay ton hai cho suc khoe cua 02 nguoi tro len ma tong ty le ton thuong co the cua nhung nguoi nay tu 61 den 121
article_304_clause_2_point_e,article_304_clause_2,article_304,304,2,e,Gây thiệt hại về tài sản từ 100.000.000 đồng đến dưới 500.000.000 đồng;,condition_or_rule,gay thiet hai ve tai san tu 100 000 000 dong den duoi 500 000 000 dong
article_304_clause_2_point_g,article_304_clause_2,article_304,304,2,g,Vật phạm pháp có số lượng lớn hoặc có giá trị lớn;,condition_or_rule,vat pham phap co so luong lon hoac co gia tri lon
article_304_clause_2_point_h,article_304_clause_2,article_304,304,2,h,Tái phạm nguy hiểm.,condition_or_rule,tai pham nguy hiem
article_304_clause_3_point_a,article_304_clause_3,article_304,304,3,a,Làm chết 02 người;,condition_or_rule,lam chet 02 nguoi
article_304_clause_3_point_b,article_304_clause_3,article_304,304,3,b,Gây thương tích hoặc gây tổn hại cho sức khỏe của 02 người trở lên mà tổng tỷ lệ tổn thương cơ thể của những người này từ 122% đến 200%;,condition_or_rule,gay thuong tich hoac gay ton hai cho suc khoe cua 02 nguoi tro len ma tong ty le ton thuong co the cua nhung nguoi nay tu 122 den 200
article_304_clause_3_point_c,article_304_clause_3,article_304,304,3,c,Gây thiệt hại về tài sản từ 500.000.000 đồng đến dưới 1.500.000.000 đồng;,condition_or_rule,gay thiet hai ve tai san tu 500 000 000 dong den duoi 1 500 000 000 dong
article_304_clause_3_point_d,article_304_clause_3,article_304,304,3,d,Vật phạm pháp có số lượng rất lớn hoặc có giá trị rất lớn.,condition_or_rule,vat pham phap co so luong rat lon hoac co gia tri rat lon
article_304_clause_4_point_a,article_304_clause_4,article_304,304,4,a,Làm chết 03 người trở lên;,condition_or_rule,lam chet 03 nguoi tro len
article_304_clause_4_point_b,article_304_clause_4,article_304,304,4,b,Gây thương tích hoặc gây tổn hại cho sức khỏe của 03 người trở lên mà tổng tỷ lệ tổn thương cơ thể của những người này 201% trở lên;,condition_or_rule,gay thuong tich hoac gay ton hai cho suc khoe cua 03 nguoi tro len ma tong ty le ton thuong co the cua nhung nguoi nay 201 tro len
article_304_clause_4_point_c,article_304_clause_4,article_304,304,4,c,Gây thiệt hại về tài sản 1.500.000.000 đồng trở lên;,condition_or_rule,gay thiet hai ve tai san 1 500 000 000 dong tro len
article_304_clause_4_point_d,article_304_clause_4,article_304,304,4,d,Vật phạm pháp có số lượng đặc biệt lớn hoặc có giá trị đặc biệt lớn.,condition_or_rule,vat pham phap co so luong dac biet lon hoac co gia tri dac biet lon
article_305_clause_2_point_a,article_305_clause_2,article_305,305,2,a,Có tổ chức;,condition_or_rule,co to chuc
article_305_clause_2_point_b,article_305_clause_2,article_305,305,2,b,Thuốc nổ các loại từ 10 kilôgam đến dưới 30 kilôgam;,condition_or_rule,thuoc no cac loai tu 10 kilogam den duoi 30 kilogam
article_305_clause_2_point_c,article_305_clause_2,article_305,305,2,c,Các loại phụ kiện nổ có số lượng lớn;,condition_or_rule,cac loai phu kien no co so luong lon
article_305_clause_2_point_d,article_305_clause_2,article_305,305,2,d,"Vận chuyển, mua bán qua biên giới;",condition_or_rule,van chuyen mua ban qua bien gioi
article_305_clause_2_point_d,article_305_clause_2,article_305,305,2,đ,Làm chết người;,condition_or_rule,lam chet nguoi
article_305_clause_2_point_e,article_305_clause_2,article_305,305,2,e,Gây thương tích hoặc gây tổn hại cho sức khỏe của người khác mà tỷ lệ tổn thương cơ thể 61% trở lên;,condition_or_rule,gay thuong tich hoac gay ton hai cho suc khoe cua nguoi khac ma ty le ton thuong co the 61 tro len
article_305_clause_2_point_g,article_305_clause_2,article_305,305,2,g,Gây thương tích hoặc gây tổn hại cho sức khỏe của 02 người trở lên mà tổng tỷ lệ tổn thương cơ thể của những người này từ 61% đến 121%;,condition_or_rule,gay thuong tich hoac gay ton hai cho suc khoe cua 02 nguoi tro len ma tong ty le ton thuong co the cua nhung nguoi nay tu 61 den 121
article_305_clause_2_point_h,article_305_clause_2,article_305,305,2,h,Gây thiệt hại về tài sản từ 100.000.000 đồng đến dưới 500.000.000 đồng;,condition_or_rule,gay thiet hai ve tai san tu 100 000 000 dong den duoi 500 000 000 dong
article_305_clause_2_point_i,article_305_clause_2,article_305,305,2,i,Tái phạm nguy hiểm.,condition_or_rule,tai pham nguy hiem
article_305_clause_3_point_a,article_305_clause_3,article_305,305,3,a,Thuốc nổ các loại từ 30 kilôgam đến dưới 100 kilôgam;,condition_or_rule,thuoc no cac loai tu 30 kilogam den duoi 100 kilogam
article_305_clause_3_point_b,article_305_clause_3,article_305,305,3,b,Các loại phụ kiện nổ có số lượng rất lớn;,condition_or_rule,cac loai phu kien no co so luong rat lon
article_305_clause_3_point_c,article_305_clause_3,article_305,305,3,c,Làm chết 02 người;,condition_or_rule,lam chet 02 nguoi
article_305_clause_3_point_d,article_305_clause_3,article_305,305,3,d,Gây thương tích hoặc gây tổn hại cho sức khỏe của 02 người trở lên mà tổng tỷ lệ tổn thương cơ thể của những người này từ 122% đến 200%;,condition_or_rule,gay thuong tich hoac gay ton hai cho suc khoe cua 02 nguoi tro len ma tong ty le ton thuong co the cua nhung nguoi nay tu 122 den 200
article_305_clause_3_point_d,article_305_clause_3,article_305,305,3,đ,Gây thiệt hại về tài sản từ 500.000.000 đồng đến dưới 1.500.000.000 đồng.,condition_or_rule,gay thiet hai ve tai san tu 500 000 000 dong den duoi 1 500 000 000 dong
article_305_clause_4_point_a,article_305_clause_4,article_305,305,4,a,Thuốc nổ các loại 100 kilôgam trở lên;,condition_or_rule,thuoc no cac loai 100 kilogam tro len
article_305_clause_4_point_b,article_305_clause_4,article_305,305,4,b,Các loại phụ kiện nổ có số lượng đặc biệt lớn;,condition_or_rule,cac loai phu kien no co so luong dac biet lon
article_305_clause_4_point_c,article_305_clause_4,article_305,305,4,c,Làm chết 03 người trở lên;,condition_or_rule,lam chet 03 nguoi tro len
article_305_clause_4_point_d,article_305_clause_4,article_305,305,4,d,Gây thương tích hoặc gây tổn hại cho sức khỏe của 03 người trở lên mà tổng tỷ lệ tổn thương cơ thể của những người này 201% trở lên;,condition_or_rule,gay thuong tich hoac gay ton hai cho suc khoe cua 03 nguoi tro len ma tong ty le ton thuong co the cua nhung nguoi nay 201 tro len
article_305_clause_4_point_d,article_305_clause_4,article_305,305,4,đ,Gây thiệt hại về tài sản 1.500.000.000 đồng trở lên.,condition_or_rule,gay thiet hai ve tai san 1 500 000 000 dong tro len
article_306_clause_2_point_a,article_306_clause_2,article_306,306,2,a,Có tổ chức;,condition_or_rule,co to chuc
article_306_clause_2_point_b,article_306_clause_2,article_306,306,2,b,Vật phạm pháp có số lượng lớn;,condition_or_rule,vat pham phap co so luong lon
article_306_clause_2_point_c,article_306_clause_2,article_306,306,2,c,"Vận chuyển, mua bán qua biên giới;",condition_or_rule,van chuyen mua ban qua bien gioi
article_306_clause_2_point_d,article_306_clause_2,article_306,306,2,d,Làm chết người;,condition_or_rule,lam chet nguoi
article_306_clause_2_point_d,article_306_clause_2,article_306,306,2,đ,Gây thương tích hoặc gây tổn hại cho sức khỏe của người khác mà tỷ lệ tổn thương cơ thể 61% trở lên;,condition_or_rule,gay thuong tich hoac gay ton hai cho suc khoe cua nguoi khac ma ty le ton thuong co the 61 tro len
article_306_clause_2_point_e,article_306_clause_2,article_306,306,2,e,Gây thương tích hoặc gây tổn hại cho sức khỏe của 02 người trở lên mà tổng tỷ lệ tổn thương cơ thể của những người này từ 61% đến 121%;,condition_or_rule,gay thuong tich hoac gay ton hai cho suc khoe cua 02 nguoi tro len ma tong ty le ton thuong co the cua nhung nguoi nay tu 61 den 121
article_306_clause_2_point_g,article_306_clause_2,article_306,306,2,g,Gây thiệt hại về tài sản từ 100.000.000 đồng đến dưới 500.000.000 đồng;,condition_or_rule,gay thiet hai ve tai san tu 100 000 000 dong den duoi 500 000 000 dong
article_306_clause_2_point_h,article_306_clause_2,article_306,306,2,h,Tái phạm nguy hiểm.,condition_or_rule,tai pham nguy hiem
article_306_clause_3_point_a,article_306_clause_3,article_306,306,3,a,Vật phạm pháp có số lượng rất lớn hoặc đặc biệt lớn;,condition_or_rule,vat pham phap co so luong rat lon hoac dac biet lon
article_306_clause_3_point_b,article_306_clause_3,article_306,306,3,b,Làm chết 02 người trở lên;,condition_or_rule,lam chet 02 nguoi tro len
article_306_clause_3_point_c,article_306_clause_3,article_306,306,3,c,Gây thương tích hoặc gây tổn hại cho sức khỏe của 02 người trở lên mà tổng tỷ lệ tổn thương cơ thể của những người này 122% trở lên;,condition_or_rule,gay thuong tich hoac gay ton hai cho suc khoe cua 02 nguoi tro len ma tong ty le ton thuong co the cua nhung nguoi nay 122 tro len
article_306_clause_3_point_d,article_306_clause_3,article_306,306,3,d,Gây thiệt hại về tài sản 500.000.000 đồng trở lên.,condition_or_rule,gay thiet hai ve tai san 500 000 000 dong tro len
article_307_clause_1_point_a,article_307_clause_1,article_307,307,1,a,Làm chết người;,condition_or_rule,lam chet nguoi
article_307_clause_1_point_b,article_307_clause_1,article_307,307,1,b,Gây thương tích hoặc gây tổn hại cho sức khỏe của 01 người mà tỷ lệ tổn thương cơ thể 61% trở lên;,condition_or_rule,gay thuong tich hoac gay ton hai cho suc khoe cua 01 nguoi ma ty le ton thuong co the 61 tro len
article_307_clause_1_point_c,article_307_clause_1,article_307,307,1,c,Gây thương tích hoặc gây tổn hại cho sức khỏe của 02 người trở lên mà tổng tỷ lệ tổn thương cơ thể của những người này từ 61% đến 121%;,condition_or_rule,gay thuong tich hoac gay ton hai cho suc khoe cua 02 nguoi tro len ma tong ty le ton thuong co the cua nhung nguoi nay tu 61 den 121
article_307_clause_1_point_d,article_307_clause_1,article_307,307,1,d,Gây thiệt hại về tài sản từ 100.000.000 đồng đến dưới 500.000.000 đồng.,condition_or_rule,gay thiet hai ve tai san tu 100 000 000 dong den duoi 500 000 000 dong
article_307_clause_2_point_a,article_307_clause_2,article_307,307,2,a,Làm chết 02 người;,condition_or_rule,lam chet 02 nguoi
article_307_clause_2_point_b,article_307_clause_2,article_307,307,2,b,Gây thương tích hoặc gây tổn hại cho sức khỏe của 02 người trở lên mà tổng tỷ lệ tổn thương cơ thể của những người này từ 122% đến 200%;,condition_or_rule,gay thuong tich hoac gay ton hai cho suc khoe cua 02 nguoi tro len ma tong ty le ton thuong co the cua nhung nguoi nay tu 122 den 200
article_307_clause_2_point_c,article_307_clause_2,article_307,307,2,c,Gây thiệt hại về tài sản từ 500.000.000 đồng đến dưới 1.500.000.000 đồng.,condition_or_rule,gay thiet hai ve tai san tu 500 000 000 dong den duoi 1 500 000 000 dong
article_307_clause_3_point_a,article_307_clause_3,article_307,307,3,a,Làm chết 03 người trở lên;,condition_or_rule,lam chet 03 nguoi tro len
article_307_clause_3_point_b,article_307_clause_3,article_307,307,3,b,Gây thương tích hoặc gây tổn hại cho sức khỏe của 03 người trở lên mà tổng tỷ lệ tổn thương cơ thể của những người này 201% trở lên;,condition_or_rule,gay thuong tich hoac gay ton hai cho suc khoe cua 03 nguoi tro len ma tong ty le ton thuong co the cua nhung nguoi nay 201 tro len
article_307_clause_3_point_c,article_307_clause_3,article_307,307,3,c,Gây thiệt hại về tài sản 1.500.000.000 đồng trở lên.,condition_or_rule,gay thiet hai ve tai san 1 500 000 000 dong tro len
article_308_clause_1_point_a,article_308_clause_1,article_308,308,1,a,Làm chết người;,condition_or_rule,lam chet nguoi
article_308_clause_1_point_b,article_308_clause_1,article_308,308,1,b,Gây thương tích hoặc gây tổn hại cho sức khỏe của người khác mà tỷ lệ tổn thương cơ thể 61% trở lên;,condition_or_rule,gay thuong tich hoac gay ton hai cho suc khoe cua nguoi khac ma ty le ton thuong co the 61 tro len
article_308_clause_1_point_c,article_308_clause_1,article_308,308,1,c,Gây thương tích hoặc gây tổn hại cho sức khỏe của 02 người trở lên mà tổng tỷ lệ tổn thương cơ thể của những người này từ 61% đến 121%;,condition_or_rule,gay thuong tich hoac gay ton hai cho suc khoe cua 02 nguoi tro len ma tong ty le ton thuong co the cua nhung nguoi nay tu 61 den 121
article_308_clause_1_point_d,article_308_clause_1,article_308,308,1,d,Gây thiệt hại về tài sản từ 100.000.000 đồng đến dưới 500.000.000 đồng.,condition_or_rule,gay thiet hai ve tai san tu 100 000 000 dong den duoi 500 000 000 dong
article_308_clause_2_point_a,article_308_clause_2,article_308,308,2,a,Làm chết 02 người;,condition_or_rule,lam chet 02 nguoi
article_308_clause_2_point_b,article_308_clause_2,article_308,308,2,b,Gây thương tích hoặc gây tổn hại cho sức khỏe của 02 người trở lên mà tổng tỷ lệ tổn thương cơ thể của những người này từ 122% đến 200%;,condition_or_rule,gay thuong tich hoac gay ton hai cho suc khoe cua 02 nguoi tro len ma tong ty le ton thuong co the cua nhung nguoi nay tu 122 den 200
article_308_clause_2_point_c,article_308_clause_2,article_308,308,2,c,Gây thiệt hại về tài sản từ 500.000.000 đồng đến dưới 1.500.000.000 đồng.,condition_or_rule,gay thiet hai ve tai san tu 500 000 000 dong den duoi 1 500 000 000 dong
article_308_clause_3_point_a,article_308_clause_3,article_308,308,3,a,Làm chết 03 người trở lên;,condition_or_rule,lam chet 03 nguoi tro len
article_308_clause_3_point_b,article_308_clause_3,article_308,308,3,b,Gây thương tích hoặc gây tổn hại cho sức khỏe của 03 người trở lên mà tổng tỷ lệ tổn thương cơ thể của những người này 201% trở lên;,condition_or_rule,gay thuong tich hoac gay ton hai cho suc khoe cua 03 nguoi tro len ma tong ty le ton thuong co the cua nhung nguoi nay 201 tro len
article_308_clause_3_point_c,article_308_clause_3,article_308,308,3,c,Gây thiệt hại về tài sản 1.500.000.000 đồng trở lên.,condition_or_rule,gay thiet hai ve tai san 1 500 000 000 dong tro len
article_309_clause_2_point_a,article_309_clause_2,article_309,309,2,a,Có tổ chức;,condition_or_rule,co to chuc
article_309_clause_2_point_b,article_309_clause_2,article_309,309,2,b,"Vận chuyển, mua bán qua biên giới;",condition_or_rule,van chuyen mua ban qua bien gioi
article_309_clause_2_point_c,article_309_clause_2,article_309,309,2,c,Làm chết người;,condition_or_rule,lam chet nguoi
article_309_clause_2_point_d,article_309_clause_2,article_309,309,2,d,Gây thương tích hoặc gây tổn hại cho sức khỏe của người khác mà tỷ lệ tổn thương cơ thể 61% trở lên;,condition_or_rule,gay thuong tich hoac gay ton hai cho suc khoe cua nguoi khac ma ty le ton thuong co the 61 tro len
article_309_clause_2_point_d,article_309_clause_2,article_309,309,2,đ,Gây thương tích hoặc gây tổn hại cho sức khỏe của 02 người trở lên mà tổng tỷ lệ tổn thương cơ thể của những người này từ 61% đến 121%;,condition_or_rule,gay thuong tich hoac gay ton hai cho suc khoe cua 02 nguoi tro len ma tong ty le ton thuong co the cua nhung nguoi nay tu 61 den 121
article_309_clause_2_point_e,article_309_clause_2,article_309,309,2,e,Gây thiệt hại về tài sản từ 100.000.000 đồng đến dưới 500.000.000 đồng;,condition_or_rule,gay thiet hai ve tai san tu 100 000 000 dong den duoi 500 000 000 dong
article_309_clause_2_point_g,article_309_clause_2,article_309,309,2,g,Tái phạm nguy hiểm.,condition_or_rule,tai pham nguy hiem
article_309_clause_3_point_a,article_309_clause_3,article_309,309,3,a,Làm chết 02 người;,condition_or_rule,lam chet 02 nguoi
article_309_clause_3_point_b,article_309_clause_3,article_309,309,3,b,Gây thương tích hoặc gây tổn hại cho sức khỏe của 02 người trở lên mà tổng tỷ lệ tổn thương cơ thể của những người này từ 122% đến 200%;,condition_or_rule,gay thuong tich hoac gay ton hai cho suc khoe cua 02 nguoi tro len ma tong ty le ton thuong co the cua nhung nguoi nay tu 122 den 200
article_309_clause_3_point_c,article_309_clause_3,article_309,309,3,c,Gây thiệt hại về tài sản từ 500.000.000 đồng đến dưới 1.500.000.000 đồng.,condition_or_rule,gay thiet hai ve tai san tu 500 000 000 dong den duoi 1 500 000 000 dong
article_309_clause_4_point_a,article_309_clause_4,article_309,309,4,a,Làm chết 03 người trở lên;,condition_or_rule,lam chet 03 nguoi tro len
article_309_clause_4_point_b,article_309_clause_4,article_309,309,4,b,Gây thương tích hoặc gây tổn hại cho sức khỏe của 03 người trở lên mà tổng tỷ lệ tổn thương cơ thể của những người này 201% trở lên;,condition_or_rule,gay thuong tich hoac gay ton hai cho suc khoe cua 03 nguoi tro len ma tong ty le ton thuong co the cua nhung nguoi nay 201 tro len
article_309_clause_4_point_c,article_309_clause_4,article_309,309,4,c,Gây thiệt hại về tài sản 1.500.000.000 đồng trở lên.,condition_or_rule,gay thiet hai ve tai san 1 500 000 000 dong tro len
article_310_clause_1_point_a,article_310_clause_1,article_310,310,1,a,Làm chết người;,condition_or_rule,lam chet nguoi
article_310_clause_1_point_b,article_310_clause_1,article_310,310,1,b,Gây thương tích hoặc gây tổn hại cho sức khỏe của 01 người mà tỷ lệ tổn thương cơ thể 61% trở lên;,condition_or_rule,gay thuong tich hoac gay ton hai cho suc khoe cua 01 nguoi ma ty le ton thuong co the 61 tro len
article_310_clause_1_point_c,article_310_clause_1,article_310,310,1,c,Gây thương tích hoặc gây tổn hại cho sức khỏe của 02 người trở lên mà tổng tỷ lệ tổn thương cơ thể của những người này từ 61% đến 121%;,condition_or_rule,gay thuong tich hoac gay ton hai cho suc khoe cua 02 nguoi tro len ma tong ty le ton thuong co the cua nhung nguoi nay tu 61 den 121
article_310_clause_1_point_d,article_310_clause_1,article_310,310,1,d,Gây thiệt hại về tài sản từ 100.000.000 đồng đến dưới 500.000.000 đồng.,condition_or_rule,gay thiet hai ve tai san tu 100 000 000 dong den duoi 500 000 000 dong
article_310_clause_2_point_a,article_310_clause_2,article_310,310,2,a,Làm chết 02 người;,condition_or_rule,lam chet 02 nguoi
article_310_clause_2_point_b,article_310_clause_2,article_310,310,2,b,Gây thương tích hoặc gây tổn hại cho sức khỏe của 02 người trở lên mà tổng tỷ lệ tổn thương cơ thể của những người này từ 122% đến 200%;,condition_or_rule,gay thuong tich hoac gay ton hai cho suc khoe cua 02 nguoi tro len ma tong ty le ton thuong co the cua nhung nguoi nay tu 122 den 200
article_310_clause_2_point_c,article_310_clause_2,article_310,310,2,c,Gây thiệt hại về tài sản từ 500.000.000 đồng đến dưới 1.500.000.000 đồng.,condition_or_rule,gay thiet hai ve tai san tu 500 000 000 dong den duoi 1 500 000 000 dong
article_310_clause_3_point_a,article_310_clause_3,article_310,310,3,a,Làm chết 03 người trở lên;,condition_or_rule,lam chet 03 nguoi tro len
article_310_clause_3_point_b,article_310_clause_3,article_310,310,3,b,Gây thương tích hoặc gây tổn hại cho sức khỏe của 03 người trở lên mà tổng tỷ lệ tổn thương cơ thể của những người này 201% trở lên;,condition_or_rule,gay thuong tich hoac gay ton hai cho suc khoe cua 03 nguoi tro len ma tong ty le ton thuong co the cua nhung nguoi nay 201 tro len
article_310_clause_3_point_c,article_310_clause_3,article_310,310,3,c,Gây thiệt hại về tài sản 1.500.000.000 đồng trở lên.,condition_or_rule,gay thiet hai ve tai san 1 500 000 000 dong tro len
article_311_clause_2_point_a,article_311_clause_2,article_311,311,2,a,Có tổ chức;,condition_or_rule,co to chuc
article_311_clause_2_point_b,article_311_clause_2,article_311,311,2,b,Vật phạm pháp có số lượng lớn;,condition_or_rule,vat pham phap co so luong lon
article_311_clause_2_point_c,article_311_clause_2,article_311,311,2,c,Làm chết người;,condition_or_rule,lam chet nguoi
article_311_clause_2_point_d,article_311_clause_2,article_311,311,2,d,Gây thương tích hoặc gây tổn hại cho sức khỏe của người khác mà tỷ lệ tổn thương cơ thể 61% trở lên;,condition_or_rule,gay thuong tich hoac gay ton hai cho suc khoe cua nguoi khac ma ty le ton thuong co the 61 tro len
article_311_clause_2_point_d,article_311_clause_2,article_311,311,2,đ,Gây thương tích hoặc gây tổn hại cho sức khỏe của 02 người trở lên mà tổng tỷ lệ tổn thương cơ thể của những người này từ 61% đến 121%;,condition_or_rule,gay thuong tich hoac gay ton hai cho suc khoe cua 02 nguoi tro len ma tong ty le ton thuong co the cua nhung nguoi nay tu 61 den 121
article_311_clause_2_point_e,article_311_clause_2,article_311,311,2,e,Gây thiệt hại về tài sản từ 100.000.000 đồng đến dưới 500.000.000 đồng;,condition_or_rule,gay thiet hai ve tai san tu 100 000 000 dong den duoi 500 000 000 dong
article_311_clause_2_point_g,article_311_clause_2,article_311,311,2,g,"Vận chuyển, mua bán qua biên giới;",condition_or_rule,van chuyen mua ban qua bien gioi
article_311_clause_2_point_h,article_311_clause_2,article_311,311,2,h,Tái phạm nguy hiểm.,condition_or_rule,tai pham nguy hiem
article_311_clause_3_point_a,article_311_clause_3,article_311,311,3,a,Vật phạm pháp có số lượng rất lớn;,condition_or_rule,vat pham phap co so luong rat lon
article_311_clause_3_point_b,article_311_clause_3,article_311,311,3,b,Làm chết 02 người;,condition_or_rule,lam chet 02 nguoi
article_311_clause_3_point_c,article_311_clause_3,article_311,311,3,c,Gây thương tích hoặc gây tổn hại cho sức khỏe của 02 người trở lên mà tổng tỷ lệ tổn thương cơ thể của những người này từ 122% đến 200%;,condition_or_rule,gay thuong tich hoac gay ton hai cho suc khoe cua 02 nguoi tro len ma tong ty le ton thuong co the cua nhung nguoi nay tu 122 den 200
article_311_clause_3_point_d,article_311_clause_3,article_311,311,3,d,Gây thiệt hại về tài sản từ 500.000.000 đồng đến dưới 1.500.000.000 đồng.,condition_or_rule,gay thiet hai ve tai san tu 500 000 000 dong den duoi 1 500 000 000 dong
article_311_clause_4_point_a,article_311_clause_4,article_311,311,4,a,Vật phạm pháp có số lượng đặc biệt lớn;,condition_or_rule,vat pham phap co so luong dac biet lon
article_311_clause_4_point_b,article_311_clause_4,article_311,311,4,b,Làm chết 03 người trở lên;,condition_or_rule,lam chet 03 nguoi tro len
article_311_clause_4_point_c,article_311_clause_4,article_311,311,4,c,Gây thương tích hoặc gây tổn hại cho sức khỏe của 03 người trở lên mà tổng tỷ lệ tổn thương cơ thể của những người này 201% trở lên;,condition_or_rule,gay thuong tich hoac gay ton hai cho suc khoe cua 03 nguoi tro len ma tong ty le ton thuong co the cua nhung nguoi nay 201 tro len
article_311_clause_4_point_d,article_311_clause_4,article_311,311,4,d,Gây thiệt hại về tài sản 1.500.000.000 đồng trở lên.,condition_or_rule,gay thiet hai ve tai san 1 500 000 000 dong tro len
article_312_clause_1_point_a,article_312_clause_1,article_312,312,1,a,Làm chết người;,condition_or_rule,lam chet nguoi
article_312_clause_1_point_b,article_312_clause_1,article_312,312,1,b,Gây thương tích hoặc gây tổn hại cho sức khỏe của 01 người mà tỷ lệ tổn thương cơ thể 61% trở lên;,condition_or_rule,gay thuong tich hoac gay ton hai cho suc khoe cua 01 nguoi ma ty le ton thuong co the 61 tro len
article_312_clause_1_point_c,article_312_clause_1,article_312,312,1,c,Gây thương tích hoặc gây tổn hại cho sức khỏe của 02 người trở lên mà tổng tỷ lệ tổn thương cơ thể của những người này từ 61% đến 121%;,condition_or_rule,gay thuong tich hoac gay ton hai cho suc khoe cua 02 nguoi tro len ma tong ty le ton thuong co the cua nhung nguoi nay tu 61 den 121
article_312_clause_1_point_d,article_312_clause_1,article_312,312,1,d,Gây thiệt hại về tài sản từ 100.000.000 đồng đến dưới 500.000.000 đồng.,condition_or_rule,gay thiet hai ve tai san tu 100 000 000 dong den duoi 500 000 000 dong
article_312_clause_2_point_a,article_312_clause_2,article_312,312,2,a,Làm chết 02 người;,condition_or_rule,lam chet 02 nguoi
article_312_clause_2_point_b,article_312_clause_2,article_312,312,2,b,Gây thương tích hoặc gây tổn hại cho sức khỏe của 02 người trở lên mà tổng tỷ lệ tổn thương cơ thể của những người này từ 122% đến 200%;,condition_or_rule,gay thuong tich hoac gay ton hai cho suc khoe cua 02 nguoi tro len ma tong ty le ton thuong co the cua nhung nguoi nay tu 122 den 200
article_312_clause_2_point_c,article_312_clause_2,article_312,312,2,c,Gây thiệt hại về tài sản từ 500.000.000 đồng đến dưới 1.500.000.000 đồng.,condition_or_rule,gay thiet hai ve tai san tu 500 000 000 dong den duoi 1 500 000 000 dong
article_312_clause_3_point_a,article_312_clause_3,article_312,312,3,a,Làm chết 03 người trở lên;,condition_or_rule,lam chet 03 nguoi tro len
article_312_clause_3_point_b,article_312_clause_3,article_312,312,3,b,Gây thương tích hoặc gây tổn hại cho sức khỏe của 03 người trở lên mà tổng tỷ lệ tổn thương cơ thể của những người này 201% trở lên;,condition_or_rule,gay thuong tich hoac gay ton hai cho suc khoe cua 03 nguoi tro len ma tong ty le ton thuong co the cua nhung nguoi nay 201 tro len
article_312_clause_3_point_c,article_312_clause_3,article_312,312,3,c,Gây thiệt hại về tài sản 1.500.000.000 đồng trở lên.,condition_or_rule,gay thiet hai ve tai san 1 500 000 000 dong tro len
article_313_clause_1_point_a,article_313_clause_1,article_313,313,1,a,Làm chết người;,condition_or_rule,lam chet nguoi
article_313_clause_1_point_b,article_313_clause_1,article_313,313,1,b,Gây thương tích hoặc gây tổn hại cho sức khỏe của 01 người mà tỷ lệ tổn thương cơ thể 61% trở lên;,condition_or_rule,gay thuong tich hoac gay ton hai cho suc khoe cua 01 nguoi ma ty le ton thuong co the 61 tro len
article_313_clause_1_point_c,article_313_clause_1,article_313,313,1,c,Gây thương tích hoặc gây tổn hại cho sức khỏe của 02 người trở lên mà tổng tỷ lệ tổn thương cơ thể của những người này từ 61% đến 121%;,condition_or_rule,gay thuong tich hoac gay ton hai cho suc khoe cua 02 nguoi tro len ma tong ty le ton thuong co the cua nhung nguoi nay tu 61 den 121
article_313_clause_1_point_d,article_313_clause_1,article_313,313,1,d,Gây thiệt hại về tài sản từ 100.000.000 đồng đến dưới 500.000.000 đồng.,condition_or_rule,gay thiet hai ve tai san tu 100 000 000 dong den duoi 500 000 000 dong
article_313_clause_2_point_a,article_313_clause_2,article_313,313,2,a,Làm chết 02 người;,condition_or_rule,lam chet 02 nguoi
article_313_clause_2_point_b,article_313_clause_2,article_313,313,2,b,Gây thương tích hoặc gây tổn hại cho sức khỏe của 02 người trở lên mà tổng tỷ lệ tổn thương cơ thể của những người này từ 122% đến 200%;,condition_or_rule,gay thuong tich hoac gay ton hai cho suc khoe cua 02 nguoi tro len ma tong ty le ton thuong co the cua nhung nguoi nay tu 122 den 200
article_313_clause_2_point_c,article_313_clause_2,article_313,313,2,c,Gây thiệt hại về tài sản từ 500.000.000 đồng đến dưới 1.500.000.000 đồng.,condition_or_rule,gay thiet hai ve tai san tu 500 000 000 dong den duoi 1 500 000 000 dong
article_313_clause_3_point_a,article_313_clause_3,article_313,313,3,a,Làm chết 03 người trở lên;,condition_or_rule,lam chet 03 nguoi tro len
article_313_clause_3_point_b,article_313_clause_3,article_313,313,3,b,Gây thương tích hoặc gây tổn hại cho sức khỏe của 03 người trở lên mà tổng tỷ lệ tổn thương cơ thể của những người này 201% trở lên;,condition_or_rule,gay thuong tich hoac gay ton hai cho suc khoe cua 03 nguoi tro len ma tong ty le ton thuong co the cua nhung nguoi nay 201 tro len
article_313_clause_3_point_c,article_313_clause_3,article_313,313,3,c,Gây thiệt hại về tài sản 1.500.000.000 đồng trở lên.,condition_or_rule,gay thiet hai ve tai san 1 500 000 000 dong tro len
article_314_clause_1_point_a,article_314_clause_1,article_314,314,1,a,Làm chết người;,condition_or_rule,lam chet nguoi
article_314_clause_1_point_b,article_314_clause_1,article_314,314,1,b,Gây thương tích hoặc gây tổn hại cho sức khỏe của người khác mà tỷ lệ tổn thương cơ thể 61% trở lên;,condition_or_rule,gay thuong tich hoac gay ton hai cho suc khoe cua nguoi khac ma ty le ton thuong co the 61 tro len
article_314_clause_1_point_c,article_314_clause_1,article_314,314,1,c,Gây thương tích hoặc gây tổn hại cho sức khỏe của 02 người trở lên mà tổng tỷ lệ tổn thương cơ thể của những người này từ 61% đến 121%;,condition_or_rule,gay thuong tich hoac gay ton hai cho suc khoe cua 02 nguoi tro len ma tong ty le ton thuong co the cua nhung nguoi nay tu 61 den 121
article_314_clause_1_point_d,article_314_clause_1,article_314,314,1,d,Gây thiệt hại về tài sản từ 100.000.000 đồng đến dưới 500.000.000 đồng.,condition_or_rule,gay thiet hai ve tai san tu 100 000 000 dong den duoi 500 000 000 dong
article_314_clause_2_point_a,article_314_clause_2,article_314,314,2,a,Làm chết 02 người;,condition_or_rule,lam chet 02 nguoi
article_314_clause_2_point_b,article_314_clause_2,article_314,314,2,b,Gây thương tích hoặc gây tổn hại cho sức khỏe của 02 người trở lên mà tổng tỷ lệ tổn thương cơ thể của những người này từ 122% đến 200%;,condition_or_rule,gay thuong tich hoac gay ton hai cho suc khoe cua 02 nguoi tro len ma tong ty le ton thuong co the cua nhung nguoi nay tu 122 den 200
article_314_clause_2_point_c,article_314_clause_2,article_314,314,2,c,Gây thiệt hại về tài sản từ 500.000.000 đồng đến dưới 1.500.000.000 đồng.,condition_or_rule,gay thiet hai ve tai san tu 500 000 000 dong den duoi 1 500 000 000 dong
article_314_clause_3_point_a,article_314_clause_3,article_314,314,3,a,Làm chết 03 người trở lên;,condition_or_rule,lam chet 03 nguoi tro len
article_314_clause_3_point_b,article_314_clause_3,article_314,314,3,b,Gây thương tích hoặc gây tổn hại cho sức khỏe của 03 người trở lên mà tổng tỷ lệ tổn thương cơ thể của những người này 201% trở lên;,condition_or_rule,gay thuong tich hoac gay ton hai cho suc khoe cua 03 nguoi tro len ma tong ty le ton thuong co the cua nhung nguoi nay 201 tro len
article_314_clause_3_point_c,article_314_clause_3,article_314,314,3,c,Gây thiệt hại về tài sản 1.500.000.000 đồng trở lên.,condition_or_rule,gay thiet hai ve tai san 1 500 000 000 dong tro len
article_315_clause_1_point_a,article_315_clause_1,article_315,315,1,a,Làm chết người;,condition_or_rule,lam chet nguoi
article_315_clause_1_point_b,article_315_clause_1,article_315,315,1,b,Gây tổn hại cho sức khỏe của người khác mà tỷ lệ tổn thương cơ thể 61% trở lên;,condition_or_rule,gay ton hai cho suc khoe cua nguoi khac ma ty le ton thuong co the 61 tro len
article_315_clause_1_point_c,article_315_clause_1,article_315,315,1,c,Gây tổn hại cho sức khỏe của 02 người trở lên mà tổng tỷ lệ tổn thương cơ thể của những người này từ 61% đến 121%;,condition_or_rule,gay ton hai cho suc khoe cua 02 nguoi tro len ma tong ty le ton thuong co the cua nhung nguoi nay tu 61 den 121
article_315_clause_1_point_d,article_315_clause_1,article_315,315,1,d,Gây thiệt hại về tài sản từ 100.000.000 đồng đến dưới 500.000.000 đồng.,condition_or_rule,gay thiet hai ve tai san tu 100 000 000 dong den duoi 500 000 000 dong
article_315_clause_2_point_a,article_315_clause_2,article_315,315,2,a,Làm chết 02 người;,condition_or_rule,lam chet 02 nguoi
article_315_clause_2_point_b,article_315_clause_2,article_315,315,2,b,Gây tổn hại cho sức khỏe của 02 người trở lên mà tổng tỷ lệ tổn thương cơ thể của những người này từ 122% đến 200%;,condition_or_rule,gay ton hai cho suc khoe cua 02 nguoi tro len ma tong ty le ton thuong co the cua nhung nguoi nay tu 122 den 200
article_315_clause_2_point_c,article_315_clause_2,article_315,315,2,c,Gây thiệt hại về tài sản từ 500.000.000 đồng đến dưới 1.500.000.000 đồng.,condition_or_rule,gay thiet hai ve tai san tu 500 000 000 dong den duoi 1 500 000 000 dong
article_315_clause_3_point_a,article_315_clause_3,article_315,315,3,a,Làm chết 03 người trở lên;,condition_or_rule,lam chet 03 nguoi tro len
article_315_clause_3_point_b,article_315_clause_3,article_315,315,3,b,Gây tổn hại cho sức khỏe của 03 người trở lên mà tổng tỷ lệ tổn thương cơ thể của những người này 201% trở lên;,condition_or_rule,gay ton hai cho suc khoe cua 03 nguoi tro len ma tong ty le ton thuong co the cua nhung nguoi nay 201 tro len
article_315_clause_3_point_c,article_315_clause_3,article_315,315,3,c,Gây thiệt hại về tài sản 1.500.000.000 đồng trở lên.,condition_or_rule,gay thiet hai ve tai san 1 500 000 000 dong tro len
article_316_clause_1_point_a,article_316_clause_1,article_316,316,1,a,Làm chết người;,condition_or_rule,lam chet nguoi
article_316_clause_1_point_b,article_316_clause_1,article_316,316,1,b,Gây tổn hại cho sức khỏe của 01 người mà tỷ lệ tổn thương cơ thể 61% trở lên;,condition_or_rule,gay ton hai cho suc khoe cua 01 nguoi ma ty le ton thuong co the 61 tro len
article_316_clause_1_point_c,article_316_clause_1,article_316,316,1,c,Gây tổn hại cho sức khỏe của 02 người trở lên mà tổng tỷ lệ tổn thương cơ thể của những người này từ 61% đến 121%;,condition_or_rule,gay ton hai cho suc khoe cua 02 nguoi tro len ma tong ty le ton thuong co the cua nhung nguoi nay tu 61 den 121
article_316_clause_1_point_d,article_316_clause_1,article_316,316,1,d,"Đã bị xử lý kỷ luật, xử phạt vi phạm hành chính về hành vi này hoặc đã bị kết án về tội này, chưa được xóa án tích mà còn vi phạm.",condition_or_rule,da bi xu ly ky luat xu phat vi pham hanh chinh ve hanh vi nay hoac da bi ket an ve toi nay chua duoc xoa an tich ma con vi pham
article_316_clause_2_point_a,article_316_clause_2,article_316,316,2,a,Làm chết 02 người;,condition_or_rule,lam chet 02 nguoi
article_316_clause_2_point_b,article_316_clause_2,article_316,316,2,b,Gây tổn hại cho sức khỏe của 02 người trở lên mà tổng tỷ lệ tổn thương cơ thể của những người này từ 122% đến 200%.,condition_or_rule,gay ton hai cho suc khoe cua 02 nguoi tro len ma tong ty le ton thuong co the cua nhung nguoi nay tu 122 den 200
article_316_clause_3_point_a,article_316_clause_3,article_316,316,3,a,Làm chết 03 người trở lên;,condition_or_rule,lam chet 03 nguoi tro len
article_316_clause_3_point_b,article_316_clause_3,article_316,316,3,b,Gây tổn hại cho sức khỏe của 03 người trở lên mà tổng tỷ lệ tổn thương cơ thể của những người này 201% trở lên.,condition_or_rule,gay ton hai cho suc khoe cua 03 nguoi tro len ma tong ty le ton thuong co the cua nhung nguoi nay 201 tro len
article_316_clause_1_point_a,article_316_clause_1,article_316,316,1,a,"Sử dụng chất, hóa chất, kháng sinh, thuốc thú y, thuốc bảo vệ thực vật, phụ gia thực phẩm hoặc chất hỗ trợ chế biến thực phẩm mà biết là cấm sử dụng hoặc ngoài danh mục được phép sử dụng trong sản xuất thực phẩm mà sản phẩm trị giá từ 10.000.000 đồng đến dưới 100.000.000 đồng hoặc đã bị xử phạt vi phạm hành chính về một trong các hành vi quy định tại Điều này hoặc đã bị kết án về tội này, chưa được xóa án tích mà còn vi phạm;",condition_or_rule,su dung chat hoa chat khang sinh thuoc thu y thuoc bao ve thuc vat phu gia thuc pham hoac chat ho tro che bien thuc pham ma biet la cam su dung hoac ngoai danh muc duoc phep su dung trong san xuat thuc pham ma san pham tri gia tu 10 000 000 dong den duoi 100 000 000 dong hoac da bi xu phat vi pham hanh chinh ve mot trong cac hanh vi quy dinh tai dieu nay hoac da bi ket an ve toi nay chua duoc xoa an tich ma con vi pham
article_316_clause_1_point_b,article_316_clause_1,article_316,316,1,b,"Sử dụng động vật chết do bệnh, dịch bệnh hoặc động vật bị tiêu hủy theo quy định của pháp luật để chế biến thực phẩm hoặc cung cấp, bán thực phẩm mà biết là có nguồn gốc từ động vật chết do bệnh, dịch bệnh hoặc động vật bị tiêu hủy mà sản phẩm trị giá từ 10.000.000 đồng đến dưới 100.000.000 đồng hoặc đã bị xử phạt vi phạm hành chính về một trong các hành vi quy định tại Điều này hoặc đã bị kết án về tội này, chưa được xóa án tích mà còn vi phạm;",condition_or_rule,su dung dong vat chet do benh dich benh hoac dong vat bi tieu huy theo quy dinh cua phap luat de che bien thuc pham hoac cung cap ban thuc pham ma biet la co nguon goc tu dong vat chet do benh dich benh hoac dong vat bi tieu huy ma san pham tri gia tu 10 000 000 dong den duoi 100 000 000 dong hoac da bi xu phat vi pham hanh chinh ve mot trong cac hanh vi quy dinh tai dieu nay hoac da bi ket an ve toi nay chua duoc xoa an tich ma con vi pham
article_316_clause_1_point_c,article_316_clause_1,article_316,316,1,c,"Sử dụng chất, hóa chất, kháng sinh, thuốc thú y, thuốc bảo vệ thực vật, phụ gia thực phẩm hoặc chất hỗ trợ chế biến thực phẩm mà biết là chưa được phép sử dụng hoặc chưa được phép lưu hành tại Việt Nam trong sản xuất thực phẩm mà sản phẩm trị giá từ 100.000.000 đồng đến dưới 300.000.000 đồng hoặc sản phẩm trị giá từ 50.000.000 đồng đến dưới 100.000.000 đồng nhưng đã bị xử phạt vi phạm hành chính về một trong các hành vi quy định tại Điều này hoặc đã bị kết án về tội này, chưa được xóa án tích mà còn vi phạm;",condition_or_rule,su dung chat hoa chat khang sinh thuoc thu y thuoc bao ve thuc vat phu gia thuc pham hoac chat ho tro che bien thuc pham ma biet la chua duoc phep su dung hoac chua duoc phep luu hanh tai viet nam trong san xuat thuc pham ma san pham tri gia tu 100 000 000 dong den duoi 300 000 000 dong hoac san pham tri gia tu 50 000 000 dong den duoi 100 000 000 dong nhung da bi xu phat vi pham hanh chinh ve mot trong cac hanh vi quy dinh tai dieu nay hoac da bi ket an ve toi nay chua duoc xoa an tich ma con vi pham
article_316_clause_1_point_d,article_316_clause_1,article_316,316,1,d,"Nhập khẩu, cung cấp hoặc bán thực phẩm mà biết là có sử dụng chất, hóa chất, phụ gia thực phẩm hoặc chất hỗ trợ chế biến thực phẩm cấm sử dụng hoặc ngoài danh mục được phép sử dụng trị giá từ 10.000.000 đồng đến dưới 100.000.000 đồng hoặc thu lợi bất chính từ 5.000.000 đồng đến dưới 20.000.000 đồng hoặc đã bị xử phạt vi phạm hành chính về một trong các hành vi quy định tại Điều này hoặc đã bị kết án về tội này, chưa được xóa án tích mà còn vi phạm;",definition_or_list,nhap khau cung cap hoac ban thuc pham ma biet la co su dung chat hoa chat phu gia thuc pham hoac chat ho tro che bien thuc pham cam su dung hoac ngoai danh muc duoc phep su dung tri gia tu 10 000 000 dong den duoi 100 000 000 dong hoac thu loi bat chinh tu 5 000 000 dong den duoi 20 000 000 dong hoac da bi xu phat vi pham hanh chinh ve mot trong cac hanh vi quy dinh tai dieu nay hoac da bi ket an ve toi nay chua duoc xoa an tich ma con vi pham
article_316_clause_1_point_d,article_316_clause_1,article_316,316,1,đ,"Nhập khẩu, cung cấp hoặc bán thực phẩm mà biết là có sử dụng chất, hóa chất, phụ gia thực phẩm hoặc chất hỗ trợ chế biến thực phẩm chưa được phép sử dụng hoặc chưa được phép lưu hành tại Việt Nam trị giá từ 100.000.000 đồng đến dưới 300.000.000 đồng hoặc thu lợi bất chính từ 50.000.000 đồng đến dưới 100.000.000 đồng; thực phẩm trị giá từ 50.000.000 đồng đến dưới 100.000.000 đồng hoặc thu lợi bất chính từ 20.000.000 đồng đến dưới 50.000.000 đồng nhưng đã bị xử phạt vi phạm hành chính về một trong các hành vi quy định tại Điều này hoặc đã bị kết án về tội này, chưa được xóa án tích mà còn vi phạm;",definition_or_list,nhap khau cung cap hoac ban thuc pham ma biet la co su dung chat hoa chat phu gia thuc pham hoac chat ho tro che bien thuc pham chua duoc phep su dung hoac chua duoc phep luu hanh tai viet nam tri gia tu 100 000 000 dong den duoi 300 000 000 dong hoac thu loi bat chinh tu 50 000 000 dong den duoi 100 000 000 dong thuc pham tri gia tu 50 000 000 dong den duoi 100 000 000 dong hoac thu loi bat chinh tu 20 000 000 dong den duoi 50 000 000 dong nhung da bi xu phat vi pham hanh chinh ve mot trong cac hanh vi quy dinh tai dieu nay hoac da bi ket an ve toi nay chua duoc xoa an tich ma con vi pham
article_316_clause_1_point_e,article_316_clause_1,article_316,316,1,e,"Thực hiện một trong các hành vi quy định tại các điểm từ điểm a đến điểm đ khoản này hoặc chế biến, cung cấp, bán thực phẩm mà biết là thực phẩm không bảo đảm quy chuẩn kỹ thuật, quy định về an toàn thực phẩm gây ngộ độc ảnh hưởng nghiêm trọng đến sức khỏe của từ 05 người đến 20 người hoặc gây tổn hại cho sức khỏe của người khác mà tỷ lệ tổn thương cơ thể từ 31% đến 60%.",condition_or_rule,thuc hien mot trong cac hanh vi quy dinh tai cac diem tu diem a den diem d khoan nay hoac che bien cung cap ban thuc pham ma biet la thuc pham khong bao dam quy chuan ky thuat quy dinh ve an toan thuc pham gay ngo doc anh huong nghiem trong den suc khoe cua tu 05 nguoi den 20 nguoi hoac gay ton hai cho suc khoe cua nguoi khac ma ty le ton thuong co the tu 31 den 60
article_316_clause_2_point_a,article_316_clause_2,article_316,316,2,a,Có tổ chức;,condition_or_rule,co to chuc
article_316_clause_2_point_b,article_316_clause_2,article_316,316,2,b,Làm chết người;,condition_or_rule,lam chet nguoi
article_316_clause_2_point_c,article_316_clause_2,article_316,316,2,c,Gây ngộ độc ảnh hưởng nghiêm trọng đến sức khỏe của từ 21 người đến 100 người;,condition_or_rule,gay ngo doc anh huong nghiem trong den suc khoe cua tu 21 nguoi den 100 nguoi
article_316_clause_2_point_d,article_316_clause_2,article_316,316,2,d,Gây tổn hại cho sức khỏe của người khác mà tỷ lệ tổn thương cơ thể 61% trở lên;,condition_or_rule,gay ton hai cho suc khoe cua nguoi khac ma ty le ton thuong co the 61 tro len
article_316_clause_2_point_d,article_316_clause_2,article_316,316,2,đ,Gây tổn hại cho sức khỏe của 02 người trở lên mà tổng tỷ lệ tổn thương cơ thể của những người này từ 61 % đến 121 %;,condition_or_rule,gay ton hai cho suc khoe cua 02 nguoi tro len ma tong ty le ton thuong co the cua nhung nguoi nay tu 61 den 121
article_316_clause_2_point_e,article_316_clause_2,article_316,316,2,e,"Thực phẩm có sử dụng chất, hóa chất, kháng sinh, thuốc thú y, thuốc bảo vệ thực vật, phụ gia thực phẩm hoặc chất hỗ trợ chế biến thực phẩm cấm sử dụng hoặc ngoài danh mục được phép sử dụng trị giá từ 100.000.000 đồng đến dưới 300.000.000 đồng hoặc thu lợi bất chính từ 20.000.000 đồng đến dưới 100.000.000 đồng;",condition_or_rule,thuc pham co su dung chat hoa chat khang sinh thuoc thu y thuoc bao ve thuc vat phu gia thuc pham hoac chat ho tro che bien thuc pham cam su dung hoac ngoai danh muc duoc phep su dung tri gia tu 100 000 000 dong den duoi 300 000 000 dong hoac thu loi bat chinh tu 20 000 000 dong den duoi 100 000 000 dong
article_316_clause_2_point_g,article_316_clause_2,article_316,316,2,g,"Thực phẩm có sử dụng nguyên liệu là động vật chết do bệnh, dịch bệnh hoặc động vật bị tiêu hủy trị giá từ 100.000.000 đồng đến dưới 300.000.000 đồng;",definition_or_list,thuc pham co su dung nguyen lieu la dong vat chet do benh dich benh hoac dong vat bi tieu huy tri gia tu 100 000 000 dong den duoi 300 000 000 dong
article_316_clause_2_point_h,article_316_clause_2,article_316,316,2,h,"Thực phẩm có sử dụng chất, hóa chất, kháng sinh, thuốc thú y, thuốc bảo vệ thực vật, phụ gia thực phẩm hoặc chất hỗ trợ chế biến thực phẩm chưa được phép sử dụng hoặc chưa được phép lưu hành tại Việt Nam trị giá từ 300.000.000 đồng đến dưới 500.000.000 đồng hoặc thu lợi bất chính từ 100.000.000 đồng đến dưới 200.000.000 đồng;",condition_or_rule,thuc pham co su dung chat hoa chat khang sinh thuoc thu y thuoc bao ve thuc vat phu gia thuc pham hoac chat ho tro che bien thuc pham chua duoc phep su dung hoac chua duoc phep luu hanh tai viet nam tri gia tu 300 000 000 dong den duoi 500 000 000 dong hoac thu loi bat chinh tu 100 000 000 dong den duoi 200 000 000 dong
article_316_clause_2_point_i,article_316_clause_2,article_316,316,2,i,Tái phạm nguy hiểm.”,condition_or_rule,tai pham nguy hiem
article_316_clause_3_point_a,article_316_clause_3,article_316,316,3,a,Làm chết 02 người;,condition_or_rule,lam chet 02 nguoi
article_316_clause_3_point_b,article_316_clause_3,article_316,316,3,b,Gây ngộ độc ảnh hưởng nghiêm trọng đến sức khỏe của từ 101 người đến 200 người;,condition_or_rule,gay ngo doc anh huong nghiem trong den suc khoe cua tu 101 nguoi den 200 nguoi
article_316_clause_3_point_c,article_316_clause_3,article_316,316,3,c,Gây tổn hại cho sức khỏe của 02 người trở lên mà tổng tỷ lệ tổn thương cơ thể của những người này từ 122% đến 200%;,condition_or_rule,gay ton hai cho suc khoe cua 02 nguoi tro len ma tong ty le ton thuong co the cua nhung nguoi nay tu 122 den 200
article_316_clause_3_point_d,article_316_clause_3,article_316,316,3,d,"Thực phẩm có sử dụng chất, hóa chất, kháng sinh, thuốc thú y, thuốc bảo vệ thực vật, phụ gia thực phẩm hoặc chất hỗ trợ chế biến thực phẩm cấm sử dụng hoặc ngoài danh mục được phép sử dụng trị giá từ 300.000.000 đồng đến dưới 500.000.000 đồng hoặc thu lợi bất chính từ 100.000.000 đồng đến dưới 300.000.000 đồng;",condition_or_rule,thuc pham co su dung chat hoa chat khang sinh thuoc thu y thuoc bao ve thuc vat phu gia thuc pham hoac chat ho tro che bien thuc pham cam su dung hoac ngoai danh muc duoc phep su dung tri gia tu 300 000 000 dong den duoi 500 000 000 dong hoac thu loi bat chinh tu 100 000 000 dong den duoi 300 000 000 dong
article_316_clause_3_point_d,article_316_clause_3,article_316,316,3,đ,"Thực phẩm có sử dụng nguyên liệu là động vật chết do bệnh, dịch bệnh hoặc động vật bị tiêu hủy trị giá từ 300.000.000 đồng đến dưới 500.000.000 đồng;",definition_or_list,thuc pham co su dung nguyen lieu la dong vat chet do benh dich benh hoac dong vat bi tieu huy tri gia tu 300 000 000 dong den duoi 500 000 000 dong
article_316_clause_3_point_e,article_316_clause_3,article_316,316,3,e,"Thực phẩm có sử dụng chất, hóa chất, kháng sinh, thuốc thú y, thuốc bảo vệ thực vật, phụ gia thực phẩm hoặc chất hỗ trợ chế biến thực phẩm chưa được phép sử dụng hoặc chưa được phép lưu hành tại Việt Nam trị giá từ 500.000.000 đồng đến dưới 1.000.000.000 đồng hoặc thu lợi bất chính từ 200.000.000 đồng đến dưới 500.000.000 đồng.",condition_or_rule,thuc pham co su dung chat hoa chat khang sinh thuoc thu y thuoc bao ve thuc vat phu gia thuc pham hoac chat ho tro che bien thuc pham chua duoc phep su dung hoac chua duoc phep luu hanh tai viet nam tri gia tu 500 000 000 dong den duoi 1 000 000 000 dong hoac thu loi bat chinh tu 200 000 000 dong den duoi 500 000 000 dong
article_316_clause_4_point_a,article_316_clause_4,article_316,316,4,a,Làm chết 03 người trở lên;,condition_or_rule,lam chet 03 nguoi tro len
article_316_clause_4_point_b,article_316_clause_4,article_316,316,4,b,Gây ngộ độc ảnh hưởng nghiêm trọng đến sức khỏe của 201 người trở lên;,condition_or_rule,gay ngo doc anh huong nghiem trong den suc khoe cua 201 nguoi tro len
article_316_clause_4_point_c,article_316_clause_4,article_316,316,4,c,Gây tổn hại cho sức khỏe của 03 người trở lên mà tổng tỷ lệ tổn thương cơ thể của những người này 201% trở lên;,condition_or_rule,gay ton hai cho suc khoe cua 03 nguoi tro len ma tong ty le ton thuong co the cua nhung nguoi nay 201 tro len
article_316_clause_4_point_d,article_316_clause_4,article_316,316,4,d,"Thực phẩm có sử dụng chất, hóa chất, kháng sinh, thuốc thú y, thuốc bảo vệ thực vật, phụ gia thực phẩm hoặc chất hỗ trợ chế biến thực phẩm cấm sử dụng hoặc ngoài danh mục được phép sử dụng trị giá 500.000.000 đồng trở lên hoặc thu lợi bất chính 300.000.000 đồng trở lên;",condition_or_rule,thuc pham co su dung chat hoa chat khang sinh thuoc thu y thuoc bao ve thuc vat phu gia thuc pham hoac chat ho tro che bien thuc pham cam su dung hoac ngoai danh muc duoc phep su dung tri gia 500 000 000 dong tro len hoac thu loi bat chinh 300 000 000 dong tro len
article_316_clause_4_point_d,article_316_clause_4,article_316,316,4,đ,"Thực phẩm có sử dụng nguyên liệu là động vật chết do bệnh, dịch bệnh hoặc động vật bị tiêu hủy trị giá 500.000.000 đồng trở lên;",definition_or_list,thuc pham co su dung nguyen lieu la dong vat chet do benh dich benh hoac dong vat bi tieu huy tri gia 500 000 000 dong tro len
article_316_clause_4_point_e,article_316_clause_4,article_316,316,4,e,"Thực phẩm có sử dụng chất, hóa chất, kháng sinh, thuốc thú y, thuốc bảo vệ thực vật, phụ gia thực phẩm hoặc chất hỗ trợ chế biến thực phẩm chưa được phép sử dụng hoặc chưa được phép lưu hành tại Việt Nam trị giá 1.000.000.000 đồng trở lên hoặc thu lợi bất chính 500.000.000 đồng trở lên.",condition_or_rule,thuc pham co su dung chat hoa chat khang sinh thuoc thu y thuoc bao ve thuc vat phu gia thuc pham hoac chat ho tro che bien thuc pham chua duoc phep su dung hoac chua duoc phep luu hanh tai viet nam tri gia 1 000 000 000 dong tro len hoac thu loi bat chinh 500 000 000 dong tro len
article_318_clause_2_point_a,article_318_clause_2,article_318,318,2,a,Có tổ chức;,condition_or_rule,co to chuc
article_318_clause_2_point_b,article_318_clause_2,article_318,318,2,b,"Dùng vũ khí, hung khí hoặc có hành vi phá phách;",condition_or_rule,dung vu khi hung khi hoac co hanh vi pha phach
article_318_clause_2_point_c,article_318_clause_2,article_318,318,2,c,Gây cản trở giao thông nghiêm trọng hoặc gây đình trệ hoạt động công cộng;,condition_or_rule,gay can tro giao thong nghiem trong hoac gay dinh tre hoat dong cong cong
article_318_clause_2_point_d,article_318_clause_2,article_318,318,2,d,Xúi giục người khác gây rối;,condition_or_rule,xui giuc nguoi khac gay roi
article_318_clause_2_point_d,article_318_clause_2,article_318,318,2,đ,Hành hung người can thiệp bảo vệ trật tự công cộng;,condition_or_rule,hanh hung nguoi can thiep bao ve trat tu cong cong
article_318_clause_2_point_e,article_318_clause_2,article_318,318,2,e,Tái phạm nguy hiểm.,condition_or_rule,tai pham nguy hiem
article_319_clause_2_point_a,article_319_clause_2,article_319,319,2,a,"Gây ảnh hưởng xấu đến an ninh, trật tự, an toàn xã hội;",condition_or_rule,gay anh huong xau den an ninh trat tu an toan xa hoi
article_319_clause_2_point_b,article_319_clause_2,article_319,319,2,b,"Chiếm đoạt hoặc hủy hoại vật có giá trị lịch sử, văn hóa;",condition_or_rule,chiem doat hoac huy hoai vat co gia tri lich su van hoa
article_319_clause_2_point_c,article_319_clause_2,article_319,319,2,c,Vì động cơ đê hèn;,condition_or_rule,vi dong co de hen
article_319_clause_2_point_d,article_319_clause_2,article_319,319,2,d,"Chiếm đoạt bộ phận thi thể, hài cốt.",condition_or_rule,chiem doat bo phan thi the hai cot
article_320_clause_2_point_a,article_320_clause_2,article_320,320,2,a,Làm chết người;,condition_or_rule,lam chet nguoi
article_320_clause_2_point_b,article_320_clause_2,article_320,320,2,b,Thu lợi bất chính 200.000.000 đồng trở lên;,condition_or_rule,thu loi bat chinh 200 000 000 dong tro len
article_320_clause_2_point_c,article_320_clause_2,article_320,320,2,c,"Gây ảnh hưởng xấu đến an ninh, trật tự, an toàn xã hội.",condition_or_rule,gay anh huong xau den an ninh trat tu an toan xa hoi
article_321_clause_2_point_a,article_321_clause_2,article_321,321,2,a,Có tính chất chuyên nghiệp;,condition_or_rule,co tinh chat chuyen nghiep
article_321_clause_2_point_b,article_321_clause_2,article_321,321,2,b,Tiền hoặc hiện vật dùng đánh bạc trị giá 50.000.000 đồng trở lên;,condition_or_rule,tien hoac hien vat dung danh bac tri gia 50 000 000 dong tro len
article_321_clause_2_point_c,article_321_clause_2,article_321,321,2,c,"Sử dụng mạng internet, mạng máy tính, mạng viễn thông, phương tiện điện tử để phạm tội;",condition_or_rule,su dung mang internet mang may tinh mang vien thong phuong tien dien tu de pham toi
article_321_clause_2_point_d,article_321_clause_2,article_321,321,2,d,Tái phạm nguy hiểm.,condition_or_rule,tai pham nguy hiem
article_322_clause_1_point_a,article_322_clause_1,article_322,322,1,a,"Tổ chức cho 10 người đánh bạc trở lên trong cùng một lúc mà tổng số tiền, hiện vật dùng đánh bạc trị giá 5.000.000 đồng trở lên hoặc tổ chức 02 chiếu bạc trở lên trong cùng một lúc mà tổng số tiền, hiện vật dùng đánh bạc trị giá 5.000.000 đồng trở lên;",condition_or_rule,to chuc cho 10 nguoi danh bac tro len trong cung mot luc ma tong so tien hien vat dung danh bac tri gia 5 000 000 dong tro len hoac to chuc 02 chieu bac tro len trong cung mot luc ma tong so tien hien vat dung danh bac tri gia 5 000 000 dong tro len
article_322_clause_1_point_b,article_322_clause_1,article_322,322,1,b,"Sử dụng địa điểm thuộc quyền sở hữu hoặc quản lý của mình để cho 10 người đánh bạc trở lên trong cùng một lúc mà tổng số tiền, hiện vật dùng đánh bạc trị giá 5.000.000 đồng trở lên hoặc cho 02 chiếu bạc trở lên trong cùng một lúc mà tổng số tiền, hiện vật dùng đánh bạc trị giá 5.000.000 đồng trở lên;",condition_or_rule,su dung dia diem thuoc quyen so huu hoac quan ly cua minh de cho 10 nguoi danh bac tro len trong cung mot luc ma tong so tien hien vat dung danh bac tri gia 5 000 000 dong tro len hoac cho 02 chieu bac tro len trong cung mot luc ma tong so tien hien vat dung danh bac tri gia 5 000 000 dong tro len
article_322_clause_1_point_c,article_322_clause_1,article_322,322,1,c,"Tổng số tiền, hiện vật dùng đánh bạc trong cùng 01 lần trị giá 20.000.000 đồng trở lên;",condition_or_rule,tong so tien hien vat dung danh bac trong cung 01 lan tri gia 20 000 000 dong tro len
article_322_clause_1_point_d,article_322_clause_1,article_322,322,1,d,"Có tổ chức nơi cầm cố tài sản cho người tham gia đánh bạc; có lắp đặt trang thiết bị phục vụ cho việc đánh bạc hoặc phân công người canh gác, người phục vụ khi đánh bạc; sắp đặt lối thoát khi bị vây bắt, sử dụng phương tiện để trợ giúp cho việc đánh bạc;",condition_or_rule,co to chuc noi cam co tai san cho nguoi tham gia danh bac co lap dat trang thiet bi phuc vu cho viec danh bac hoac phan cong nguoi canh gac nguoi phuc vu khi danh bac sap dat loi thoat khi bi vay bat su dung phuong tien de tro giup cho viec danh bac
article_322_clause_1_point_d,article_322_clause_1,article_322,322,1,đ,"Đã bị xử phạt vi phạm hành chính về một trong các hành vi quy định tại Điều này hoặc hành vi quy định tại Điều 321 của Bộ luật này hoặc đã bị kết án về tội này hoặc tội quy định tại Điều 321 của Bộ luật này, chưa được xóa án tích mà còn vi phạm.",condition_or_rule,da bi xu phat vi pham hanh chinh ve mot trong cac hanh vi quy dinh tai dieu nay hoac hanh vi quy dinh tai dieu 321 cua bo luat nay hoac da bi ket an ve toi nay hoac toi quy dinh tai dieu 321 cua bo luat nay chua duoc xoa an tich ma con vi pham
article_322_clause_2_point_a,article_322_clause_2,article_322,322,2,a,Có tính chất chuyên nghiệp;,condition_or_rule,co tinh chat chuyen nghiep
article_322_clause_2_point_b,article_322_clause_2,article_322,322,2,b,Thu lợi bất chính 50.000.000 đồng trở lên;,condition_or_rule,thu loi bat chinh 50 000 000 dong tro len
article_322_clause_2_point_c,article_322_clause_2,article_322,322,2,c,"Sử dụng mạng internet, mạng máy tính, mạng viễn thông hoặc phương tiện điện tử để phạm tội;",condition_or_rule,su dung mang internet mang may tinh mang vien thong hoac phuong tien dien tu de pham toi
article_322_clause_2_point_d,article_322_clause_2,article_322,322,2,d,Tái phạm nguy hiểm.,condition_or_rule,tai pham nguy hiem
article_323_clause_2_point_a,article_323_clause_2,article_323,323,2,a,Có tổ chức;,condition_or_rule,co to chuc
article_323_clause_2_point_b,article_323_clause_2,article_323,323,2,b,Có tính chất chuyên nghiệp;,condition_or_rule,co tinh chat chuyen nghiep
article_323_clause_2_point_c,article_323_clause_2,article_323,323,2,c,"Tài sản, vật phạm pháp trị giá từ 100.000.000 đồng đến dưới 300.000.000 đồng;",condition_or_rule,tai san vat pham phap tri gia tu 100 000 000 dong den duoi 300 000 000 dong
article_323_clause_2_point_d,article_323_clause_2,article_323,323,2,d,Thu lợi bất chính từ 20.000.000 đồng đến dưới 100.000.000 đồng;,condition_or_rule,thu loi bat chinh tu 20 000 000 dong den duoi 100 000 000 dong
article_323_clause_2_point_d,article_323_clause_2,article_323,323,2,đ,Tái phạm nguy hiểm.,condition_or_rule,tai pham nguy hiem
article_323_clause_3_point_a,article_323_clause_3,article_323,323,3,a,"Tài sản, vật phạm pháp trị giá từ 300.000.000 đồng đến dưới 1.000.000.000 đồng;",condition_or_rule,tai san vat pham phap tri gia tu 300 000 000 dong den duoi 1 000 000 000 dong
article_323_clause_3_point_b,article_323_clause_3,article_323,323,3,b,Thu lợi bất chính từ 100.000.000 đồng đến dưới 300.000.000 đồng.,condition_or_rule,thu loi bat chinh tu 100 000 000 dong den duoi 300 000 000 dong
article_323_clause_4_point_a,article_323_clause_4,article_323,323,4,a,"Tài sản, vật phạm pháp trị giá 1.000.000.000 đồng trở lên;",condition_or_rule,tai san vat pham phap tri gia 1 000 000 000 dong tro len
article_323_clause_4_point_b,article_323_clause_4,article_323,323,4,b,Thu lợi bất chính 300.000.000 đồng trở lên.,condition_or_rule,thu loi bat chinh 300 000 000 dong tro len
article_324_clause_1_point_a,article_324_clause_1,article_324,324,1,a,"Tham gia trực tiếp hoặc gián tiếp vào giao dịch tài chính, ngân hàng hoặc giao dịch khác nhằm che giấu nguồn gốc bất hợp pháp của tiền, tài sản do mình phạm tội mà có hoặc biết hay có cơ sở để biết là do người khác phạm tội mà có;",condition_or_rule,tham gia truc tiep hoac gian tiep vao giao dich tai chinh ngan hang hoac giao dich khac nham che giau nguon goc bat hop phap cua tien tai san do minh pham toi ma co hoac biet hay co co so de biet la do nguoi khac pham toi ma co
article_324_clause_1_point_b,article_324_clause_1,article_324,324,1,b,"Sử dụng tiền, tài sản do mình phạm tội mà có hoặc biết hay có cơ sở để biết là do người khác thực hiện hành vi phạm tội mà có vào việc tiến hành các hoạt động kinh doanh hoặc hoạt động khác;",definition_or_list,su dung tien tai san do minh pham toi ma co hoac biet hay co co so de biet la do nguoi khac thuc hien hanh vi pham toi ma co vao viec tien hanh cac hoat dong kinh doanh hoac hoat dong khac
article_324_clause_1_point_c,article_324_clause_1,article_324,324,1,c,"Che giấu thông tin về nguồn gốc, bản chất thực sự, vị trí, quá trình di chuyển hoặc quyền sở hữu đối với tiền, tài sản do mình phạm tội mà có hoặc biết hay có cơ sở để biết là do người khác phạm tội mà có hoặc cản trở việc xác minh các thông tin đó;",condition_or_rule,che giau thong tin ve nguon goc ban chat thuc su vi tri qua trinh di chuyen hoac quyen so huu doi voi tien tai san do minh pham toi ma co hoac biet hay co co so de biet la do nguoi khac pham toi ma co hoac can tro viec xac minh cac thong tin do
article_324_clause_1_point_d,article_324_clause_1,article_324,324,1,d,"Thực hiện một trong các hành vi quy định tại các điểm a, b và c khoản này đối với tiền, tài sản biết là có được từ việc chuyển dịch, chuyển nhượng, chuyển đổi tiền, tài sản do người khác thực hiện hành vi phạm tội mà có.",condition_or_rule,thuc hien mot trong cac hanh vi quy dinh tai cac diem a b va c khoan nay doi voi tien tai san biet la co duoc tu viec chuyen dich chuyen nhuong chuyen doi tien tai san do nguoi khac thuc hien hanh vi pham toi ma co
article_324_clause_2_point_a,article_324_clause_2,article_324,324,2,a,Có tổ chức;,condition_or_rule,co to chuc
article_324_clause_2_point_b,article_324_clause_2,article_324,324,2,b,"Lợi dụng chức vụ, quyền hạn;",condition_or_rule,loi dung chuc vu quyen han
article_324_clause_2_point_c,article_324_clause_2,article_324,324,2,c,Phạm tội 02 lần trở lên;,condition_or_rule,pham toi 02 lan tro len
article_324_clause_2_point_d,article_324_clause_2,article_324,324,2,d,Có tính chất chuyên nghiệp;,condition_or_rule,co tinh chat chuyen nghiep
article_324_clause_2_point_d,article_324_clause_2,article_324,324,2,đ,"Dùng thủ đoạn tinh vi, xảo quyệt;",condition_or_rule,dung thu doan tinh vi xao quyet
article_324_clause_2_point_e,article_324_clause_2,article_324,324,2,e,"Tiền, tài sản phạm tội trị giá từ 200.000.000 đồng đến dưới 500.000.000 đồng;",condition_or_rule,tien tai san pham toi tri gia tu 200 000 000 dong den duoi 500 000 000 dong
article_324_clause_2_point_g,article_324_clause_2,article_324,324,2,g,Thu lợi bất chính từ 50.000.000 đồng đến dưới 100.000.000 đồng;,condition_or_rule,thu loi bat chinh tu 50 000 000 dong den duoi 100 000 000 dong
article_324_clause_2_point_h,article_324_clause_2,article_324,324,2,h,Tái phạm nguy hiểm.,condition_or_rule,tai pham nguy hiem
article_324_clause_3_point_a,article_324_clause_3,article_324,324,3,a,"Tiền, tài sản phạm tội trị giá 500.000.000 đồng trở lên;",condition_or_rule,tien tai san pham toi tri gia 500 000 000 dong tro len
article_324_clause_3_point_b,article_324_clause_3,article_324,324,3,b,Thu lợi bất chính 100.000.000 đồng trở lên;,condition_or_rule,thu loi bat chinh 100 000 000 dong tro len
article_324_clause_3_point_c,article_324_clause_3,article_324,324,3,c,"Gây ảnh hưởng xấu đến an toàn hệ thống tài chính, tiền tệ quốc gia.",condition_or_rule,gay anh huong xau den an toan he thong tai chinh tien te quoc gia
article_324_clause_6_point_a,article_324_clause_6,article_324,324,6,a,"Phạm tội thuộc trường hợp quy định tại khoản 1 Điều này, thì bị phạt tiền từ 1.000.000.000 đồng đến 5.000.000.000 đồng;",penalty_frame,pham toi thuoc truong hop quy dinh tai khoan 1 dieu nay thi bi phat tien tu 1 000 000 000 dong den 5 000 000 000 dong
article_324_clause_6_point_b,article_324_clause_6,article_324,324,6,b,"Phạm tội thuộc một trong các trường hợp quy định tại các điểm a, c, d, đ, e, g và h khoản 2 Điều này, thì bị phạt tiền từ 5.000.000.000 đồng đến 10.000.000.000 đồng;",penalty_frame,pham toi thuoc mot trong cac truong hop quy dinh tai cac diem a c d d e g va h khoan 2 dieu nay thi bi phat tien tu 5 000 000 000 dong den 10 000 000 000 dong
article_324_clause_6_point_c,article_324_clause_6,article_324,324,6,c,"Phạm tội thuộc trường hợp quy định tại khoản 3 Điều này, thì bị phạt tiền từ 10.000.000.000 đồng đến 20.000.000.000 đồng hoặc đình chỉ hoạt động có thời hạn từ 01 năm đến 03 năm;",penalty_frame,pham toi thuoc truong hop quy dinh tai khoan 3 dieu nay thi bi phat tien tu 10 000 000 000 dong den 20 000 000 000 dong hoac dinh chi hoat dong co thoi han tu 01 nam den 03 nam
article_324_clause_6_point_d,article_324_clause_6,article_324,324,6,d,"Phạm tội thuộc trường hợp quy định tại Điều 79 của Bộ luật này, thì bị đình chỉ hoạt động vĩnh viễn;",condition_or_rule,pham toi thuoc truong hop quy dinh tai dieu 79 cua bo luat nay thi bi dinh chi hoat dong vinh vien
article_324_clause_6_point_d,article_324_clause_6,article_324,324,6,đ,"Pháp nhân thương mại còn có thể bị phạt tiền từ 1.000.000.000 đồng đến 5.000.000.000 đồng, cấm kinh doanh, cấm hoạt động trong một số lĩnh vực nhất định hoặc cấm huy động vốn từ 01 năm đến 03 năm.",penalty_frame,phap nhan thuong mai con co the bi phat tien tu 1 000 000 000 dong den 5 000 000 000 dong cam kinh doanh cam hoat dong trong mot so linh vuc nhat dinh hoac cam huy dong von tu 01 nam den 03 nam
article_325_clause_1_point_a,article_325_clause_1,article_325,325,1,a,"Rủ rê, lôi kéo, mua chuộc, kích động hoặc xúi giục người dưới 18 tuổi phạm tội hoặc sống sa đọa;",condition_or_rule,ru re loi keo mua chuoc kich dong hoac xui giuc nguoi duoi 18 tuoi pham toi hoac song sa doa
article_325_clause_1_point_b,article_325_clause_1,article_325,325,1,b,"Đe dọa, uy hiếp, dùng vũ lực hoặc có hành vi khác ép buộc người dưới 18 tuổi phạm tội hoặc sống sa đọa;",condition_or_rule,de doa uy hiep dung vu luc hoac co hanh vi khac ep buoc nguoi duoi 18 tuoi pham toi hoac song sa doa
article_325_clause_1_point_c,article_325_clause_1,article_325,325,1,c,Chứa chấp người dưới 18 tuổi phạm pháp.,condition_or_rule,chua chap nguoi duoi 18 tuoi pham phap
article_325_clause_2_point_a,article_325_clause_2,article_325,325,2,a,Có tổ chức;,condition_or_rule,co to chuc
article_325_clause_2_point_b,article_325_clause_2,article_325,325,2,b,Đối với 02 người trở lên;,condition_or_rule,doi voi 02 nguoi tro len
article_325_clause_2_point_c,article_325_clause_2,article_325,325,2,c,Đối với người dưới 13 tuổi;,condition_or_rule,doi voi nguoi duoi 13 tuoi
article_325_clause_2_point_d,article_325_clause_2,article_325,325,2,d,"Chứa chấp, rủ rê, lôi kéo, mua chuộc, kích động, xúi giục, đe dọa, uy hiếp, dùng vũ lực hoặc có hành vi khác ép buộc người dưới 18 tuổi thực hiện tội phạm rất nghiêm trọng hoặc tội phạm đặc biệt nghiêm trọng;",condition_or_rule,chua chap ru re loi keo mua chuoc kich dong xui giuc de doa uy hiep dung vu luc hoac co hanh vi khac ep buoc nguoi duoi 18 tuoi thuc hien toi pham rat nghiem trong hoac toi pham dac biet nghiem trong
article_325_clause_2_point_d,article_325_clause_2,article_325,325,2,đ,Tái phạm nguy hiểm.,condition_or_rule,tai pham nguy hiem
article_326_clause_1_point_a,article_326_clause_1,article_326,326,1,a,Dữ liệu được số hóa có dung lượng từ 01 gigabyte (GB) đến dưới 05 gigabyte (GB);,condition_or_rule,du lieu duoc so hoa co dung luong tu 01 gigabyte gb den duoi 05 gigabyte gb
article_326_clause_1_point_b,article_326_clause_1,article_326,326,1,b,Ảnh có số lượng từ 100 ảnh đến dưới 200 ảnh;,condition_or_rule,anh co so luong tu 100 anh den duoi 200 anh
article_326_clause_1_point_c,article_326_clause_1,article_326,326,1,c,"Sách in, báo in hoặc vật phẩm khác có số lượng từ 50 đơn vị đến dưới 100 đơn vị;",condition_or_rule,sach in bao in hoac vat pham khac co so luong tu 50 don vi den duoi 100 don vi
article_326_clause_1_point_d,article_326_clause_1,article_326,326,1,d,Phổ biến cho từ 10 người đến 20 người;,condition_or_rule,pho bien cho tu 10 nguoi den 20 nguoi
article_326_clause_1_point_d,article_326_clause_1,article_326,326,1,đ,"Đã bị xử phạt vi phạm hành chính về một trong các hành vi quy định tại Điều này hoặc đã bị kết án về tội này, chưa được xóa án tích mà còn vi phạm.",condition_or_rule,da bi xu phat vi pham hanh chinh ve mot trong cac hanh vi quy dinh tai dieu nay hoac da bi ket an ve toi nay chua duoc xoa an tich ma con vi pham
article_326_clause_2_point_a,article_326_clause_2,article_326,326,2,a,Có tổ chức;,condition_or_rule,co to chuc
article_326_clause_2_point_b,article_326_clause_2,article_326,326,2,b,Dữ liệu được số hóa có dung lượng từ 05 gigabyte (GB) đến dưới 10 gigabyte (GB);,condition_or_rule,du lieu duoc so hoa co dung luong tu 05 gigabyte gb den duoi 10 gigabyte gb
article_326_clause_2_point_c,article_326_clause_2,article_326,326,2,c,Ảnh có số lượng từ 200 ảnh đến dưới 500 ảnh;,condition_or_rule,anh co so luong tu 200 anh den duoi 500 anh
article_326_clause_2_point_d,article_326_clause_2,article_326,326,2,d,"Sách in, báo in hoặc vật phẩm khác có số lượng từ 100 đơn vị đến dưới 200 đơn vị;",condition_or_rule,sach in bao in hoac vat pham khac co so luong tu 100 don vi den duoi 200 don vi
article_326_clause_2_point_d,article_326_clause_2,article_326,326,2,đ,Phổ biến cho từ 21 người đến 100 người;,condition_or_rule,pho bien cho tu 21 nguoi den 100 nguoi
article_326_clause_2_point_e,article_326_clause_2,article_326,326,2,e,Phổ biến cho người dưới 18 tuổi;,condition_or_rule,pho bien cho nguoi duoi 18 tuoi
article_326_clause_2_point_g,article_326_clause_2,article_326,326,2,g,"Sử dụng mạng internet, mạng máy tính, mạng viễn thông hoặc phương tiện điện tử để phạm tội;",condition_or_rule,su dung mang internet mang may tinh mang vien thong hoac phuong tien dien tu de pham toi
article_326_clause_2_point_h,article_326_clause_2,article_326,326,2,h,Tái phạm nguy hiểm.,condition_or_rule,tai pham nguy hiem
article_326_clause_3_point_a,article_326_clause_3,article_326,326,3,a,Dữ liệu được số hóa có dung lượng 10 gigabyte (GB) trở lên;,condition_or_rule,du lieu duoc so hoa co dung luong 10 gigabyte gb tro len
article_326_clause_3_point_b,article_326_clause_3,article_326,326,3,b,Ảnh có số lượng 500 ảnh trở lên;,condition_or_rule,anh co so luong 500 anh tro len
article_326_clause_3_point_c,article_326_clause_3,article_326,326,3,c,"Sách in, báo in hoặc vật phẩm khác có số lượng 200 đơn vị trở lên;",condition_or_rule,sach in bao in hoac vat pham khac co so luong 200 don vi tro len
article_326_clause_3_point_d,article_326_clause_3,article_326,326,3,d,Phổ biến cho 101 người trở lên.,condition_or_rule,pho bien cho 101 nguoi tro len
article_327_clause_2_point_a,article_327_clause_2,article_327,327,2,a,Có tổ chức;,condition_or_rule,co to chuc
article_327_clause_2_point_b,article_327_clause_2,article_327,327,2,b,Cưỡng bức mại dâm;,condition_or_rule,cuong buc mai dam
article_327_clause_2_point_c,article_327_clause_2,article_327,327,2,c,Phạm tội 02 lần trở lên;,condition_or_rule,pham toi 02 lan tro len
article_327_clause_2_point_d,article_327_clause_2,article_327,327,2,d,Chứa mại dâm 04 người trở lên;,condition_or_rule,chua mai dam 04 nguoi tro len
article_327_clause_2_point_d,article_327_clause_2,article_327,327,2,đ,Đối với người từ đủ 16 tuổi đến dưới 18 tuổi;,condition_or_rule,doi voi nguoi tu du 16 tuoi den duoi 18 tuoi
article_327_clause_2_point_e,article_327_clause_2,article_327,327,2,e,Gây rối loạn tâm thần và hành vi của người bán dâm mà tỷ lệ tổn thương cơ thể từ 31% đến 60%;,condition_or_rule,gay roi loan tam than va hanh vi cua nguoi ban dam ma ty le ton thuong co the tu 31 den 60
article_327_clause_2_point_g,article_327_clause_2,article_327,327,2,g,Thu lợi bất chính từ 50.000.000 đồng đến dưới 200.000.000 đồng;,condition_or_rule,thu loi bat chinh tu 50 000 000 dong den duoi 200 000 000 dong
article_327_clause_2_point_h,article_327_clause_2,article_327,327,2,h,Tái phạm nguy hiểm.,condition_or_rule,tai pham nguy hiem
article_327_clause_3_point_a,article_327_clause_3,article_327,327,3,a,Đối với người từ đủ 13 tuổi đến dưới 16 tuổi;,condition_or_rule,doi voi nguoi tu du 13 tuoi den duoi 16 tuoi
article_327_clause_3_point_b,article_327_clause_3,article_327,327,3,b,Thu lợi bất chính từ 200.000.000 đồng đến dưới 500.000.000 đồng;,condition_or_rule,thu loi bat chinh tu 200 000 000 dong den duoi 500 000 000 dong
article_327_clause_3_point_c,article_327_clause_3,article_327,327,3,c,Gây rối loạn tâm thần và hành vi của người bán dâm mà tỷ lệ tổn thương cơ thể 61% trở lên.,condition_or_rule,gay roi loan tam than va hanh vi cua nguoi ban dam ma ty le ton thuong co the 61 tro len
article_327_clause_4_point_a,article_327_clause_4,article_327,327,4,a,Đối với 02 người trở lên từ đủ 13 tuổi đến dưới 16 tuổi;,condition_or_rule,doi voi 02 nguoi tro len tu du 13 tuoi den duoi 16 tuoi
article_327_clause_4_point_b,article_327_clause_4,article_327,327,4,b,Thu lợi bất chính 500.000.000 đồng trở lên;,condition_or_rule,thu loi bat chinh 500 000 000 dong tro len
article_327_clause_4_point_c,article_327_clause_4,article_327,327,4,c,Cưỡng bức mại dâm dẫn đến người đó chết hoặc tự sát.,condition_or_rule,cuong buc mai dam dan den nguoi do chet hoac tu sat
article_328_clause_2_point_a,article_328_clause_2,article_328,328,2,a,Đối với người từ đủ 16 tuổi đến dưới 18 tuổi;,condition_or_rule,doi voi nguoi tu du 16 tuoi den duoi 18 tuoi
article_328_clause_2_point_b,article_328_clause_2,article_328,328,2,b,Có tổ chức;,condition_or_rule,co to chuc
article_328_clause_2_point_c,article_328_clause_2,article_328,328,2,c,Có tính chất chuyên nghiệp;,condition_or_rule,co tinh chat chuyen nghiep
article_328_clause_2_point_d,article_328_clause_2,article_328,328,2,d,Phạm tội 02 lần trở lên;,condition_or_rule,pham toi 02 lan tro len
article_328_clause_2_point_d,article_328_clause_2,article_328,328,2,đ,Đối với 02 người trở lên;,condition_or_rule,doi voi 02 nguoi tro len
article_328_clause_2_point_e,article_328_clause_2,article_328,328,2,e,Thu lợi bất chính từ 100.000.000 đồng đến dưới 500.000.000 đồng;,condition_or_rule,thu loi bat chinh tu 100 000 000 dong den duoi 500 000 000 dong
article_328_clause_2_point_g,article_328_clause_2,article_328,328,2,g,Tái phạm nguy hiểm.,condition_or_rule,tai pham nguy hiem
article_328_clause_3_point_a,article_328_clause_3,article_328,328,3,a,Đối với người từ đủ 13 tuổi đến dưới 16 tuổi;,condition_or_rule,doi voi nguoi tu du 13 tuoi den duoi 16 tuoi
article_328_clause_3_point_b,article_328_clause_3,article_328,328,3,b,Thu lợi bất chính 500.000.000 đồng trở lên.,condition_or_rule,thu loi bat chinh 500 000 000 dong tro len
article_329_clause_2_point_a,article_329_clause_2,article_329,329,2,a,Mua dâm 02 lần trở lên;,condition_or_rule,mua dam 02 lan tro len
article_329_clause_2_point_b,article_329_clause_2,article_329,329,2,b,Mua dâm người từ đủ 13 tuổi đến dưới 16 tuổi;,condition_or_rule,mua dam nguoi tu du 13 tuoi den duoi 16 tuoi
article_329_clause_2_point_c,article_329_clause_2,article_329,329,2,c,Gây tổn hại cho sức khỏe của nạn nhân mà tỷ lệ tổn thương cơ thể từ 31% đến 60%.,condition_or_rule,gay ton hai cho suc khoe cua nan nhan ma ty le ton thuong co the tu 31 den 60
article_329_clause_3_point_a,article_329_clause_3,article_329,329,3,a,Phạm tội 02 lần trở lên đối với người từ đủ 13 tuổi đến dưới 16 tuổi;,condition_or_rule,pham toi 02 lan tro len doi voi nguoi tu du 13 tuoi den duoi 16 tuoi
article_329_clause_3_point_b,article_329_clause_3,article_329,329,3,b,Gây tổn hại cho sức khỏe của nạn nhân mà tỷ lệ tổn thương cơ thể 61% trở lên.,condition_or_rule,gay ton hai cho suc khoe cua nan nhan ma ty le ton thuong co the 61 tro len
article_330_clause_2_point_a,article_330_clause_2,article_330,330,2,a,Có tổ chức;,condition_or_rule,co to chuc
article_330_clause_2_point_b,article_330_clause_2,article_330,330,2,b,Phạm tội 02 lần trở lên;,condition_or_rule,pham toi 02 lan tro len
article_330_clause_2_point_c,article_330_clause_2,article_330,330,2,c,"Xúi giục, lôi kéo, kích động người khác phạm tội;",condition_or_rule,xui giuc loi keo kich dong nguoi khac pham toi
article_330_clause_2_point_d,article_330_clause_2,article_330,330,2,d,Gây thiệt hại về tài sản 50.000.000 đồng trở lên;,condition_or_rule,gay thiet hai ve tai san 50 000 000 dong tro len
article_330_clause_2_point_d,article_330_clause_2,article_330,330,2,đ,Tái phạm nguy hiểm.,condition_or_rule,tai pham nguy hiem
article_332_clause_2_point_a,article_332_clause_2,article_332,332,2,a,Tự gây thương tích hoặc gây tổn hại cho sức khỏe của mình;,condition_or_rule,tu gay thuong tich hoac gay ton hai cho suc khoe cua minh
article_332_clause_2_point_b,article_332_clause_2,article_332,332,2,b,Phạm tội trong thời chiến;,condition_or_rule,pham toi trong thoi chien
article_332_clause_2_point_c,article_332_clause_2,article_332,332,2,c,Lôi kéo người khác phạm tội.,condition_or_rule,loi keo nguoi khac pham toi
article_333_clause_2_point_a,article_333_clause_2,article_333,333,2,a,Tự gây thương tích hoặc gây tổn hại cho sức khỏe của mình;,condition_or_rule,tu gay thuong tich hoac gay ton hai cho suc khoe cua minh
article_333_clause_2_point_b,article_333_clause_2,article_333,333,2,b,Lôi kéo người khác phạm tội.,condition_or_rule,loi keo nguoi khac pham toi
article_336_clause_2_point_a,article_336_clause_2,article_336,336,2,a,"Đăng ký, cấp giấy tờ về hộ tịch trái pháp luật cho 02 người trở lên;",condition_or_rule,dang ky cap giay to ve ho tich trai phap luat cho 02 nguoi tro len
article_336_clause_2_point_b,article_336_clause_2,article_336,336,2,b,"Giấy tờ về hộ tịch đã được cấp, đăng ký trái pháp luật được sử dụng để thực hiện hành vi trái pháp luật.",condition_or_rule,giay to ve ho tich da duoc cap dang ky trai phap luat duoc su dung de thuc hien hanh vi trai phap luat
article_337_clause_2_point_a,article_337_clause_2,article_337,337,2,a,Bí mật nhà nước thuộc độ tối mật;,condition_or_rule,bi mat nha nuoc thuoc do toi mat
article_337_clause_2_point_b,article_337_clause_2,article_337,337,2,b,"Lợi dụng chức vụ, quyền hạn;",condition_or_rule,loi dung chuc vu quyen han
article_337_clause_2_point_c,article_337_clause_2,article_337,337,2,c,"Gây tổn hại về quốc phòng, an ninh, đối ngoại, kinh tế, văn hóa.",condition_or_rule,gay ton hai ve quoc phong an ninh doi ngoai kinh te van hoa
article_337_clause_3_point_a,article_337_clause_3,article_337,337,3,a,Có tổ chức;,condition_or_rule,co to chuc
article_337_clause_3_point_b,article_337_clause_3,article_337,337,3,b,Bí mật nhà nước thuộc độ tuyệt mật;,condition_or_rule,bi mat nha nuoc thuoc do tuyet mat
article_337_clause_3_point_c,article_337_clause_3,article_337,337,3,c,Phạm tội 02 lần trở lên;,condition_or_rule,pham toi 02 lan tro len
article_337_clause_3_point_d,article_337_clause_3,article_337,337,3,d,"Gây tổn hại về chế độ chính trị, độc lập, chủ quyền, thống nhất và toàn vẹn lãnh thổ.",condition_or_rule,gay ton hai ve che do chinh tri doc lap chu quyen thong nhat va toan ven lanh tho
article_338_clause_2_point_a,article_338_clause_2,article_338,338,2,a,"Bí mật nhà nước thuộc độ tối mật, tuyệt mật;",condition_or_rule,bi mat nha nuoc thuoc do toi mat tuyet mat
article_338_clause_2_point_b,article_338_clause_2,article_338,338,2,b,"Gây tổn hại về quốc phòng, an ninh, đối ngoại, kinh tế, văn hóa, chế độ chính trị, độc lập, chủ quyền, thống nhất và toàn vẹn lãnh thổ.",condition_or_rule,gay ton hai ve quoc phong an ninh doi ngoai kinh te van hoa che do chinh tri doc lap chu quyen thong nhat va toan ven lanh tho
article_340_clause_2_point_a,article_340_clause_2,article_340,340,2,a,Phạm tội 02 lần trở lên;,condition_or_rule,pham toi 02 lan tro len
article_340_clause_2_point_b,article_340_clause_2,article_340,340,2,b,"Sử dụng giấy tờ, tài liệu đã bị sửa chữa hoặc làm sai lệch thực hiện tội phạm rất nghiêm trọng hoặc tội đặc biệt nghiêm trọng.",condition_or_rule,su dung giay to tai lieu da bi sua chua hoac lam sai lech thuc hien toi pham rat nghiem trong hoac toi dac biet nghiem trong
article_341_clause_2_point_a,article_341_clause_2,article_341,341,2,a,Có tổ chức;,condition_or_rule,co to chuc
article_341_clause_2_point_b,article_341_clause_2,article_341,341,2,b,Phạm tội 02 lần trở lên;,condition_or_rule,pham toi 02 lan tro len
article_341_clause_2_point_c,article_341_clause_2,article_341,341,2,c,"Làm từ 02 đến 05 con dấu, tài liệu hoặc giấy tờ khác;",condition_or_rule,lam tu 02 den 05 con dau tai lieu hoac giay to khac
article_341_clause_2_point_d,article_341_clause_2,article_341,341,2,d,"Sử dụng con dấu, tài liệu hoặc giấy tờ khác thực hiện tội phạm ít nghiêm trọng hoặc tội phạm nghiêm trọng;",condition_or_rule,su dung con dau tai lieu hoac giay to khac thuc hien toi pham it nghiem trong hoac toi pham nghiem trong
article_341_clause_2_point_d,article_341_clause_2,article_341,341,2,đ,Thu lợi bất chính từ 10.000.000 đồng đến dưới 50.000.000 đồng;,condition_or_rule,thu loi bat chinh tu 10 000 000 dong den duoi 50 000 000 dong
article_341_clause_2_point_e,article_341_clause_2,article_341,341,2,e,Tái phạm nguy hiểm.,condition_or_rule,tai pham nguy hiem
article_341_clause_3_point_a,article_341_clause_3,article_341,341,3,a,"Làm 06 con dấu, tài liệu hoặc giấy tờ khác trở lên;",condition_or_rule,lam 06 con dau tai lieu hoac giay to khac tro len
article_341_clause_3_point_b,article_341_clause_3,article_341,341,3,b,"Sử dụng con dấu, tài liệu hoặc giấy tờ khác thực hiện tội phạm rất nghiêm trọng hoặc tội phạm đặc biệt nghiêm trọng;",condition_or_rule,su dung con dau tai lieu hoac giay to khac thuc hien toi pham rat nghiem trong hoac toi pham dac biet nghiem trong
article_341_clause_3_point_c,article_341_clause_3,article_341,341,3,c,Thu lợi bất chính 50.000.000 đồng trở lên.,condition_or_rule,thu loi bat chinh 50 000 000 dong tro len
article_342_clause_2_point_a,article_342_clause_2,article_342,342,2,a,Có tổ chức;,condition_or_rule,co to chuc
article_342_clause_2_point_b,article_342_clause_2,article_342,342,2,b,Thu lợi bất chính 10.000.000 đồng trở lên;,condition_or_rule,thu loi bat chinh 10 000 000 dong tro len
article_342_clause_2_point_c,article_342_clause_2,article_342,342,2,c,Để thực hiện hành vi trái pháp luật;,condition_or_rule,de thuc hien hanh vi trai phap luat
article_342_clause_2_point_d,article_342_clause_2,article_342,342,2,d,Tái phạm nguy hiểm.,condition_or_rule,tai pham nguy hiem
article_344_clause_1_point_a,article_344_clause_1,article_344,344,1,a,"In 2.000 bản trở lên đối với từng xuất bản phẩm mà không có quyết định xuất bản, không có giấy phép xuất bản tài liệu không kinh doanh hoặc không có bản thảo đã được ký duyệt theo quy định của pháp luật;",condition_or_rule,in 2 000 ban tro len doi voi tung xuat ban pham ma khong co quyet dinh xuat ban khong co giay phep xuat ban tai lieu khong kinh doanh hoac khong co ban thao da duoc ky duyet theo quy dinh cua phap luat
article_344_clause_1_point_b,article_344_clause_1,article_344,344,1,b,"Xuất bản, in hoặc phát hành xuất bản phẩm đã bị đình chỉ phát hành, bị thu hồi, tịch thu, cấm lưu hành, tiêu hủy hoặc nhập khẩu trái phép với số lượng 500 bản trở lên đối với từng xuất bản phẩm;",condition_or_rule,xuat ban in hoac phat hanh xuat ban pham da bi dinh chi phat hanh bi thu hoi tich thu cam luu hanh tieu huy hoac nhap khau trai phep voi so luong 500 ban tro len doi voi tung xuat ban pham
article_344_clause_1_point_c,article_344_clause_1,article_344,344,1,c,"Xuất bản, phát hành xuất bản phẩm điện tử có nội dung bị cấm, không có quyết định xuất bản hoặc không có bản thảo đã được ký duyệt theo quy định của pháp luật.",condition_or_rule,xuat ban phat hanh xuat ban pham dien tu co noi dung bi cam khong co quyet dinh xuat ban hoac khong co ban thao da duoc ky duyet theo quy dinh cua phap luat
article_344_clause_2_point_a,article_344_clause_2,article_344,344,2,a,Có tổ chức;,condition_or_rule,co to chuc
article_344_clause_2_point_b,article_344_clause_2,article_344,344,2,b,"Thay đổi, làm sai lệch nội dung bản thảo đã được ký duyệt hoặc bản thảo tài liệu không kinh doanh đã có dấu của cơ quan cấp giấy phép xuất bản để xuất bản bản thảo có nội dung bị cấm theo quy định của Luật xuất bản;",condition_or_rule,thay doi lam sai lech noi dung ban thao da duoc ky duyet hoac ban thao tai lieu khong kinh doanh da co dau cua co quan cap giay phep xuat ban de xuat ban ban thao co noi dung bi cam theo quy dinh cua luat xuat ban
article_344_clause_2_point_c,article_344_clause_2,article_344,344,2,c,Phát hành xuất bản phẩm có nội dung bị cấm theo quy định của Luật xuất bản.,condition_or_rule,phat hanh xuat ban pham co noi dung bi cam theo quy dinh cua luat xuat ban
article_348_clause_2_point_a,article_348_clause_2,article_348,348,2,a,"Lợi dụng chức vụ, quyền hạn;",condition_or_rule,loi dung chuc vu quyen han
article_348_clause_2_point_b,article_348_clause_2,article_348,348,2,b,Phạm tội 02 lần trở lên;,condition_or_rule,pham toi 02 lan tro len
article_348_clause_2_point_c,article_348_clause_2,article_348,348,2,c,Đối với từ 05 người đến 10 người;,condition_or_rule,doi voi tu 05 nguoi den 10 nguoi
article_348_clause_2_point_d,article_348_clause_2,article_348,348,2,d,Có tính chất chuyên nghiệp;,condition_or_rule,co tinh chat chuyen nghiep
article_348_clause_2_point_d,article_348_clause_2,article_348,348,2,đ,Thu lợi bất chính từ 100.000.000 đồng đến dưới 500.000.000 đồng;,condition_or_rule,thu loi bat chinh tu 100 000 000 dong den duoi 500 000 000 dong
article_348_clause_2_point_e,article_348_clause_2,article_348,348,2,e,Tái phạm nguy hiểm.,condition_or_rule,tai pham nguy hiem
article_348_clause_3_point_a,article_348_clause_3,article_348,348,3,a,Đối với 11 người trở lên;,condition_or_rule,doi voi 11 nguoi tro len
article_348_clause_3_point_b,article_348_clause_3,article_348,348,3,b,Thu lợi bất chính 500.000.000 đồng trở lên;,condition_or_rule,thu loi bat chinh 500 000 000 dong tro len
article_348_clause_3_point_c,article_348_clause_3,article_348,348,3,c,Làm chết người.,condition_or_rule,lam chet nguoi
article_349_clause_2_point_a,article_349_clause_2,article_349,349,2,a,"Lợi dụng chức vụ, quyền hạn;",condition_or_rule,loi dung chuc vu quyen han
article_349_clause_2_point_b,article_349_clause_2,article_349,349,2,b,Phạm tội 02 lần trở lên;,condition_or_rule,pham toi 02 lan tro len
article_349_clause_2_point_c,article_349_clause_2,article_349,349,2,c,Đối với từ 05 người đến 10 người;,condition_or_rule,doi voi tu 05 nguoi den 10 nguoi
article_349_clause_2_point_d,article_349_clause_2,article_349,349,2,d,Có tính chất chuyên nghiệp;,condition_or_rule,co tinh chat chuyen nghiep
article_349_clause_2_point_d,article_349_clause_2,article_349,349,2,đ,Thu lợi bất chính từ 100.000.000 đồng đến dưới 500.000.000 đồng;,condition_or_rule,thu loi bat chinh tu 100 000 000 dong den duoi 500 000 000 dong
article_349_clause_2_point_e,article_349_clause_2,article_349,349,2,e,Tái phạm nguy hiểm.,condition_or_rule,tai pham nguy hiem
article_349_clause_3_point_a,article_349_clause_3,article_349,349,3,a,Đối với 11 người trở lên;,condition_or_rule,doi voi 11 nguoi tro len
article_349_clause_3_point_b,article_349_clause_3,article_349,349,3,b,Thu lợi bất chính 500.000.000 đồng trở lên;,condition_or_rule,thu loi bat chinh 500 000 000 dong tro len
article_349_clause_3_point_c,article_349_clause_3,article_349,349,3,c,Làm chết người.,condition_or_rule,lam chet nguoi
article_350_clause_2_point_a,article_350_clause_2,article_350,350,2,a,Phạm tội 02 lần trở lên;,condition_or_rule,pham toi 02 lan tro len
article_350_clause_2_point_b,article_350_clause_2,article_350,350,2,b,Đối với từ 05 người đến 10 người;,condition_or_rule,doi voi tu 05 nguoi den 10 nguoi
article_350_clause_2_point_c,article_350_clause_2,article_350,350,2,c,Có tính chất chuyên nghiệp;,condition_or_rule,co tinh chat chuyen nghiep
article_350_clause_2_point_d,article_350_clause_2,article_350,350,2,d,Vì động cơ đê hèn;,condition_or_rule,vi dong co de hen
article_350_clause_2_point_d,article_350_clause_2,article_350,350,2,đ,Tái phạm nguy hiểm.,condition_or_rule,tai pham nguy hiem
article_350_clause_3_point_a,article_350_clause_3,article_350,350,3,a,Đối với 11 người trở lên;,condition_or_rule,doi voi 11 nguoi tro len
article_350_clause_3_point_b,article_350_clause_3,article_350,350,3,b,Làm chết người.,condition_or_rule,lam chet nguoi
article_353_clause_1_point_a,article_353_clause_1,article_353,353,1,a,Đã bị xử lý kỷ luật về hành vi này mà còn vi phạm;,condition_or_rule,da bi xu ly ky luat ve hanh vi nay ma con vi pham
article_353_clause_1_point_b,article_353_clause_1,article_353,353,1,b,"Đã bị kết án về một trong các tội quy định tại Mục 1 Chương này, chưa được xóa án tích mà còn vi phạm.",condition_or_rule,da bi ket an ve mot trong cac toi quy dinh tai muc 1 chuong nay chua duoc xoa an tich ma con vi pham
article_353_clause_2_point_a,article_353_clause_2,article_353,353,2,a,Có tổ chức;,condition_or_rule,co to chuc
article_353_clause_2_point_b,article_353_clause_2,article_353,353,2,b,"Dùng thủ đoạn xảo quyệt, nguy hiểm;",condition_or_rule,dung thu doan xao quyet nguy hiem
article_353_clause_2_point_c,article_353_clause_2,article_353,353,2,c,Phạm tội 02 lần trở lên;,condition_or_rule,pham toi 02 lan tro len
article_353_clause_2_point_d,article_353_clause_2,article_353,353,2,d,Chiếm đoạt tài sản trị giá từ 100.000.000 đồng đến dưới 500.000.000 đồng;,condition_or_rule,chiem doat tai san tri gia tu 100 000 000 dong den duoi 500 000 000 dong
article_353_clause_2_point_d,article_353_clause_2,article_353,353,2,đ,"Chiếm đoạt tiền, tài sản dùng vào mục đích xóa đói, giảm nghèo; tiền, phụ cấp, trợ cấp, ưu đãi đối với người có công với cách mạng; các loại quỹ dự phòng hoặc các loại tiền, tài sản trợ cấp, quyên góp cho những vùng bị thiên tai, dịch bệnh hoặc các vùng kinh tế đặc biệt khó khăn;",condition_or_rule,chiem doat tien tai san dung vao muc dich xoa doi giam ngheo tien phu cap tro cap uu dai doi voi nguoi co cong voi cach mang cac loai quy du phong hoac cac loai tien tai san tro cap quyen gop cho nhung vung bi thien tai dich benh hoac cac vung kinh te dac biet kho khan
article_353_clause_2_point_e,article_353_clause_2,article_353,353,2,e,Gây thiệt hại về tài sản từ 1.000.000.000 đồng đến dưới 3.000.000.000 đồng;,condition_or_rule,gay thiet hai ve tai san tu 1 000 000 000 dong den duoi 3 000 000 000 dong
article_353_clause_2_point_g,article_353_clause_2,article_353,353,2,g,"Ảnh hưởng xấu đến đời sống của cán bộ, công chức, viên chức và người lao động trong cơ quan, tổ chức.",condition_or_rule,anh huong xau den doi song cua can bo cong chuc vien chuc va nguoi lao dong trong co quan to chuc
article_353_clause_3_point_a,article_353_clause_3,article_353,353,3,a,Chiếm đoạt tài sản trị giá từ 500.000.000 đồng đến dưới 1.000.000.000 đồng;,condition_or_rule,chiem doat tai san tri gia tu 500 000 000 dong den duoi 1 000 000 000 dong
article_353_clause_3_point_b,article_353_clause_3,article_353,353,3,b,Gây thiệt hại về tài sản từ 3.000.000.000 đồng đến dưới 5.000.000.000 đồng;,condition_or_rule,gay thiet hai ve tai san tu 3 000 000 000 dong den duoi 5 000 000 000 dong
article_353_clause_3_point_c,article_353_clause_3,article_353,353,3,c,"Gây ảnh hưởng xấu đến an ninh, trật tự, an toàn xã hội;",condition_or_rule,gay anh huong xau den an ninh trat tu an toan xa hoi
article_353_clause_3_point_d,article_353_clause_3,article_353,353,3,d,Dẫn đến doanh nghiệp hoặc tổ chức khác bị phá sản hoặc ngừng hoạt động.,condition_or_rule,dan den doanh nghiep hoac to chuc khac bi pha san hoac ngung hoat dong
article_353_clause_4_point_a,article_353_clause_4,article_353,353,4,a,Chiếm đoạt tài sản trị giá 1.000.000.000 đồng trở lên;,condition_or_rule,chiem doat tai san tri gia 1 000 000 000 dong tro len
article_353_clause_4_point_b,article_353_clause_4,article_353,353,4,b,Gây thiệt hại về tài sản 5.000.000.000 đồng trở lên.,condition_or_rule,gay thiet hai ve tai san 5 000 000 000 dong tro len
article_354_clause_1_point_a,article_354_clause_1,article_354,354,1,a,"Tiền, tài sản hoặc lợi ích vật chất khác trị giá từ 2.000.000 đồng đến dưới 100.000.000 đồng hoặc dưới 2.000.000 đồng nhưng đã bị xử lý kỷ luật về hành vi này mà còn vi phạm hoặc đã bị kết án về một trong các tội quy định tại Mục 1 Chương này, chưa được xóa án tích mà còn vi phạm;",condition_or_rule,tien tai san hoac loi ich vat chat khac tri gia tu 2 000 000 dong den duoi 100 000 000 dong hoac duoi 2 000 000 dong nhung da bi xu ly ky luat ve hanh vi nay ma con vi pham hoac da bi ket an ve mot trong cac toi quy dinh tai muc 1 chuong nay chua duoc xoa an tich ma con vi pham
article_354_clause_1_point_b,article_354_clause_1,article_354,354,1,b,Lợi ích phi vật chất.,condition_or_rule,loi ich phi vat chat
article_354_clause_2_point_a,article_354_clause_2,article_354,354,2,a,Có tổ chức;,condition_or_rule,co to chuc
article_354_clause_2_point_b,article_354_clause_2,article_354,354,2,b,"Lạm dụng chức vụ, quyền hạn;",condition_or_rule,lam dung chuc vu quyen han
article_354_clause_2_point_c,article_354_clause_2,article_354,354,2,c,"Của hối lộ là tiền, tài sản hoặc lợi ích vật chất khác trị giá từ 100.000.000 đồng đến dưới 500.000.000 đồng;",definition_or_list,cua hoi lo la tien tai san hoac loi ich vat chat khac tri gia tu 100 000 000 dong den duoi 500 000 000 dong
article_354_clause_2_point_d,article_354_clause_2,article_354,354,2,d,Gây thiệt hại về tài sản từ 1.000.000.000 đồng đến dưới 3.000.000.000 đồng;,condition_or_rule,gay thiet hai ve tai san tu 1 000 000 000 dong den duoi 3 000 000 000 dong
article_354_clause_2_point_d,article_354_clause_2,article_354,354,2,đ,Phạm tội 02 lần trở lên;,condition_or_rule,pham toi 02 lan tro len
article_354_clause_2_point_e,article_354_clause_2,article_354,354,2,e,Biết rõ của hối lộ là tài sản của Nhà nước;,definition_or_list,biet ro cua hoi lo la tai san cua nha nuoc
article_354_clause_2_point_g,article_354_clause_2,article_354,354,2,g,"Đòi hối lộ, sách nhiễu hoặc dùng thủ đoạn xảo quyệt.",condition_or_rule,doi hoi lo sach nhieu hoac dung thu doan xao quyet
article_354_clause_3_point_a,article_354_clause_3,article_354,354,3,a,"Của hối lộ là tiền, tài sản hoặc lợi ích vật chất khác trị giá từ 500.000.000 đồng đến dưới 1.000.000.000 đồng;",definition_or_list,cua hoi lo la tien tai san hoac loi ich vat chat khac tri gia tu 500 000 000 dong den duoi 1 000 000 000 dong
article_354_clause_3_point_b,article_354_clause_3,article_354,354,3,b,Gây thiệt hại về tài sản từ 3.000.000.000 đồng đến dưới 5.000.000.000 đồng.,condition_or_rule,gay thiet hai ve tai san tu 3 000 000 000 dong den duoi 5 000 000 000 dong
article_354_clause_4_point_a,article_354_clause_4,article_354,354,4,a,"Của hối lộ là tiền, tài sản hoặc lợi ích vật chất khác trị giá 1.000.000.000 đồng trở lên;",definition_or_list,cua hoi lo la tien tai san hoac loi ich vat chat khac tri gia 1 000 000 000 dong tro len
article_354_clause_4_point_b,article_354_clause_4,article_354,354,4,b,Gây thiệt hại về tài sản 5.000.000.000 đồng trở lên.,condition_or_rule,gay thiet hai ve tai san 5 000 000 000 dong tro len
article_355_clause_1_point_a,article_355_clause_1,article_355,355,1,a,Đã bị xử lý kỷ luật về hành vi này mà còn vi phạm;,condition_or_rule,da bi xu ly ky luat ve hanh vi nay ma con vi pham
article_355_clause_1_point_b,article_355_clause_1,article_355,355,1,b,"Đã bị kết án về một trong các tội quy định tại Mục 1 Chương này, chưa được xóa án tích mà còn vi phạm.",condition_or_rule,da bi ket an ve mot trong cac toi quy dinh tai muc 1 chuong nay chua duoc xoa an tich ma con vi pham
article_355_clause_2_point_a,article_355_clause_2,article_355,355,2,a,Có tổ chức;,condition_or_rule,co to chuc
article_355_clause_2_point_b,article_355_clause_2,article_355,355,2,b,"Dùng thủ đoạn xảo quyệt, nguy hiểm;",condition_or_rule,dung thu doan xao quyet nguy hiem
article_355_clause_2_point_c,article_355_clause_2,article_355,355,2,c,Phạm tội 02 lần trở lên;,condition_or_rule,pham toi 02 lan tro len
article_355_clause_2_point_d,article_355_clause_2,article_355,355,2,d,Chiếm đoạt tài sản trị giá từ 100.000.000 đồng đến dưới 500.000.000 đồng;,condition_or_rule,chiem doat tai san tri gia tu 100 000 000 dong den duoi 500 000 000 dong
article_355_clause_2_point_d,article_355_clause_2,article_355,355,2,đ,Gây thiệt hại về tài sản từ 1.000.000.000 đồng đến dưới 3.000.000.000 đồng;,condition_or_rule,gay thiet hai ve tai san tu 1 000 000 000 dong den duoi 3 000 000 000 dong
article_355_clause_2_point_e,article_355_clause_2,article_355,355,2,e,"Chiếm đoạt tiền, tài sản dùng vào mục đích xóa đói, giảm nghèo; tiền, phụ cấp, trợ cấp, ưu đãi đối với người có công với cách mạng; các loại quỹ dự phòng hoặc các loại tiền, tài sản trợ cấp, quyên góp cho những vùng bị thiên tai, dịch bệnh hoặc các vùng kinh tế đặc biệt khó khăn.",condition_or_rule,chiem doat tien tai san dung vao muc dich xoa doi giam ngheo tien phu cap tro cap uu dai doi voi nguoi co cong voi cach mang cac loai quy du phong hoac cac loai tien tai san tro cap quyen gop cho nhung vung bi thien tai dich benh hoac cac vung kinh te dac biet kho khan
article_355_clause_3_point_a,article_355_clause_3,article_355,355,3,a,Chiếm đoạt tài sản trị giá từ 500.000.000 đồng đến dưới 1.000.000.000 đồng;,condition_or_rule,chiem doat tai san tri gia tu 500 000 000 dong den duoi 1 000 000 000 dong
article_355_clause_3_point_b,article_355_clause_3,article_355,355,3,b,Gây thiệt hại về tài sản từ 3.000.000.000 đồng đến dưới 5.000.000.000 đồng;,condition_or_rule,gay thiet hai ve tai san tu 3 000 000 000 dong den duoi 5 000 000 000 dong
article_355_clause_3_point_c,article_355_clause_3,article_355,355,3,c,Dẫn đến doanh nghiệp hoặc tổ chức khác bị phá sản hoặc ngừng hoạt động;,condition_or_rule,dan den doanh nghiep hoac to chuc khac bi pha san hoac ngung hoat dong
article_355_clause_3_point_d,article_355_clause_3,article_355,355,3,d,"Gây ảnh hưởng xấu đến an ninh, trật tự, an toàn xã hội.",condition_or_rule,gay anh huong xau den an ninh trat tu an toan xa hoi
article_355_clause_4_point_a,article_355_clause_4,article_355,355,4,a,Chiếm đoạt tài sản trị giá 1.000.000.000 đồng trở lên;,condition_or_rule,chiem doat tai san tri gia 1 000 000 000 dong tro len
article_355_clause_4_point_b,article_355_clause_4,article_355,355,4,b,Gây thiệt hại về tài sản 5.000.000.000 đồng trở lên.,condition_or_rule,gay thiet hai ve tai san 5 000 000 000 dong tro len
article_356_clause_2_point_a,article_356_clause_2,article_356,356,2,a,Có tổ chức;,condition_or_rule,co to chuc
article_356_clause_2_point_b,article_356_clause_2,article_356,356,2,b,Phạm tội 02 lần trở lên;,condition_or_rule,pham toi 02 lan tro len
article_356_clause_2_point_c,article_356_clause_2,article_356,356,2,c,Gây thiệt hại về tài sản từ 200.000.000 đồng đến dưới 1.000.000.000 đồng.,condition_or_rule,gay thiet hai ve tai san tu 200 000 000 dong den duoi 1 000 000 000 dong
article_357_clause_2_point_a,article_357_clause_2,article_357,357,2,a,Có tổ chức;,condition_or_rule,co to chuc
article_357_clause_2_point_b,article_357_clause_2,article_357,357,2,b,Phạm tội 02 lần trở lên;,condition_or_rule,pham toi 02 lan tro len
article_357_clause_2_point_c,article_357_clause_2,article_357,357,2,c,Gây thiệt hại về tài sản từ 100.000.000 đồng đến dưới 500.000.000 đồng.,condition_or_rule,gay thiet hai ve tai san tu 100 000 000 dong den duoi 500 000 000 dong
article_358_clause_1_point_a,article_358_clause_1,article_358,358,1,a,"Tiền, tài sản hoặc lợi ích vật chất khác trị giá từ 2.000.000 đồng đến dưới 100.000.000 đồng hoặc dưới 2.000.000 đồng nhưng đã bị xử lý kỷ luật về hành vi này mà còn vi phạm;",condition_or_rule,tien tai san hoac loi ich vat chat khac tri gia tu 2 000 000 dong den duoi 100 000 000 dong hoac duoi 2 000 000 dong nhung da bi xu ly ky luat ve hanh vi nay ma con vi pham
article_358_clause_1_point_b,article_358_clause_1,article_358,358,1,b,Lợi ích phi vật chất.,condition_or_rule,loi ich phi vat chat
article_358_clause_2_point_a,article_358_clause_2,article_358,358,2,a,Có tổ chức;,condition_or_rule,co to chuc
article_358_clause_2_point_b,article_358_clause_2,article_358,358,2,b,Phạm tội 02 lần trở lên;,condition_or_rule,pham toi 02 lan tro len
article_358_clause_2_point_c,article_358_clause_2,article_358,358,2,c,"Tiền, tài sản hoặc lợi ích vật chất khác trị giá từ 100.000.000 đồng đến dưới 500.000.000 đồng;",condition_or_rule,tien tai san hoac loi ich vat chat khac tri gia tu 100 000 000 dong den duoi 500 000 000 dong
article_358_clause_2_point_d,article_358_clause_2,article_358,358,2,d,Gây thiệt hại về tài sản từ 1.000.000.000 đồng đến dưới 3.000.000.000 đồng.,condition_or_rule,gay thiet hai ve tai san tu 1 000 000 000 dong den duoi 3 000 000 000 dong
article_358_clause_3_point_a,article_358_clause_3,article_358,358,3,a,"Tiền, tài sản hoặc lợi ích vật chất khác trị giá từ 500.000.000 đồng đến dưới 1.000.000.000 đồng;",condition_or_rule,tien tai san hoac loi ich vat chat khac tri gia tu 500 000 000 dong den duoi 1 000 000 000 dong
article_358_clause_3_point_b,article_358_clause_3,article_358,358,3,b,Gây thiệt hại về tài sản từ 3.000.000.000 đồng đến dưới 5.000.000.000 đồng.,condition_or_rule,gay thiet hai ve tai san tu 3 000 000 000 dong den duoi 5 000 000 000 dong
article_358_clause_4_point_a,article_358_clause_4,article_358,358,4,a,"Tiền, tài sản hoặc lợi ích vật chất khác trị giá 1.000.000.000 đồng trở lên;",condition_or_rule,tien tai san hoac loi ich vat chat khac tri gia 1 000 000 000 dong tro len
article_358_clause_4_point_b,article_358_clause_4,article_358,358,4,b,Gây thiệt hại về tài sản 5.000.000.000 đồng trở lên.,condition_or_rule,gay thiet hai ve tai san 5 000 000 000 dong tro len
article_359_clause_1_point_a,article_359_clause_1,article_359,359,1,a,"Sửa chữa, làm sai lệch nội dung giấy tờ, tài liệu;",condition_or_rule,sua chua lam sai lech noi dung giay to tai lieu
article_359_clause_1_point_b,article_359_clause_1,article_359,359,1,b,"Làm, cấp giấy tờ giả;",condition_or_rule,lam cap giay to gia
article_359_clause_1_point_c,article_359_clause_1,article_359,359,1,c,"Giả mạo chữ ký của người có chức vụ, quyền hạn.",condition_or_rule,gia mao chu ky cua nguoi co chuc vu quyen han
article_359_clause_2_point_a,article_359_clause_2,article_359,359,2,a,Có tổ chức;,condition_or_rule,co to chuc
article_359_clause_2_point_b,article_359_clause_2,article_359,359,2,b,"Người phạm tội là người có trách nhiệm lập hoặc cấp các giấy tờ, tài liệu;",definition_or_list,nguoi pham toi la nguoi co trach nhiem lap hoac cap cac giay to tai lieu
article_359_clause_2_point_c,article_359_clause_2,article_359,359,2,c,"Làm, cấp giấy tờ giả với số lượng từ 02 giấy tờ giả đến 05 giấy tờ giả.",condition_or_rule,lam cap giay to gia voi so luong tu 02 giay to gia den 05 giay to gia
article_359_clause_3_point_a,article_359_clause_3,article_359,359,3,a,"Làm, cấp giấy tờ giả với số lượng từ 06 giấy tờ giả đến 10 giấy tờ giả;",condition_or_rule,lam cap giay to gia voi so luong tu 06 giay to gia den 10 giay to gia
article_359_clause_3_point_b,article_359_clause_3,article_359,359,3,b,Để thực hiện tội phạm ít nghiêm trọng hoặc tội phạm nghiêm trọng.,condition_or_rule,de thuc hien toi pham it nghiem trong hoac toi pham nghiem trong
article_359_clause_4_point_a,article_359_clause_4,article_359,359,4,a,"Làm, cấp giấy tờ giả với số lượng 11 giấy tờ giả trở lên;",condition_or_rule,lam cap giay to gia voi so luong 11 giay to gia tro len
article_359_clause_4_point_b,article_359_clause_4,article_359,359,4,b,Để thực hiện tội phạm rất nghiêm trọng hoặc tội phạm đặc biệt nghiêm trọng.,condition_or_rule,de thuc hien toi pham rat nghiem trong hoac toi pham dac biet nghiem trong
article_360_clause_1_point_a,article_360_clause_1,article_360,360,1,a,Làm chết người;,condition_or_rule,lam chet nguoi
article_360_clause_1_point_b,article_360_clause_1,article_360,360,1,b,Gây thương tích hoặc gây tổn hại cho sức khỏe của người khác mà tỷ lệ tổn thương cơ thể 61% trở lên;,condition_or_rule,gay thuong tich hoac gay ton hai cho suc khoe cua nguoi khac ma ty le ton thuong co the 61 tro len
article_360_clause_1_point_c,article_360_clause_1,article_360,360,1,c,Gây thương tích hoặc gây tổn hại cho sức khỏe của 02 người trở lên mà tổng tỷ lệ tổn thương cơ thể của những người này từ 61% đến 121%;,condition_or_rule,gay thuong tich hoac gay ton hai cho suc khoe cua 02 nguoi tro len ma tong ty le ton thuong co the cua nhung nguoi nay tu 61 den 121
article_360_clause_1_point_d,article_360_clause_1,article_360,360,1,d,Gây thiệt hại về tài sản từ 100.000.000 đồng đến dưới 500.000.000 đồng.,condition_or_rule,gay thiet hai ve tai san tu 100 000 000 dong den duoi 500 000 000 dong
article_360_clause_2_point_a,article_360_clause_2,article_360,360,2,a,Làm chết 02 người;,condition_or_rule,lam chet 02 nguoi
article_360_clause_2_point_b,article_360_clause_2,article_360,360,2,b,Gây thương tích hoặc gây tổn hại cho sức khỏe của 02 người trở lên mà tổng tỷ lệ tổn thương cơ thể của những người này từ 122% đến 200%;,condition_or_rule,gay thuong tich hoac gay ton hai cho suc khoe cua 02 nguoi tro len ma tong ty le ton thuong co the cua nhung nguoi nay tu 122 den 200
article_360_clause_2_point_c,article_360_clause_2,article_360,360,2,c,Gây thiệt hại về tài sản từ 500.000.000 đồng đến dưới 1.500.000.000 đồng.,condition_or_rule,gay thiet hai ve tai san tu 500 000 000 dong den duoi 1 500 000 000 dong
article_360_clause_3_point_a,article_360_clause_3,article_360,360,3,a,Làm chết 03 người trở lên;,condition_or_rule,lam chet 03 nguoi tro len
article_360_clause_3_point_b,article_360_clause_3,article_360,360,3,b,Gây thương tích hoặc gây tổn hại cho sức khỏe của 03 người trở lên mà tổng tỷ lệ tổn thương cơ thể của những người này 201% trở lên;,condition_or_rule,gay thuong tich hoac gay ton hai cho suc khoe cua 03 nguoi tro len ma tong ty le ton thuong co the cua nhung nguoi nay 201 tro len
article_360_clause_3_point_c,article_360_clause_3,article_360,360,3,c,Gây thiệt hại về tài sản 1.500.000.000 đồng trở lên.,condition_or_rule,gay thiet hai ve tai san 1 500 000 000 dong tro len
article_361_clause_2_point_a,article_361_clause_2,article_361,361,2,a,Có tổ chức;,condition_or_rule,co to chuc
article_361_clause_2_point_b,article_361_clause_2,article_361,361,2,b,Phạm tội 02 lần trở lên;,condition_or_rule,pham toi 02 lan tro len
article_361_clause_2_point_c,article_361_clause_2,article_361,361,2,c,Thu lợi bất chính 50.000.000 đồng trở lên;,condition_or_rule,thu loi bat chinh 50 000 000 dong tro len
article_361_clause_2_point_d,article_361_clause_2,article_361,361,2,d,Gây thiệt hại về tài sản 100.000.000 đồng trở lên;,condition_or_rule,gay thiet hai ve tai san 100 000 000 dong tro len
article_361_clause_2_point_d,article_361_clause_2,article_361,361,2,đ,"Gây ảnh hưởng xấu đến hoạt động của cơ quan, tổ chức;",condition_or_rule,gay anh huong xau den hoat dong cua co quan to chuc
article_361_clause_2_point_e,article_361_clause_2,article_361,361,2,e,Để người khác sử dụng thực hiện hành vi vi phạm pháp luật.,condition_or_rule,de nguoi khac su dung thuc hien hanh vi vi pham phap luat
article_362_clause_1_point_a,article_362_clause_1,article_362,362,1,a,"Gây ảnh hưởng xấu đến hoạt động của cơ quan, tổ chức;",condition_or_rule,gay anh huong xau den hoat dong cua co quan to chuc
article_362_clause_1_point_b,article_362_clause_1,article_362,362,1,b,Gây thiệt hại về tài sản từ 100.000.000 đồng đến dưới 500.000.000 đồng;,condition_or_rule,gay thiet hai ve tai san tu 100 000 000 dong den duoi 500 000 000 dong
article_362_clause_1_point_c,article_362_clause_1,article_362,362,1,c,Để người khác sử dụng thực hiện tội phạm ít nghiêm trọng hoặc tội phạm nghiêm trọng.,condition_or_rule,de nguoi khac su dung thuc hien toi pham it nghiem trong hoac toi pham nghiem trong
article_362_clause_2_point_a,article_362_clause_2,article_362,362,2,a,Gây thiệt hại về tài sản 500.000.000 đồng trở lên;,condition_or_rule,gay thiet hai ve tai san 500 000 000 dong tro len
article_362_clause_2_point_b,article_362_clause_2,article_362,362,2,b,Để người khác sử dụng thực hiện tội phạm rất nghiêm trọng hoặc tội phạm đặc biệt nghiêm trọng.,condition_or_rule,de nguoi khac su dung thuc hien toi pham rat nghiem trong hoac toi pham dac biet nghiem trong
article_363_clause_2_point_a,article_363_clause_2,article_363,363,2,a,Lôi kéo người khác đào nhiệm;,condition_or_rule,loi keo nguoi khac dao nhiem
article_363_clause_2_point_b,article_363_clause_2,article_363,363,2,b,Gây hậu quả rất nghiêm trọng hoặc đặc biệt nghiêm trọng;,condition_or_rule,gay hau qua rat nghiem trong hoac dac biet nghiem trong
article_363_clause_2_point_c,article_363_clause_2,article_363,363,2,c,"Phạm tội trong hoàn cảnh chiến tranh, thiên tai, dịch bệnh hoặc trong trường hợp khó khăn đặc biệt khác của xã hội.",condition_or_rule,pham toi trong hoan canh chien tranh thien tai dich benh hoac trong truong hop kho khan dac biet khac cua xa hoi
article_364_clause_1_point_a,article_364_clause_1,article_364,364,1,a,"Tiền, tài sản, lợi ích vật chất khác trị giá từ 2.000.000 đồng đến dưới 100.000.000 đồng;",condition_or_rule,tien tai san loi ich vat chat khac tri gia tu 2 000 000 dong den duoi 100 000 000 dong
article_364_clause_1_point_b,article_364_clause_1,article_364,364,1,b,Lợi ích phi vật chất.,condition_or_rule,loi ich phi vat chat
article_364_clause_2_point_a,article_364_clause_2,article_364,364,2,a,Có tổ chức;,condition_or_rule,co to chuc
article_364_clause_2_point_b,article_364_clause_2,article_364,364,2,b,Dùng thủ đoạn xảo quyệt;,condition_or_rule,dung thu doan xao quyet
article_364_clause_2_point_c,article_364_clause_2,article_364,364,2,c,Dùng tài sản của Nhà nước để đưa hối lộ;,condition_or_rule,dung tai san cua nha nuoc de dua hoi lo
article_364_clause_2_point_d,article_364_clause_2,article_364,364,2,d,"Lợi dụng chức vụ, quyền hạn;",condition_or_rule,loi dung chuc vu quyen han
article_364_clause_2_point_d,article_364_clause_2,article_364,364,2,đ,Phạm tội 02 lần trở lên;,condition_or_rule,pham toi 02 lan tro len
article_364_clause_2_point_e,article_364_clause_2,article_364,364,2,e,"Của hối lộ là tiền, tài sản, lợi ích vật chất khác trị giá từ 100.000.000 đồng đến dưới 500.000.000 đồng.",definition_or_list,cua hoi lo la tien tai san loi ich vat chat khac tri gia tu 100 000 000 dong den duoi 500 000 000 dong
article_365_clause_1_point_a,article_365_clause_1,article_365,365,1,a,"Tiền, tài sản hoặc lợi ích vật chất trị giá từ 2.000.000 đồng đến dưới 100.000.000 đồng;",condition_or_rule,tien tai san hoac loi ich vat chat tri gia tu 2 000 000 dong den duoi 100 000 000 dong
article_365_clause_1_point_b,article_365_clause_1,article_365,365,1,b,Lợi ích phi vật chất.,condition_or_rule,loi ich phi vat chat
article_365_clause_2_point_a,article_365_clause_2,article_365,365,2,a,Có tổ chức;,condition_or_rule,co to chuc
article_365_clause_2_point_b,article_365_clause_2,article_365,365,2,b,Phạm tội có tính chất chuyên nghiệp;,condition_or_rule,pham toi co tinh chat chuyen nghiep
article_365_clause_2_point_c,article_365_clause_2,article_365,365,2,c,Dùng thủ đoạn xảo quyệt;,condition_or_rule,dung thu doan xao quyet
article_365_clause_2_point_d,article_365_clause_2,article_365,365,2,d,Biết của hối lộ là tài sản của Nhà nước;,definition_or_list,biet cua hoi lo la tai san cua nha nuoc
article_365_clause_2_point_d,article_365_clause_2,article_365,365,2,đ,"Lợi dụng chức vụ, quyền hạn;",condition_or_rule,loi dung chuc vu quyen han
article_365_clause_2_point_e,article_365_clause_2,article_365,365,2,e,Phạm tội 02 lần trở lên;,condition_or_rule,pham toi 02 lan tro len
article_365_clause_2_point_g,article_365_clause_2,article_365,365,2,g,Của hối lộ trị giá từ 100.000.000 đồng đến dưới 500.000.000 đồng.,condition_or_rule,cua hoi lo tri gia tu 100 000 000 dong den duoi 500 000 000 dong
article_366_clause_1_point_a,article_366_clause_1,article_366,366,1,a,"Tiền, tài sản hoặc lợi ích vật chất khác trị giá từ 2.000.000 đồng đến dưới 100.000.000 đồng;",condition_or_rule,tien tai san hoac loi ich vat chat khac tri gia tu 2 000 000 dong den duoi 100 000 000 dong
article_366_clause_1_point_b,article_366_clause_1,article_366,366,1,b,Lợi ích phi vật chất.,condition_or_rule,loi ich phi vat chat
article_366_clause_2_point_a,article_366_clause_2,article_366,366,2,a,Phạm tội 02 lần trở lên;,condition_or_rule,pham toi 02 lan tro len
article_366_clause_2_point_b,article_366_clause_2,article_366,366,2,b,"Tiền, tài sản hoặc lợi ích vật chất khác trị giá từ 100.000.000 đồng đến dưới 500.000.000 đồng;",condition_or_rule,tien tai san hoac loi ich vat chat khac tri gia tu 100 000 000 dong den duoi 500 000 000 dong
article_366_clause_2_point_c,article_366_clause_2,article_366,366,2,c,Tái phạm nguy hiểm.,condition_or_rule,tai pham nguy hiem
article_368_clause_2_point_a,article_368_clause_2,article_368,368,2,a,Truy cứu trách nhiệm hình sự về tội xâm phạm an ninh quốc gia hoặc tội khác là tội phạm đặc biệt nghiêm trọng;,definition_or_list,truy cuu trach nhiem hinh su ve toi xam pham an ninh quoc gia hoac toi khac la toi pham dac biet nghiem trong
article_368_clause_2_point_b,article_368_clause_2,article_368,368,2,b,Đối với 02 người đến 05 người;,condition_or_rule,doi voi 02 nguoi den 05 nguoi
article_368_clause_2_point_c,article_368_clause_2,article_368,368,2,c,"Đối với người dưới 18 tuổi, phụ nữ mà biết là có thai, người già yếu;",definition_or_list,doi voi nguoi duoi 18 tuoi phu nu ma biet la co thai nguoi gia yeu
article_368_clause_2_point_d,article_368_clause_2,article_368,368,2,d,Gây rối loạn tâm thần và hành vi của nạn nhân mà tỷ lệ tổn thương cơ thể từ 31% đến 60%;,condition_or_rule,gay roi loan tam than va hanh vi cua nan nhan ma ty le ton thuong co the tu 31 den 60
article_368_clause_2_point_d,article_368_clause_2,article_368,368,2,đ,Dẫn đến việc kết án oan người vô tội về tội phạm ít nghiêm trọng hoặc tội phạm nghiêm trọng;,condition_or_rule,dan den viec ket an oan nguoi vo toi ve toi pham it nghiem trong hoac toi pham nghiem trong
article_368_clause_2_point_e,article_368_clause_2,article_368,368,2,e,"Gây ảnh hưởng xấu đến an ninh, trật tự, an toàn xã hội.",condition_or_rule,gay anh huong xau den an ninh trat tu an toan xa hoi
article_368_clause_3_point_a,article_368_clause_3,article_368,368,3,a,Đối với 06 người trở lên;,condition_or_rule,doi voi 06 nguoi tro len
article_368_clause_3_point_b,article_368_clause_3,article_368,368,3,b,Dẫn đến việc kết án oan người vô tội về tội phạm rất nghiêm trọng hoặc tội phạm đặc biệt nghiêm trọng;,condition_or_rule,dan den viec ket an oan nguoi vo toi ve toi pham rat nghiem trong hoac toi pham dac biet nghiem trong
article_368_clause_3_point_c,article_368_clause_3,article_368,368,3,c,Gây rối loạn tâm thần và hành vi của nạn nhân mà tỷ lệ tổn thương cơ thể 61% trở lên;,condition_or_rule,gay roi loan tam than va hanh vi cua nan nhan ma ty le ton thuong co the 61 tro len
article_368_clause_3_point_d,article_368_clause_3,article_368,368,3,d,Làm người bị truy cứu trách nhiệm hình sự oan tự sát.,condition_or_rule,lam nguoi bi truy cuu trach nhiem hinh su oan tu sat
article_369_clause_2_point_a,article_369_clause_2,article_369,369,2,a,Không truy cứu trách nhiệm hình sự người thực hiện tội phạm rất nghiêm trọng;,condition_or_rule,khong truy cuu trach nhiem hinh su nguoi thuc hien toi pham rat nghiem trong
article_369_clause_2_point_b,article_369_clause_2,article_369,369,2,b,Đối với 02 người đến 05 người;,condition_or_rule,doi voi 02 nguoi den 05 nguoi
article_369_clause_2_point_c,article_369_clause_2,article_369,369,2,c,"Người không bị truy cứu trách nhiệm hình sự bỏ trốn hoặc thực hiện hành vi cản trở điều tra, truy tố, xét xử hoặc tiếp tục thực hiện tội phạm ít nghiêm trọng hoặc tội phạm nghiêm trọng;",condition_or_rule,nguoi khong bi truy cuu trach nhiem hinh su bo tron hoac thuc hien hanh vi can tro dieu tra truy to xet xu hoac tiep tuc thuc hien toi pham it nghiem trong hoac toi pham nghiem trong
article_369_clause_2_point_d,article_369_clause_2,article_369,369,2,d,"Dẫn đến việc người không bị truy cứu trách nhiệm hình sự trả thù người tố giác, báo tin về tội phạm, người bị hại, nhân chứng;",condition_or_rule,dan den viec nguoi khong bi truy cuu trach nhiem hinh su tra thu nguoi to giac bao tin ve toi pham nguoi bi hai nhan chung
article_369_clause_2_point_d,article_369_clause_2,article_369,369,2,đ,"Gây ảnh hưởng xấu đến an ninh, trật tự, an toàn xã hội.",condition_or_rule,gay anh huong xau den an ninh trat tu an toan xa hoi
article_369_clause_3_point_a,article_369_clause_3,article_369,369,3,a,Đối với 06 người trở lên;,condition_or_rule,doi voi 06 nguoi tro len
article_369_clause_3_point_b,article_369_clause_3,article_369,369,3,b,Không truy cứu trách nhiệm hình sự người phạm tội xâm phạm an ninh quốc gia hoặc tội khác là tội phạm đặc biệt nghiêm trọng;,condition_or_rule,khong truy cuu trach nhiem hinh su nguoi pham toi xam pham an ninh quoc gia hoac toi khac la toi pham dac biet nghiem trong
article_369_clause_3_point_c,article_369_clause_3,article_369,369,3,c,Người không bị truy cứu trách nhiệm hình sự tiếp tục thực hiện tội phạm rất nghiêm trọng hoặc tội phạm đặc biệt nghiêm trọng;,condition_or_rule,nguoi khong bi truy cuu trach nhiem hinh su tiep tuc thuc hien toi pham rat nghiem trong hoac toi pham dac biet nghiem trong
article_369_clause_3_point_d,article_369_clause_3,article_369,369,3,d,Làm người bị hại tự sát.,condition_or_rule,lam nguoi bi hai tu sat
article_370_clause_2_point_a,article_370_clause_2,article_370,370,2,a,Phạm tội 02 lần trở lên;,condition_or_rule,pham toi 02 lan tro len
article_370_clause_2_point_b,article_370_clause_2,article_370,370,2,b,"Đối với người dưới 18 tuổi, phụ nữ mà biết là có thai, người già yếu;",definition_or_list,doi voi nguoi duoi 18 tuoi phu nu ma biet la co thai nguoi gia yeu
article_370_clause_2_point_c,article_370_clause_2,article_370,370,2,c,Kết án oan người vô tội về tội phạm nghiêm trọng hoặc tội phạm rất nghiêm trọng;,condition_or_rule,ket an oan nguoi vo toi ve toi pham nghiem trong hoac toi pham rat nghiem trong
article_370_clause_2_point_d,article_370_clause_2,article_370,370,2,d,Bỏ lọt tội phạm nghiêm trọng hoặc tội phạm rất nghiêm trọng; người phạm tội nghiêm trọng hoặc phạm tội rất nghiêm trọng;,condition_or_rule,bo lot toi pham nghiem trong hoac toi pham rat nghiem trong nguoi pham toi nghiem trong hoac pham toi rat nghiem trong
article_370_clause_2_point_d,article_370_clause_2,article_370,370,2,đ,"Gây rối loạn tâm thần và hành vi của bị cáo, người bị hại, đương sự mà tỷ lệ tổn thương cơ thể từ 31% đến 60%;",condition_or_rule,gay roi loan tam than va hanh vi cua bi cao nguoi bi hai duong su ma ty le ton thuong co the tu 31 den 60
article_370_clause_2_point_e,article_370_clause_2,article_370,370,2,e,Gây thiệt hại về tài sản từ 500.000.000 đồng đến dưới 1.000.000.000 đồng;,condition_or_rule,gay thiet hai ve tai san tu 500 000 000 dong den duoi 1 000 000 000 dong
article_370_clause_2_point_g,article_370_clause_2,article_370,370,2,g,"Gây ảnh hưởng xấu đến an ninh, trật tự, an toàn xã hội.",condition_or_rule,gay anh huong xau den an ninh trat tu an toan xa hoi
article_370_clause_3_point_a,article_370_clause_3,article_370,370,3,a,Kết án oan người vô tội về tội phạm đặc biệt nghiêm trọng;,condition_or_rule,ket an oan nguoi vo toi ve toi pham dac biet nghiem trong
article_370_clause_3_point_b,article_370_clause_3,article_370,370,3,b,Bỏ lọt tội phạm đặc biệt nghiêm trọng hoặc người phạm tội đặc biệt nghiêm trọng;,condition_or_rule,bo lot toi pham dac biet nghiem trong hoac nguoi pham toi dac biet nghiem trong
article_370_clause_3_point_c,article_370_clause_3,article_370,370,3,c,"Gây rối loạn tâm thần và hành vi của bị cáo, người bị hại, đương sự mà tỷ lệ tổn thương cơ thể 61% trở lên;",condition_or_rule,gay roi loan tam than va hanh vi cua bi cao nguoi bi hai duong su ma ty le ton thuong co the 61 tro len
article_370_clause_3_point_d,article_370_clause_3,article_370,370,3,d,"Dẫn đến bị cáo, người bị hại, đương sự tự sát;",condition_or_rule,dan den bi cao nguoi bi hai duong su tu sat
article_370_clause_3_point_d,article_370_clause_3,article_370,370,3,đ,Gây thiệt hại về tài sản 1.000.000.000 đồng trở lên.,condition_or_rule,gay thiet hai ve tai san 1 000 000 000 dong tro len
article_371_clause_2_point_a,article_371_clause_2,article_371,371,2,a,Có tổ chức;,condition_or_rule,co to chuc
article_371_clause_2_point_b,article_371_clause_2,article_371,371,2,b,Phạm tội 02 lần trở lên;,condition_or_rule,pham toi 02 lan tro len
article_371_clause_2_point_c,article_371_clause_2,article_371,371,2,c,"Đối với người dưới 18 tuổi, phụ nữ mà biết là có thai, người già yếu;",definition_or_list,doi voi nguoi duoi 18 tuoi phu nu ma biet la co thai nguoi gia yeu
article_371_clause_2_point_d,article_371_clause_2,article_371,371,2,d,"Gây rối loạn tâm thần và hành vi của người bị bắt, người bị tạm giữ, bị can, bị cáo, người bị kết án, người phải chấp hành án, người bị hại, đương sự mà tỷ lệ tổn thương cơ thể từ 31% đến 60%;",condition_or_rule,gay roi loan tam than va hanh vi cua nguoi bi bat nguoi bi tam giu bi can bi cao nguoi bi ket an nguoi phai chap hanh an nguoi bi hai duong su ma ty le ton thuong co the tu 31 den 60
article_371_clause_2_point_d,article_371_clause_2,article_371,371,2,đ,Gây thiệt hại về tài sản từ 200.000.000 đồng đến dưới 1.000.000.000 đồng;,condition_or_rule,gay thiet hai ve tai san tu 200 000 000 dong den duoi 1 000 000 000 dong
article_371_clause_2_point_e,article_371_clause_2,article_371,371,2,e,"Gây ảnh hưởng xấu đến an ninh, trật tự, an toàn xã hội.",condition_or_rule,gay anh huong xau den an ninh trat tu an toan xa hoi
article_371_clause_3_point_a,article_371_clause_3,article_371,371,3,a,"Gây rối loạn tâm thần và hành vi của người bị bắt, người bị tạm giữ, bị can, bị cáo, người bị kết án, người phải chấp hành án, người bị hại, đương sự mà tỷ lệ tổn thương cơ thể 61% trở lên;",condition_or_rule,gay roi loan tam than va hanh vi cua nguoi bi bat nguoi bi tam giu bi can bi cao nguoi bi ket an nguoi phai chap hanh an nguoi bi hai duong su ma ty le ton thuong co the 61 tro len
article_371_clause_3_point_b,article_371_clause_3,article_371,371,3,b,"Dẫn đến người bị bắt, người bị tạm giữ, bị can, bị cáo, người bị kết án, người phải chấp hành án, người bị hại, đương sự tự sát;",condition_or_rule,dan den nguoi bi bat nguoi bi tam giu bi can bi cao nguoi bi ket an nguoi phai chap hanh an nguoi bi hai duong su tu sat
article_371_clause_3_point_c,article_371_clause_3,article_371,371,3,c,Gây thiệt hại về tài sản 1.000.000.000 đồng trở lên.,condition_or_rule,gay thiet hai ve tai san 1 000 000 000 dong tro len
article_372_clause_2_point_a,article_372_clause_2,article_372,372,2,a,Phạm tội 02 lần trở lên;,condition_or_rule,pham toi 02 lan tro len
article_372_clause_2_point_b,article_372_clause_2,article_372,372,2,b,Dẫn đến ra bản án hoặc quyết định trái pháp luật;,condition_or_rule,dan den ra ban an hoac quyet dinh trai phap luat
article_372_clause_2_point_c,article_372_clause_2,article_372,372,2,c,"Dùng vũ lực, đe dọa dùng vũ lực hoặc dùng thủ đoạn nguy hiểm, xảo quyệt khác;",condition_or_rule,dung vu luc de doa dung vu luc hoac dung thu doan nguy hiem xao quyet khac
article_372_clause_2_point_d,article_372_clause_2,article_372,372,2,d,Gây thiệt hại về tài sản từ 200.000.000 đồng đến dưới 1.000.000.000 đồng;,condition_or_rule,gay thiet hai ve tai san tu 200 000 000 dong den duoi 1 000 000 000 dong
article_372_clause_2_point_d,article_372_clause_2,article_372,372,2,đ,"Gây ảnh hưởng xấu đến an ninh, trật tự, an toàn xã hội.",condition_or_rule,gay anh huong xau den an ninh trat tu an toan xa hoi
article_372_clause_3_point_a,article_372_clause_3,article_372,372,3,a,Dẫn đến làm oan người vô tội hoặc bỏ lọt tội phạm hoặc người phạm tội;,condition_or_rule,dan den lam oan nguoi vo toi hoac bo lot toi pham hoac nguoi pham toi
article_372_clause_3_point_b,article_372_clause_3,article_372,372,3,b,Gây thiệt hại về tài sản 1.000.000.000 đồng trở lên.,condition_or_rule,gay thiet hai ve tai san 1 000 000 000 dong tro len
article_373_clause_2_point_a,article_373_clause_2,article_373,373,2,a,Phạm tội 02 lần trở lên;,condition_or_rule,pham toi 02 lan tro len
article_373_clause_2_point_b,article_373_clause_2,article_373,373,2,b,Đối với 02 người trở lên;,condition_or_rule,doi voi 02 nguoi tro len
article_373_clause_2_point_c,article_373_clause_2,article_373,373,2,c,"Dùng thủ đoạn tinh vi, xảo quyệt;",condition_or_rule,dung thu doan tinh vi xao quyet
article_373_clause_2_point_d,article_373_clause_2,article_373,373,2,d,"Đối với người dưới 18 tuổi, phụ nữ mà biết là có thai, người già yếu, người khuyết tật nặng hoặc khuyết tật đặc biệt nặng;",definition_or_list,doi voi nguoi duoi 18 tuoi phu nu ma biet la co thai nguoi gia yeu nguoi khuyet tat nang hoac khuyet tat dac biet nang
article_373_clause_2_point_d,article_373_clause_2,article_373,373,2,đ,Gây thương tích hoặc gây thiệt hại về sức khỏe cho người khác mà tỷ lệ tổn thương cơ thể từ 11% đến 60%.,condition_or_rule,gay thuong tich hoac gay thiet hai ve suc khoe cho nguoi khac ma ty le ton thuong co the tu 11 den 60
article_373_clause_3_point_a,article_373_clause_3,article_373,373,3,a,Gây thương tích hoặc gây thiệt hại về sức khỏe cho người khác mà tỷ lệ tổn thương cơ thể 61% trở lên;,condition_or_rule,gay thuong tich hoac gay thiet hai ve suc khoe cho nguoi khac ma ty le ton thuong co the 61 tro len
article_373_clause_3_point_b,article_373_clause_3,article_373,373,3,b,Làm người bị nhục hình tự sát.,condition_or_rule,lam nguoi bi nhuc hinh tu sat
article_374_clause_2_point_a,article_374_clause_2,article_374,374,2,a,Phạm tội 02 lần trở lên;,condition_or_rule,pham toi 02 lan tro len
article_374_clause_2_point_b,article_374_clause_2,article_374,374,2,b,Đối với 02 người trở lên;,condition_or_rule,doi voi 02 nguoi tro len
article_374_clause_2_point_c,article_374_clause_2,article_374,374,2,c,"Đối với người dưới 18 tuổi, phụ nữ mà biết là có thai, người già yếu, người khuyết tật nặng hoặc khuyết tật đặc biệt nặng;",definition_or_list,doi voi nguoi duoi 18 tuoi phu nu ma biet la co thai nguoi gia yeu nguoi khuyet tat nang hoac khuyet tat dac biet nang
article_374_clause_2_point_d,article_374_clause_2,article_374,374,2,d,"Dùng nhục hình hoặc đối xử tàn bạo, hạ nhục nhân phẩm người bị lấy lời khai, người bị hỏi cung;",condition_or_rule,dung nhuc hinh hoac doi xu tan bao ha nhuc nhan pham nguoi bi lay loi khai nguoi bi hoi cung
article_374_clause_2_point_d,article_374_clause_2,article_374,374,2,đ,"Dùng thủ đoạn tinh vi, xảo quyệt;",condition_or_rule,dung thu doan tinh vi xao quyet
article_374_clause_2_point_e,article_374_clause_2,article_374,374,2,e,"Dẫn đến làm sai lệch kết quả khởi tố, điều tra, truy tố, xét xử;",condition_or_rule,dan den lam sai lech ket qua khoi to dieu tra truy to xet xu
article_374_clause_2_point_g,article_374_clause_2,article_374,374,2,g,"Ép buộc người bị lấy lời khai, người bị hỏi cung phải khai sai sự thật.",condition_or_rule,ep buoc nguoi bi lay loi khai nguoi bi hoi cung phai khai sai su that
article_374_clause_3_point_a,article_374_clause_3,article_374,374,3,a,Làm người bị bức cung tự sát;,condition_or_rule,lam nguoi bi buc cung tu sat
article_374_clause_3_point_b,article_374_clause_3,article_374,374,3,b,Dẫn đến bỏ lọt tội phạm ít nghiêm trọng hoặc tội phạm nghiêm trọng; người thực hiện tội phạm ít nghiêm trọng hoặc tội phạm nghiêm trọng.,condition_or_rule,dan den bo lot toi pham it nghiem trong hoac toi pham nghiem trong nguoi thuc hien toi pham it nghiem trong hoac toi pham nghiem trong
article_374_clause_4_point_a,article_374_clause_4,article_374,374,4,a,Làm người bị bức cung chết;,condition_or_rule,lam nguoi bi buc cung chet
article_374_clause_4_point_b,article_374_clause_4,article_374,374,4,b,Dẫn đến làm oan người vô tội;,condition_or_rule,dan den lam oan nguoi vo toi
article_374_clause_4_point_c,article_374_clause_4,article_374,374,4,c,Dẫn đến bỏ lọt tội phạm rất nghiêm trọng hoặc tội phạm đặc biệt nghiêm trọng; người thực hiện tội phạm rất nghiêm trọng hoặc tội phạm đặc biệt nghiêm trọng.,condition_or_rule,dan den bo lot toi pham rat nghiem trong hoac toi pham dac biet nghiem trong nguoi thuc hien toi pham rat nghiem trong hoac toi pham dac biet nghiem trong
article_375_clause_2_point_a,article_375_clause_2,article_375,375,2,a,Có tổ chức;,condition_or_rule,co to chuc
article_375_clause_2_point_b,article_375_clause_2,article_375,375,2,b,"Dẫn đến việc giải quyết vụ án, vụ việc bị sai lệch;",condition_or_rule,dan den viec giai quyet vu an vu viec bi sai lech
article_375_clause_2_point_c,article_375_clause_2,article_375,375,2,c,Gây thiệt hại từ 500.000.000 đồng đến dưới 1.000.000.000 đồng.,condition_or_rule,gay thiet hai tu 500 000 000 dong den duoi 1 000 000 000 dong
article_375_clause_3_point_a,article_375_clause_3,article_375,375,3,a,"Dẫn đến việc kết án oan người vô tội, bỏ lọt tội phạm hoặc người phạm tội;",condition_or_rule,dan den viec ket an oan nguoi vo toi bo lot toi pham hoac nguoi pham toi
article_375_clause_3_point_b,article_375_clause_3,article_375,375,3,b,"Làm người bị bắt, người bị tạm giữ, bị can, bị cáo, người bị kết án, người phải chấp hành án, người bị hại, đương sự tự sát;",condition_or_rule,lam nguoi bi bat nguoi bi tam giu bi can bi cao nguoi bi ket an nguoi phai chap hanh an nguoi bi hai duong su tu sat
article_375_clause_3_point_c,article_375_clause_3,article_375,375,3,c,Gây thiệt hại 1.000.000.000 đồng trở lên.,condition_or_rule,gay thiet hai 1 000 000 000 dong tro len
article_376_clause_1_point_a,article_376_clause_1,article_376,376,1,a,Làm vụ án bị tạm đình chỉ;,condition_or_rule,lam vu an bi tam dinh chi
article_376_clause_1_point_b,article_376_clause_1,article_376,376,1,b,"Người bỏ trốn trả thù người có thẩm quyền tiến hành tố tụng, người tham gia tố tụng;",condition_or_rule,nguoi bo tron tra thu nguoi co tham quyen tien hanh to tung nguoi tham gia to tung
article_376_clause_1_point_c,article_376_clause_1,article_376,376,1,c,Người bỏ trốn tiếp tục thực hiện tội phạm ít nghiêm trọng hoặc tội phạm nghiêm trọng.,condition_or_rule,nguoi bo tron tiep tuc thuc hien toi pham it nghiem trong hoac toi pham nghiem trong
article_376_clause_2_point_a,article_376_clause_2,article_376,376,2,a,Làm vụ án bị đình chỉ;,condition_or_rule,lam vu an bi dinh chi
article_376_clause_2_point_b,article_376_clause_2,article_376,376,2,b,Người bỏ trốn tiếp tục thực hiện tội phạm rất nghiêm trọng;,condition_or_rule,nguoi bo tron tiep tuc thuc hien toi pham rat nghiem trong
article_376_clause_2_point_c,article_376_clause_2,article_376,376,2,c,Để từ 02 người đến 05 người bỏ trốn;,condition_or_rule,de tu 02 nguoi den 05 nguoi bo tron
article_376_clause_2_point_d,article_376_clause_2,article_376,376,2,d,Để người thực hiện tội phạm rất nghiêm trọng bỏ trốn;,condition_or_rule,de nguoi thuc hien toi pham rat nghiem trong bo tron
article_376_clause_2_point_d,article_376_clause_2,article_376,376,2,đ,"Gây ảnh hưởng xấu đến an ninh, trật tự, an toàn xã hội.",condition_or_rule,gay anh huong xau den an ninh trat tu an toan xa hoi
article_376_clause_3_point_a,article_376_clause_3,article_376,376,3,a,Người bỏ trốn tiếp tục thực hiện tội phạm đặc biệt nghiêm trọng;,condition_or_rule,nguoi bo tron tiep tuc thuc hien toi pham dac biet nghiem trong
article_376_clause_3_point_b,article_376_clause_3,article_376,376,3,b,Để 06 người trở lên bỏ trốn;,condition_or_rule,de 06 nguoi tro len bo tron
article_376_clause_3_point_c,article_376_clause_3,article_376,376,3,c,Để người thực hiện tội phạm đặc biệt nghiêm trọng bỏ trốn.,condition_or_rule,de nguoi thuc hien toi pham dac biet nghiem trong bo tron
article_377_clause_1_point_a,article_377_clause_1,article_377,377,1,a,Không ra quyết định trả tự do cho người được trả tự do theo quy định của luật;,condition_or_rule,khong ra quyet dinh tra tu do cho nguoi duoc tra tu do theo quy dinh cua luat
article_377_clause_1_point_b,article_377_clause_1,article_377,377,1,b,"Ra lệnh, quyết định bắt, giữ, giam người không có căn cứ theo quy định của luật;",condition_or_rule,ra lenh quyet dinh bat giu giam nguoi khong co can cu theo quy dinh cua luat
article_377_clause_1_point_c,article_377_clause_1,article_377,377,1,c,Không chấp hành quyết định trả tự do cho người được trả tự do theo quy định của luật;,condition_or_rule,khong chap hanh quyet dinh tra tu do cho nguoi duoc tra tu do theo quy dinh cua luat
article_377_clause_1_point_d,article_377_clause_1,article_377,377,1,d,"Thực hiện việc bắt, giữ, giam người không có lệnh, quyết định theo quy định của luật hoặc tuy có lệnh, quyết định nhưng chưa có hiệu lực thi hành;",condition_or_rule,thuc hien viec bat giu giam nguoi khong co lenh quyet dinh theo quy dinh cua luat hoac tuy co lenh quyet dinh nhung chua co hieu luc thi hanh
article_377_clause_1_point_d,article_377_clause_1,article_377,377,1,đ,"Không ra lệnh, quyết định gia hạn tạm giữ, tạm giam hoặc thay đổi, hủy bỏ biện pháp tạm giữ, tạm giam khi hết thời hạn tạm giữ, tạm giam dẫn đến người bị tạm giữ, tạm giam bị giam, giữ quá hạn.",condition_or_rule,khong ra lenh quyet dinh gia han tam giu tam giam hoac thay doi huy bo bien phap tam giu tam giam khi het thoi han tam giu tam giam dan den nguoi bi tam giu tam giam bi giam giu qua han
article_377_clause_2_point_a,article_377_clause_2,article_377,377,2,a,"Giam, giữ trái pháp luật từ 02 người đến 05 người;",condition_or_rule,giam giu trai phap luat tu 02 nguoi den 05 nguoi
article_377_clause_2_point_b,article_377_clause_2,article_377,377,2,b,"Làm người bị giam, giữ trái pháp luật bị tổn hại về sức khỏe với tỷ lệ tổn thương cơ thể từ 31% đến 60%;",condition_or_rule,lam nguoi bi giam giu trai phap luat bi ton hai ve suc khoe voi ty le ton thuong co the tu 31 den 60
article_377_clause_2_point_c,article_377_clause_2,article_377,377,2,c,"Làm người bị giam, giữ hoặc gia đình họ lâm vào hoàn cảnh kinh tế đặc biệt khó khăn;",condition_or_rule,lam nguoi bi giam giu hoac gia dinh ho lam vao hoan canh kinh te dac biet kho khan
article_377_clause_2_point_d,article_377_clause_2,article_377,377,2,d,"Đối với người dưới 18 tuổi, phụ nữ mà biết là có thai, người già yếu, người khuyết tật nặng hoặc khuyết tật đặc biệt nặng.",definition_or_list,doi voi nguoi duoi 18 tuoi phu nu ma biet la co thai nguoi gia yeu nguoi khuyet tat nang hoac khuyet tat dac biet nang
article_377_clause_3_point_a,article_377_clause_3,article_377,377,3,a,"Giam, giữ trái pháp luật 06 người trở lên;",condition_or_rule,giam giu trai phap luat 06 nguoi tro len
article_377_clause_3_point_b,article_377_clause_3,article_377,377,3,b,"Làm người bị giam, giữ trái pháp luật tổn hại về sức khỏe với tỷ lệ tổn thương cơ thể 61% trở lên hoặc chết;",condition_or_rule,lam nguoi bi giam giu trai phap luat ton hai ve suc khoe voi ty le ton thuong co the 61 tro len hoac chet
article_377_clause_3_point_c,article_377_clause_3,article_377,377,3,c,"Làm người bị giam, giữ tự sát;",condition_or_rule,lam nguoi bi giam giu tu sat
article_377_clause_3_point_d,article_377_clause_3,article_377,377,3,d,"Làm gia đình người bị giam, giữ ly tán.",condition_or_rule,lam gia dinh nguoi bi giam giu ly tan
article_378_clause_2_point_a,article_378_clause_2,article_378,378,2,a,"Tha trái pháp luật người bị bắt, người đang bị tạm giữ, tạm giam, người đang chấp hành án phạt tù về tội phạm rất nghiêm trọng hoặc tội phạm đặc biệt nghiêm trọng;",condition_or_rule,tha trai phap luat nguoi bi bat nguoi dang bi tam giu tam giam nguoi dang chap hanh an phat tu ve toi pham rat nghiem trong hoac toi pham dac biet nghiem trong
article_378_clause_2_point_b,article_378_clause_2,article_378,378,2,b,"Người được tha trái pháp luật bỏ trốn hoặc có hành vi cản trở việc điều tra, truy tố, xét xử hoặc tiếp tục thực hiện tội phạm ít nghiêm trọng hoặc tội phạm nghiêm trọng;",condition_or_rule,nguoi duoc tha trai phap luat bo tron hoac co hanh vi can tro viec dieu tra truy to xet xu hoac tiep tuc thuc hien toi pham it nghiem trong hoac toi pham nghiem trong
article_378_clause_2_point_c,article_378_clause_2,article_378,378,2,c,"Người được tha trái pháp luật trả thù người có thẩm quyền tiến hành tố tụng, người tham gia tố tụng;",condition_or_rule,nguoi duoc tha trai phap luat tra thu nguoi co tham quyen tien hanh to tung nguoi tham gia to tung
article_378_clause_2_point_d,article_378_clause_2,article_378,378,2,d,Tha trái pháp luật từ 02 người đến 05 người.,condition_or_rule,tha trai phap luat tu 02 nguoi den 05 nguoi
article_378_clause_3_point_a,article_378_clause_3,article_378,378,3,a,Tha trái pháp luật 06 người trở lên;,condition_or_rule,tha trai phap luat 06 nguoi tro len
article_378_clause_3_point_b,article_378_clause_3,article_378,378,3,b,Người được tha trái pháp luật thực hiện tội phạm rất nghiêm trọng hoặc tội phạm đặc biệt nghiêm trọng.,condition_or_rule,nguoi duoc tha trai phap luat thuc hien toi pham rat nghiem trong hoac toi pham dac biet nghiem trong
article_379_clause_1_point_a,article_379_clause_1,article_379,379,1,a,Đã bị xử lý kỷ luật về hành vi này mà còn vi phạm;,condition_or_rule,da bi xu ly ky luat ve hanh vi nay ma con vi pham
article_379_clause_1_point_b,article_379_clause_1,article_379,379,1,b,"Dẫn đến người bị kết án, người phải chấp hành án bỏ trốn;",condition_or_rule,dan den nguoi bi ket an nguoi phai chap hanh an bo tron
article_379_clause_1_point_c,article_379_clause_1,article_379,379,1,c,Dẫn đến hết thời hiệu thi hành án;,condition_or_rule,dan den het thoi hieu thi hanh an
article_379_clause_1_point_d,article_379_clause_1,article_379,379,1,d,"Dẫn đến người bị kết án, người phải chấp hành án, người có nghĩa vụ thi hành án tẩu tán tài sản và không thi hành được nghĩa vụ thi hành án với số tiền từ 50.000.000 đồng đến dưới 200.000.000 đồng.",condition_or_rule,dan den nguoi bi ket an nguoi phai chap hanh an nguoi co nghia vu thi hanh an tau tan tai san va khong thi hanh duoc nghia vu thi hanh an voi so tien tu 50 000 000 dong den duoi 200 000 000 dong
article_379_clause_2_point_a,article_379_clause_2,article_379,379,2,a,Phạm tội 02 lần trở lên;,condition_or_rule,pham toi 02 lan tro len
article_379_clause_2_point_b,article_379_clause_2,article_379,379,2,b,"Dẫn đến người bị kết án, người phải chấp hành án tiếp tục thực hiện tội phạm ít nghiêm trọng hoặc tội phạm nghiêm trọng;",condition_or_rule,dan den nguoi bi ket an nguoi phai chap hanh an tiep tuc thuc hien toi pham it nghiem trong hoac toi pham nghiem trong
article_379_clause_2_point_c,article_379_clause_2,article_379,379,2,c,"Dẫn đến người bị kết án, người phải thi hành án, người có nghĩa vụ thi hành án tẩu tán tài sản và không thi hành được nghĩa vụ thi hành án với số tiền từ 200.000.000 đồng đến dưới 1.000.000.000 đồng.",condition_or_rule,dan den nguoi bi ket an nguoi phai thi hanh an nguoi co nghia vu thi hanh an tau tan tai san va khong thi hanh duoc nghia vu thi hanh an voi so tien tu 200 000 000 dong den duoi 1 000 000 000 dong
article_379_clause_3_point_a,article_379_clause_3,article_379,379,3,a,"Dẫn đến người bị kết án, người phải chấp hành án tiếp tục thực hiện tội phạm rất nghiêm trọng hoặc tội phạm đặc biệt nghiêm trọng;",condition_or_rule,dan den nguoi bi ket an nguoi phai chap hanh an tiep tuc thuc hien toi pham rat nghiem trong hoac toi pham dac biet nghiem trong
article_379_clause_3_point_b,article_379_clause_3,article_379,379,3,b,"Dẫn đến người bị kết án, người phải thi hành án, người có nghĩa vụ thi hành án tẩu tán tài sản và không thi hành được nghĩa vụ thi hành án với số tiền 1.000.000.000 đồng trở lên.",condition_or_rule,dan den nguoi bi ket an nguoi phai thi hanh an nguoi co nghia vu thi hanh an tau tan tai san va khong thi hanh duoc nghia vu thi hanh an voi so tien 1 000 000 000 dong tro len
article_380_clause_2_point_a,article_380_clause_2,article_380,380,2,a,Chống lại chấp hành viên hoặc người đang thi hành công vụ;,condition_or_rule,chong lai chap hanh vien hoac nguoi dang thi hanh cong vu
article_380_clause_2_point_b,article_380_clause_2,article_380,380,2,b,"Dùng thủ đoạn tinh vi, xảo quyệt;",condition_or_rule,dung thu doan tinh vi xao quyet
article_380_clause_2_point_c,article_380_clause_2,article_380,380,2,c,Tẩu tán tài sản.,condition_or_rule,tau tan tai san
article_381_clause_1_point_a,article_381_clause_1,article_381,381,1,a,"Dẫn đến người bị kết án, người phải chấp hành án bỏ trốn;",condition_or_rule,dan den nguoi bi ket an nguoi phai chap hanh an bo tron
article_381_clause_1_point_b,article_381_clause_1,article_381,381,1,b,Dẫn đến hết thời hiệu thi hành án;,condition_or_rule,dan den het thoi hieu thi hanh an
article_381_clause_1_point_c,article_381_clause_1,article_381,381,1,c,"Dẫn đến người bị kết án, người phải chấp hành án, người có nghĩa vụ thi hành án tẩu tán tài sản và không thi hành được nghĩa vụ thi hành án với số tiền từ 50.000.000 đồng đến dưới 200.000.000 đồng;",condition_or_rule,dan den nguoi bi ket an nguoi phai chap hanh an nguoi co nghia vu thi hanh an tau tan tai san va khong thi hanh duoc nghia vu thi hanh an voi so tien tu 50 000 000 dong den duoi 200 000 000 dong
article_381_clause_1_point_d,article_381_clause_1,article_381,381,1,d,Gây thiệt hại từ 50.000.000 đồng đến dưới 200.000.000 đồng.,condition_or_rule,gay thiet hai tu 50 000 000 dong den duoi 200 000 000 dong
article_381_clause_2_point_a,article_381_clause_2,article_381,381,2,a,Phạm tội 02 lần trở lên;,condition_or_rule,pham toi 02 lan tro len
article_381_clause_2_point_b,article_381_clause_2,article_381,381,2,b,"Dẫn đến người bị kết án, người phải chấp hành án tiếp tục thực hiện tội phạm;",condition_or_rule,dan den nguoi bi ket an nguoi phai chap hanh an tiep tuc thuc hien toi pham
article_381_clause_2_point_c,article_381_clause_2,article_381,381,2,c,"Dẫn đến người bị kết án, người phải thi hành án, người có nghĩa vụ thi hành án tẩu tán tài sản và không thi hành được nghĩa vụ thi hành án với số tiền 200.000.000 đồng trở lên;",condition_or_rule,dan den nguoi bi ket an nguoi phai thi hanh an nguoi co nghia vu thi hanh an tau tan tai san va khong thi hanh duoc nghia vu thi hanh an voi so tien 200 000 000 dong tro len
article_381_clause_2_point_d,article_381_clause_2,article_381,381,2,d,Gây thiệt hại 200.000.000 đồng trở lên.,condition_or_rule,gay thiet hai 200 000 000 dong tro len
article_382_clause_2_point_a,article_382_clause_2,article_382,382,2,a,Có tổ chức;,condition_or_rule,co to chuc
article_382_clause_2_point_b,article_382_clause_2,article_382,382,2,b,"Dẫn đến việc giải quyết vụ án, vụ việc bị sai lệch.",condition_or_rule,dan den viec giai quyet vu an vu viec bi sai lech
article_382_clause_3_point_a,article_382_clause_3,article_382,382,3,a,Phạm tội 02 lần trở lên;,condition_or_rule,pham toi 02 lan tro len
article_382_clause_3_point_b,article_382_clause_3,article_382,382,3,b,Dẫn đến việc kết án oan người vô tội hoặc bỏ lọt tội phạm hoặc người phạm tội.,condition_or_rule,dan den viec ket an oan nguoi vo toi hoac bo lot toi pham hoac nguoi pham toi
article_384_clause_2_point_a,article_384_clause_2,article_384,384,2,a,"Dùng vũ lực, đe dọa dùng vũ lực hoặc dùng thủ đoạn nguy hiểm khác;",condition_or_rule,dung vu luc de doa dung vu luc hoac dung thu doan nguy hiem khac
article_384_clause_2_point_b,article_384_clause_2,article_384,384,2,b,"Lợi dụng chức vụ, quyền hạn;",condition_or_rule,loi dung chuc vu quyen han
article_384_clause_2_point_c,article_384_clause_2,article_384,384,2,c,"Dẫn đến việc giải quyết vụ án, vụ việc bị sai lệch.",condition_or_rule,dan den viec giai quyet vu an vu viec bi sai lech
article_385_clause_1_point_a,article_385_clause_1,article_385,385,1,a,"Phá hủy niêm phong, giải tỏa việc phong tỏa tài khoản mà không có quyết định của người có thẩm quyền;",condition_or_rule,pha huy niem phong giai toa viec phong toa tai khoan ma khong co quyet dinh cua nguoi co tham quyen
article_385_clause_1_point_b,article_385_clause_1,article_385,385,1,b,"Tiêu dùng, chuyển nhượng, đánh tráo, cất giấu hoặc hủy hoại tài sản bị kê biên.",condition_or_rule,tieu dung chuyen nhuong danh trao cat giau hoac huy hoai tai san bi ke bien
article_385_clause_2_point_a,article_385_clause_2,article_385,385,2,a,"Dẫn đến việc giải quyết vụ án, vụ việc bị sai lệch;",condition_or_rule,dan den viec giai quyet vu an vu viec bi sai lech
article_385_clause_2_point_b,article_385_clause_2,article_385,385,2,b,"Dẫn đến bị can, bị cáo, người bị kết án, người phải thi hành án, người có nghĩa vụ thi hành án tẩu tán tài sản và không thi hành được nghĩa vụ thi hành án với số tiền 100.000.000 đồng trở lên.",condition_or_rule,dan den bi can bi cao nguoi bi ket an nguoi phai thi hanh an nguoi co nghia vu thi hanh an tau tan tai san va khong thi hanh duoc nghia vu thi hanh an voi so tien 100 000 000 dong tro len
article_386_clause_2_point_a,article_386_clause_2,article_386,386,2,a,Có tổ chức;,condition_or_rule,co to chuc
article_386_clause_2_point_b,article_386_clause_2,article_386,386,2,b,Dùng vũ lực đối với người canh gác hoặc người áp giải.,condition_or_rule,dung vu luc doi voi nguoi canh gac hoac nguoi ap giai
article_387_clause_2_point_a,article_387_clause_2,article_387,387,2,a,Có tổ chức;,condition_or_rule,co to chuc
article_387_clause_2_point_b,article_387_clause_2,article_387,387,2,b,"Lợi dụng chức vụ, quyền hạn;",condition_or_rule,loi dung chuc vu quyen han
article_387_clause_2_point_c,article_387_clause_2,article_387,387,2,c,Dùng vũ lực đối với người canh gác hoặc người áp giải;,condition_or_rule,dung vu luc doi voi nguoi canh gac hoac nguoi ap giai
article_387_clause_2_point_d,article_387_clause_2,article_387,387,2,d,Đánh tháo người bị kết án về tội xâm phạm an ninh quốc gia hoặc người bị kết án tử hình.,condition_or_rule,danh thao nguoi bi ket an ve toi xam pham an ninh quoc gia hoac nguoi bi ket an tu hinh
article_388_clause_1_point_a,article_388_clause_1,article_388,388,1,a,Gây rối hoặc chống lại mệnh lệnh của người có thẩm quyền trong quản lý giam giữ;,condition_or_rule,gay roi hoac chong lai menh lenh cua nguoi co tham quyen trong quan ly giam giu
article_388_clause_1_point_b,article_388_clause_1,article_388,388,1,b,"Không có trách nhiệm mà đưa vào, tàng trữ, sử dụng thiết bị thông tin liên lạc cá nhân hoặc phương tiện ghi âm, ghi hình trong cơ sở giam giữ.",condition_or_rule,khong co trach nhiem ma dua vao tang tru su dung thiet bi thong tin lien lac ca nhan hoac phuong tien ghi am ghi hinh trong co so giam giu
article_388_clause_2_point_a,article_388_clause_2,article_388,388,2,a,Có tổ chức;,condition_or_rule,co to chuc
article_388_clause_2_point_b,article_388_clause_2,article_388,388,2,b,"Lợi dụng chức vụ, quyền hạn;",condition_or_rule,loi dung chuc vu quyen han
article_388_clause_2_point_c,article_388_clause_2,article_388,388,2,c,"Dùng thủ đoạn tinh vi, xảo quyệt;",condition_or_rule,dung thu doan tinh vi xao quyet
article_388_clause_2_point_d,article_388_clause_2,article_388,388,2,d,Tái phạm nguy hiểm.,condition_or_rule,tai pham nguy hiem
article_389_clause_1_point_a,article_389_clause_1,article_389,389,1,a,"Các điều 108, 109, 110, 111, 112, 113, 114, 115, 116, 117, 118, 119, 120 và 121;",condition_or_rule,cac dieu 108 109 110 111 112 113 114 115 116 117 118 119 120 va 121
article_389_clause_1_point_b,article_389_clause_1,article_389,389,1,b,"Điều 123, các khoản 2, 3 và 4 Điều 141, Điều 142, Điều 144, khoản 2 và khoản 3 Điều 146, các khoản 1, 2 và 3 Điều 150, các điều 151, 152, 153 và 154;",condition_or_rule,dieu 123 cac khoan 2 3 va 4 dieu 141 dieu 142 dieu 144 khoan 2 va khoan 3 dieu 146 cac khoan 1 2 va 3 dieu 150 cac dieu 151 152 153 va 154
article_389_clause_1_point_c,article_389_clause_1,article_389,389,1,c,"Điều 168, Điều 169, các khoản 2, 3 và 4 Điều 173, các khoản 2, 3 và 4 Điều 174, các khoản 2, 3 và 4 Điều 175, các khoản 2, 3 và 4 Điều 178;",condition_or_rule,dieu 168 dieu 169 cac khoan 2 3 va 4 dieu 173 cac khoan 2 3 va 4 dieu 174 cac khoan 2 3 va 4 dieu 175 cac khoan 2 3 va 4 dieu 178
article_389_clause_1_point_d,article_389_clause_1,article_389,389,1,d,"Khoản 3 và khoản 4 Điều 188, khoản 3 Điều 189, khoản 2 và khoản 3 Điều 190, khoản 2 và khoản 3 Điều 191, khoản 2 và khoản 3 Điều 192, các khoản 1, 2, 3 và 4 Điều 193, các khoản 1, 2, 3 và 4 Điều 194, các khoản 2, 3 và 4 Điều 195, khoản 2 và khoản 3 Điều 196, khoản 3 Điều 205, các khoản 2, 3 và 4 Điều 206, Điều 207, Điều 208, khoản 2 và khoản 3 Điều 219, khoản 2 và khoản 3 Điều 220, khoản 2 và khoản 3 Điều 221, khoản 2 và khoản 3 Điều 222, khoản 2 và khoản 3 Điều 223, khoản 2 và khoản 3 Điều 224;",condition_or_rule,khoan 3 va khoan 4 dieu 188 khoan 3 dieu 189 khoan 2 va khoan 3 dieu 190 khoan 2 va khoan 3 dieu 191 khoan 2 va khoan 3 dieu 192 cac khoan 1 2 3 va 4 dieu 193 cac khoan 1 2 3 va 4 dieu 194 cac khoan 2 3 va 4 dieu 195 khoan 2 va khoan 3 dieu 196 khoan 3 dieu 205 cac khoan 2 3 va 4 dieu 206 dieu 207 dieu 208 khoan 2 va khoan 3 dieu 219 khoan 2 va khoan 3 dieu 220 khoan 2 va khoan 3 dieu 221 khoan 2 va khoan 3 dieu 222 khoan 2 va khoan 3 dieu 223 khoan 2 va khoan 3 dieu 224
article_389_clause_1_point_d,article_389_clause_1,article_389,389,1,đ,Khoản 2 và khoản 3 Điều 243;,condition_or_rule,khoan 2 va khoan 3 dieu 243
article_389_clause_1_point_e,article_389_clause_1,article_389,389,1,e,"Các điều 248, 249, 250, 251, 252 và 253, khoản 2 Điều 254, các điều 255, 256, 257 và 258, khoản 2 Điều 259;",condition_or_rule,cac dieu 248 249 250 251 252 va 253 khoan 2 dieu 254 cac dieu 255 256 257 va 258 khoan 2 dieu 259
article_389_clause_1_point_g,article_389_clause_1,article_389,389,1,g,"Các khoản 2, 3 và 4 Điều 265, các điều 282, 299, 301, 302, 303 và 304, các khoản 2, 3 và 4 Điều 305, các khoản 2, 3 và 4 Điều 309, các khoản 2, 3 và 4 Điều 311, khoản 2 và khoản 3 Điều 329;",condition_or_rule,cac khoan 2 3 va 4 dieu 265 cac dieu 282 299 301 302 303 va 304 cac khoan 2 3 va 4 dieu 305 cac khoan 2 3 va 4 dieu 309 cac khoan 2 3 va 4 dieu 311 khoan 2 va khoan 3 dieu 329
article_389_clause_1_point_h,article_389_clause_1,article_389,389,1,h,"Các khoản 2, 3 và 4 Điều 353, các khoản 2, 3 và 4 Điều 354, các khoản 2, 3 và 4 Điều 355, khoản 2 và khoản 3 Điều 356, các khoản 2, 3 và 4 Điều 357, các khoản 2, 3 và 4 Điều 358, các khoản 2, 3 và 4 Điều 359, các khoản 2, 3 và 4 Điều 364, các khoản 2, 3 và 4 Điều 365;",condition_or_rule,cac khoan 2 3 va 4 dieu 353 cac khoan 2 3 va 4 dieu 354 cac khoan 2 3 va 4 dieu 355 khoan 2 va khoan 3 dieu 356 cac khoan 2 3 va 4 dieu 357 cac khoan 2 3 va 4 dieu 358 cac khoan 2 3 va 4 dieu 359 cac khoan 2 3 va 4 dieu 364 cac khoan 2 3 va 4 dieu 365
article_389_clause_1_point_i,article_389_clause_1,article_389,389,1,i,"Khoản 3 và khoản 4 Điều 373, khoản 3 và khoản 4 Điều 374, khoản 2 Điều 386;",condition_or_rule,khoan 3 va khoan 4 dieu 373 khoan 3 va khoan 4 dieu 374 khoan 2 dieu 386
article_389_clause_1_point_k,article_389_clause_1,article_389,389,1,k,"Các điều 421, 422, 423, 424 và",condition_or_rule,cac dieu 421 422 423 424 va
article_391_clause_2_point_a,article_391_clause_2,article_391,391,2,a,"Dẫn đến phải dừng phiên tòa, phiên họp;",condition_or_rule,dan den phai dung phien toa phien hop
article_391_clause_2_point_b,article_391_clause_2,article_391,391,2,b,"Hành hung Thẩm phán, Hội thẩm, người có thẩm quyền tiến hành tố tụng khác, nếu không thuộc trường hợp quy định tại Điều 134 của Bộ luật này.",condition_or_rule,hanh hung tham phan hoi tham nguoi co tham quyen tien hanh to tung khac neu khong thuoc truong hop quy dinh tai dieu 134 cua bo luat nay
article_393_clause_2_point_a,article_393_clause_2,article_393,393,2,a,Trong chiến đấu;,condition_or_rule,trong chien dau
article_393_clause_2_point_b,article_393_clause_2,article_393,393,2,b,Trong khu vực có chiến sự;,condition_or_rule,trong khu vuc co chien su
article_393_clause_2_point_c,article_393_clause_2,article_393,393,2,c,"Trong thực hiện nhiệm vụ cứu hộ, cứu nạn;",condition_or_rule,trong thuc hien nhiem vu cuu ho cuu nan
article_393_clause_2_point_d,article_393_clause_2,article_393,393,2,d,Trong tình trạng khẩn cấp;,condition_or_rule,trong tinh trang khan cap
article_393_clause_2_point_d,article_393_clause_2,article_393,393,2,đ,Gây hậu quả rất nghiêm trọng.,condition_or_rule,gay hau qua rat nghiem trong
article_394_clause_2_point_a,article_394_clause_2,article_394,394,2,a,Là chỉ huy hoặc sĩ quan;,definition_or_list,la chi huy hoac si quan
article_394_clause_2_point_b,article_394_clause_2,article_394,394,2,b,Lôi kéo người khác phạm tội;,condition_or_rule,loi keo nguoi khac pham toi
article_394_clause_2_point_c,article_394_clause_2,article_394,394,2,c,Dùng vũ lực;,condition_or_rule,dung vu luc
article_394_clause_2_point_d,article_394_clause_2,article_394,394,2,d,Gây hậu quả nghiêm trọng.,condition_or_rule,gay hau qua nghiem trong
article_394_clause_3_point_a,article_394_clause_3,article_394,394,3,a,Trong chiến đấu;,condition_or_rule,trong chien dau
article_394_clause_3_point_b,article_394_clause_3,article_394,394,3,b,Trong khu vực có chiến sự;,condition_or_rule,trong khu vuc co chien su
article_394_clause_3_point_c,article_394_clause_3,article_394,394,3,c,"Trong thực hiện nhiệm vụ cứu hộ, cứu nạn;",condition_or_rule,trong thuc hien nhiem vu cuu ho cuu nan
article_394_clause_3_point_d,article_394_clause_3,article_394,394,3,d,Trong tình trạng khẩn cấp;,condition_or_rule,trong tinh trang khan cap
article_394_clause_3_point_d,article_394_clause_3,article_394,394,3,đ,Gây hậu quả rất nghiêm trọng.,condition_or_rule,gay hau qua rat nghiem trong
article_395_clause_2_point_a,article_395_clause_2,article_395,395,2,a,Trong chiến đấu;,condition_or_rule,trong chien dau
article_395_clause_2_point_b,article_395_clause_2,article_395,395,2,b,Trong khu vực có chiến sự;,condition_or_rule,trong khu vuc co chien su
article_395_clause_2_point_c,article_395_clause_2,article_395,395,2,c,"Trong thực hiện nhiệm vụ cứu hộ, cứu nạn;",condition_or_rule,trong thuc hien nhiem vu cuu ho cuu nan
article_395_clause_2_point_d,article_395_clause_2,article_395,395,2,d,Trong tình trạng khẩn cấp;,condition_or_rule,trong tinh trang khan cap
article_395_clause_2_point_d,article_395_clause_2,article_395,395,2,đ,Gây hậu quả rất nghiêm trọng hoặc đặc biệt nghiêm trọng.,condition_or_rule,gay hau qua rat nghiem trong hoac dac biet nghiem trong
article_396_clause_2_point_a,article_396_clause_2,article_396,396,2,a,Là chỉ huy hoặc sĩ quan;,definition_or_list,la chi huy hoac si quan
article_396_clause_2_point_b,article_396_clause_2,article_396,396,2,b,Lôi kéo người khác phạm tội;,condition_or_rule,loi keo nguoi khac pham toi
article_396_clause_2_point_c,article_396_clause_2,article_396,396,2,c,Dùng vũ lực;,condition_or_rule,dung vu luc
article_396_clause_2_point_d,article_396_clause_2,article_396,396,2,d,Gây hậu quả nghiêm trọng hoặc rất nghiêm trọng.,condition_or_rule,gay hau qua nghiem trong hoac rat nghiem trong
article_396_clause_3_point_a,article_396_clause_3,article_396,396,3,a,Trong chiến đấu;,condition_or_rule,trong chien dau
article_396_clause_3_point_b,article_396_clause_3,article_396,396,3,b,Trong khu vực có chiến sự;,condition_or_rule,trong khu vuc co chien su
article_396_clause_3_point_c,article_396_clause_3,article_396,396,3,c,"Trong thực hiện nhiệm vụ cứu hộ, cứu nạn;",condition_or_rule,trong thuc hien nhiem vu cuu ho cuu nan
article_396_clause_3_point_d,article_396_clause_3,article_396,396,3,d,Trong tình trạng khẩn cấp;,condition_or_rule,trong tinh trang khan cap
article_396_clause_3_point_d,article_396_clause_3,article_396,396,3,đ,Gây hậu quả đặc biệt nghiêm trọng.,condition_or_rule,gay hau qua dac biet nghiem trong
article_397_clause_2_point_a,article_397_clause_2,article_397,397,2,a,Là chỉ huy hoặc sỹ quan;,definition_or_list,la chi huy hoac sy quan
article_397_clause_2_point_b,article_397_clause_2,article_397,397,2,b,Đối với chỉ huy hoặc cấp trên;,condition_or_rule,doi voi chi huy hoac cap tren
article_397_clause_2_point_c,article_397_clause_2,article_397,397,2,c,Vì lý do công vụ của nạn nhân;,condition_or_rule,vi ly do cong vu cua nan nhan
article_397_clause_2_point_d,article_397_clause_2,article_397,397,2,d,Trong khu vực có chiến sự;,condition_or_rule,trong khu vuc co chien su
article_397_clause_2_point_d,article_397_clause_2,article_397,397,2,đ,Phạm tội 02 lần trở lên;,condition_or_rule,pham toi 02 lan tro len
article_397_clause_2_point_e,article_397_clause_2,article_397,397,2,e,Đối với 02 người trở lên;,condition_or_rule,doi voi 02 nguoi tro len
article_397_clause_2_point_g,article_397_clause_2,article_397,397,2,g,Gây rối loạn tâm thần và hành vi của nạn nhân mà tỷ lệ tổn thương cơ thể 61% trở lên;,condition_or_rule,gay roi loan tam than va hanh vi cua nan nhan ma ty le ton thuong co the 61 tro len
article_397_clause_2_point_h,article_397_clause_2,article_397,397,2,h,Làm nạn nhân tự sát.,condition_or_rule,lam nan nhan tu sat
article_398_clause_2_point_a,article_398_clause_2,article_398,398,2,a,Là chỉ huy hoặc sỹ quan;,definition_or_list,la chi huy hoac sy quan
article_398_clause_2_point_b,article_398_clause_2,article_398,398,2,b,Đối với chỉ huy hoặc cấp trên;,condition_or_rule,doi voi chi huy hoac cap tren
article_398_clause_2_point_c,article_398_clause_2,article_398,398,2,c,Vì lý do công vụ của nạn nhân;,condition_or_rule,vi ly do cong vu cua nan nhan
article_398_clause_2_point_d,article_398_clause_2,article_398,398,2,d,Trong khu vực có chiến sự;,condition_or_rule,trong khu vuc co chien su
article_398_clause_2_point_d,article_398_clause_2,article_398,398,2,đ,"Gây hậu quả nghiêm trọng, rất nghiêm trọng hoặc đặc biệt nghiêm trọng.",condition_or_rule,gay hau qua nghiem trong rat nghiem trong hoac dac biet nghiem trong
article_399_clause_2_point_a,article_399_clause_2,article_399,399,2,a,Là chỉ huy hoặc sĩ quan;,definition_or_list,la chi huy hoac si quan
article_399_clause_2_point_b,article_399_clause_2,article_399,399,2,b,"Giao nộp cho địch vũ khí, phương tiện kỹ thuật quân sự;",condition_or_rule,giao nop cho dich vu khi phuong tien ky thuat quan su
article_399_clause_2_point_c,article_399_clause_2,article_399,399,2,c,Giao nộp tài liệu quan trọng hoặc khai báo bí mật công tác quân sự;,condition_or_rule,giao nop tai lieu quan trong hoac khai bao bi mat cong tac quan su
article_399_clause_2_point_d,article_399_clause_2,article_399,399,2,d,Lôi kéo người khác phạm tội;,condition_or_rule,loi keo nguoi khac pham toi
article_399_clause_2_point_d,article_399_clause_2,article_399,399,2,đ,Gây hậu quả nghiêm trọng hoặc rất nghiêm trọng.,condition_or_rule,gay hau qua nghiem trong hoac rat nghiem trong
article_399_clause_3_point_a,article_399_clause_3,article_399,399,3,a,"Giao nộp cho địch vật, tài liệu bí mật nhà nước hoặc khai báo bí mật nhà nước;",condition_or_rule,giao nop cho dich vat tai lieu bi mat nha nuoc hoac khai bao bi mat nha nuoc
article_399_clause_3_point_b,article_399_clause_3,article_399,399,3,b,Gây hậu quả đặc biệt nghiêm trọng.,condition_or_rule,gay hau qua dac biet nghiem trong
article_400_clause_2_point_a,article_400_clause_2,article_400,400,2,a,Là chỉ huy hoặc sĩ quan;,definition_or_list,la chi huy hoac si quan
article_400_clause_2_point_b,article_400_clause_2,article_400,400,2,b,Đối xử tàn ác với tù binh khác;,condition_or_rule,doi xu tan ac voi tu binh khac
article_400_clause_2_point_c,article_400_clause_2,article_400,400,2,c,"Lôi kéo người khác khai báo, làm việc cho địch;",condition_or_rule,loi keo nguoi khac khai bao lam viec cho dich
article_400_clause_2_point_d,article_400_clause_2,article_400,400,2,d,Gây hậu quả nghiêm trọng hoặc rất nghiêm trọng.,condition_or_rule,gay hau qua nghiem trong hoac rat nghiem trong
article_400_clause_3_point_a,article_400_clause_3,article_400,400,3,a,"Giao nộp cho địch vật, tài liệu bí mật nhà nước hoặc khai báo bí mật nhà nước;",condition_or_rule,giao nop cho dich vat tai lieu bi mat nha nuoc hoac khai bao bi mat nha nuoc
article_400_clause_3_point_b,article_400_clause_3,article_400,400,3,b,Gây hậu quả đặc biệt nghiêm trọng.,condition_or_rule,gay hau qua dac biet nghiem trong
article_401_clause_2_point_a,article_401_clause_2,article_401,401,2,a,Là chỉ huy hoặc sĩ quan;,definition_or_list,la chi huy hoac si quan
article_401_clause_2_point_b,article_401_clause_2,article_401,401,2,b,"Bỏ vũ khí, trang bị kỹ thuật quân sự hoặc tài liệu bí mật công tác quân sự;",condition_or_rule,bo vu khi trang bi ky thuat quan su hoac tai lieu bi mat cong tac quan su
article_401_clause_2_point_c,article_401_clause_2,article_401,401,2,c,Lôi kéo người khác phạm tội;,condition_or_rule,loi keo nguoi khac pham toi
article_401_clause_2_point_d,article_401_clause_2,article_401,401,2,d,Gây hậu quả nghiêm trọng hoặc rất nghiêm trọng.,condition_or_rule,gay hau qua nghiem trong hoac rat nghiem trong
article_402_clause_2_point_a,article_402_clause_2,article_402,402,2,a,Là chỉ huy hoặc sĩ quan;,definition_or_list,la chi huy hoac si quan
article_402_clause_2_point_b,article_402_clause_2,article_402,402,2,b,Lôi kéo người khác phạm tội;,condition_or_rule,loi keo nguoi khac pham toi
article_402_clause_2_point_c,article_402_clause_2,article_402,402,2,c,"Mang theo, vứt bỏ vũ khí, trang bị kỹ thuật quân sự hoặc tài liệu bí mật quân sự;",condition_or_rule,mang theo vut bo vu khi trang bi ky thuat quan su hoac tai lieu bi mat quan su
article_402_clause_2_point_d,article_402_clause_2,article_402,402,2,d,Gây hậu quả rất nghiêm trọng.,condition_or_rule,gay hau qua rat nghiem trong
article_402_clause_3_point_a,article_402_clause_3,article_402,402,3,a,Trong chiến đấu;,condition_or_rule,trong chien dau
article_402_clause_3_point_b,article_402_clause_3,article_402,402,3,b,Trong khu vực có chiến sự;,condition_or_rule,trong khu vuc co chien su
article_402_clause_3_point_c,article_402_clause_3,article_402,402,3,c,"Trong khi thực hiện nhiệm vụ cứu hộ, cứu nạn;",condition_or_rule,trong khi thuc hien nhiem vu cuu ho cuu nan
article_402_clause_3_point_d,article_402_clause_3,article_402,402,3,d,Trong tình trạng khẩn cấp;,condition_or_rule,trong tinh trang khan cap
article_402_clause_3_point_d,article_402_clause_3,article_402,402,3,đ,Gây hậu quả đặc biệt nghiêm trọng.,condition_or_rule,gay hau qua dac biet nghiem trong
article_403_clause_2_point_a,article_403_clause_2,article_403,403,2,a,Là chỉ huy hoặc sĩ quan;,definition_or_list,la chi huy hoac si quan
article_403_clause_2_point_b,article_403_clause_2,article_403,403,2,b,Lôi kéo người khác phạm tội;,condition_or_rule,loi keo nguoi khac pham toi
article_403_clause_2_point_c,article_403_clause_2,article_403,403,2,c,Trong thời chiến;,condition_or_rule,trong thoi chien
article_403_clause_2_point_d,article_403_clause_2,article_403,403,2,d,"Trong khi thực hiện nhiệm vụ cứu hộ, cứu nạn;",condition_or_rule,trong khi thuc hien nhiem vu cuu ho cuu nan
article_403_clause_2_point_d,article_403_clause_2,article_403,403,2,đ,Trong tình trạng khẩn cấp;,condition_or_rule,trong tinh trang khan cap
article_403_clause_2_point_e,article_403_clause_2,article_403,403,2,e,Gây hậu quả nghiêm trọng.,condition_or_rule,gay hau qua nghiem trong
article_404_clause_2_point_a,article_404_clause_2,article_404,404,2,a,Là chỉ huy hoặc sỹ quan;,definition_or_list,la chi huy hoac sy quan
article_404_clause_2_point_b,article_404_clause_2,article_404,404,2,b,Trong khu vực có chiến sự;,condition_or_rule,trong khu vuc co chien su
article_404_clause_2_point_c,article_404_clause_2,article_404,404,2,c,Trong chiến đấu;,condition_or_rule,trong chien dau
article_404_clause_2_point_d,article_404_clause_2,article_404,404,2,d,"Gây hậu quả nghiêm trọng, rất nghiêm trọng hoặc đặc biệt nghiêm trọng.",condition_or_rule,gay hau qua nghiem trong rat nghiem trong hoac dac biet nghiem trong
article_405_clause_2_point_a,article_405_clause_2,article_405,405,2,a,Là chỉ huy hoặc sỹ quan;,definition_or_list,la chi huy hoac sy quan
article_405_clause_2_point_b,article_405_clause_2,article_405,405,2,b,Trong khu vực có chiến sự;,condition_or_rule,trong khu vuc co chien su
article_405_clause_2_point_c,article_405_clause_2,article_405,405,2,c,Trong chiến đấu;,condition_or_rule,trong chien dau
article_405_clause_2_point_d,article_405_clause_2,article_405,405,2,d,"Gây hậu quả nghiêm trọng, rất nghiêm trọng hoặc đặc biệt nghiêm trọng.",condition_or_rule,gay hau qua nghiem trong rat nghiem trong hoac dac biet nghiem trong
article_406_clause_2_point_a,article_406_clause_2,article_406,406,2,a,Là chỉ huy hoặc sỹ quan;,definition_or_list,la chi huy hoac sy quan
article_406_clause_2_point_b,article_406_clause_2,article_406,406,2,b,Trong khu vực có chiến sự;,condition_or_rule,trong khu vuc co chien su
article_406_clause_2_point_c,article_406_clause_2,article_406,406,2,c,Trong chiến đấu;,condition_or_rule,trong chien dau
article_406_clause_2_point_d,article_406_clause_2,article_406,406,2,d,"Gây hậu quả nghiêm trọng, rất nghiêm trọng hoặc đặc biệt nghiêm trọng.",condition_or_rule,gay hau qua nghiem trong rat nghiem trong hoac dac biet nghiem trong
article_407_clause_2_point_a,article_407_clause_2,article_407,407,2,a,Là chỉ huy hoặc sỹ quan;,definition_or_list,la chi huy hoac sy quan
article_407_clause_2_point_b,article_407_clause_2,article_407,407,2,b,Trong khu vực có chiến sự;,condition_or_rule,trong khu vuc co chien su
article_407_clause_2_point_c,article_407_clause_2,article_407,407,2,c,Trong chiến đấu;,condition_or_rule,trong chien dau
article_407_clause_2_point_d,article_407_clause_2,article_407,407,2,d,"Gây hậu quả nghiêm trọng, rất nghiêm trọng hoặc đặc biệt nghiêm trọng.",condition_or_rule,gay hau qua nghiem trong rat nghiem trong hoac dac biet nghiem trong
article_408_clause_2_point_a,article_408_clause_2,article_408,408,2,a,Trong chiến đấu;,condition_or_rule,trong chien dau
article_408_clause_2_point_b,article_408_clause_2,article_408,408,2,b,Trong khu vực có chiến sự;,condition_or_rule,trong khu vuc co chien su
article_408_clause_2_point_c,article_408_clause_2,article_408,408,2,c,Trong tình trạng khẩn cấp;,condition_or_rule,trong tinh trang khan cap
article_408_clause_2_point_d,article_408_clause_2,article_408,408,2,d,Gây hậu quả rất nghiêm trọng hoặc đặc biệt nghiêm trọng.,condition_or_rule,gay hau qua rat nghiem trong hoac dac biet nghiem trong
article_409_clause_2_point_a,article_409_clause_2,article_409,409,2,a,Trong chiến đấu;,condition_or_rule,trong chien dau
article_409_clause_2_point_b,article_409_clause_2,article_409,409,2,b,Trong khu vực có chiến sự;,condition_or_rule,trong khu vuc co chien su
article_409_clause_2_point_c,article_409_clause_2,article_409,409,2,c,"Trong khi thực hiện nhiệm vụ cứu hộ, cứu nạn;",condition_or_rule,trong khi thuc hien nhiem vu cuu ho cuu nan
article_409_clause_2_point_d,article_409_clause_2,article_409,409,2,d,Trong tình trạng khẩn cấp;,condition_or_rule,trong tinh trang khan cap
article_409_clause_2_point_d,article_409_clause_2,article_409,409,2,đ,Gây hậu quả rất nghiêm trọng hoặc đặc biệt nghiêm trọng.,condition_or_rule,gay hau qua rat nghiem trong hoac dac biet nghiem trong
article_410_clause_1_point_a,article_410_clause_1,article_410,410,1,a,"Làm người được bảo vệ, hộ tống bị tổn thương cơ thể;",condition_or_rule,lam nguoi duoc bao ve ho tong bi ton thuong co the
article_410_clause_1_point_b,article_410_clause_1,article_410,410,1,b,"Làm hư hỏng phương tiện kỹ thuật, thiết bị quân sự;",condition_or_rule,lam hu hong phuong tien ky thuat thiet bi quan su
article_410_clause_1_point_c,article_410_clause_1,article_410,410,1,c,Gây thiệt hại về tài sản từ 100.000.000 đồng đến dưới 500.000.000 đồng;,condition_or_rule,gay thiet hai ve tai san tu 100 000 000 dong den duoi 500 000 000 dong
article_410_clause_1_point_d,article_410_clause_1,article_410,410,1,d,Gây hậu quả nghiêm trọng khác.,condition_or_rule,gay hau qua nghiem trong khac
article_410_clause_2_point_a,article_410_clause_2,article_410,410,2,a,"Làm người được bảo vệ, hộ tống chết;",condition_or_rule,lam nguoi duoc bao ve ho tong chet
article_410_clause_2_point_b,article_410_clause_2,article_410,410,2,b,"Làm mất phương tiện kỹ thuật, thiết bị quân sự;",condition_or_rule,lam mat phuong tien ky thuat thiet bi quan su
article_410_clause_2_point_c,article_410_clause_2,article_410,410,2,c,Trong chiến đấu;,condition_or_rule,trong chien dau
article_410_clause_2_point_d,article_410_clause_2,article_410,410,2,d,Trong khu vực có chiến sự;,condition_or_rule,trong khu vuc co chien su
article_410_clause_2_point_d,article_410_clause_2,article_410,410,2,đ,Lôi kéo người khác phạm tội;,condition_or_rule,loi keo nguoi khac pham toi
article_410_clause_2_point_e,article_410_clause_2,article_410,410,2,e,Gây thiệt hại về tài sản 500.000.000 đồng trở lên;,condition_or_rule,gay thiet hai ve tai san 500 000 000 dong tro len
article_410_clause_2_point_g,article_410_clause_2,article_410,410,2,g,Gây hậu quả rất nghiêm trọng hoặc đặc biệt nghiêm trọng khác.,condition_or_rule,gay hau qua rat nghiem trong hoac dac biet nghiem trong khac
article_412_clause_2_point_a,article_412_clause_2,article_412,412,2,a,Trong chiến đấu;,condition_or_rule,trong chien dau
article_412_clause_2_point_b,article_412_clause_2,article_412,412,2,b,Trong khu vực có chiến sự;,condition_or_rule,trong khu vuc co chien su
article_412_clause_2_point_c,article_412_clause_2,article_412,412,2,c,Gây hậu quả rất nghiêm trọng hoặc đặc biệt nghiêm trọng.,condition_or_rule,gay hau qua rat nghiem trong hoac dac biet nghiem trong
article_413_clause_2_point_a,article_413_clause_2,article_413,413,2,a,Trong chiến đấu;,condition_or_rule,trong chien dau
article_413_clause_2_point_b,article_413_clause_2,article_413,413,2,b,Trong khu vực có chiến sự;,condition_or_rule,trong khu vuc co chien su
article_413_clause_2_point_c,article_413_clause_2,article_413,413,2,c,Lôi kéo người khác phạm tội;,condition_or_rule,loi keo nguoi khac pham toi
article_413_clause_2_point_d,article_413_clause_2,article_413,413,2,d,Gây hậu quả nghiêm trọng.,condition_or_rule,gay hau qua nghiem trong
article_415_clause_2_point_a,article_415_clause_2,article_415,415,2,a,Là chỉ huy hoặc sĩ quan;,definition_or_list,la chi huy hoac si quan
article_415_clause_2_point_b,article_415_clause_2,article_415,415,2,b,Lôi kéo người khác phạm tội;,condition_or_rule,loi keo nguoi khac pham toi
article_415_clause_2_point_c,article_415_clause_2,article_415,415,2,c,Trong khu vực có chiến sự;,condition_or_rule,trong khu vuc co chien su
article_415_clause_2_point_d,article_415_clause_2,article_415,415,2,d,Trong khu vực đã có lệnh ban bố tình trạng khẩn cấp;,condition_or_rule,trong khu vuc da co lenh ban bo tinh trang khan cap
article_415_clause_2_point_d,article_415_clause_2,article_415,415,2,đ,Gây hậu quả rất nghiêm trọng hoặc đặc biệt nghiêm trọng.,condition_or_rule,gay hau qua rat nghiem trong hoac dac biet nghiem trong
article_417_clause_2_point_a,article_417_clause_2,article_417,417,2,a,Là chỉ huy hoặc sĩ quan;,definition_or_list,la chi huy hoac si quan
article_417_clause_2_point_b,article_417_clause_2,article_417,417,2,b,Đối với 02 thương binh hoặc 02 tử sỹ trở lên.,condition_or_rule,doi voi 02 thuong binh hoac 02 tu sy tro len
article_418_clause_2_point_a,article_418_clause_2,article_418,418,2,a,Là chỉ huy hoặc sĩ quan;,definition_or_list,la chi huy hoac si quan
article_418_clause_2_point_b,article_418_clause_2,article_418,418,2,b,Chiếm đoạt hoặc hủy hoại di vật của 02 tử sỹ trở lên.,condition_or_rule,chiem doat hoac huy hoai di vat cua 02 tu sy tro len
article_419_clause_2_point_a,article_419_clause_2,article_419,419,2,a,Là chỉ huy hoặc sĩ quan;,definition_or_list,la chi huy hoac si quan
article_419_clause_2_point_b,article_419_clause_2,article_419,419,2,b,Chiến lợi phẩm trị giá từ 100.000.000 đồng đến dưới 500.000.000 đồng;,condition_or_rule,chien loi pham tri gia tu 100 000 000 dong den duoi 500 000 000 dong
article_419_clause_2_point_c,article_419_clause_2,article_419,419,2,c,Gây ảnh hưởng xấu đến uy tín quân đội;,condition_or_rule,gay anh huong xau den uy tin quan doi
article_419_clause_2_point_d,article_419_clause_2,article_419,419,2,d,Chiến lợi phẩm có giá trị trong quân sự;,condition_or_rule,chien loi pham co gia tri trong quan su
article_419_clause_2_point_d,article_419_clause_2,article_419,419,2,đ,Gây hậu quả nghiêm trọng hoặc rất nghiêm trọng.,condition_or_rule,gay hau qua nghiem trong hoac rat nghiem trong
article_419_clause_3_point_a,article_419_clause_3,article_419,419,3,a,Chiến lợi phẩm trị giá 500.000.000 đồng trở lên;,condition_or_rule,chien loi pham tri gia 500 000 000 dong tro len
article_419_clause_3_point_b,article_419_clause_3,article_419,419,3,b,Chiến lợi phẩm có giá trị đặc biệt trong quân sự;,condition_or_rule,chien loi pham co gia tri dac biet trong quan su
article_419_clause_3_point_c,article_419_clause_3,article_419,419,3,c,Gây hậu quả đặc biệt nghiêm trọng.,condition_or_rule,gay hau qua dac biet nghiem trong
article_426_clause_1_point_a,article_426_clause_1,article_426,426,1,a,"Các quy định tại Điều 1 của Luật này được áp dụng để khởi tố, điều tra, truy tố, xét xử và thi hành án đối với người thực hiện hành vi phạm tội từ 0 giờ 00 phút ngày 01 tháng 7 năm 2025;",condition_or_rule,cac quy dinh tai dieu 1 cua luat nay duoc ap dung de khoi to dieu tra truy to xet xu va thi hanh an doi voi nguoi thuc hien hanh vi pham toi tu 0 gio 00 phut ngay 01 thang 7 nam 2025
article_426_clause_1_point_b,article_426_clause_1,article_426,426,1,b,"Quy định có lợi cho người phạm tội tại các điều 40, 63, 109, 110, 114, 194, 248, 250, 251, 353, 354 và 421 của Bộ luật Hình sự số 100/2015/QH13 đã được sửa đổi, bổ sung một số điều theo Luật số 12/2017/QH14 và Luật số 59/2024/QH15 (sau đây gọi là Bộ luật Hình sự) được sửa đổi, bổ sung tại các khoản 1, 4, 5, 6, 7, 10, 18, 22, 23 và 29 Điều 1 của Luật này và các quy định khác có lợi cho người phạm tội thì được áp dụng đối với cả những hành vi phạm tội xảy ra trước 0 giờ 00 phút ngày 01 tháng 7 năm 2025 mà sau thời điểm đó mới bị phát hiện hoặc đang bị điều tra, truy tố, xét xử;",condition_or_rule,quy dinh co loi cho nguoi pham toi tai cac dieu 40 63 109 110 114 194 248 250 251 353 354 va 421 cua bo luat hinh su so 100 2015 qh13 da duoc sua doi bo sung mot so dieu theo luat so 12 2017 qh14 va luat so 59 2024 qh15 sau day goi la bo luat hinh su duoc sua doi bo sung tai cac khoan 1 4 5 6 7 10 18 22 23 va 29 dieu 1 cua luat nay va cac quy dinh khac co loi cho nguoi pham toi thi duoc ap dung doi voi ca nhung hanh vi pham toi xay ra truoc 0 gio 00 phut ngay 01 thang 7 nam 2025 ma sau thoi diem do moi bi phat hien hoac dang bi dieu tra truy to xet xu
article_426_clause_1_point_c,article_426_clause_1,article_426,426,1,c,"Quy định không có lợi cho người phạm tội tại các điều 63, 192, 193, 194, 195, 235, 236, 237, 238, 239, 240, 241, 242, 243, 244, 245, 246, 248, 249, 250, 251, 252, 255, 317, 353, 354, 355, 356, 357, 358 và 359 của Bộ luật Hình sự được sửa đổi, bổ sung tại các khoản 4, 8, 9, 10, 11, 12, 13, 14, 15, 16, 17, 18, 19, 21, 22, 23, 24, 25, 26, 27 và 28 Điều 1 của Luật này và các quy định khác không có lợi cho người phạm tội thì không áp dụng đối với những hành vi xảy ra trước 0 giờ 00 phút ngày 01 tháng 7 năm 2025 mà sau thời điểm đó mới phát hiện hoặc đang bị điều tra, truy tố, xét xử hoặc đối với người đang được xét giảm thời hạn chấp hành hình phạt, xóa án tích; trong trường hợp này, áp dụng quy định tương ứng của các văn bản quy phạm pháp luật về hình sự có hiệu lực trước 0 giờ 00 phút ngày 01 tháng 7 năm 2025 để giải quyết, trừ trường hợp quy định tại khoản 4 Điều này;",exception_or_exemption,quy dinh khong co loi cho nguoi pham toi tai cac dieu 63 192 193 194 195 235 236 237 238 239 240 241 242 243 244 245 246 248 249 250 251 252 255 317 353 354 355 356 357 358 va 359 cua bo luat hinh su duoc sua doi bo sung tai cac khoan 4 8 9 10 11 12 13 14 15 16 17 18 19 21 22 23 24 25 26 27 va 28 dieu 1 cua luat nay va cac quy dinh khac khong co loi cho nguoi pham toi thi khong ap dung doi voi nhung hanh vi xay ra truoc 0 gio 00 phut ngay 01 thang 7 nam 2025 ma sau thoi diem do moi phat hien hoac dang bi dieu tra truy to xet xu hoac doi voi nguoi dang duoc xet giam thoi han chap hanh hinh phat xoa an tich trong truong hop nay ap dung quy dinh tuong ung cua cac van ban quy pham phap luat ve hinh su co hieu luc truoc 0 gio 00 phut ngay 01 thang 7 nam 2025 de giai quyet tru truong hop quy dinh tai khoan 4 dieu nay
article_426_clause_1_point_d,article_426_clause_1,article_426,426,1,d,"Đối với những hành vi phạm tội đã có bản án, quyết định của Tòa án đã có hiệu lực pháp luật trước 0 giờ 00 phút ngày 01 tháng 7 năm 2025 thì không căn cứ vào những quy định của Luật này có nội dung khác so với các điều luật đã được áp dụng khi tuyên án để kháng nghị giám đốc thẩm; trường hợp kháng nghị dựa vào căn cứ khác hoặc đã kháng nghị trước ngày 01 tháng 7 năm 2025 thì việc xét xử giám đốc thẩm được áp dụng quy định tại điểm b và điểm c khoản này.",condition_or_rule,doi voi nhung hanh vi pham toi da co ban an quyet dinh cua toa an da co hieu luc phap luat truoc 0 gio 00 phut ngay 01 thang 7 nam 2025 thi khong can cu vao nhung quy dinh cua luat nay co noi dung khac so voi cac dieu luat da duoc ap dung khi tuyen an de khang nghi giam doc tham truong hop khang nghi dua vao can cu khac hoac da khang nghi truoc ngay 01 thang 7 nam 2025 thi viec xet xu giam doc tham duoc ap dung quy dinh tai diem b va diem c khoan nay
article_426_clause_3_point_a,article_426_clause_3,article_426,426,3,a,"Khối lượng, thể tích chất ma túy được xác định trong bản án để quyết định hình phạt bằng hoặc thấp hơn khối lượng, thể tích chất ma túy thấp nhất quy định tại khoản 5 Điều 248 hoặc khoản 5 Điều 251 của Bộ luật Hình sự được sửa đổi, bổ sung tại khoản 18 Điều 1 của Luật này;",condition_or_rule,khoi luong the tich chat ma tuy duoc xac dinh trong ban an de quyet dinh hinh phat bang hoac thap hon khoi luong the tich chat ma tuy thap nhat quy dinh tai khoan 5 dieu 248 hoac khoan 5 dieu 251 cua bo luat hinh su duoc sua doi bo sung tai khoan 18 dieu 1 cua luat nay
article_426_clause_3_point_b,article_426_clause_3,article_426,426,3,b,"Khối lượng, thể tích chất ma túy được xác định trong bản án để quyết định hình phạt lớn hơn khối lượng, thể tích chất ma túy thấp nhất quy định tại khoản 5 Điều 248 hoặc khoản 5 Điều 251 của Bộ luật Hình sự được sửa đổi, bổ sung tại khoản 18 Điều 1 của Luật này mà người phạm tội không phải là người chủ mưu, cầm đầu, chỉ huy hoặc không có 02 tình tiết tăng nặng trở lên.",condition_or_rule,khoi luong the tich chat ma tuy duoc xac dinh trong ban an de quyet dinh hinh phat lon hon khoi luong the tich chat ma tuy thap nhat quy dinh tai khoan 5 dieu 248 hoac khoan 5 dieu 251 cua bo luat hinh su duoc sua doi bo sung tai khoan 18 dieu 1 cua luat nay ma nguoi pham toi khong phai la nguoi chu muu cam dau chi huy hoac khong co 02 tinh tiet tang nang tro len
article_426_clause_6_point_a,article_426_clause_6,article_426,426,6,a,"Giao Tòa án nhân dân tối cao chủ trì, phối hợp với Bộ Công an, Bộ Quốc phòng, Viện kiểm sát nhân dân tối cao và các cơ quan có liên quan tổ chức việc rà soát người bị kết án tử hình thuộc diện được chuyển tử hình phạt tử hình thành tù chung thân để thực hiện theo quy định tại khoản 2 và khoản 3 Điều này;",condition_or_rule,giao toa an nhan dan toi cao chu tri phoi hop voi bo cong an bo quoc phong vien kiem sat nhan dan toi cao va cac co quan co lien quan to chuc viec ra soat nguoi bi ket an tu hinh thuoc dien duoc chuyen tu hinh phat tu hinh thanh tu chung than de thuc hien theo quy dinh tai khoan 2 va khoan 3 dieu nay
article_426_clause_6_point_b,article_426_clause_6,article_426,426,6,b,"Chính phủ, Tòa án nhân dân tối cao, Viện kiểm sát nhân dân tối cao, trong phạm vi chức năng, nhiệm vụ, quyền hạn của mình, phối hợp tổ chức rà soát các văn bản có liên quan để kịp thời hủy bỏ, sửa đổi, bổ sung hoặc ban hành mới hoặc đề nghị Quốc hội, Ủy ban Thường vụ Quốc hội hủy bỏ, sửa đổi, bổ sung hoặc ban hành mới văn bản quy phạm pháp luật cho phù hợp với quy định của Luật này.",condition_or_rule,chinh phu toa an nhan dan toi cao vien kiem sat nhan dan toi cao trong pham vi chuc nang nhiem vu quyen han cua minh phoi hop to chuc ra soat cac van ban co lien quan de kip thoi huy bo sua doi bo sung hoac ban hanh moi hoac de nghi quoc hoi uy ban thuong vu quoc hoi huy bo sua doi bo sung hoac ban hanh moi van ban quy pham phap luat cho phu hop voi quy dinh cua luat nay
