id,crime_id,article_id,article_code,owner_id,owner_kind,text,min_value,max_value,unit,normalized_text
threshold_condition_article_134_clause_1_tu_11_den_30,crime_134,article_134,134,condition_article_134_clause_1,Condition,từ 11% đến 30%,11,30,percent,tu 11 den 30
threshold_condition_article_134_clause_1_11,crime_134,article_134,134,condition_article_134_clause_1,Condition,11%,11,,percent,11
threshold_condition_article_134_clause_2_point_a_tu_31_den_60,crime_134,article_134,134,condition_article_134_clause_2_point_a,Condition,từ 31% đến 60%,31,60,percent,tu 31 den 60
threshold_condition_article_134_clause_2_point_b_tu_11_den_30,crime_134,article_134,134,condition_article_134_clause_2_point_b,Condition,từ 11% đến 30%,11,30,percent,tu 11 den 30
threshold_condition_article_134_clause_2_point_d_tu_11_den_30,crime_134,article_134,134,condition_article_134_clause_2_point_d,Condition,từ 11% đến 30%,11,30,percent,tu 11 den 30
threshold_condition_article_134_clause_3_point_a_61_tro_len,crime_134,article_134,134,condition_article_134_clause_3_point_a,Condition,61% trở lên,61,,percent,61 tro len
threshold_condition_article_134_clause_3_point_b_tu_31_den_60,crime_134,article_134,134,condition_article_134_clause_3_point_b,Condition,từ 31% đến 60%,31,60,percent,tu 31 den 60
threshold_condition_article_134_clause_3_point_c_tu_31_den_60,crime_134,article_134,134,condition_article_134_clause_3_point_c,Condition,từ 31% đến 60%,31,60,percent,tu 31 den 60
threshold_condition_article_134_clause_3_point_d_tu_11_den_30,crime_134,article_134,134,condition_article_134_clause_3_point_d,Condition,từ 11% đến 30%,11,30,percent,tu 11 den 30
threshold_condition_article_134_clause_4_point_b_61_tro_len,crime_134,article_134,134,condition_article_134_clause_4_point_b,Condition,61% trở lên,61,,percent,61 tro len
threshold_condition_article_134_clause_4_point_c_61_tro_len,crime_134,article_134,134,condition_article_134_clause_4_point_c,Condition,61% trở lên,61,,percent,61 tro len
threshold_condition_article_134_clause_4_point_d_61_tro_len,crime_134,article_134,134,condition_article_134_clause_4_point_d,Condition,61% trở lên,61,,percent,61 tro len
threshold_condition_article_134_clause_4_point_d_tu_31_den_60,crime_134,article_134,134,condition_article_134_clause_4_point_d,Condition,từ 31% đến 60%,31,60,percent,tu 31 den 60
threshold_condition_article_134_clause_5_point_b_61_tro_len,crime_134,article_134,134,condition_article_134_clause_5_point_b,Condition,61% trở lên,61,,percent,61 tro len
threshold_article_134_clause_1_tu_11_den_30,crime_134,article_134,134,article_134_clause_1,Clause,từ 11% đến 30%,11,30,percent,tu 11 den 30
threshold_article_134_clause_1_11,crime_134,article_134,134,article_134_clause_1,Clause,11%,11,,percent,11
threshold_article_134_clause_2_tu_31_den_60,crime_134,article_134,134,article_134_clause_2,Clause,từ 31% đến 60%,31,60,percent,tu 31 den 60
threshold_article_134_clause_2_tu_11_den_30,crime_134,article_134,134,article_134_clause_2,Clause,từ 11% đến 30%,11,30,percent,tu 11 den 30
threshold_article_134_clause_3_61_tro_len,crime_134,article_134,134,article_134_clause_3,Clause,61% trở lên,61,,percent,61 tro len
threshold_article_134_clause_3_tu_31_den_60,crime_134,article_134,134,article_134_clause_3,Clause,từ 31% đến 60%,31,60,percent,tu 31 den 60
threshold_article_134_clause_3_tu_11_den_30,crime_134,article_134,134,article_134_clause_3,Clause,từ 11% đến 30%,11,30,percent,tu 11 den 30
threshold_article_134_clause_4_61_tro_len,crime_134,article_134,134,article_134_clause_4,Clause,61% trở lên,61,,percent,61 tro len
threshold_article_134_clause_4_tu_31_den_60,crime_134,article_134,134,article_134_clause_4,Clause,từ 31% đến 60%,31,60,percent,tu 31 den 60
threshold_article_134_clause_5_61_tro_len,crime_134,article_134,134,article_134_clause_5,Clause,61% trở lên,61,,percent,61 tro len
threshold_article_134_clause_2_point_a_tu_31_den_60,crime_134,article_134,134,article_134_clause_2_point_a,Point,từ 31% đến 60%,31,60,percent,tu 31 den 60
threshold_article_134_clause_2_point_b_tu_11_den_30,crime_134,article_134,134,article_134_clause_2_point_b,Point,từ 11% đến 30%,11,30,percent,tu 11 den 30
threshold_article_134_clause_2_point_d_tu_11_den_30,crime_134,article_134,134,article_134_clause_2_point_d,Point,từ 11% đến 30%,11,30,percent,tu 11 den 30
threshold_article_134_clause_3_point_a_61_tro_len,crime_134,article_134,134,article_134_clause_3_point_a,Point,61% trở lên,61,,percent,61 tro len
threshold_article_134_clause_3_point_b_tu_31_den_60,crime_134,article_134,134,article_134_clause_3_point_b,Point,từ 31% đến 60%,31,60,percent,tu 31 den 60
threshold_article_134_clause_3_point_c_tu_31_den_60,crime_134,article_134,134,article_134_clause_3_point_c,Point,từ 31% đến 60%,31,60,percent,tu 31 den 60
threshold_article_134_clause_3_point_d_tu_11_den_30,crime_134,article_134,134,article_134_clause_3_point_d,Point,từ 11% đến 30%,11,30,percent,tu 11 den 30
threshold_article_134_clause_4_point_b_61_tro_len,crime_134,article_134,134,article_134_clause_4_point_b,Point,61% trở lên,61,,percent,61 tro len
threshold_article_134_clause_4_point_c_61_tro_len,crime_134,article_134,134,article_134_clause_4_point_c,Point,61% trở lên,61,,percent,61 tro len
threshold_article_134_clause_4_point_d_61_tro_len,crime_134,article_134,134,article_134_clause_4_point_d,Point,61% trở lên,61,,percent,61 tro len
threshold_article_134_clause_4_point_d_tu_31_den_60,crime_134,article_134,134,article_134_clause_4_point_d,Point,từ 31% đến 60%,31,60,percent,tu 31 den 60
threshold_article_134_clause_5_point_b_61_tro_len,crime_134,article_134,134,article_134_clause_5_point_b,Point,61% trở lên,61,,percent,61 tro len
threshold_condition_article_135_clause_1_tu_31_den_60,crime_135,article_135,135,condition_article_135_clause_1,Condition,từ 31% đến 60%,31,60,percent,tu 31 den 60
threshold_condition_article_135_clause_2_point_a_31_tro_len,crime_135,article_135,135,condition_article_135_clause_2_point_a,Condition,31% trở lên,31,,percent,31 tro len
threshold_condition_article_135_clause_2_point_b_61_tro_len,crime_135,article_135,135,condition_article_135_clause_2_point_b,Condition,61% trở lên,61,,percent,61 tro len
threshold_article_135_clause_1_000_000_dong_den_50_000,crime_135,article_135,135,article_135_clause_1,Clause,000.000 đồng đến 50.000,000.000,50.000,vnd,000 000 dong den 50 000
threshold_article_135_clause_1_000_dong,crime_135,article_135,135,article_135_clause_1,Clause,000 đồng,000,,vnd,000 dong
threshold_article_135_clause_1_tu_31_den_60,crime_135,article_135,135,article_135_clause_1,Clause,từ 31% đến 60%,31,60,percent,tu 31 den 60
threshold_article_135_clause_2_31_tro_len,crime_135,article_135,135,article_135_clause_2,Clause,31% trở lên,31,,percent,31 tro len
threshold_article_135_clause_2_61_tro_len,crime_135,article_135,135,article_135_clause_2,Clause,61% trở lên,61,,percent,61 tro len
threshold_article_135_clause_2_point_a_31_tro_len,crime_135,article_135,135,article_135_clause_2_point_a,Point,31% trở lên,31,,percent,31 tro len
threshold_article_135_clause_2_point_b_61_tro_len,crime_135,article_135,135,article_135_clause_2_point_b,Point,61% trở lên,61,,percent,61 tro len
threshold_condition_article_136_clause_1_tu_31_den_60,crime_136,article_136,136,condition_article_136_clause_1,Condition,từ 31% đến 60%,31,60,percent,tu 31 den 60
threshold_condition_article_136_clause_3_61_tro_len,crime_136,article_136,136,condition_article_136_clause_3,Condition,61% trở lên,61,,percent,61 tro len
threshold_condition_article_136_clause_2_point_a_tu_31_den_60,crime_136,article_136,136,condition_article_136_clause_2_point_a,Condition,từ 31% đến 60%,31,60,percent,tu 31 den 60
threshold_condition_article_136_clause_2_point_b_61_tro_len,crime_136,article_136,136,condition_article_136_clause_2_point_b,Condition,61% trở lên,61,,percent,61 tro len
threshold_article_136_clause_1_000_000_dong_den_20_000,crime_136,article_136,136,article_136_clause_1,Clause,000.000 đồng đến 20.000,000.000,20.000,vnd,000 000 dong den 20 000
threshold_article_136_clause_1_000_dong,crime_136,article_136,136,article_136_clause_1,Clause,000 đồng,000,,vnd,000 dong
threshold_article_136_clause_1_tu_31_den_60,crime_136,article_136,136,article_136_clause_1,Clause,từ 31% đến 60%,31,60,percent,tu 31 den 60
threshold_article_136_clause_2_tu_31_den_60,crime_136,article_136,136,article_136_clause_2,Clause,từ 31% đến 60%,31,60,percent,tu 31 den 60
threshold_article_136_clause_2_61_tro_len,crime_136,article_136,136,article_136_clause_2,Clause,61% trở lên,61,,percent,61 tro len
threshold_article_136_clause_3_61_tro_len,crime_136,article_136,136,article_136_clause_3,Clause,61% trở lên,61,,percent,61 tro len
threshold_article_136_clause_2_point_a_tu_31_den_60,crime_136,article_136,136,article_136_clause_2_point_a,Point,từ 31% đến 60%,31,60,percent,tu 31 den 60
threshold_article_136_clause_2_point_b_61_tro_len,crime_136,article_136,136,article_136_clause_2_point_b,Point,61% trở lên,61,,percent,61 tro len
threshold_condition_article_137_clause_1_tu_31_den_60,crime_137,article_137,137,condition_article_137_clause_1,Condition,từ 31% đến 60%,31,60,percent,tu 31 den 60
threshold_condition_article_137_clause_2_point_a_31_tro_len,crime_137,article_137,137,condition_article_137_clause_2_point_a,Condition,31% trở lên,31,,percent,31 tro len
threshold_condition_article_137_clause_2_point_b_61_tro_len,crime_137,article_137,137,condition_article_137_clause_2_point_b,Condition,61% trở lên,61,,percent,61 tro len
threshold_article_137_clause_1_tu_31_den_60,crime_137,article_137,137,article_137_clause_1,Clause,từ 31% đến 60%,31,60,percent,tu 31 den 60
threshold_article_137_clause_2_31_tro_len,crime_137,article_137,137,article_137_clause_2,Clause,31% trở lên,31,,percent,31 tro len
threshold_article_137_clause_2_61_tro_len,crime_137,article_137,137,article_137_clause_2,Clause,61% trở lên,61,,percent,61 tro len
threshold_article_137_clause_2_point_a_31_tro_len,crime_137,article_137,137,article_137_clause_2_point_a,Point,31% trở lên,31,,percent,31 tro len
threshold_article_137_clause_2_point_b_61_tro_len,crime_137,article_137,137,article_137_clause_2_point_b,Point,61% trở lên,61,,percent,61 tro len
threshold_condition_article_138_clause_1_tu_31_den_60,crime_138,article_138,138,condition_article_138_clause_1,Condition,từ 31% đến 60%,31,60,percent,tu 31 den 60
threshold_condition_article_138_clause_3_61_tro_len,crime_138,article_138,138,condition_article_138_clause_3,Condition,61% trở lên,61,,percent,61 tro len
threshold_condition_article_138_clause_2_point_a_tu_31_den_60,crime_138,article_138,138,condition_article_138_clause_2_point_a,Condition,từ 31% đến 60%,31,60,percent,tu 31 den 60
threshold_condition_article_138_clause_2_point_b_61_tro_len,crime_138,article_138,138,condition_article_138_clause_2_point_b,Condition,61% trở lên,61,,percent,61 tro len
threshold_article_138_clause_1_000_000_dong_den_20_000,crime_138,article_138,138,article_138_clause_1,Clause,000.000 đồng đến 20.000,000.000,20.000,vnd,000 000 dong den 20 000
threshold_article_138_clause_1_000_dong,crime_138,article_138,138,article_138_clause_1,Clause,000 đồng,000,,vnd,000 dong
threshold_article_138_clause_1_tu_31_den_60,crime_138,article_138,138,article_138_clause_1,Clause,từ 31% đến 60%,31,60,percent,tu 31 den 60
threshold_article_138_clause_2_tu_31_den_60,crime_138,article_138,138,article_138_clause_2,Clause,từ 31% đến 60%,31,60,percent,tu 31 den 60
threshold_article_138_clause_2_61_tro_len,crime_138,article_138,138,article_138_clause_2,Clause,61% trở lên,61,,percent,61 tro len
threshold_article_138_clause_3_61_tro_len,crime_138,article_138,138,article_138_clause_3,Clause,61% trở lên,61,,percent,61 tro len
threshold_article_138_clause_2_point_a_tu_31_den_60,crime_138,article_138,138,article_138_clause_2_point_a,Point,từ 31% đến 60%,31,60,percent,tu 31 den 60
threshold_article_138_clause_2_point_b_61_tro_len,crime_138,article_138,138,article_138_clause_2_point_b,Point,61% trở lên,61,,percent,61 tro len
threshold_condition_article_139_clause_1_tu_31_den_60,crime_139,article_139,139,condition_article_139_clause_1,Condition,từ 31% đến 60%,31,60,percent,tu 31 den 60
threshold_condition_article_139_clause_3_61_tro_len,crime_139,article_139,139,condition_article_139_clause_3,Condition,61% trở lên,61,,percent,61 tro len
threshold_condition_article_139_clause_2_point_a_tu_31_den_60,crime_139,article_139,139,condition_article_139_clause_2_point_a,Condition,từ 31% đến 60%,31,60,percent,tu 31 den 60
threshold_condition_article_139_clause_2_point_b_61_tro_len,crime_139,article_139,139,condition_article_139_clause_2_point_b,Condition,61% trở lên,61,,percent,61 tro len
threshold_article_139_clause_1_000_000_dong_den_100_000,crime_139,article_139,139,article_139_clause_1,Clause,000.000 đồng đến 100.000,000.000,100.000,vnd,000 000 dong den 100 000
threshold_article_139_clause_1_000_dong,crime_139,article_139,139,article_139_clause_1,Clause,000 đồng,000,,vnd,000 dong
threshold_article_139_clause_1_tu_31_den_60,crime_139,article_139,139,article_139_clause_1,Clause,từ 31% đến 60%,31,60,percent,tu 31 den 60
threshold_article_139_clause_2_tu_31_den_60,crime_139,article_139,139,article_139_clause_2,Clause,từ 31% đến 60%,31,60,percent,tu 31 den 60
threshold_article_139_clause_2_61_tro_len,crime_139,article_139,139,article_139_clause_2,Clause,61% trở lên,61,,percent,61 tro len
threshold_article_139_clause_3_61_tro_len,crime_139,article_139,139,article_139_clause_3,Clause,61% trở lên,61,,percent,61 tro len
threshold_article_139_clause_2_point_a_tu_31_den_60,crime_139,article_139,139,article_139_clause_2_point_a,Point,từ 31% đến 60%,31,60,percent,tu 31 den 60
threshold_article_139_clause_2_point_b_61_tro_len,crime_139,article_139,139,article_139_clause_2_point_b,Point,61% trở lên,61,,percent,61 tro len
threshold_condition_article_140_clause_2_point_b_31_tro_len,crime_140,article_140,140,condition_article_140_clause_2_point_b,Condition,31% trở lên,31,,percent,31 tro len
threshold_article_140_clause_2_31_tro_len,crime_140,article_140,140,article_140_clause_2,Clause,31% trở lên,31,,percent,31 tro len
threshold_article_140_clause_2_point_b_31_tro_len,crime_140,article_140,140,article_140_clause_2_point_b,Point,31% trở lên,31,,percent,31 tro len
threshold_condition_article_141_clause_4_du_16_tuoi_den_duoi_18_tuoi,crime_141,article_141,141,condition_article_141_clause_4,Condition,đủ 16 tuổi đến dưới 18 tuổi,16,18,age,du 16 tuoi den duoi 18 tuoi
threshold_condition_article_141_clause_2_point_h_tu_31_den_60,crime_141,article_141,141,condition_article_141_clause_2_point_h,Condition,từ 31% đến 60%,31,60,percent,tu 31 den 60
threshold_condition_article_141_clause_3_point_a_61_tro_len,crime_141,article_141,141,condition_article_141_clause_3_point_a,Condition,61% trở lên,61,,percent,61 tro len
threshold_article_141_clause_2_tu_31_den_60,crime_141,article_141,141,article_141_clause_2,Clause,từ 31% đến 60%,31,60,percent,tu 31 den 60
threshold_article_141_clause_3_61_tro_len,crime_141,article_141,141,article_141_clause_3,Clause,61% trở lên,61,,percent,61 tro len
threshold_article_141_clause_4_du_16_tuoi_den_duoi_18_tuoi,crime_141,article_141,141,article_141_clause_4,Clause,đủ 16 tuổi đến dưới 18 tuổi,16,18,age,du 16 tuoi den duoi 18 tuoi
threshold_article_141_clause_2_point_h_tu_31_den_60,crime_141,article_141,141,article_141_clause_2_point_h,Point,từ 31% đến 60%,31,60,percent,tu 31 den 60
threshold_article_141_clause_3_point_a_61_tro_len,crime_141,article_141,141,article_141_clause_3_point_a,Point,61% trở lên,61,,percent,61 tro len
threshold_condition_article_142_clause_1_point_a_du_13_tuoi_den_duoi_16_tuoi,crime_142,article_142,142,condition_article_142_clause_1_point_a,Condition,đủ 13 tuổi đến dưới 16 tuổi,13,16,age,du 13 tuoi den duoi 16 tuoi
threshold_condition_article_142_clause_2_point_c_tu_31_den_60,crime_142,article_142,142,condition_article_142_clause_2_point_c,Condition,từ 31% đến 60%,31,60,percent,tu 31 den 60
threshold_condition_article_142_clause_3_point_d_61_tro_len,crime_142,article_142,142,condition_article_142_clause_3_point_d,Condition,61% trở lên,61,,percent,61 tro len
threshold_article_142_clause_1_du_13_tuoi_den_duoi_16_tuoi,crime_142,article_142,142,article_142_clause_1,Clause,đủ 13 tuổi đến dưới 16 tuổi,13,16,age,du 13 tuoi den duoi 16 tuoi
threshold_article_142_clause_2_tu_31_den_60,crime_142,article_142,142,article_142_clause_2,Clause,từ 31% đến 60%,31,60,percent,tu 31 den 60
threshold_article_142_clause_3_61_tro_len,crime_142,article_142,142,article_142_clause_3,Clause,61% trở lên,61,,percent,61 tro len
threshold_article_142_clause_1_point_a_du_13_tuoi_den_duoi_16_tuoi,crime_142,article_142,142,article_142_clause_1_point_a,Point,đủ 13 tuổi đến dưới 16 tuổi,13,16,age,du 13 tuoi den duoi 16 tuoi
threshold_article_142_clause_2_point_c_tu_31_den_60,crime_142,article_142,142,article_142_clause_2_point_c,Point,từ 31% đến 60%,31,60,percent,tu 31 den 60
threshold_article_142_clause_3_point_d_61_tro_len,crime_142,article_142,142,article_142_clause_3_point_d,Point,61% trở lên,61,,percent,61 tro len
threshold_condition_article_143_clause_4_du_16_tuoi_den_duoi_18_tuoi,crime_143,article_143,143,condition_article_143_clause_4,Condition,đủ 16 tuổi đến dưới 18 tuổi,16,18,age,du 16 tuoi den duoi 18 tuoi
threshold_condition_article_143_clause_2_point_e_tu_31_den_60,crime_143,article_143,143,condition_article_143_clause_2_point_e,Condition,từ 31% đến 60%,31,60,percent,tu 31 den 60
threshold_condition_article_143_clause_3_point_a_61_tro_len,crime_143,article_143,143,condition_article_143_clause_3_point_a,Condition,61% trở lên,61,,percent,61 tro len
threshold_article_143_clause_2_tu_31_den_60,crime_143,article_143,143,article_143_clause_2,Clause,từ 31% đến 60%,31,60,percent,tu 31 den 60
threshold_article_143_clause_3_61_tro_len,crime_143,article_143,143,article_143_clause_3,Clause,61% trở lên,61,,percent,61 tro len
threshold_article_143_clause_4_du_16_tuoi_den_duoi_18_tuoi,crime_143,article_143,143,article_143_clause_4,Clause,đủ 16 tuổi đến dưới 18 tuổi,16,18,age,du 16 tuoi den duoi 18 tuoi
threshold_article_143_clause_2_point_e_tu_31_den_60,crime_143,article_143,143,article_143_clause_2_point_e,Point,từ 31% đến 60%,31,60,percent,tu 31 den 60
threshold_article_143_clause_3_point_a_61_tro_len,crime_143,article_143,143,article_143_clause_3_point_a,Point,61% trở lên,61,,percent,61 tro len
threshold_condition_article_144_clause_1_du_13_tuoi_den_duoi_16_tuoi,crime_144,article_144,144,condition_article_144_clause_1,Condition,đủ 13 tuổi đến dưới 16 tuổi,13,16,age,du 13 tuoi den duoi 16 tuoi
threshold_condition_article_144_clause_2_point_c_tu_31_den_60,crime_144,article_144,144,condition_article_144_clause_2_point_c,Condition,từ 31% đến 60%,31,60,percent,tu 31 den 60
threshold_condition_article_144_clause_3_point_b_61_tro_len,crime_144,article_144,144,condition_article_144_clause_3_point_b,Condition,61% trở lên,61,,percent,61 tro len
threshold_article_144_clause_1_du_13_tuoi_den_duoi_16_tuoi,crime_144,article_144,144,article_144_clause_1,Clause,đủ 13 tuổi đến dưới 16 tuổi,13,16,age,du 13 tuoi den duoi 16 tuoi
threshold_article_144_clause_2_tu_31_den_60,crime_144,article_144,144,article_144_clause_2,Clause,từ 31% đến 60%,31,60,percent,tu 31 den 60
threshold_article_144_clause_3_61_tro_len,crime_144,article_144,144,article_144_clause_3,Clause,61% trở lên,61,,percent,61 tro len
threshold_article_144_clause_2_point_c_tu_31_den_60,crime_144,article_144,144,article_144_clause_2_point_c,Point,từ 31% đến 60%,31,60,percent,tu 31 den 60
threshold_article_144_clause_3_point_b_61_tro_len,crime_144,article_144,144,article_144_clause_3_point_b,Point,61% trở lên,61,,percent,61 tro len
threshold_condition_article_145_clause_1_du_13_tuoi_den_duoi_16_tuoi,crime_145,article_145,145,condition_article_145_clause_1,Condition,đủ 13 tuổi đến dưới 16 tuổi,13,16,age,du 13 tuoi den duoi 16 tuoi
threshold_condition_article_145_clause_2_point_d_tu_31_den_60,crime_145,article_145,145,condition_article_145_clause_2_point_d,Condition,từ 31% đến 60%,31,60,percent,tu 31 den 60
threshold_condition_article_145_clause_3_point_a_61_tro_len,crime_145,article_145,145,condition_article_145_clause_3_point_a,Condition,61% trở lên,61,,percent,61 tro len
threshold_article_145_clause_1_du_13_tuoi_den_duoi_16_tuoi,crime_145,article_145,145,article_145_clause_1,Clause,đủ 13 tuổi đến dưới 16 tuổi,13,16,age,du 13 tuoi den duoi 16 tuoi
threshold_article_145_clause_2_tu_31_den_60,crime_145,article_145,145,article_145_clause_2,Clause,từ 31% đến 60%,31,60,percent,tu 31 den 60
threshold_article_145_clause_3_61_tro_len,crime_145,article_145,145,article_145_clause_3,Clause,61% trở lên,61,,percent,61 tro len
threshold_article_145_clause_2_point_d_tu_31_den_60,crime_145,article_145,145,article_145_clause_2_point_d,Point,từ 31% đến 60%,31,60,percent,tu 31 den 60
threshold_article_145_clause_3_point_a_61_tro_len,crime_145,article_145,145,article_145_clause_3_point_a,Point,61% trở lên,61,,percent,61 tro len
threshold_condition_article_146_clause_2_point_d_tu_31_den_60,crime_146,article_146,146,condition_article_146_clause_2_point_d,Condition,từ 31% đến 60%,31,60,percent,tu 31 den 60
threshold_condition_article_146_clause_3_point_a_61_tro_len,crime_146,article_146,146,condition_article_146_clause_3_point_a,Condition,61% trở lên,61,,percent,61 tro len
threshold_article_146_clause_2_tu_31_den_60,crime_146,article_146,146,article_146_clause_2,Clause,từ 31% đến 60%,31,60,percent,tu 31 den 60
threshold_article_146_clause_3_61_tro_len,crime_146,article_146,146,article_146_clause_3,Clause,61% trở lên,61,,percent,61 tro len
threshold_article_146_clause_2_point_d_tu_31_den_60,crime_146,article_146,146,article_146_clause_2_point_d,Point,từ 31% đến 60%,31,60,percent,tu 31 den 60
threshold_article_146_clause_3_point_a_61_tro_len,crime_146,article_146,146,article_146_clause_3_point_a,Point,61% trở lên,61,,percent,61 tro len
threshold_condition_article_147_clause_2_point_e_tu_31_den_60,crime_147,article_147,147,condition_article_147_clause_2_point_e,Condition,từ 31% đến 60%,31,60,percent,tu 31 den 60
threshold_condition_article_147_clause_3_point_a_61_tro_len,crime_147,article_147,147,condition_article_147_clause_3_point_a,Condition,61% trở lên,61,,percent,61 tro len
threshold_article_147_clause_2_tu_31_den_60,crime_147,article_147,147,article_147_clause_2,Clause,từ 31% đến 60%,31,60,percent,tu 31 den 60
threshold_article_147_clause_3_61_tro_len,crime_147,article_147,147,article_147_clause_3,Clause,61% trở lên,61,,percent,61 tro len
threshold_article_147_clause_2_point_e_tu_31_den_60,crime_147,article_147,147,article_147_clause_2_point_e,Point,từ 31% đến 60%,31,60,percent,tu 31 den 60
threshold_article_147_clause_3_point_a_61_tro_len,crime_147,article_147,147,article_147_clause_3_point_a,Point,61% trở lên,61,,percent,61 tro len
threshold_condition_article_149_clause_2_point_e_tu_31_den_60,crime_149,article_149,149,condition_article_149_clause_2_point_e,Condition,từ 31% đến 60%,31,60,percent,tu 31 den 60
threshold_condition_article_149_clause_3_point_c_61_tro_len,crime_149,article_149,149,condition_article_149_clause_3_point_c,Condition,61% trở lên,61,,percent,61 tro len
threshold_article_149_clause_2_tu_31_den_60,crime_149,article_149,149,article_149_clause_2,Clause,từ 31% đến 60%,31,60,percent,tu 31 den 60
threshold_article_149_clause_3_61_tro_len,crime_149,article_149,149,article_149_clause_3,Clause,61% trở lên,61,,percent,61 tro len
threshold_article_149_clause_2_point_e_tu_31_den_60,crime_149,article_149,149,article_149_clause_2_point_e,Point,từ 31% đến 60%,31,60,percent,tu 31 den 60
threshold_article_149_clause_3_point_c_61_tro_len,crime_149,article_149,149,article_149_clause_3_point_c,Point,61% trở lên,61,,percent,61 tro len
threshold_condition_article_150_clause_4_000_000_dong_den_100_000,crime_150,article_150,150,condition_article_150_clause_4,Condition,000.000 đồng đến 100.000,000.000,100.000,vnd,000 000 dong den 100 000
threshold_condition_article_150_clause_4_000_dong,crime_150,article_150,150,condition_article_150_clause_4,Condition,000 đồng,000,,vnd,000 dong
threshold_condition_article_150_clause_2_point_c_tu_31_den_60,crime_150,article_150,150,condition_article_150_clause_2_point_c,Condition,từ 31% đến 60%,31,60,percent,tu 31 den 60
threshold_condition_article_150_clause_3_point_c_61_tro_len,crime_150,article_150,150,condition_article_150_clause_3_point_c,Condition,61% trở lên,61,,percent,61 tro len
threshold_article_150_clause_2_tu_31_den_60,crime_150,article_150,150,article_150_clause_2,Clause,từ 31% đến 60%,31,60,percent,tu 31 den 60
threshold_article_150_clause_3_61_tro_len,crime_150,article_150,150,article_150_clause_3,Clause,61% trở lên,61,,percent,61 tro len
threshold_article_150_clause_4_000_000_dong_den_100_000,crime_150,article_150,150,article_150_clause_4,Clause,000.000 đồng đến 100.000,000.000,100.000,vnd,000 000 dong den 100 000
threshold_article_150_clause_4_000_dong,crime_150,article_150,150,article_150_clause_4,Clause,000 đồng,000,,vnd,000 dong
threshold_article_150_clause_2_point_c_tu_31_den_60,crime_150,article_150,150,article_150_clause_2_point_c,Point,từ 31% đến 60%,31,60,percent,tu 31 den 60
threshold_article_150_clause_3_point_c_61_tro_len,crime_150,article_150,150,article_150_clause_3_point_c,Point,61% trở lên,61,,percent,61 tro len
threshold_condition_article_151_clause_4_000_000_dong_den_200_000,crime_151,article_151,151,condition_article_151_clause_4,Condition,000.000 đồng đến 200.000,000.000,200.000,vnd,000 000 dong den 200 000
threshold_condition_article_151_clause_4_000_dong,crime_151,article_151,151,condition_article_151_clause_4,Condition,000 đồng,000,,vnd,000 dong
threshold_condition_article_151_clause_2_point_h_tu_31_den_60,crime_151,article_151,151,condition_article_151_clause_2_point_h,Condition,từ 31% đến 60%,31,60,percent,tu 31 den 60
threshold_condition_article_151_clause_3_point_c_61_tro_len,crime_151,article_151,151,condition_article_151_clause_3_point_c,Condition,61% trở lên,61,,percent,61 tro len
threshold_article_151_clause_2_tu_31_den_60,crime_151,article_151,151,article_151_clause_2,Clause,từ 31% đến 60%,31,60,percent,tu 31 den 60
threshold_article_151_clause_3_61_tro_len,crime_151,article_151,151,article_151_clause_3,Clause,61% trở lên,61,,percent,61 tro len
threshold_article_151_clause_4_000_000_dong_den_200_000,crime_151,article_151,151,article_151_clause_4,Clause,000.000 đồng đến 200.000,000.000,200.000,vnd,000 000 dong den 200 000
threshold_article_151_clause_4_000_dong,crime_151,article_151,151,article_151_clause_4,Clause,000 đồng,000,,vnd,000 dong
threshold_article_151_clause_2_point_h_tu_31_den_60,crime_151,article_151,151,article_151_clause_2_point_h,Point,từ 31% đến 60%,31,60,percent,tu 31 den 60
threshold_article_151_clause_3_point_c_61_tro_len,crime_151,article_151,151,article_151_clause_3_point_c,Point,61% trở lên,61,,percent,61 tro len
threshold_condition_article_152_clause_4_000_000_dong_den_50_000,crime_152,article_152,152,condition_article_152_clause_4,Condition,000.000 đồng đến 50.000,000.000,50.000,vnd,000 000 dong den 50 000
threshold_condition_article_152_clause_4_000_dong,crime_152,article_152,152,condition_article_152_clause_4,Condition,000 đồng,000,,vnd,000 dong
threshold_article_152_clause_4_000_000_dong_den_50_000,crime_152,article_152,152,article_152_clause_4,Clause,000.000 đồng đến 50.000,000.000,50.000,vnd,000 000 dong den 50 000
threshold_article_152_clause_4_000_dong,crime_152,article_152,152,article_152_clause_4,Clause,000 đồng,000,,vnd,000 dong
threshold_condition_article_153_clause_4_000_000_dong_den_50_000,crime_153,article_153,153,condition_article_153_clause_4,Condition,000.000 đồng đến 50.000,000.000,50.000,vnd,000 000 dong den 50 000
threshold_condition_article_153_clause_4_000_dong,crime_153,article_153,153,condition_article_153_clause_4,Condition,000 đồng,000,,vnd,000 dong
threshold_condition_article_153_clause_2_point_e_tu_31_den_60,crime_153,article_153,153,condition_article_153_clause_2_point_e,Condition,từ 31% đến 60%,31,60,percent,tu 31 den 60
threshold_condition_article_153_clause_3_point_c_61_tro_len,crime_153,article_153,153,condition_article_153_clause_3_point_c,Condition,61% trở lên,61,,percent,61 tro len
threshold_article_153_clause_2_tu_31_den_60,crime_153,article_153,153,article_153_clause_2,Clause,từ 31% đến 60%,31,60,percent,tu 31 den 60
threshold_article_153_clause_3_61_tro_len,crime_153,article_153,153,article_153_clause_3,Clause,61% trở lên,61,,percent,61 tro len
threshold_article_153_clause_4_000_000_dong_den_50_000,crime_153,article_153,153,article_153_clause_4,Clause,000.000 đồng đến 50.000,000.000,50.000,vnd,000 000 dong den 50 000
threshold_article_153_clause_4_000_dong,crime_153,article_153,153,article_153_clause_4,Clause,000 đồng,000,,vnd,000 dong
threshold_article_153_clause_2_point_e_tu_31_den_60,crime_153,article_153,153,article_153_clause_2_point_e,Point,từ 31% đến 60%,31,60,percent,tu 31 den 60
threshold_article_153_clause_3_point_c_61_tro_len,crime_153,article_153,153,article_153_clause_3_point_c,Point,61% trở lên,61,,percent,61 tro len
threshold_condition_article_154_clause_4_000_000_dong_den_100_000,crime_154,article_154,154,condition_article_154_clause_4,Condition,000.000 đồng đến 100.000,000.000,100.000,vnd,000 000 dong den 100 000
threshold_condition_article_154_clause_4_000_dong,crime_154,article_154,154,condition_article_154_clause_4,Condition,000 đồng,000,,vnd,000 dong
threshold_condition_article_154_clause_2_point_e_tu_31_den_60,crime_154,article_154,154,condition_article_154_clause_2_point_e,Condition,từ 31% đến 60%,31,60,percent,tu 31 den 60
threshold_condition_article_154_clause_3_point_b_61_tro_len,crime_154,article_154,154,condition_article_154_clause_3_point_b,Condition,61% trở lên,61,,percent,61 tro len
threshold_article_154_clause_2_tu_31_den_60,crime_154,article_154,154,article_154_clause_2,Clause,từ 31% đến 60%,31,60,percent,tu 31 den 60
threshold_article_154_clause_3_61_tro_len,crime_154,article_154,154,article_154_clause_3,Clause,61% trở lên,61,,percent,61 tro len
threshold_article_154_clause_4_000_000_dong_den_100_000,crime_154,article_154,154,article_154_clause_4,Clause,000.000 đồng đến 100.000,000.000,100.000,vnd,000 000 dong den 100 000
threshold_article_154_clause_4_000_dong,crime_154,article_154,154,article_154_clause_4,Clause,000 đồng,000,,vnd,000 dong
threshold_article_154_clause_2_point_e_tu_31_den_60,crime_154,article_154,154,article_154_clause_2_point_e,Point,từ 31% đến 60%,31,60,percent,tu 31 den 60
threshold_article_154_clause_3_point_b_61_tro_len,crime_154,article_154,154,article_154_clause_3_point_b,Point,61% trở lên,61,,percent,61 tro len
threshold_condition_article_155_clause_2_point_g_tu_31_den_60,crime_155,article_155,155,condition_article_155_clause_2_point_g,Condition,từ 31% đến 60%,31,60,percent,tu 31 den 60
threshold_condition_article_155_clause_3_point_a_61_tro_len,crime_155,article_155,155,condition_article_155_clause_3_point_a,Condition,61% trở lên,61,,percent,61 tro len
threshold_article_155_clause_1_000_000_dong_den_30_000,crime_155,article_155,155,article_155_clause_1,Clause,000.000 đồng đến 30.000,000.000,30.000,vnd,000 000 dong den 30 000
threshold_article_155_clause_1_000_dong,crime_155,article_155,155,article_155_clause_1,Clause,000 đồng,000,,vnd,000 dong
threshold_article_155_clause_2_tu_31_den_60,crime_155,article_155,155,article_155_clause_2,Clause,từ 31% đến 60%,31,60,percent,tu 31 den 60
threshold_article_155_clause_3_61_tro_len,crime_155,article_155,155,article_155_clause_3,Clause,61% trở lên,61,,percent,61 tro len
threshold_article_155_clause_2_point_g_tu_31_den_60,crime_155,article_155,155,article_155_clause_2_point_g,Point,từ 31% đến 60%,31,60,percent,tu 31 den 60
threshold_article_155_clause_3_point_a_61_tro_len,crime_155,article_155,155,article_155_clause_3_point_a,Point,61% trở lên,61,,percent,61 tro len
threshold_condition_article_156_clause_4_000_000_dong_den_50_000,crime_156,article_156,156,condition_article_156_clause_4,Condition,000.000 đồng đến 50.000,000.000,50.000,vnd,000 000 dong den 50 000
threshold_condition_article_156_clause_4_000_dong,crime_156,article_156,156,condition_article_156_clause_4,Condition,000 đồng,000,,vnd,000 dong
threshold_condition_article_156_clause_2_point_g_tu_31_den_60,crime_156,article_156,156,condition_article_156_clause_2_point_g,Condition,từ 31% đến 60%,31,60,percent,tu 31 den 60
threshold_condition_article_156_clause_3_point_b_61_tro_len,crime_156,article_156,156,condition_article_156_clause_3_point_b,Condition,61% trở lên,61,,percent,61 tro len
threshold_article_156_clause_1_000_000_dong_den_50_000,crime_156,article_156,156,article_156_clause_1,Clause,000.000 đồng đến 50.000,000.000,50.000,vnd,000 000 dong den 50 000
threshold_article_156_clause_1_000_dong,crime_156,article_156,156,article_156_clause_1,Clause,000 đồng,000,,vnd,000 dong
threshold_article_156_clause_2_tu_31_den_60,crime_156,article_156,156,article_156_clause_2,Clause,từ 31% đến 60%,31,60,percent,tu 31 den 60
threshold_article_156_clause_3_61_tro_len,crime_156,article_156,156,article_156_clause_3,Clause,61% trở lên,61,,percent,61 tro len
threshold_article_156_clause_4_000_000_dong_den_50_000,crime_156,article_156,156,article_156_clause_4,Clause,000.000 đồng đến 50.000,000.000,50.000,vnd,000 000 dong den 50 000
threshold_article_156_clause_4_000_dong,crime_156,article_156,156,article_156_clause_4,Clause,000 đồng,000,,vnd,000 dong
threshold_article_156_clause_2_point_g_tu_31_den_60,crime_156,article_156,156,article_156_clause_2_point_g,Point,từ 31% đến 60%,31,60,percent,tu 31 den 60
threshold_article_156_clause_3_point_b_61_tro_len,crime_156,article_156,156,article_156_clause_3_point_b,Point,61% trở lên,61,,percent,61 tro len
threshold_condition_article_157_clause_2_point_h_tu_31_den_60,crime_157,article_157,157,condition_article_157_clause_2_point_h,Condition,từ 31% đến 60%,31,60,percent,tu 31 den 60
threshold_condition_article_157_clause_3_point_c_61_tro_len,crime_157,article_157,157,condition_article_157_clause_3_point_c,Condition,61% trở lên,61,,percent,61 tro len
threshold_article_157_clause_2_tu_31_den_60,crime_157,article_157,157,article_157_clause_2,Clause,từ 31% đến 60%,31,60,percent,tu 31 den 60
threshold_article_157_clause_3_61_tro_len,crime_157,article_157,157,article_157_clause_3,Clause,61% trở lên,61,,percent,61 tro len
threshold_article_157_clause_2_point_h_tu_31_den_60,crime_157,article_157,157,article_157_clause_2_point_h,Point,từ 31% đến 60%,31,60,percent,tu 31 den 60
threshold_article_157_clause_3_point_c_61_tro_len,crime_157,article_157,157,article_157_clause_3_point_c,Point,61% trở lên,61,,percent,61 tro len
threshold_condition_article_159_clause_3_000_000_dong_den_20_000,crime_159,article_159,159,condition_article_159_clause_3,Condition,000.000 đồng đến 20.000,000.000,20.000,vnd,000 000 dong den 20 000
threshold_condition_article_159_clause_3_000_dong,crime_159,article_159,159,condition_article_159_clause_3,Condition,000 đồng,000,,vnd,000 dong
threshold_article_159_clause_1_000_000_dong_den_50_000,crime_159,article_159,159,article_159_clause_1,Clause,000.000 đồng đến 50.000,000.000,50.000,vnd,000 000 dong den 50 000
threshold_article_159_clause_1_000_dong,crime_159,article_159,159,article_159_clause_1,Clause,000 đồng,000,,vnd,000 dong
threshold_article_159_clause_3_000_000_dong_den_20_000,crime_159,article_159,159,article_159_clause_3,Clause,000.000 đồng đến 20.000,000.000,20.000,vnd,000 000 dong den 20 000
threshold_article_159_clause_3_000_dong,crime_159,article_159,159,article_159_clause_3,Clause,000 đồng,000,,vnd,000 dong
threshold_article_162_clause_1_000_000_dong_den_100_000,crime_162,article_162,162,article_162_clause_1,Clause,000.000 đồng đến 100.000,000.000,100.000,vnd,000 000 dong den 100 000
threshold_article_162_clause_1_000_dong,crime_162,article_162,162,article_162_clause_1,Clause,000 đồng,000,,vnd,000 dong
threshold_article_162_clause_2_000_000_dong_den_200_000,crime_162,article_162,162,article_162_clause_2,Clause,000.000 đồng đến 200.000,000.000,200.000,vnd,000 000 dong den 200 000
threshold_article_162_clause_2_000_dong,crime_162,article_162,162,article_162_clause_2,Clause,000 đồng,000,,vnd,000 dong
threshold_article_165_clause_1_000_000_dong_den_50_000,crime_165,article_165,165,article_165_clause_1,Clause,000.000 đồng đến 50.000,000.000,50.000,vnd,000 000 dong den 50 000
threshold_article_165_clause_1_000_dong,crime_165,article_165,165,article_165_clause_1,Clause,000 đồng,000,,vnd,000 dong
threshold_article_165_clause_2_000_000_dong_den_100_000,crime_165,article_165,165,article_165_clause_2,Clause,000.000 đồng đến 100.000,000.000,100.000,vnd,000 000 dong den 100 000
threshold_article_165_clause_2_000_dong,crime_165,article_165,165,article_165_clause_2,Clause,000 đồng,000,,vnd,000 dong
threshold_condition_article_168_clause_6_000_000_dong_den_100_000,crime_168,article_168,168,condition_article_168_clause_6,Condition,000.000 đồng đến 100.000,000.000,100.000,vnd,000 000 dong den 100 000
threshold_condition_article_168_clause_6_000_dong,crime_168,article_168,168,condition_article_168_clause_6,Condition,000 đồng,000,,vnd,000 dong
threshold_condition_article_168_clause_2_point_c_tu_11_den_30,crime_168,article_168,168,condition_article_168_clause_2_point_c,Condition,từ 11% đến 30%,11,30,percent,tu 11 den 30
threshold_condition_article_168_clause_2_point_d_000_000_dong_den,crime_168,article_168,168,condition_article_168_clause_2_point_d,Condition,000.000 đồng đến,000.000,,vnd,000 000 dong den
threshold_condition_article_168_clause_2_point_d_000_000_dong,crime_168,article_168,168,condition_article_168_clause_2_point_d,Condition,000.000 đồng,000.000,,vnd,000 000 dong
threshold_condition_article_168_clause_3_point_a_000_000_dong_den,crime_168,article_168,168,condition_article_168_clause_3_point_a,Condition,000.000 đồng đến,000.000,,vnd,000 000 dong den
threshold_condition_article_168_clause_3_point_a_000_000_dong,crime_168,article_168,168,condition_article_168_clause_3_point_a,Condition,000.000 đồng,000.000,,vnd,000 000 dong
threshold_condition_article_168_clause_3_point_b_tu_31_den_60,crime_168,article_168,168,condition_article_168_clause_3_point_b,Condition,từ 31% đến 60%,31,60,percent,tu 31 den 60
threshold_condition_article_168_clause_4_point_a_000_000_dong_tro_len,crime_168,article_168,168,condition_article_168_clause_4_point_a,Condition,000.000 đồng trở lên,000.000,,vnd,000 000 dong tro len
threshold_condition_article_168_clause_4_point_b_61_tro_len,crime_168,article_168,168,condition_article_168_clause_4_point_b,Condition,61% trở lên,61,,percent,61 tro len
threshold_condition_article_168_clause_4_point_b_31_tro_len,crime_168,article_168,168,condition_article_168_clause_4_point_b,Condition,31% trở lên,31,,percent,31 tro len
threshold_article_168_clause_2_000_000_dong_den,crime_168,article_168,168,article_168_clause_2,Clause,000.000 đồng đến,000.000,,vnd,000 000 dong den
threshold_article_168_clause_2_000_000_dong,crime_168,article_168,168,article_168_clause_2,Clause,000.000 đồng,000.000,,vnd,000 000 dong
threshold_article_168_clause_2_tu_11_den_30,crime_168,article_168,168,article_168_clause_2,Clause,từ 11% đến 30%,11,30,percent,tu 11 den 30
threshold_article_168_clause_3_000_000_dong_den,crime_168,article_168,168,article_168_clause_3,Clause,000.000 đồng đến,000.000,,vnd,000 000 dong den
threshold_article_168_clause_3_000_000_dong,crime_168,article_168,168,article_168_clause_3,Clause,000.000 đồng,000.000,,vnd,000 000 dong
threshold_article_168_clause_3_tu_31_den_60,crime_168,article_168,168,article_168_clause_3,Clause,từ 31% đến 60%,31,60,percent,tu 31 den 60
threshold_article_168_clause_4_000_000_dong_tro_len,crime_168,article_168,168,article_168_clause_4,Clause,000.000 đồng trở lên,000.000,,vnd,000 000 dong tro len
threshold_article_168_clause_4_61_tro_len,crime_168,article_168,168,article_168_clause_4,Clause,61% trở lên,61,,percent,61 tro len
threshold_article_168_clause_4_31_tro_len,crime_168,article_168,168,article_168_clause_4,Clause,31% trở lên,31,,percent,31 tro len
threshold_article_168_clause_6_000_000_dong_den_100_000,crime_168,article_168,168,article_168_clause_6,Clause,000.000 đồng đến 100.000,000.000,100.000,vnd,000 000 dong den 100 000
threshold_article_168_clause_6_000_dong,crime_168,article_168,168,article_168_clause_6,Clause,000 đồng,000,,vnd,000 dong
threshold_article_168_clause_2_point_c_tu_11_den_30,crime_168,article_168,168,article_168_clause_2_point_c,Point,từ 11% đến 30%,11,30,percent,tu 11 den 30
threshold_article_168_clause_2_point_d_000_000_dong_den,crime_168,article_168,168,article_168_clause_2_point_d,Point,000.000 đồng đến,000.000,,vnd,000 000 dong den
threshold_article_168_clause_2_point_d_000_000_dong,crime_168,article_168,168,article_168_clause_2_point_d,Point,000.000 đồng,000.000,,vnd,000 000 dong
threshold_article_168_clause_3_point_a_000_000_dong_den,crime_168,article_168,168,article_168_clause_3_point_a,Point,000.000 đồng đến,000.000,,vnd,000 000 dong den
threshold_article_168_clause_3_point_a_000_000_dong,crime_168,article_168,168,article_168_clause_3_point_a,Point,000.000 đồng,000.000,,vnd,000 000 dong
threshold_article_168_clause_3_point_b_tu_31_den_60,crime_168,article_168,168,article_168_clause_3_point_b,Point,từ 31% đến 60%,31,60,percent,tu 31 den 60
threshold_article_168_clause_4_point_a_000_000_dong_tro_len,crime_168,article_168,168,article_168_clause_4_point_a,Point,000.000 đồng trở lên,000.000,,vnd,000 000 dong tro len
threshold_article_168_clause_4_point_b_61_tro_len,crime_168,article_168,168,article_168_clause_4_point_b,Point,61% trở lên,61,,percent,61 tro len
threshold_article_168_clause_4_point_b_31_tro_len,crime_168,article_168,168,article_168_clause_4_point_b,Point,31% trở lên,31,,percent,31 tro len
threshold_condition_article_169_clause_6_000_000_dong_den_100_000,crime_169,article_169,169,condition_article_169_clause_6,Condition,000.000 đồng đến 100.000,000.000,100.000,vnd,000 000 dong den 100 000
threshold_condition_article_169_clause_6_000_dong,crime_169,article_169,169,condition_article_169_clause_6,Condition,000 đồng,000,,vnd,000 dong
threshold_condition_article_169_clause_2_point_e_000_000_dong_den,crime_169,article_169,169,condition_article_169_clause_2_point_e,Condition,000.000 đồng đến,000.000,,vnd,000 000 dong den
threshold_condition_article_169_clause_2_point_e_000_000_dong,crime_169,article_169,169,condition_article_169_clause_2_point_e,Condition,000.000 đồng,000.000,,vnd,000 000 dong
threshold_condition_article_169_clause_2_point_g_tu_11_den_30,crime_169,article_169,169,condition_article_169_clause_2_point_g,Condition,từ 11% đến 30%,11,30,percent,tu 11 den 30
threshold_condition_article_169_clause_3_point_a_000_000_dong_den,crime_169,article_169,169,condition_article_169_clause_3_point_a,Condition,000.000 đồng đến,000.000,,vnd,000 000 dong den
threshold_condition_article_169_clause_3_point_a_000_000_dong,crime_169,article_169,169,condition_article_169_clause_3_point_a,Condition,000.000 đồng,000.000,,vnd,000 000 dong
threshold_condition_article_169_clause_3_point_b_tu_31_den_60,crime_169,article_169,169,condition_article_169_clause_3_point_b,Condition,từ 31% đến 60%,31,60,percent,tu 31 den 60
threshold_condition_article_169_clause_4_point_a_000_000_dong_tro_len,crime_169,article_169,169,condition_article_169_clause_4_point_a,Condition,000.000 đồng trở lên,000.000,,vnd,000 000 dong tro len
threshold_condition_article_169_clause_4_point_c_61_tro_len,crime_169,article_169,169,condition_article_169_clause_4_point_c,Condition,61% trở lên,61,,percent,61 tro len
threshold_article_169_clause_2_000_000_dong_den,crime_169,article_169,169,article_169_clause_2,Clause,000.000 đồng đến,000.000,,vnd,000 000 dong den
threshold_article_169_clause_2_000_000_dong,crime_169,article_169,169,article_169_clause_2,Clause,000.000 đồng,000.000,,vnd,000 000 dong
threshold_article_169_clause_2_tu_11_den_30,crime_169,article_169,169,article_169_clause_2,Clause,từ 11% đến 30%,11,30,percent,tu 11 den 30
threshold_article_169_clause_3_000_000_dong_den,crime_169,article_169,169,article_169_clause_3,Clause,000.000 đồng đến,000.000,,vnd,000 000 dong den
threshold_article_169_clause_3_000_000_dong,crime_169,article_169,169,article_169_clause_3,Clause,000.000 đồng,000.000,,vnd,000 000 dong
threshold_article_169_clause_3_tu_31_den_60,crime_169,article_169,169,article_169_clause_3,Clause,từ 31% đến 60%,31,60,percent,tu 31 den 60
threshold_article_169_clause_4_000_000_dong_tro_len,crime_169,article_169,169,article_169_clause_4,Clause,000.000 đồng trở lên,000.000,,vnd,000 000 dong tro len
threshold_article_169_clause_4_61_tro_len,crime_169,article_169,169,article_169_clause_4,Clause,61% trở lên,61,,percent,61 tro len
threshold_article_169_clause_6_000_000_dong_den_100_000,crime_169,article_169,169,article_169_clause_6,Clause,000.000 đồng đến 100.000,000.000,100.000,vnd,000 000 dong den 100 000
threshold_article_169_clause_6_000_dong,crime_169,article_169,169,article_169_clause_6,Clause,000 đồng,000,,vnd,000 dong
threshold_article_169_clause_2_point_e_000_000_dong_den,crime_169,article_169,169,article_169_clause_2_point_e,Point,000.000 đồng đến,000.000,,vnd,000 000 dong den
threshold_article_169_clause_2_point_e_000_000_dong,crime_169,article_169,169,article_169_clause_2_point_e,Point,000.000 đồng,000.000,,vnd,000 000 dong
threshold_article_169_clause_2_point_g_tu_11_den_30,crime_169,article_169,169,article_169_clause_2_point_g,Point,từ 11% đến 30%,11,30,percent,tu 11 den 30
threshold_article_169_clause_3_point_a_000_000_dong_den,crime_169,article_169,169,article_169_clause_3_point_a,Point,000.000 đồng đến,000.000,,vnd,000 000 dong den
threshold_article_169_clause_3_point_a_000_000_dong,crime_169,article_169,169,article_169_clause_3_point_a,Point,000.000 đồng,000.000,,vnd,000 000 dong
threshold_article_169_clause_3_point_b_tu_31_den_60,crime_169,article_169,169,article_169_clause_3_point_b,Point,từ 31% đến 60%,31,60,percent,tu 31 den 60
threshold_article_169_clause_4_point_a_000_000_dong_tro_len,crime_169,article_169,169,article_169_clause_4_point_a,Point,000.000 đồng trở lên,000.000,,vnd,000 000 dong tro len
threshold_article_169_clause_4_point_c_61_tro_len,crime_169,article_169,169,article_169_clause_4_point_c,Point,61% trở lên,61,,percent,61 tro len
threshold_condition_article_170_clause_5_000_000_dong_den_100_000,crime_170,article_170,170,condition_article_170_clause_5,Condition,000.000 đồng đến 100.000,000.000,100.000,vnd,000 000 dong den 100 000
threshold_condition_article_170_clause_5_000_dong,crime_170,article_170,170,condition_article_170_clause_5,Condition,000 đồng,000,,vnd,000 dong
threshold_condition_article_170_clause_2_point_d_000_000_dong_den,crime_170,article_170,170,condition_article_170_clause_2_point_d,Condition,000.000 đồng đến,000.000,,vnd,000 000 dong den
threshold_condition_article_170_clause_2_point_d_000_000_dong,crime_170,article_170,170,condition_article_170_clause_2_point_d,Condition,000.000 đồng,000.000,,vnd,000 000 dong
threshold_condition_article_170_clause_3_point_a_000_000_dong_den,crime_170,article_170,170,condition_article_170_clause_3_point_a,Condition,000.000 đồng đến,000.000,,vnd,000 000 dong den
threshold_condition_article_170_clause_3_point_a_000_000_dong,crime_170,article_170,170,condition_article_170_clause_3_point_a,Condition,000.000 đồng,000.000,,vnd,000 000 dong
threshold_condition_article_170_clause_4_point_a_000_000_dong_tro_len,crime_170,article_170,170,condition_article_170_clause_4_point_a,Condition,000.000 đồng trở lên,000.000,,vnd,000 000 dong tro len
threshold_article_170_clause_2_000_000_dong_den,crime_170,article_170,170,article_170_clause_2,Clause,000.000 đồng đến,000.000,,vnd,000 000 dong den
threshold_article_170_clause_2_000_000_dong,crime_170,article_170,170,article_170_clause_2,Clause,000.000 đồng,000.000,,vnd,000 000 dong
threshold_article_170_clause_3_000_000_dong_den,crime_170,article_170,170,article_170_clause_3,Clause,000.000 đồng đến,000.000,,vnd,000 000 dong den
threshold_article_170_clause_3_000_000_dong,crime_170,article_170,170,article_170_clause_3,Clause,000.000 đồng,000.000,,vnd,000 000 dong
threshold_article_170_clause_4_000_000_dong_tro_len,crime_170,article_170,170,article_170_clause_4,Clause,000.000 đồng trở lên,000.000,,vnd,000 000 dong tro len
threshold_article_170_clause_5_000_000_dong_den_100_000,crime_170,article_170,170,article_170_clause_5,Clause,000.000 đồng đến 100.000,000.000,100.000,vnd,000 000 dong den 100 000
threshold_article_170_clause_5_000_dong,crime_170,article_170,170,article_170_clause_5,Clause,000 đồng,000,,vnd,000 dong
threshold_article_170_clause_2_point_d_000_000_dong_den,crime_170,article_170,170,article_170_clause_2_point_d,Point,000.000 đồng đến,000.000,,vnd,000 000 dong den
threshold_article_170_clause_2_point_d_000_000_dong,crime_170,article_170,170,article_170_clause_2_point_d,Point,000.000 đồng,000.000,,vnd,000 000 dong
threshold_article_170_clause_3_point_a_000_000_dong_den,crime_170,article_170,170,article_170_clause_3_point_a,Point,000.000 đồng đến,000.000,,vnd,000 000 dong den
threshold_article_170_clause_3_point_a_000_000_dong,crime_170,article_170,170,article_170_clause_3_point_a,Point,000.000 đồng,000.000,,vnd,000 000 dong
threshold_article_170_clause_4_point_a_000_000_dong_tro_len,crime_170,article_170,170,article_170_clause_4_point_a,Point,000.000 đồng trở lên,000.000,,vnd,000 000 dong tro len
threshold_condition_article_171_clause_5_000_000_dong_den_100_000,crime_171,article_171,171,condition_article_171_clause_5,Condition,000.000 đồng đến 100.000,000.000,100.000,vnd,000 000 dong den 100 000
threshold_condition_article_171_clause_5_000_dong,crime_171,article_171,171,condition_article_171_clause_5,Condition,000 đồng,000,,vnd,000 dong
threshold_condition_article_171_clause_2_point_c_000_000_dong_den,crime_171,article_171,171,condition_article_171_clause_2_point_c,Condition,000.000 đồng đến,000.000,,vnd,000 000 dong den
threshold_condition_article_171_clause_2_point_c_000_000_dong,crime_171,article_171,171,condition_article_171_clause_2_point_c,Condition,000.000 đồng,000.000,,vnd,000 000 dong
threshold_condition_article_171_clause_2_point_e_tu_11_den_30,crime_171,article_171,171,condition_article_171_clause_2_point_e,Condition,từ 11% đến 30%,11,30,percent,tu 11 den 30
threshold_condition_article_171_clause_3_point_a_000_000_dong_den,crime_171,article_171,171,condition_article_171_clause_3_point_a,Condition,000.000 đồng đến,000.000,,vnd,000 000 dong den
threshold_condition_article_171_clause_3_point_a_000_000_dong,crime_171,article_171,171,condition_article_171_clause_3_point_a,Condition,000.000 đồng,000.000,,vnd,000 000 dong
threshold_condition_article_171_clause_3_point_b_tu_31_den_60,crime_171,article_171,171,condition_article_171_clause_3_point_b,Condition,từ 31% đến 60%,31,60,percent,tu 31 den 60
threshold_condition_article_171_clause_4_point_a_000_000_dong_tro_len,crime_171,article_171,171,condition_article_171_clause_4_point_a,Condition,000.000 đồng trở lên,000.000,,vnd,000 000 dong tro len
threshold_condition_article_171_clause_4_point_b_61_tro_len,crime_171,article_171,171,condition_article_171_clause_4_point_b,Condition,61% trở lên,61,,percent,61 tro len
threshold_condition_article_171_clause_4_point_b_31_tro_len,crime_171,article_171,171,condition_article_171_clause_4_point_b,Condition,31% trở lên,31,,percent,31 tro len
threshold_article_171_clause_2_000_000_dong_den,crime_171,article_171,171,article_171_clause_2,Clause,000.000 đồng đến,000.000,,vnd,000 000 dong den
threshold_article_171_clause_2_000_000_dong,crime_171,article_171,171,article_171_clause_2,Clause,000.000 đồng,000.000,,vnd,000 000 dong
threshold_article_171_clause_2_tu_11_den_30,crime_171,article_171,171,article_171_clause_2,Clause,từ 11% đến 30%,11,30,percent,tu 11 den 30
threshold_article_171_clause_3_000_000_dong_den,crime_171,article_171,171,article_171_clause_3,Clause,000.000 đồng đến,000.000,,vnd,000 000 dong den
threshold_article_171_clause_3_000_000_dong,crime_171,article_171,171,article_171_clause_3,Clause,000.000 đồng,000.000,,vnd,000 000 dong
threshold_article_171_clause_3_tu_31_den_60,crime_171,article_171,171,article_171_clause_3,Clause,từ 31% đến 60%,31,60,percent,tu 31 den 60
threshold_article_171_clause_4_000_000_dong_tro_len,crime_171,article_171,171,article_171_clause_4,Clause,000.000 đồng trở lên,000.000,,vnd,000 000 dong tro len
threshold_article_171_clause_4_61_tro_len,crime_171,article_171,171,article_171_clause_4,Clause,61% trở lên,61,,percent,61 tro len
threshold_article_171_clause_4_31_tro_len,crime_171,article_171,171,article_171_clause_4,Clause,31% trở lên,31,,percent,31 tro len
threshold_article_171_clause_5_000_000_dong_den_100_000,crime_171,article_171,171,article_171_clause_5,Clause,000.000 đồng đến 100.000,000.000,100.000,vnd,000 000 dong den 100 000
threshold_article_171_clause_5_000_dong,crime_171,article_171,171,article_171_clause_5,Clause,000 đồng,000,,vnd,000 dong
threshold_article_171_clause_2_point_c_000_000_dong_den,crime_171,article_171,171,article_171_clause_2_point_c,Point,000.000 đồng đến,000.000,,vnd,000 000 dong den
threshold_article_171_clause_2_point_c_000_000_dong,crime_171,article_171,171,article_171_clause_2_point_c,Point,000.000 đồng,000.000,,vnd,000 000 dong
threshold_article_171_clause_2_point_e_tu_11_den_30,crime_171,article_171,171,article_171_clause_2_point_e,Point,từ 11% đến 30%,11,30,percent,tu 11 den 30
threshold_article_171_clause_3_point_a_000_000_dong_den,crime_171,article_171,171,article_171_clause_3_point_a,Point,000.000 đồng đến,000.000,,vnd,000 000 dong den
threshold_article_171_clause_3_point_a_000_000_dong,crime_171,article_171,171,article_171_clause_3_point_a,Point,000.000 đồng,000.000,,vnd,000 000 dong
threshold_article_171_clause_3_point_b_tu_31_den_60,crime_171,article_171,171,article_171_clause_3_point_b,Point,từ 31% đến 60%,31,60,percent,tu 31 den 60
threshold_article_171_clause_4_point_a_000_000_dong_tro_len,crime_171,article_171,171,article_171_clause_4_point_a,Point,000.000 đồng trở lên,000.000,,vnd,000 000 dong tro len
threshold_article_171_clause_4_point_b_61_tro_len,crime_171,article_171,171,article_171_clause_4_point_b,Point,61% trở lên,61,,percent,61 tro len
threshold_article_171_clause_4_point_b_31_tro_len,crime_171,article_171,171,article_171_clause_4_point_b,Point,31% trở lên,31,,percent,31 tro len
threshold_condition_article_172_clause_1_000_000_dong_den,crime_172,article_172,172,condition_article_172_clause_1,Condition,000.000 đồng đến,000.000,,vnd,000 000 dong den
threshold_condition_article_172_clause_1_000_000_dong,crime_172,article_172,172,condition_article_172_clause_1,Condition,000.000 đồng,000.000,,vnd,000 000 dong
threshold_condition_article_172_clause_5_000_000_dong_den_100_000,crime_172,article_172,172,condition_article_172_clause_5,Condition,000.000 đồng đến 100.000,000.000,100.000,vnd,000 000 dong den 100 000
threshold_condition_article_172_clause_5_000_dong,crime_172,article_172,172,condition_article_172_clause_5,Condition,000 đồng,000,,vnd,000 dong
threshold_condition_article_172_clause_2_point_a_000_000_dong_den,crime_172,article_172,172,condition_article_172_clause_2_point_a,Condition,000.000 đồng đến,000.000,,vnd,000 000 dong den
threshold_condition_article_172_clause_2_point_a_000_000_dong,crime_172,article_172,172,condition_article_172_clause_2_point_a,Condition,000.000 đồng,000.000,,vnd,000 000 dong
threshold_condition_article_172_clause_3_point_a_000_000_dong_den,crime_172,article_172,172,condition_article_172_clause_3_point_a,Condition,000.000 đồng đến,000.000,,vnd,000 000 dong den
threshold_condition_article_172_clause_3_point_a_000_000_dong,crime_172,article_172,172,condition_article_172_clause_3_point_a,Condition,000.000 đồng,000.000,,vnd,000 000 dong
threshold_condition_article_172_clause_4_point_a_000_000_dong_tro_len,crime_172,article_172,172,condition_article_172_clause_4_point_a,Condition,000.000 đồng trở lên,000.000,,vnd,000 000 dong tro len
threshold_article_172_clause_1_000_000_dong_den,crime_172,article_172,172,article_172_clause_1,Clause,000.000 đồng đến,000.000,,vnd,000 000 dong den
threshold_article_172_clause_1_000_000_dong,crime_172,article_172,172,article_172_clause_1,Clause,000.000 đồng,000.000,,vnd,000 000 dong
threshold_article_172_clause_2_000_000_dong_den,crime_172,article_172,172,article_172_clause_2,Clause,000.000 đồng đến,000.000,,vnd,000 000 dong den
threshold_article_172_clause_2_000_000_dong,crime_172,article_172,172,article_172_clause_2,Clause,000.000 đồng,000.000,,vnd,000 000 dong
threshold_article_172_clause_3_000_000_dong_den,crime_172,article_172,172,article_172_clause_3,Clause,000.000 đồng đến,000.000,,vnd,000 000 dong den
threshold_article_172_clause_3_000_000_dong,crime_172,article_172,172,article_172_clause_3,Clause,000.000 đồng,000.000,,vnd,000 000 dong
threshold_article_172_clause_4_000_000_dong_tro_len,crime_172,article_172,172,article_172_clause_4,Clause,000.000 đồng trở lên,000.000,,vnd,000 000 dong tro len
threshold_article_172_clause_5_000_000_dong_den_100_000,crime_172,article_172,172,article_172_clause_5,Clause,000.000 đồng đến 100.000,000.000,100.000,vnd,000 000 dong den 100 000
threshold_article_172_clause_5_000_dong,crime_172,article_172,172,article_172_clause_5,Clause,000 đồng,000,,vnd,000 dong
threshold_article_172_clause_2_point_a_000_000_dong_den,crime_172,article_172,172,article_172_clause_2_point_a,Point,000.000 đồng đến,000.000,,vnd,000 000 dong den
threshold_article_172_clause_2_point_a_000_000_dong,crime_172,article_172,172,article_172_clause_2_point_a,Point,000.000 đồng,000.000,,vnd,000 000 dong
threshold_article_172_clause_3_point_a_000_000_dong_den,crime_172,article_172,172,article_172_clause_3_point_a,Point,000.000 đồng đến,000.000,,vnd,000 000 dong den
threshold_article_172_clause_3_point_a_000_000_dong,crime_172,article_172,172,article_172_clause_3_point_a,Point,000.000 đồng,000.000,,vnd,000 000 dong
threshold_article_172_clause_4_point_a_000_000_dong_tro_len,crime_172,article_172,172,article_172_clause_4_point_a,Point,000.000 đồng trở lên,000.000,,vnd,000 000 dong tro len
threshold_condition_article_173_clause_1_000_000_dong_den,crime_173,article_173,173,condition_article_173_clause_1,Condition,000.000 đồng đến,000.000,,vnd,000 000 dong den
threshold_condition_article_173_clause_1_000_000_dong,crime_173,article_173,173,condition_article_173_clause_1,Condition,000.000 đồng,000.000,,vnd,000 000 dong
threshold_condition_article_173_clause_5_000_000_dong_den_50_000,crime_173,article_173,173,condition_article_173_clause_5,Condition,000.000 đồng đến 50.000,000.000,50.000,vnd,000 000 dong den 50 000
threshold_condition_article_173_clause_5_000_dong,crime_173,article_173,173,condition_article_173_clause_5,Condition,000 đồng,000,,vnd,000 dong
threshold_condition_article_173_clause_2_point_c_000_000_dong_den,crime_173,article_173,173,condition_article_173_clause_2_point_c,Condition,000.000 đồng đến,000.000,,vnd,000 000 dong den
threshold_condition_article_173_clause_2_point_c_000_000_dong,crime_173,article_173,173,condition_article_173_clause_2_point_c,Condition,000.000 đồng,000.000,,vnd,000 000 dong
threshold_condition_article_173_clause_3_point_a_000_000_dong_den,crime_173,article_173,173,condition_article_173_clause_3_point_a,Condition,000.000 đồng đến,000.000,,vnd,000 000 dong den
threshold_condition_article_173_clause_3_point_a_000_000_dong,crime_173,article_173,173,condition_article_173_clause_3_point_a,Condition,000.000 đồng,000.000,,vnd,000 000 dong
threshold_condition_article_173_clause_4_point_a_000_000_dong_tro_len,crime_173,article_173,173,condition_article_173_clause_4_point_a,Condition,000.000 đồng trở lên,000.000,,vnd,000 000 dong tro len
threshold_article_173_clause_1_000_000_dong_den,crime_173,article_173,173,article_173_clause_1,Clause,000.000 đồng đến,000.000,,vnd,000 000 dong den
threshold_article_173_clause_1_000_000_dong,crime_173,article_173,173,article_173_clause_1,Clause,000.000 đồng,000.000,,vnd,000 000 dong
threshold_article_173_clause_2_000_000_dong_den,crime_173,article_173,173,article_173_clause_2,Clause,000.000 đồng đến,000.000,,vnd,000 000 dong den
threshold_article_173_clause_2_000_000_dong,crime_173,article_173,173,article_173_clause_2,Clause,000.000 đồng,000.000,,vnd,000 000 dong
threshold_article_173_clause_3_000_000_dong_den,crime_173,article_173,173,article_173_clause_3,Clause,000.000 đồng đến,000.000,,vnd,000 000 dong den
threshold_article_173_clause_3_000_000_dong,crime_173,article_173,173,article_173_clause_3,Clause,000.000 đồng,000.000,,vnd,000 000 dong
threshold_article_173_clause_4_000_000_dong_tro_len,crime_173,article_173,173,article_173_clause_4,Clause,000.000 đồng trở lên,000.000,,vnd,000 000 dong tro len
threshold_article_173_clause_5_000_000_dong_den_50_000,crime_173,article_173,173,article_173_clause_5,Clause,000.000 đồng đến 50.000,000.000,50.000,vnd,000 000 dong den 50 000
threshold_article_173_clause_5_000_dong,crime_173,article_173,173,article_173_clause_5,Clause,000 đồng,000,,vnd,000 dong
threshold_article_173_clause_2_point_c_000_000_dong_den,crime_173,article_173,173,article_173_clause_2_point_c,Point,000.000 đồng đến,000.000,,vnd,000 000 dong den
threshold_article_173_clause_2_point_c_000_000_dong,crime_173,article_173,173,article_173_clause_2_point_c,Point,000.000 đồng,000.000,,vnd,000 000 dong
threshold_article_173_clause_3_point_a_000_000_dong_den,crime_173,article_173,173,article_173_clause_3_point_a,Point,000.000 đồng đến,000.000,,vnd,000 000 dong den
threshold_article_173_clause_3_point_a_000_000_dong,crime_173,article_173,173,article_173_clause_3_point_a,Point,000.000 đồng,000.000,,vnd,000 000 dong
threshold_article_173_clause_4_point_a_000_000_dong_tro_len,crime_173,article_173,173,article_173_clause_4_point_a,Point,000.000 đồng trở lên,000.000,,vnd,000 000 dong tro len
threshold_condition_article_174_clause_1_000_000_dong_den,crime_174,article_174,174,condition_article_174_clause_1,Condition,000.000 đồng đến,000.000,,vnd,000 000 dong den
threshold_condition_article_174_clause_1_000_000_dong,crime_174,article_174,174,condition_article_174_clause_1,Condition,000.000 đồng,000.000,,vnd,000 000 dong
threshold_condition_article_174_clause_5_000_000_dong_den_100_000,crime_174,article_174,174,condition_article_174_clause_5,Condition,000.000 đồng đến 100.000,000.000,100.000,vnd,000 000 dong den 100 000
threshold_condition_article_174_clause_5_000_dong,crime_174,article_174,174,condition_article_174_clause_5,Condition,000 đồng,000,,vnd,000 dong
threshold_condition_article_174_clause_2_point_c_000_000_dong_den,crime_174,article_174,174,condition_article_174_clause_2_point_c,Condition,000.000 đồng đến,000.000,,vnd,000 000 dong den
threshold_condition_article_174_clause_2_point_c_000_000_dong,crime_174,article_174,174,condition_article_174_clause_2_point_c,Condition,000.000 đồng,000.000,,vnd,000 000 dong
threshold_condition_article_174_clause_3_point_a_000_000_dong_den,crime_174,article_174,174,condition_article_174_clause_3_point_a,Condition,000.000 đồng đến,000.000,,vnd,000 000 dong den
threshold_condition_article_174_clause_3_point_a_000_000_dong,crime_174,article_174,174,condition_article_174_clause_3_point_a,Condition,000.000 đồng,000.000,,vnd,000 000 dong
threshold_condition_article_174_clause_4_point_a_000_000_dong_tro_len,crime_174,article_174,174,condition_article_174_clause_4_point_a,Condition,000.000 đồng trở lên,000.000,,vnd,000 000 dong tro len
threshold_article_174_clause_1_000_000_dong_den,crime_174,article_174,174,article_174_clause_1,Clause,000.000 đồng đến,000.000,,vnd,000 000 dong den
threshold_article_174_clause_1_000_000_dong,crime_174,article_174,174,article_174_clause_1,Clause,000.000 đồng,000.000,,vnd,000 000 dong
threshold_article_174_clause_2_000_000_dong_den,crime_174,article_174,174,article_174_clause_2,Clause,000.000 đồng đến,000.000,,vnd,000 000 dong den
threshold_article_174_clause_2_000_000_dong,crime_174,article_174,174,article_174_clause_2,Clause,000.000 đồng,000.000,,vnd,000 000 dong
threshold_article_174_clause_3_000_000_dong_den,crime_174,article_174,174,article_174_clause_3,Clause,000.000 đồng đến,000.000,,vnd,000 000 dong den
threshold_article_174_clause_3_000_000_dong,crime_174,article_174,174,article_174_clause_3,Clause,000.000 đồng,000.000,,vnd,000 000 dong
threshold_article_174_clause_4_000_000_dong_tro_len,crime_174,article_174,174,article_174_clause_4,Clause,000.000 đồng trở lên,000.000,,vnd,000 000 dong tro len
threshold_article_174_clause_5_000_000_dong_den_100_000,crime_174,article_174,174,article_174_clause_5,Clause,000.000 đồng đến 100.000,000.000,100.000,vnd,000 000 dong den 100 000
threshold_article_174_clause_5_000_dong,crime_174,article_174,174,article_174_clause_5,Clause,000 đồng,000,,vnd,000 dong
threshold_article_174_clause_2_point_c_000_000_dong_den,crime_174,article_174,174,article_174_clause_2_point_c,Point,000.000 đồng đến,000.000,,vnd,000 000 dong den
threshold_article_174_clause_2_point_c_000_000_dong,crime_174,article_174,174,article_174_clause_2_point_c,Point,000.000 đồng,000.000,,vnd,000 000 dong
threshold_article_174_clause_3_point_a_000_000_dong_den,crime_174,article_174,174,article_174_clause_3_point_a,Point,000.000 đồng đến,000.000,,vnd,000 000 dong den
threshold_article_174_clause_3_point_a_000_000_dong,crime_174,article_174,174,article_174_clause_3_point_a,Point,000.000 đồng,000.000,,vnd,000 000 dong
threshold_article_174_clause_4_point_a_000_000_dong_tro_len,crime_174,article_174,174,article_174_clause_4_point_a,Point,000.000 đồng trở lên,000.000,,vnd,000 000 dong tro len
threshold_condition_article_175_clause_1_000_000_dong_den,crime_175,article_175,175,condition_article_175_clause_1,Condition,000.000 đồng đến,000.000,,vnd,000 000 dong den
threshold_condition_article_175_clause_1_000_000_dong,crime_175,article_175,175,condition_article_175_clause_1,Condition,000.000 đồng,000.000,,vnd,000 000 dong
threshold_condition_article_175_clause_3_000_000_dong_den,crime_175,article_175,175,condition_article_175_clause_3,Condition,000.000 đồng đến,000.000,,vnd,000 000 dong den
threshold_condition_article_175_clause_3_000_000_dong,crime_175,article_175,175,condition_article_175_clause_3,Condition,000.000 đồng,000.000,,vnd,000 000 dong
threshold_condition_article_175_clause_4_000_000_dong_tro_len,crime_175,article_175,175,condition_article_175_clause_4,Condition,000.000 đồng trở lên,000.000,,vnd,000 000 dong tro len
threshold_condition_article_175_clause_5_000_000_dong_den_100_000,crime_175,article_175,175,condition_article_175_clause_5,Condition,000.000 đồng đến 100.000,000.000,100.000,vnd,000 000 dong den 100 000
threshold_condition_article_175_clause_5_000_dong,crime_175,article_175,175,condition_article_175_clause_5,Condition,000 đồng,000,,vnd,000 dong
threshold_condition_article_175_clause_2_point_c_000_000_dong_den,crime_175,article_175,175,condition_article_175_clause_2_point_c,Condition,000.000 đồng đến,000.000,,vnd,000 000 dong den
threshold_condition_article_175_clause_2_point_c_000_000_dong,crime_175,article_175,175,condition_article_175_clause_2_point_c,Condition,000.000 đồng,000.000,,vnd,000 000 dong
threshold_article_175_clause_1_000_000_dong_den,crime_175,article_175,175,article_175_clause_1,Clause,000.000 đồng đến,000.000,,vnd,000 000 dong den
threshold_article_175_clause_1_000_000_dong,crime_175,article_175,175,article_175_clause_1,Clause,000.000 đồng,000.000,,vnd,000 000 dong
threshold_article_175_clause_2_000_000_dong_den,crime_175,article_175,175,article_175_clause_2,Clause,000.000 đồng đến,000.000,,vnd,000 000 dong den
threshold_article_175_clause_2_000_000_dong,crime_175,article_175,175,article_175_clause_2,Clause,000.000 đồng,000.000,,vnd,000 000 dong
threshold_article_175_clause_3_000_000_dong_den,crime_175,article_175,175,article_175_clause_3,Clause,000.000 đồng đến,000.000,,vnd,000 000 dong den
threshold_article_175_clause_3_000_000_dong,crime_175,article_175,175,article_175_clause_3,Clause,000.000 đồng,000.000,,vnd,000 000 dong
threshold_article_175_clause_4_000_000_dong_tro_len,crime_175,article_175,175,article_175_clause_4,Clause,000.000 đồng trở lên,000.000,,vnd,000 000 dong tro len
threshold_article_175_clause_5_000_000_dong_den_100_000,crime_175,article_175,175,article_175_clause_5,Clause,000.000 đồng đến 100.000,000.000,100.000,vnd,000 000 dong den 100 000
threshold_article_175_clause_5_000_dong,crime_175,article_175,175,article_175_clause_5,Clause,000 đồng,000,,vnd,000 dong
threshold_article_175_clause_2_point_c_000_000_dong_den,crime_175,article_175,175,article_175_clause_2_point_c,Point,000.000 đồng đến,000.000,,vnd,000 000 dong den
threshold_article_175_clause_2_point_c_000_000_dong,crime_175,article_175,175,article_175_clause_2_point_c,Point,000.000 đồng,000.000,,vnd,000 000 dong
threshold_condition_article_176_clause_1_000_000_dong_den,crime_176,article_176,176,condition_article_176_clause_1,Condition,000.000 đồng đến,000.000,,vnd,000 000 dong den
threshold_condition_article_176_clause_1_000_000_dong,crime_176,article_176,176,condition_article_176_clause_1,Condition,000.000 đồng,000.000,,vnd,000 000 dong
threshold_condition_article_176_clause_2_000_000_dong_tro_len,crime_176,article_176,176,condition_article_176_clause_2,Condition,000.000 đồng trở lên,000.000,,vnd,000 000 dong tro len
threshold_article_176_clause_1_000_000_dong_den,crime_176,article_176,176,article_176_clause_1,Clause,000.000 đồng đến,000.000,,vnd,000 000 dong den
threshold_article_176_clause_1_000_000_dong,crime_176,article_176,176,article_176_clause_1,Clause,000.000 đồng,000.000,,vnd,000 000 dong
threshold_article_176_clause_1_000_000_dong_den_50_000,crime_176,article_176,176,article_176_clause_1,Clause,000.000 đồng đến 50.000,000.000,50.000,vnd,000 000 dong den 50 000
threshold_article_176_clause_1_000_dong,crime_176,article_176,176,article_176_clause_1,Clause,000 đồng,000,,vnd,000 dong
threshold_article_176_clause_2_000_000_dong_tro_len,crime_176,article_176,176,article_176_clause_2,Clause,000.000 đồng trở lên,000.000,,vnd,000 000 dong tro len
threshold_condition_article_177_clause_1_000_000_dong_den,crime_177,article_177,177,condition_article_177_clause_1,Condition,000.000 đồng đến,000.000,,vnd,000 000 dong den
threshold_condition_article_177_clause_1_000_000_dong,crime_177,article_177,177,condition_article_177_clause_1,Condition,000.000 đồng,000.000,,vnd,000 000 dong
threshold_condition_article_177_clause_3_000_000_dong_tro_len,crime_177,article_177,177,condition_article_177_clause_3,Condition,000.000 đồng trở lên,000.000,,vnd,000 000 dong tro len
threshold_condition_article_177_clause_4_000_000_dong_den_20_000,crime_177,article_177,177,condition_article_177_clause_4,Condition,000.000 đồng đến 20.000,000.000,20.000,vnd,000 000 dong den 20 000
threshold_condition_article_177_clause_4_000_dong,crime_177,article_177,177,condition_article_177_clause_4,Condition,000 đồng,000,,vnd,000 dong
threshold_condition_article_177_clause_2_point_a_000_000_dong_den,crime_177,article_177,177,condition_article_177_clause_2_point_a,Condition,000.000 đồng đến,000.000,,vnd,000 000 dong den
threshold_condition_article_177_clause_2_point_a_000_000_dong,crime_177,article_177,177,condition_article_177_clause_2_point_a,Condition,000.000 đồng,000.000,,vnd,000 000 dong
threshold_article_177_clause_1_000_000_dong_den,crime_177,article_177,177,article_177_clause_1,Clause,000.000 đồng đến,000.000,,vnd,000 000 dong den
threshold_article_177_clause_1_000_000_dong,crime_177,article_177,177,article_177_clause_1,Clause,000.000 đồng,000.000,,vnd,000 000 dong
threshold_article_177_clause_1_000_000_dong_den_50_000,crime_177,article_177,177,article_177_clause_1,Clause,000.000 đồng đến 50.000,000.000,50.000,vnd,000 000 dong den 50 000
threshold_article_177_clause_1_000_dong,crime_177,article_177,177,article_177_clause_1,Clause,000 đồng,000,,vnd,000 dong
threshold_article_177_clause_2_000_000_dong_den_100_000,crime_177,article_177,177,article_177_clause_2,Clause,000.000 đồng đến 100.000,000.000,100.000,vnd,000 000 dong den 100 000
threshold_article_177_clause_2_000_dong,crime_177,article_177,177,article_177_clause_2,Clause,000 đồng,000,,vnd,000 dong
threshold_article_177_clause_2_000_000_dong_den,crime_177,article_177,177,article_177_clause_2,Clause,000.000 đồng đến,000.000,,vnd,000 000 dong den
threshold_article_177_clause_2_000_000_dong,crime_177,article_177,177,article_177_clause_2,Clause,000.000 đồng,000.000,,vnd,000 000 dong
threshold_article_177_clause_3_000_000_dong_tro_len,crime_177,article_177,177,article_177_clause_3,Clause,000.000 đồng trở lên,000.000,,vnd,000 000 dong tro len
threshold_article_177_clause_4_000_000_dong_den_20_000,crime_177,article_177,177,article_177_clause_4,Clause,000.000 đồng đến 20.000,000.000,20.000,vnd,000 000 dong den 20 000
threshold_article_177_clause_4_000_dong,crime_177,article_177,177,article_177_clause_4,Clause,000 đồng,000,,vnd,000 dong
threshold_article_177_clause_2_point_a_000_000_dong_den,crime_177,article_177,177,article_177_clause_2_point_a,Point,000.000 đồng đến,000.000,,vnd,000 000 dong den
threshold_article_177_clause_2_point_a_000_000_dong,crime_177,article_177,177,article_177_clause_2_point_a,Point,000.000 đồng,000.000,,vnd,000 000 dong
threshold_condition_article_178_clause_1_000_000_dong_den,crime_178,article_178,178,condition_article_178_clause_1,Condition,000.000 đồng đến,000.000,,vnd,000 000 dong den
threshold_condition_article_178_clause_1_000_000_dong,crime_178,article_178,178,condition_article_178_clause_1,Condition,000.000 đồng,000.000,,vnd,000 000 dong
threshold_condition_article_178_clause_3_000_000_dong_den,crime_178,article_178,178,condition_article_178_clause_3,Condition,000.000 đồng đến,000.000,,vnd,000 000 dong den
threshold_condition_article_178_clause_3_000_000_dong,crime_178,article_178,178,condition_article_178_clause_3,Condition,000.000 đồng,000.000,,vnd,000 000 dong
threshold_condition_article_178_clause_4_000_000_dong_tro_len,crime_178,article_178,178,condition_article_178_clause_4,Condition,000.000 đồng trở lên,000.000,,vnd,000 000 dong tro len
threshold_condition_article_178_clause_5_000_000_dong_den_100_000,crime_178,article_178,178,condition_article_178_clause_5,Condition,000.000 đồng đến 100.000,000.000,100.000,vnd,000 000 dong den 100 000
threshold_condition_article_178_clause_5_000_dong,crime_178,article_178,178,condition_article_178_clause_5,Condition,000 đồng,000,,vnd,000 dong
threshold_condition_article_178_clause_2_point_b_000_000_dong_den,crime_178,article_178,178,condition_article_178_clause_2_point_b,Condition,000.000 đồng đến,000.000,,vnd,000 000 dong den
threshold_condition_article_178_clause_2_point_b_000_000_dong,crime_178,article_178,178,condition_article_178_clause_2_point_b,Condition,000.000 đồng,000.000,,vnd,000 000 dong
threshold_article_178_clause_1_000_000_dong_den,crime_178,article_178,178,article_178_clause_1,Clause,000.000 đồng đến,000.000,,vnd,000 000 dong den
threshold_article_178_clause_1_000_000_dong,crime_178,article_178,178,article_178_clause_1,Clause,000.000 đồng,000.000,,vnd,000 000 dong
threshold_article_178_clause_1_000_000_dong_den_50_000,crime_178,article_178,178,article_178_clause_1,Clause,000.000 đồng đến 50.000,000.000,50.000,vnd,000 000 dong den 50 000
threshold_article_178_clause_1_000_dong,crime_178,article_178,178,article_178_clause_1,Clause,000 đồng,000,,vnd,000 dong
threshold_article_178_clause_2_000_000_dong_den,crime_178,article_178,178,article_178_clause_2,Clause,000.000 đồng đến,000.000,,vnd,000 000 dong den
threshold_article_178_clause_2_000_000_dong,crime_178,article_178,178,article_178_clause_2,Clause,000.000 đồng,000.000,,vnd,000 000 dong
threshold_article_178_clause_3_000_000_dong_den,crime_178,article_178,178,article_178_clause_3,Clause,000.000 đồng đến,000.000,,vnd,000 000 dong den
threshold_article_178_clause_3_000_000_dong,crime_178,article_178,178,article_178_clause_3,Clause,000.000 đồng,000.000,,vnd,000 000 dong
threshold_article_178_clause_4_000_000_dong_tro_len,crime_178,article_178,178,article_178_clause_4,Clause,000.000 đồng trở lên,000.000,,vnd,000 000 dong tro len
threshold_article_178_clause_5_000_000_dong_den_100_000,crime_178,article_178,178,article_178_clause_5,Clause,000.000 đồng đến 100.000,000.000,100.000,vnd,000 000 dong den 100 000
threshold_article_178_clause_5_000_dong,crime_178,article_178,178,article_178_clause_5,Clause,000 đồng,000,,vnd,000 dong
threshold_article_178_clause_2_point_b_000_000_dong_den,crime_178,article_178,178,article_178_clause_2_point_b,Point,000.000 đồng đến,000.000,,vnd,000 000 dong den
threshold_article_178_clause_2_point_b_000_000_dong,crime_178,article_178,178,article_178_clause_2_point_b,Point,000.000 đồng,000.000,,vnd,000 000 dong
threshold_condition_article_179_clause_1_000_000_dong_den,crime_179,article_179,179,condition_article_179_clause_1,Condition,000.000 đồng đến,000.000,,vnd,000 000 dong den
threshold_condition_article_179_clause_1_000_000_dong,crime_179,article_179,179,condition_article_179_clause_1,Condition,000.000 đồng,000.000,,vnd,000 000 dong
threshold_condition_article_179_clause_2_000_000_dong_den,crime_179,article_179,179,condition_article_179_clause_2,Condition,000.000 đồng đến,000.000,,vnd,000 000 dong den
threshold_condition_article_179_clause_2_000_000_dong,crime_179,article_179,179,condition_article_179_clause_2,Condition,000.000 đồng,000.000,,vnd,000 000 dong
threshold_condition_article_179_clause_3_000_000_dong_tro_len,crime_179,article_179,179,condition_article_179_clause_3,Condition,000.000 đồng trở lên,000.000,,vnd,000 000 dong tro len
threshold_article_179_clause_1_000_000_dong_den,crime_179,article_179,179,article_179_clause_1,Clause,000.000 đồng đến,000.000,,vnd,000 000 dong den
threshold_article_179_clause_1_000_000_dong,crime_179,article_179,179,article_179_clause_1,Clause,000.000 đồng,000.000,,vnd,000 000 dong
threshold_article_179_clause_2_000_000_dong_den,crime_179,article_179,179,article_179_clause_2,Clause,000.000 đồng đến,000.000,,vnd,000 000 dong den
threshold_article_179_clause_2_000_000_dong,crime_179,article_179,179,article_179_clause_2,Clause,000.000 đồng,000.000,,vnd,000 000 dong
threshold_article_179_clause_3_000_000_dong_tro_len,crime_179,article_179,179,article_179_clause_3,Clause,000.000 đồng trở lên,000.000,,vnd,000 000 dong tro len
threshold_condition_article_180_clause_1_000_000_dong_den,crime_180,article_180,180,condition_article_180_clause_1,Condition,000.000 đồng đến,000.000,,vnd,000 000 dong den
threshold_condition_article_180_clause_1_000_000_dong,crime_180,article_180,180,condition_article_180_clause_1,Condition,000.000 đồng,000.000,,vnd,000 000 dong
threshold_condition_article_180_clause_2_000_000_dong_tro_len,crime_180,article_180,180,condition_article_180_clause_2,Condition,000.000 đồng trở lên,000.000,,vnd,000 000 dong tro len
threshold_article_180_clause_1_000_000_dong_den,crime_180,article_180,180,article_180_clause_1,Clause,000.000 đồng đến,000.000,,vnd,000 000 dong den
threshold_article_180_clause_1_000_000_dong,crime_180,article_180,180,article_180_clause_1,Clause,000.000 đồng,000.000,,vnd,000 000 dong
threshold_article_180_clause_2_000_000_dong_tro_len,crime_180,article_180,180,article_180_clause_2,Clause,000.000 đồng trở lên,000.000,,vnd,000 000 dong tro len
threshold_article_183_clause_0_000_000_dong_den_30_000,crime_183,article_183,183,article_183_clause_0,Clause,000.000 đồng đến 30.000,000.000,30.000,vnd,000 000 dong den 30 000
threshold_article_183_clause_0_000_dong,crime_183,article_183,183,article_183_clause_0,Clause,000 đồng,000,,vnd,000 dong
threshold_condition_article_187_clause_3_000_000_dong_den_50_000,crime_187,article_187,187,condition_article_187_clause_3,Condition,000.000 đồng đến 50.000,000.000,50.000,vnd,000 000 dong den 50 000
threshold_condition_article_187_clause_3_000_dong,crime_187,article_187,187,condition_article_187_clause_3,Condition,000 đồng,000,,vnd,000 dong
threshold_article_187_clause_1_000_000_dong_den_200_000,crime_187,article_187,187,article_187_clause_1,Clause,000.000 đồng đến 200.000,000.000,200.000,vnd,000 000 dong den 200 000
threshold_article_187_clause_1_000_dong,crime_187,article_187,187,article_187_clause_1,Clause,000 đồng,000,,vnd,000 dong
threshold_article_187_clause_3_000_000_dong_den_50_000,crime_187,article_187,187,article_187_clause_3,Clause,000.000 đồng đến 50.000,000.000,50.000,vnd,000 000 dong den 50 000
threshold_article_187_clause_3_000_dong,crime_187,article_187,187,article_187_clause_3,Clause,000 đồng,000,,vnd,000 dong
threshold_condition_article_188_clause_1_000_000_dong_den,crime_188,article_188,188,condition_article_188_clause_1,Condition,000.000 đồng đến,000.000,,vnd,000 000 dong den
threshold_condition_article_188_clause_1_000_000_dong,crime_188,article_188,188,condition_article_188_clause_1,Condition,000.000 đồng,000.000,,vnd,000 000 dong
threshold_condition_article_188_clause_5_000_000_dong_den_100_000,crime_188,article_188,188,condition_article_188_clause_5,Condition,000.000 đồng đến 100.000,000.000,100.000,vnd,000 000 dong den 100 000
threshold_condition_article_188_clause_5_000_dong,crime_188,article_188,188,condition_article_188_clause_5,Condition,000 đồng,000,,vnd,000 dong
threshold_condition_article_188_clause_2_point_c_000_000_dong_den,crime_188,article_188,188,condition_article_188_clause_2_point_c,Condition,000.000 đồng đến,000.000,,vnd,000 000 dong den
threshold_condition_article_188_clause_2_point_c_000_000_dong,crime_188,article_188,188,condition_article_188_clause_2_point_c,Condition,000.000 đồng,000.000,,vnd,000 000 dong
threshold_condition_article_188_clause_2_point_d_000_000_dong_den,crime_188,article_188,188,condition_article_188_clause_2_point_d,Condition,000.000 đồng đến,000.000,,vnd,000 000 dong den
threshold_condition_article_188_clause_2_point_d_000_000_dong,crime_188,article_188,188,condition_article_188_clause_2_point_d,Condition,000.000 đồng,000.000,,vnd,000 000 dong
threshold_condition_article_188_clause_3_point_a_000_000_dong_den,crime_188,article_188,188,condition_article_188_clause_3_point_a,Condition,000.000 đồng đến,000.000,,vnd,000 000 dong den
threshold_condition_article_188_clause_3_point_a_000_000_dong,crime_188,article_188,188,condition_article_188_clause_3_point_a,Condition,000.000 đồng,000.000,,vnd,000 000 dong
threshold_condition_article_188_clause_3_point_b_000_000_dong_den,crime_188,article_188,188,condition_article_188_clause_3_point_b,Condition,000.000 đồng đến,000.000,,vnd,000 000 dong den
threshold_condition_article_188_clause_3_point_b_000_000_dong,crime_188,article_188,188,condition_article_188_clause_3_point_b,Condition,000.000 đồng,000.000,,vnd,000 000 dong
threshold_condition_article_188_clause_4_point_a_000_000_dong_tro_len,crime_188,article_188,188,condition_article_188_clause_4_point_a,Condition,000.000 đồng trở lên,000.000,,vnd,000 000 dong tro len
threshold_condition_article_188_clause_4_point_b_000_000_dong_tro_len,crime_188,article_188,188,condition_article_188_clause_4_point_b,Condition,000.000 đồng trở lên,000.000,,vnd,000 000 dong tro len
threshold_condition_article_188_clause_6_point_a_000_000_dong_den,crime_188,article_188,188,condition_article_188_clause_6_point_a,Condition,000.000 đồng đến,000.000,,vnd,000 000 dong den
threshold_condition_article_188_clause_6_point_a_000_000_dong,crime_188,article_188,188,condition_article_188_clause_6_point_a,Condition,000.000 đồng,000.000,,vnd,000 000 dong
threshold_condition_article_188_clause_6_point_e_000_000_dong_den_300_000,crime_188,article_188,188,condition_article_188_clause_6_point_e,Condition,000.000 đồng đến 300.000,000.000,300.000,vnd,000 000 dong den 300 000
threshold_condition_article_188_clause_6_point_e_000_dong,crime_188,article_188,188,condition_article_188_clause_6_point_e,Condition,000 đồng,000,,vnd,000 dong
threshold_article_188_clause_1_000_000_dong_den,crime_188,article_188,188,article_188_clause_1,Clause,000.000 đồng đến,000.000,,vnd,000 000 dong den
threshold_article_188_clause_1_000_000_dong,crime_188,article_188,188,article_188_clause_1,Clause,000.000 đồng,000.000,,vnd,000 000 dong
threshold_article_188_clause_1_000_000_dong_den_300_000,crime_188,article_188,188,article_188_clause_1,Clause,000.000 đồng đến 300.000,000.000,300.000,vnd,000 000 dong den 300 000
threshold_article_188_clause_1_000_dong,crime_188,article_188,188,article_188_clause_1,Clause,000 đồng,000,,vnd,000 dong
threshold_article_188_clause_2_000_000_dong_den_1_500,crime_188,article_188,188,article_188_clause_2,Clause,000.000 đồng đến 1.500,000.000,1.500,vnd,000 000 dong den 1 500
threshold_article_188_clause_2_000_000_dong,crime_188,article_188,188,article_188_clause_2,Clause,000.000 đồng,000.000,,vnd,000 000 dong
threshold_article_188_clause_2_000_000_dong_den,crime_188,article_188,188,article_188_clause_2,Clause,000.000 đồng đến,000.000,,vnd,000 000 dong den
threshold_article_188_clause_3_000_000_dong_den_5_000,crime_188,article_188,188,article_188_clause_3,Clause,000.000 đồng đến 5.000,000.000,5.000,vnd,000 000 dong den 5 000
threshold_article_188_clause_3_000_000_dong,crime_188,article_188,188,article_188_clause_3,Clause,000.000 đồng,000.000,,vnd,000 000 dong
threshold_article_188_clause_3_000_000_dong_den,crime_188,article_188,188,article_188_clause_3,Clause,000.000 đồng đến,000.000,,vnd,000 000 dong den
threshold_article_188_clause_4_000_000_dong_tro_len,crime_188,article_188,188,article_188_clause_4,Clause,000.000 đồng trở lên,000.000,,vnd,000 000 dong tro len
threshold_article_188_clause_5_000_000_dong_den_100_000,crime_188,article_188,188,article_188_clause_5,Clause,000.000 đồng đến 100.000,000.000,100.000,vnd,000 000 dong den 100 000
threshold_article_188_clause_5_000_dong,crime_188,article_188,188,article_188_clause_5,Clause,000 đồng,000,,vnd,000 dong
threshold_article_188_clause_6_000_000_dong_den,crime_188,article_188,188,article_188_clause_6,Clause,000.000 đồng đến,000.000,,vnd,000 000 dong den
threshold_article_188_clause_6_000_000_dong,crime_188,article_188,188,article_188_clause_6,Clause,000.000 đồng,000.000,,vnd,000 000 dong
threshold_article_188_clause_6_000_000_dong_den_1_000,crime_188,article_188,188,article_188_clause_6,Clause,000.000 đồng đến 1.000,000.000,1.000,vnd,000 000 dong den 1 000
threshold_article_188_clause_6_000_000_dong_den_3_000,crime_188,article_188,188,article_188_clause_6,Clause,000.000 đồng đến 3.000,000.000,3.000,vnd,000 000 dong den 3 000
threshold_article_188_clause_6_000_000_dong_den_7_000,crime_188,article_188,188,article_188_clause_6,Clause,000.000 đồng đến 7.000,000.000,7.000,vnd,000 000 dong den 7 000
threshold_article_188_clause_6_000_000_dong_den_15_000,crime_188,article_188,188,article_188_clause_6,Clause,000.000 đồng đến 15.000,000.000,15.000,vnd,000 000 dong den 15 000
threshold_article_188_clause_6_000_000_dong_den_300_000,crime_188,article_188,188,article_188_clause_6,Clause,000.000 đồng đến 300.000,000.000,300.000,vnd,000 000 dong den 300 000
threshold_article_188_clause_6_000_dong,crime_188,article_188,188,article_188_clause_6,Clause,000 đồng,000,,vnd,000 dong
threshold_article_188_clause_2_point_c_000_000_dong_den,crime_188,article_188,188,article_188_clause_2_point_c,Point,000.000 đồng đến,000.000,,vnd,000 000 dong den
threshold_article_188_clause_2_point_c_000_000_dong,crime_188,article_188,188,article_188_clause_2_point_c,Point,000.000 đồng,000.000,,vnd,000 000 dong
threshold_article_188_clause_2_point_d_000_000_dong_den,crime_188,article_188,188,article_188_clause_2_point_d,Point,000.000 đồng đến,000.000,,vnd,000 000 dong den
threshold_article_188_clause_2_point_d_000_000_dong,crime_188,article_188,188,article_188_clause_2_point_d,Point,000.000 đồng,000.000,,vnd,000 000 dong
threshold_article_188_clause_3_point_a_000_000_dong_den,crime_188,article_188,188,article_188_clause_3_point_a,Point,000.000 đồng đến,000.000,,vnd,000 000 dong den
threshold_article_188_clause_3_point_a_000_000_dong,crime_188,article_188,188,article_188_clause_3_point_a,Point,000.000 đồng,000.000,,vnd,000 000 dong
threshold_article_188_clause_3_point_b_000_000_dong_den,crime_188,article_188,188,article_188_clause_3_point_b,Point,000.000 đồng đến,000.000,,vnd,000 000 dong den
threshold_article_188_clause_3_point_b_000_000_dong,crime_188,article_188,188,article_188_clause_3_point_b,Point,000.000 đồng,000.000,,vnd,000 000 dong
threshold_article_188_clause_4_point_a_000_000_dong_tro_len,crime_188,article_188,188,article_188_clause_4_point_a,Point,000.000 đồng trở lên,000.000,,vnd,000 000 dong tro len
threshold_article_188_clause_4_point_b_000_000_dong_tro_len,crime_188,article_188,188,article_188_clause_4_point_b,Point,000.000 đồng trở lên,000.000,,vnd,000 000 dong tro len
threshold_article_188_clause_6_point_a_000_000_dong_den,crime_188,article_188,188,article_188_clause_6_point_a,Point,000.000 đồng đến,000.000,,vnd,000 000 dong den
threshold_article_188_clause_6_point_a_000_000_dong,crime_188,article_188,188,article_188_clause_6_point_a,Point,000.000 đồng,000.000,,vnd,000 000 dong
threshold_article_188_clause_6_point_a_000_000_dong_den_1_000,crime_188,article_188,188,article_188_clause_6_point_a,Point,000.000 đồng đến 1.000,000.000,1.000,vnd,000 000 dong den 1 000
threshold_article_188_clause_6_point_b_000_000_dong_den_3_000,crime_188,article_188,188,article_188_clause_6_point_b,Point,000.000 đồng đến 3.000,000.000,3.000,vnd,000 000 dong den 3 000
threshold_article_188_clause_6_point_b_000_000_dong,crime_188,article_188,188,article_188_clause_6_point_b,Point,000.000 đồng,000.000,,vnd,000 000 dong
threshold_article_188_clause_6_point_c_000_000_dong_den_7_000,crime_188,article_188,188,article_188_clause_6_point_c,Point,000.000 đồng đến 7.000,000.000,7.000,vnd,000 000 dong den 7 000
threshold_article_188_clause_6_point_c_000_000_dong,crime_188,article_188,188,article_188_clause_6_point_c,Point,000.000 đồng,000.000,,vnd,000 000 dong
threshold_article_188_clause_6_point_d_000_000_dong_den_15_000,crime_188,article_188,188,article_188_clause_6_point_d,Point,000.000 đồng đến 15.000,000.000,15.000,vnd,000 000 dong den 15 000
threshold_article_188_clause_6_point_d_000_000_dong,crime_188,article_188,188,article_188_clause_6_point_d,Point,000.000 đồng,000.000,,vnd,000 000 dong
threshold_article_188_clause_6_point_e_000_000_dong_den_300_000,crime_188,article_188,188,article_188_clause_6_point_e,Point,000.000 đồng đến 300.000,000.000,300.000,vnd,000 000 dong den 300 000
threshold_article_188_clause_6_point_e_000_dong,crime_188,article_188,188,article_188_clause_6_point_e,Point,000 đồng,000,,vnd,000 dong
threshold_condition_article_189_clause_1_000_000_dong_den,crime_189,article_189,189,condition_article_189_clause_1,Condition,000.000 đồng đến,000.000,,vnd,000 000 dong den
threshold_condition_article_189_clause_1_000_000_dong,crime_189,article_189,189,condition_article_189_clause_1,Condition,000.000 đồng,000.000,,vnd,000 000 dong
threshold_condition_article_189_clause_3_000_000_dong_tro_len,crime_189,article_189,189,condition_article_189_clause_3,Condition,000.000 đồng trở lên,000.000,,vnd,000 000 dong tro len
threshold_condition_article_189_clause_4_000_000_dong_den_50_000,crime_189,article_189,189,condition_article_189_clause_4,Condition,000.000 đồng đến 50.000,000.000,50.000,vnd,000 000 dong den 50 000
threshold_condition_article_189_clause_4_000_dong,crime_189,article_189,189,condition_article_189_clause_4,Condition,000 đồng,000,,vnd,000 dong
threshold_condition_article_189_clause_2_point_b_000_000_dong_den,crime_189,article_189,189,condition_article_189_clause_2_point_b,Condition,000.000 đồng đến,000.000,,vnd,000 000 dong den
threshold_condition_article_189_clause_2_point_b_000_000_dong,crime_189,article_189,189,condition_article_189_clause_2_point_b,Condition,000.000 đồng,000.000,,vnd,000 000 dong
threshold_condition_article_189_clause_5_point_a_000_000_dong_den,crime_189,article_189,189,condition_article_189_clause_5_point_a,Condition,000.000 đồng đến,000.000,,vnd,000 000 dong den
threshold_condition_article_189_clause_5_point_a_000_000_dong,crime_189,article_189,189,condition_article_189_clause_5_point_a,Condition,000.000 đồng,000.000,,vnd,000 000 dong
threshold_condition_article_189_clause_5_point_d_000_000_dong_den_200_000,crime_189,article_189,189,condition_article_189_clause_5_point_d,Condition,000.000 đồng đến 200.000,000.000,200.000,vnd,000 000 dong den 200 000
threshold_condition_article_189_clause_5_point_d_000_dong,crime_189,article_189,189,condition_article_189_clause_5_point_d,Condition,000 đồng,000,,vnd,000 dong
threshold_article_189_clause_1_000_000_dong_den,crime_189,article_189,189,article_189_clause_1,Clause,000.000 đồng đến,000.000,,vnd,000 000 dong den
threshold_article_189_clause_1_000_000_dong,crime_189,article_189,189,article_189_clause_1,Clause,000.000 đồng,000.000,,vnd,000 000 dong
threshold_article_189_clause_1_000_000_dong_den_200_000,crime_189,article_189,189,article_189_clause_1,Clause,000.000 đồng đến 200.000,000.000,200.000,vnd,000 000 dong den 200 000
threshold_article_189_clause_1_000_dong,crime_189,article_189,189,article_189_clause_1,Clause,000 đồng,000,,vnd,000 dong
threshold_article_189_clause_2_000_000_dong_den_1_000,crime_189,article_189,189,article_189_clause_2,Clause,000.000 đồng đến 1.000,000.000,1.000,vnd,000 000 dong den 1 000
threshold_article_189_clause_2_000_000_dong,crime_189,article_189,189,article_189_clause_2,Clause,000.000 đồng,000.000,,vnd,000 000 dong
threshold_article_189_clause_2_000_000_dong_den,crime_189,article_189,189,article_189_clause_2,Clause,000.000 đồng đến,000.000,,vnd,000 000 dong den
threshold_article_189_clause_3_000_000_dong_tro_len,crime_189,article_189,189,article_189_clause_3,Clause,000.000 đồng trở lên,000.000,,vnd,000 000 dong tro len
threshold_article_189_clause_3_000_000_dong_den_3_000,crime_189,article_189,189,article_189_clause_3,Clause,000.000 đồng đến 3.000,000.000,3.000,vnd,000 000 dong den 3 000
threshold_article_189_clause_3_000_000_dong,crime_189,article_189,189,article_189_clause_3,Clause,000.000 đồng,000.000,,vnd,000 000 dong
threshold_article_189_clause_4_000_000_dong_den_50_000,crime_189,article_189,189,article_189_clause_4,Clause,000.000 đồng đến 50.000,000.000,50.000,vnd,000 000 dong den 50 000
threshold_article_189_clause_4_000_dong,crime_189,article_189,189,article_189_clause_4,Clause,000 đồng,000,,vnd,000 dong
threshold_article_189_clause_5_000_000_dong_den,crime_189,article_189,189,article_189_clause_5,Clause,000.000 đồng đến,000.000,,vnd,000 000 dong den
threshold_article_189_clause_5_000_000_dong,crime_189,article_189,189,article_189_clause_5,Clause,000.000 đồng,000.000,,vnd,000 000 dong
threshold_article_189_clause_5_000_000_dong_den_500_000,crime_189,article_189,189,article_189_clause_5,Clause,000.000 đồng đến 500.000,000.000,500.000,vnd,000 000 dong den 500 000
threshold_article_189_clause_5_000_dong,crime_189,article_189,189,article_189_clause_5,Clause,000 đồng,000,,vnd,000 dong
threshold_article_189_clause_5_000_000_dong_den_2_000,crime_189,article_189,189,article_189_clause_5,Clause,000.000 đồng đến 2.000,000.000,2.000,vnd,000 000 dong den 2 000
threshold_article_189_clause_5_000_000_dong_den_5_000,crime_189,article_189,189,article_189_clause_5,Clause,000.000 đồng đến 5.000,000.000,5.000,vnd,000 000 dong den 5 000
threshold_article_189_clause_5_000_000_dong_den_200_000,crime_189,article_189,189,article_189_clause_5,Clause,000.000 đồng đến 200.000,000.000,200.000,vnd,000 000 dong den 200 000
threshold_article_189_clause_2_point_b_000_000_dong_den,crime_189,article_189,189,article_189_clause_2_point_b,Point,000.000 đồng đến,000.000,,vnd,000 000 dong den
threshold_article_189_clause_2_point_b_000_000_dong,crime_189,article_189,189,article_189_clause_2_point_b,Point,000.000 đồng,000.000,,vnd,000 000 dong
threshold_article_189_clause_5_point_a_000_000_dong_den,crime_189,article_189,189,article_189_clause_5_point_a,Point,000.000 đồng đến,000.000,,vnd,000 000 dong den
threshold_article_189_clause_5_point_a_000_000_dong,crime_189,article_189,189,article_189_clause_5_point_a,Point,000.000 đồng,000.000,,vnd,000 000 dong
threshold_article_189_clause_5_point_a_000_000_dong_den_500_000,crime_189,article_189,189,article_189_clause_5_point_a,Point,000.000 đồng đến 500.000,000.000,500.000,vnd,000 000 dong den 500 000
threshold_article_189_clause_5_point_a_000_dong,crime_189,article_189,189,article_189_clause_5_point_a,Point,000 đồng,000,,vnd,000 dong
threshold_article_189_clause_5_point_b_000_000_dong_den_2_000,crime_189,article_189,189,article_189_clause_5_point_b,Point,000.000 đồng đến 2.000,000.000,2.000,vnd,000 000 dong den 2 000
threshold_article_189_clause_5_point_b_000_000_dong,crime_189,article_189,189,article_189_clause_5_point_b,Point,000.000 đồng,000.000,,vnd,000 000 dong
threshold_article_189_clause_5_point_c_000_000_dong_den_5_000,crime_189,article_189,189,article_189_clause_5_point_c,Point,000.000 đồng đến 5.000,000.000,5.000,vnd,000 000 dong den 5 000
threshold_article_189_clause_5_point_c_000_000_dong,crime_189,article_189,189,article_189_clause_5_point_c,Point,000.000 đồng,000.000,,vnd,000 000 dong
threshold_article_189_clause_5_point_d_000_000_dong_den_200_000,crime_189,article_189,189,article_189_clause_5_point_d,Point,000.000 đồng đến 200.000,000.000,200.000,vnd,000 000 dong den 200 000
threshold_article_189_clause_5_point_d_000_dong,crime_189,article_189,189,article_189_clause_5_point_d,Point,000 đồng,000,,vnd,000 dong
threshold_condition_article_190_clause_4_000_000_dong_den_100_000,crime_190,article_190,190,condition_article_190_clause_4,Condition,000.000 đồng đến 100.000,000.000,100.000,vnd,000 000 dong den 100 000
threshold_condition_article_190_clause_4_000_dong,crime_190,article_190,190,condition_article_190_clause_4,Condition,000 đồng,000,,vnd,000 dong
threshold_condition_article_190_clause_1_point_a_tu_50_kilogam_den,crime_190,article_190,190,condition_article_190_clause_1_point_a,Condition,từ 50 kilôgam đến,50,,kg,tu 50 kilogam den
threshold_condition_article_190_clause_1_point_a_100_kilogam,crime_190,article_190,190,condition_article_190_clause_1_point_a,Condition,100 kilôgam,100,,kg,100 kilogam
threshold_condition_article_190_clause_1_point_c_tu_06_kilogam_den,crime_190,article_190,190,condition_article_190_clause_1_point_c,Condition,từ 06 kilôgam đến,06,,kg,tu 06 kilogam den
threshold_condition_article_190_clause_1_point_c_40_kilogam,crime_190,article_190,190,condition_article_190_clause_1_point_c,Condition,40 kilôgam,40,,kg,40 kilogam
threshold_condition_article_190_clause_1_point_d_000_000_dong_den,crime_190,article_190,190,condition_article_190_clause_1_point_d,Condition,000.000 đồng đến,000.000,,vnd,000 000 dong den
threshold_condition_article_190_clause_1_point_d_000_000_dong,crime_190,article_190,190,condition_article_190_clause_1_point_d,Condition,000.000 đồng,000.000,,vnd,000 000 dong
threshold_condition_article_190_clause_2_point_d_tu_100_kilogam_den,crime_190,article_190,190,condition_article_190_clause_2_point_d,Condition,từ 100 kilôgam đến,100,,kg,tu 100 kilogam den
threshold_condition_article_190_clause_2_point_d_300_kilogam,crime_190,article_190,190,condition_article_190_clause_2_point_d,Condition,300 kilôgam,300,,kg,300 kilogam
threshold_condition_article_190_clause_2_point_g_tu_40_kilogam_den,crime_190,article_190,190,condition_article_190_clause_2_point_g,Condition,từ 40 kilôgam đến,40,,kg,tu 40 kilogam den
threshold_condition_article_190_clause_2_point_g_120_kilogam,crime_190,article_190,190,condition_article_190_clause_2_point_g,Condition,120 kilôgam,120,,kg,120 kilogam
threshold_condition_article_190_clause_2_point_h_000_000_dong_den,crime_190,article_190,190,condition_article_190_clause_2_point_h,Condition,000.000 đồng đến,000.000,,vnd,000 000 dong den
threshold_condition_article_190_clause_2_point_h_000_000_dong,crime_190,article_190,190,condition_article_190_clause_2_point_h,Condition,000.000 đồng,000.000,,vnd,000 000 dong
threshold_condition_article_190_clause_2_point_i_000_000_dong_den,crime_190,article_190,190,condition_article_190_clause_2_point_i,Condition,000.000 đồng đến,000.000,,vnd,000 000 dong den
threshold_condition_article_190_clause_2_point_i_000_000_dong,crime_190,article_190,190,condition_article_190_clause_2_point_i,Condition,000.000 đồng,000.000,,vnd,000 000 dong
threshold_condition_article_190_clause_3_point_a_300_kilogam_tro_len,crime_190,article_190,190,condition_article_190_clause_3_point_a,Condition,300 kilôgam trở lên,300,,kg,300 kilogam tro len
threshold_condition_article_190_clause_3_point_c_120_kilogam_tro_len,crime_190,article_190,190,condition_article_190_clause_3_point_c,Condition,120 kilôgam trở lên,120,,kg,120 kilogam tro len
threshold_condition_article_190_clause_3_point_d_000_000_dong_tro_len,crime_190,article_190,190,condition_article_190_clause_3_point_d,Condition,000.000 đồng trở lên,000.000,,vnd,000 000 dong tro len
threshold_condition_article_190_clause_5_point_d_000_000_dong_den_200_000,crime_190,article_190,190,condition_article_190_clause_5_point_d,Condition,000.000 đồng đến 200.000,000.000,200.000,vnd,000 000 dong den 200 000
threshold_condition_article_190_clause_5_point_d_000_dong,crime_190,article_190,190,condition_article_190_clause_5_point_d,Condition,000 đồng,000,,vnd,000 dong
threshold_article_190_clause_1_tu_50_kilogam_den,crime_190,article_190,190,article_190_clause_1,Clause,từ 50 kilôgam đến,50,,kg,tu 50 kilogam den
threshold_article_190_clause_1_100_kilogam,crime_190,article_190,190,article_190_clause_1,Clause,100 kilôgam,100,,kg,100 kilogam
threshold_article_190_clause_1_tu_06_kilogam_den,crime_190,article_190,190,article_190_clause_1,Clause,từ 06 kilôgam đến,06,,kg,tu 06 kilogam den
threshold_article_190_clause_1_40_kilogam,crime_190,article_190,190,article_190_clause_1,Clause,40 kilôgam,40,,kg,40 kilogam
threshold_article_190_clause_1_000_000_dong_den_1_000,crime_190,article_190,190,article_190_clause_1,Clause,000.000 đồng đến 1.000,000.000,1.000,vnd,000 000 dong den 1 000
threshold_article_190_clause_1_000_000_dong,crime_190,article_190,190,article_190_clause_1,Clause,000.000 đồng,000.000,,vnd,000 000 dong
threshold_article_190_clause_1_000_000_dong_den,crime_190,article_190,190,article_190_clause_1,Clause,000.000 đồng đến,000.000,,vnd,000 000 dong den
threshold_article_190_clause_2_tu_100_kilogam_den,crime_190,article_190,190,article_190_clause_2,Clause,từ 100 kilôgam đến,100,,kg,tu 100 kilogam den
threshold_article_190_clause_2_300_kilogam,crime_190,article_190,190,article_190_clause_2,Clause,300 kilôgam,300,,kg,300 kilogam
threshold_article_190_clause_2_tu_40_kilogam_den,crime_190,article_190,190,article_190_clause_2,Clause,từ 40 kilôgam đến,40,,kg,tu 40 kilogam den
threshold_article_190_clause_2_120_kilogam,crime_190,article_190,190,article_190_clause_2,Clause,120 kilôgam,120,,kg,120 kilogam
threshold_article_190_clause_2_000_000_dong_den_3_000,crime_190,article_190,190,article_190_clause_2,Clause,000.000 đồng đến 3.000,000.000,3.000,vnd,000 000 dong den 3 000
threshold_article_190_clause_2_000_000_dong,crime_190,article_190,190,article_190_clause_2,Clause,000.000 đồng,000.000,,vnd,000 000 dong
threshold_article_190_clause_2_000_000_dong_den,crime_190,article_190,190,article_190_clause_2,Clause,000.000 đồng đến,000.000,,vnd,000 000 dong den
threshold_article_190_clause_3_300_kilogam_tro_len,crime_190,article_190,190,article_190_clause_3,Clause,300 kilôgam trở lên,300,,kg,300 kilogam tro len
threshold_article_190_clause_3_120_kilogam_tro_len,crime_190,article_190,190,article_190_clause_3,Clause,120 kilôgam trở lên,120,,kg,120 kilogam tro len
threshold_article_190_clause_3_000_000_dong_tro_len,crime_190,article_190,190,article_190_clause_3,Clause,000.000 đồng trở lên,000.000,,vnd,000 000 dong tro len
threshold_article_190_clause_4_000_000_dong_den_100_000,crime_190,article_190,190,article_190_clause_4,Clause,000.000 đồng đến 100.000,000.000,100.000,vnd,000 000 dong den 100 000
threshold_article_190_clause_4_000_dong,crime_190,article_190,190,article_190_clause_4,Clause,000 đồng,000,,vnd,000 dong
threshold_article_190_clause_5_000_000_dong_den_3_000,crime_190,article_190,190,article_190_clause_5,Clause,000.000 đồng đến 3.000,000.000,3.000,vnd,000 000 dong den 3 000
threshold_article_190_clause_5_000_000_dong,crime_190,article_190,190,article_190_clause_5,Clause,000.000 đồng,000.000,,vnd,000 000 dong
threshold_article_190_clause_5_000_000_dong_den_6_000,crime_190,article_190,190,article_190_clause_5,Clause,000.000 đồng đến 6.000,000.000,6.000,vnd,000 000 dong den 6 000
threshold_article_190_clause_5_000_000_dong_den_9_000,crime_190,article_190,190,article_190_clause_5,Clause,000.000 đồng đến 9.000,000.000,9.000,vnd,000 000 dong den 9 000
threshold_article_190_clause_5_000_000_dong_den_200_000,crime_190,article_190,190,article_190_clause_5,Clause,000.000 đồng đến 200.000,000.000,200.000,vnd,000 000 dong den 200 000
threshold_article_190_clause_5_000_dong,crime_190,article_190,190,article_190_clause_5,Clause,000 đồng,000,,vnd,000 dong
threshold_article_190_clause_1_point_a_tu_50_kilogam_den,crime_190,article_190,190,article_190_clause_1_point_a,Point,từ 50 kilôgam đến,50,,kg,tu 50 kilogam den
threshold_article_190_clause_1_point_a_100_kilogam,crime_190,article_190,190,article_190_clause_1_point_a,Point,100 kilôgam,100,,kg,100 kilogam
threshold_article_190_clause_1_point_c_tu_06_kilogam_den,crime_190,article_190,190,article_190_clause_1_point_c,Point,từ 06 kilôgam đến,06,,kg,tu 06 kilogam den
threshold_article_190_clause_1_point_c_40_kilogam,crime_190,article_190,190,article_190_clause_1_point_c,Point,40 kilôgam,40,,kg,40 kilogam
threshold_article_190_clause_1_point_d_000_000_dong_den,crime_190,article_190,190,article_190_clause_1_point_d,Point,000.000 đồng đến,000.000,,vnd,000 000 dong den
threshold_article_190_clause_1_point_d_000_000_dong,crime_190,article_190,190,article_190_clause_1_point_d,Point,000.000 đồng,000.000,,vnd,000 000 dong
threshold_article_190_clause_2_point_d_tu_100_kilogam_den,crime_190,article_190,190,article_190_clause_2_point_d,Point,từ 100 kilôgam đến,100,,kg,tu 100 kilogam den
threshold_article_190_clause_2_point_d_300_kilogam,crime_190,article_190,190,article_190_clause_2_point_d,Point,300 kilôgam,300,,kg,300 kilogam
threshold_article_190_clause_2_point_g_tu_40_kilogam_den,crime_190,article_190,190,article_190_clause_2_point_g,Point,từ 40 kilôgam đến,40,,kg,tu 40 kilogam den
threshold_article_190_clause_2_point_g_120_kilogam,crime_190,article_190,190,article_190_clause_2_point_g,Point,120 kilôgam,120,,kg,120 kilogam
threshold_article_190_clause_2_point_h_000_000_dong_den,crime_190,article_190,190,article_190_clause_2_point_h,Point,000.000 đồng đến,000.000,,vnd,000 000 dong den
threshold_article_190_clause_2_point_h_000_000_dong,crime_190,article_190,190,article_190_clause_2_point_h,Point,000.000 đồng,000.000,,vnd,000 000 dong
threshold_article_190_clause_2_point_i_000_000_dong_den,crime_190,article_190,190,article_190_clause_2_point_i,Point,000.000 đồng đến,000.000,,vnd,000 000 dong den
threshold_article_190_clause_2_point_i_000_000_dong,crime_190,article_190,190,article_190_clause_2_point_i,Point,000.000 đồng,000.000,,vnd,000 000 dong
threshold_article_190_clause_3_point_a_300_kilogam_tro_len,crime_190,article_190,190,article_190_clause_3_point_a,Point,300 kilôgam trở lên,300,,kg,300 kilogam tro len
threshold_article_190_clause_3_point_c_120_kilogam_tro_len,crime_190,article_190,190,article_190_clause_3_point_c,Point,120 kilôgam trở lên,120,,kg,120 kilogam tro len
threshold_article_190_clause_3_point_d_000_000_dong_tro_len,crime_190,article_190,190,article_190_clause_3_point_d,Point,000.000 đồng trở lên,000.000,,vnd,000 000 dong tro len
threshold_article_190_clause_5_point_a_000_000_dong_den_3_000,crime_190,article_190,190,article_190_clause_5_point_a,Point,000.000 đồng đến 3.000,000.000,3.000,vnd,000 000 dong den 3 000
threshold_article_190_clause_5_point_a_000_000_dong,crime_190,article_190,190,article_190_clause_5_point_a,Point,000.000 đồng,000.000,,vnd,000 000 dong
threshold_article_190_clause_5_point_b_000_000_dong_den_6_000,crime_190,article_190,190,article_190_clause_5_point_b,Point,000.000 đồng đến 6.000,000.000,6.000,vnd,000 000 dong den 6 000
threshold_article_190_clause_5_point_b_000_000_dong,crime_190,article_190,190,article_190_clause_5_point_b,Point,000.000 đồng,000.000,,vnd,000 000 dong
threshold_article_190_clause_5_point_c_000_000_dong_den_9_000,crime_190,article_190,190,article_190_clause_5_point_c,Point,000.000 đồng đến 9.000,000.000,9.000,vnd,000 000 dong den 9 000
threshold_article_190_clause_5_point_c_000_000_dong,crime_190,article_190,190,article_190_clause_5_point_c,Point,000.000 đồng,000.000,,vnd,000 000 dong
threshold_article_190_clause_5_point_d_000_000_dong_den_200_000,crime_190,article_190,190,article_190_clause_5_point_d,Point,000.000 đồng đến 200.000,000.000,200.000,vnd,000 000 dong den 200 000
threshold_article_190_clause_5_point_d_000_dong,crime_190,article_190,190,article_190_clause_5_point_d,Point,000 đồng,000,,vnd,000 dong
threshold_condition_article_191_clause_4_000_000_dong_den_50_000,crime_191,article_191,191,condition_article_191_clause_4,Condition,000.000 đồng đến 50.000,000.000,50.000,vnd,000 000 dong den 50 000
threshold_condition_article_191_clause_4_000_dong,crime_191,article_191,191,condition_article_191_clause_4,Condition,000 đồng,000,,vnd,000 dong
threshold_condition_article_191_clause_1_point_a_tu_50_kilogam_den,crime_191,article_191,191,condition_article_191_clause_1_point_a,Condition,từ 50 kilôgam đến,50,,kg,tu 50 kilogam den
threshold_condition_article_191_clause_1_point_a_100_kilogam,crime_191,article_191,191,condition_article_191_clause_1_point_a,Condition,100 kilôgam,100,,kg,100 kilogam
threshold_condition_article_191_clause_1_point_c_tu_06_kilogam_den,crime_191,article_191,191,condition_article_191_clause_1_point_c,Condition,từ 06 kilôgam đến,06,,kg,tu 06 kilogam den
threshold_condition_article_191_clause_1_point_c_40_kilogam,crime_191,article_191,191,condition_article_191_clause_1_point_c,Condition,40 kilôgam,40,,kg,40 kilogam
threshold_condition_article_191_clause_1_point_d_000_000_dong_den,crime_191,article_191,191,condition_article_191_clause_1_point_d,Condition,000.000 đồng đến,000.000,,vnd,000 000 dong den
threshold_condition_article_191_clause_1_point_d_000_000_dong,crime_191,article_191,191,condition_article_191_clause_1_point_d,Condition,000.000 đồng,000.000,,vnd,000 000 dong
threshold_condition_article_191_clause_2_point_d_tu_100_kilogam_den,crime_191,article_191,191,condition_article_191_clause_2_point_d,Condition,từ 100 kilôgam đến,100,,kg,tu 100 kilogam den
threshold_condition_article_191_clause_2_point_d_300_kilogam,crime_191,article_191,191,condition_article_191_clause_2_point_d,Condition,300 kilôgam,300,,kg,300 kilogam
threshold_condition_article_191_clause_2_point_g_tu_40_kilogam_den,crime_191,article_191,191,condition_article_191_clause_2_point_g,Condition,từ 40 kilôgam đến,40,,kg,tu 40 kilogam den
threshold_condition_article_191_clause_2_point_g_120_kilogam,crime_191,article_191,191,condition_article_191_clause_2_point_g,Condition,120 kilôgam,120,,kg,120 kilogam
threshold_condition_article_191_clause_2_point_h_000_000_dong_den,crime_191,article_191,191,condition_article_191_clause_2_point_h,Condition,000.000 đồng đến,000.000,,vnd,000 000 dong den
threshold_condition_article_191_clause_2_point_h_000_000_dong,crime_191,article_191,191,condition_article_191_clause_2_point_h,Condition,000.000 đồng,000.000,,vnd,000 000 dong
threshold_condition_article_191_clause_2_point_i_000_000_dong_den,crime_191,article_191,191,condition_article_191_clause_2_point_i,Condition,000.000 đồng đến,000.000,,vnd,000 000 dong den
threshold_condition_article_191_clause_2_point_i_000_000_dong,crime_191,article_191,191,condition_article_191_clause_2_point_i,Condition,000.000 đồng,000.000,,vnd,000 000 dong
threshold_condition_article_191_clause_3_point_a_300_kilogam_tro_len,crime_191,article_191,191,condition_article_191_clause_3_point_a,Condition,300 kilôgam trở lên,300,,kg,300 kilogam tro len
threshold_condition_article_191_clause_3_point_c_120_kilogam_tro_len,crime_191,article_191,191,condition_article_191_clause_3_point_c,Condition,120 kilôgam trở lên,120,,kg,120 kilogam tro len
threshold_condition_article_191_clause_3_point_d_000_000_dong_tro_len,crime_191,article_191,191,condition_article_191_clause_3_point_d,Condition,000.000 đồng trở lên,000.000,,vnd,000 000 dong tro len
threshold_condition_article_191_clause_5_point_d_000_000_dong_den_200_000,crime_191,article_191,191,condition_article_191_clause_5_point_d,Condition,000.000 đồng đến 200.000,000.000,200.000,vnd,000 000 dong den 200 000
threshold_condition_article_191_clause_5_point_d_000_dong,crime_191,article_191,191,condition_article_191_clause_5_point_d,Condition,000 đồng,000,,vnd,000 dong
threshold_article_191_clause_1_tu_50_kilogam_den,crime_191,article_191,191,article_191_clause_1,Clause,từ 50 kilôgam đến,50,,kg,tu 50 kilogam den
threshold_article_191_clause_1_100_kilogam,crime_191,article_191,191,article_191_clause_1,Clause,100 kilôgam,100,,kg,100 kilogam
threshold_article_191_clause_1_tu_06_kilogam_den,crime_191,article_191,191,article_191_clause_1,Clause,từ 06 kilôgam đến,06,,kg,tu 06 kilogam den
threshold_article_191_clause_1_40_kilogam,crime_191,article_191,191,article_191_clause_1,Clause,40 kilôgam,40,,kg,40 kilogam
threshold_article_191_clause_1_000_000_dong_den_300_000,crime_191,article_191,191,article_191_clause_1,Clause,000.000 đồng đến 300.000,000.000,300.000,vnd,000 000 dong den 300 000
threshold_article_191_clause_1_000_dong,crime_191,article_191,191,article_191_clause_1,Clause,000 đồng,000,,vnd,000 dong
threshold_article_191_clause_1_000_000_dong_den,crime_191,article_191,191,article_191_clause_1,Clause,000.000 đồng đến,000.000,,vnd,000 000 dong den
threshold_article_191_clause_1_000_000_dong,crime_191,article_191,191,article_191_clause_1,Clause,000.000 đồng,000.000,,vnd,000 000 dong
threshold_article_191_clause_2_tu_100_kilogam_den,crime_191,article_191,191,article_191_clause_2,Clause,từ 100 kilôgam đến,100,,kg,tu 100 kilogam den
threshold_article_191_clause_2_300_kilogam,crime_191,article_191,191,article_191_clause_2,Clause,300 kilôgam,300,,kg,300 kilogam
threshold_article_191_clause_2_tu_40_kilogam_den,crime_191,article_191,191,article_191_clause_2,Clause,từ 40 kilôgam đến,40,,kg,tu 40 kilogam den
threshold_article_191_clause_2_120_kilogam,crime_191,article_191,191,article_191_clause_2,Clause,120 kilôgam,120,,kg,120 kilogam
threshold_article_191_clause_2_000_000_dong_den_1_000,crime_191,article_191,191,article_191_clause_2,Clause,000.000 đồng đến 1.000,000.000,1.000,vnd,000 000 dong den 1 000
threshold_article_191_clause_2_000_000_dong,crime_191,article_191,191,article_191_clause_2,Clause,000.000 đồng,000.000,,vnd,000 000 dong
threshold_article_191_clause_2_000_000_dong_den,crime_191,article_191,191,article_191_clause_2,Clause,000.000 đồng đến,000.000,,vnd,000 000 dong den
threshold_article_191_clause_3_300_kilogam_tro_len,crime_191,article_191,191,article_191_clause_3,Clause,300 kilôgam trở lên,300,,kg,300 kilogam tro len
threshold_article_191_clause_3_120_kilogam_tro_len,crime_191,article_191,191,article_191_clause_3,Clause,120 kilôgam trở lên,120,,kg,120 kilogam tro len
threshold_article_191_clause_3_000_000_dong_tro_len,crime_191,article_191,191,article_191_clause_3,Clause,000.000 đồng trở lên,000.000,,vnd,000 000 dong tro len
threshold_article_191_clause_4_000_000_dong_den_50_000,crime_191,article_191,191,article_191_clause_4,Clause,000.000 đồng đến 50.000,000.000,50.000,vnd,000 000 dong den 50 000
threshold_article_191_clause_4_000_dong,crime_191,article_191,191,article_191_clause_4,Clause,000 đồng,000,,vnd,000 dong
threshold_article_191_clause_5_000_000_dong_den_1_000,crime_191,article_191,191,article_191_clause_5,Clause,000.000 đồng đến 1.000,000.000,1.000,vnd,000 000 dong den 1 000
threshold_article_191_clause_5_000_000_dong,crime_191,article_191,191,article_191_clause_5,Clause,000.000 đồng,000.000,,vnd,000 000 dong
threshold_article_191_clause_5_000_000_dong_den_3_000,crime_191,article_191,191,article_191_clause_5,Clause,000.000 đồng đến 3.000,000.000,3.000,vnd,000 000 dong den 3 000
threshold_article_191_clause_5_000_000_dong_den_5_000,crime_191,article_191,191,article_191_clause_5,Clause,000.000 đồng đến 5.000,000.000,5.000,vnd,000 000 dong den 5 000
threshold_article_191_clause_5_000_000_dong_den_200_000,crime_191,article_191,191,article_191_clause_5,Clause,000.000 đồng đến 200.000,000.000,200.000,vnd,000 000 dong den 200 000
threshold_article_191_clause_5_000_dong,crime_191,article_191,191,article_191_clause_5,Clause,000 đồng,000,,vnd,000 dong
threshold_article_191_clause_1_point_a_tu_50_kilogam_den,crime_191,article_191,191,article_191_clause_1_point_a,Point,từ 50 kilôgam đến,50,,kg,tu 50 kilogam den
threshold_article_191_clause_1_point_a_100_kilogam,crime_191,article_191,191,article_191_clause_1_point_a,Point,100 kilôgam,100,,kg,100 kilogam
threshold_article_191_clause_1_point_c_tu_06_kilogam_den,crime_191,article_191,191,article_191_clause_1_point_c,Point,từ 06 kilôgam đến,06,,kg,tu 06 kilogam den
threshold_article_191_clause_1_point_c_40_kilogam,crime_191,article_191,191,article_191_clause_1_point_c,Point,40 kilôgam,40,,kg,40 kilogam
threshold_article_191_clause_1_point_d_000_000_dong_den,crime_191,article_191,191,article_191_clause_1_point_d,Point,000.000 đồng đến,000.000,,vnd,000 000 dong den
threshold_article_191_clause_1_point_d_000_000_dong,crime_191,article_191,191,article_191_clause_1_point_d,Point,000.000 đồng,000.000,,vnd,000 000 dong
threshold_article_191_clause_2_point_d_tu_100_kilogam_den,crime_191,article_191,191,article_191_clause_2_point_d,Point,từ 100 kilôgam đến,100,,kg,tu 100 kilogam den
threshold_article_191_clause_2_point_d_300_kilogam,crime_191,article_191,191,article_191_clause_2_point_d,Point,300 kilôgam,300,,kg,300 kilogam
threshold_article_191_clause_2_point_g_tu_40_kilogam_den,crime_191,article_191,191,article_191_clause_2_point_g,Point,từ 40 kilôgam đến,40,,kg,tu 40 kilogam den
threshold_article_191_clause_2_point_g_120_kilogam,crime_191,article_191,191,article_191_clause_2_point_g,Point,120 kilôgam,120,,kg,120 kilogam
threshold_article_191_clause_2_point_h_000_000_dong_den,crime_191,article_191,191,article_191_clause_2_point_h,Point,000.000 đồng đến,000.000,,vnd,000 000 dong den
threshold_article_191_clause_2_point_h_000_000_dong,crime_191,article_191,191,article_191_clause_2_point_h,Point,000.000 đồng,000.000,,vnd,000 000 dong
threshold_article_191_clause_2_point_i_000_000_dong_den,crime_191,article_191,191,article_191_clause_2_point_i,Point,000.000 đồng đến,000.000,,vnd,000 000 dong den
threshold_article_191_clause_2_point_i_000_000_dong,crime_191,article_191,191,article_191_clause_2_point_i,Point,000.000 đồng,000.000,,vnd,000 000 dong
threshold_article_191_clause_3_point_a_300_kilogam_tro_len,crime_191,article_191,191,article_191_clause_3_point_a,Point,300 kilôgam trở lên,300,,kg,300 kilogam tro len
threshold_article_191_clause_3_point_c_120_kilogam_tro_len,crime_191,article_191,191,article_191_clause_3_point_c,Point,120 kilôgam trở lên,120,,kg,120 kilogam tro len
threshold_article_191_clause_3_point_d_000_000_dong_tro_len,crime_191,article_191,191,article_191_clause_3_point_d,Point,000.000 đồng trở lên,000.000,,vnd,000 000 dong tro len
threshold_article_191_clause_5_point_a_000_000_dong_den_1_000,crime_191,article_191,191,article_191_clause_5_point_a,Point,000.000 đồng đến 1.000,000.000,1.000,vnd,000 000 dong den 1 000
threshold_article_191_clause_5_point_a_000_000_dong,crime_191,article_191,191,article_191_clause_5_point_a,Point,000.000 đồng,000.000,,vnd,000 000 dong
threshold_article_191_clause_5_point_b_000_000_dong_den_3_000,crime_191,article_191,191,article_191_clause_5_point_b,Point,000.000 đồng đến 3.000,000.000,3.000,vnd,000 000 dong den 3 000
threshold_article_191_clause_5_point_b_000_000_dong,crime_191,article_191,191,article_191_clause_5_point_b,Point,000.000 đồng,000.000,,vnd,000 000 dong
threshold_article_191_clause_5_point_c_000_000_dong_den_5_000,crime_191,article_191,191,article_191_clause_5_point_c,Point,000.000 đồng đến 5.000,000.000,5.000,vnd,000 000 dong den 5 000
threshold_article_191_clause_5_point_c_000_000_dong,crime_191,article_191,191,article_191_clause_5_point_c,Point,000.000 đồng,000.000,,vnd,000 000 dong
threshold_article_191_clause_5_point_d_000_000_dong_den_200_000,crime_191,article_191,191,article_191_clause_5_point_d,Point,000.000 đồng đến 200.000,000.000,200.000,vnd,000 000 dong den 200 000
threshold_article_191_clause_5_point_d_000_dong,crime_191,article_191,191,article_191_clause_5_point_d,Point,000 đồng,000,,vnd,000 dong
threshold_condition_article_192_clause_4_000_000_dong_den_100_000,crime_192,article_192,192,condition_article_192_clause_4,Condition,000.000 đồng đến 100.000,000.000,100.000,vnd,000 000 dong den 100 000
threshold_condition_article_192_clause_4_000_dong,crime_192,article_192,192,condition_article_192_clause_4,Condition,000 đồng,000,,vnd,000 dong
threshold_condition_article_192_clause_1_point_a_000_000_dong_den,crime_192,article_192,192,condition_article_192_clause_1_point_a,Condition,000.000 đồng đến,000.000,,vnd,000 000 dong den
threshold_condition_article_192_clause_1_point_a_000_000_dong,crime_192,article_192,192,condition_article_192_clause_1_point_a,Condition,000.000 đồng,000.000,,vnd,000 000 dong
threshold_condition_article_192_clause_1_point_b_tu_31_den_60,crime_192,article_192,192,condition_article_192_clause_1_point_b,Condition,từ 31% đến 60%,31,60,percent,tu 31 den 60
threshold_condition_article_192_clause_1_point_c_000_000_dong_den,crime_192,article_192,192,condition_article_192_clause_1_point_c,Condition,000.000 đồng đến,000.000,,vnd,000 000 dong den
threshold_condition_article_192_clause_1_point_c_000_000_dong,crime_192,article_192,192,condition_article_192_clause_1_point_c,Condition,000.000 đồng,000.000,,vnd,000 000 dong
threshold_condition_article_192_clause_1_point_d_000_000_dong_den,crime_192,article_192,192,condition_article_192_clause_1_point_d,Condition,000.000 đồng đến,000.000,,vnd,000 000 dong den
threshold_condition_article_192_clause_1_point_d_000_000_dong,crime_192,article_192,192,condition_article_192_clause_1_point_d,Condition,000.000 đồng,000.000,,vnd,000 000 dong
threshold_condition_article_192_clause_2_point_d_000_000_dong_den,crime_192,article_192,192,condition_article_192_clause_2_point_d,Condition,000.000 đồng đến,000.000,,vnd,000 000 dong den
threshold_condition_article_192_clause_2_point_d_000_000_dong,crime_192,article_192,192,condition_article_192_clause_2_point_d,Condition,000.000 đồng,000.000,,vnd,000 000 dong
threshold_condition_article_192_clause_2_point_e_000_000_dong_den,crime_192,article_192,192,condition_article_192_clause_2_point_e,Condition,000.000 đồng đến,000.000,,vnd,000 000 dong den
threshold_condition_article_192_clause_2_point_e_000_000_dong,crime_192,article_192,192,condition_article_192_clause_2_point_e,Condition,000.000 đồng,000.000,,vnd,000 000 dong
threshold_condition_article_192_clause_2_point_h_61_tro_len,crime_192,article_192,192,condition_article_192_clause_2_point_h,Condition,61% trở lên,61,,percent,61 tro len
threshold_condition_article_192_clause_2_point_i_tu_61_den_121,crime_192,article_192,192,condition_article_192_clause_2_point_i,Condition,từ 61% đến 121%,61,121,percent,tu 61 den 121
threshold_condition_article_192_clause_2_point_k_000_000_dong_den,crime_192,article_192,192,condition_article_192_clause_2_point_k,Condition,000.000 đồng đến,000.000,,vnd,000 000 dong den
threshold_condition_article_192_clause_2_point_k_000_000_dong,crime_192,article_192,192,condition_article_192_clause_2_point_k,Condition,000.000 đồng,000.000,,vnd,000 000 dong
threshold_condition_article_192_clause_3_point_a_000_000_dong_tro_len,crime_192,article_192,192,condition_article_192_clause_3_point_a,Condition,000.000 đồng trở lên,000.000,,vnd,000 000 dong tro len
threshold_condition_article_192_clause_3_point_b_000_000_dong_tro_len,crime_192,article_192,192,condition_article_192_clause_3_point_b,Condition,000.000 đồng trở lên,000.000,,vnd,000 000 dong tro len
threshold_condition_article_192_clause_3_point_d_122_tro_len,crime_192,article_192,192,condition_article_192_clause_3_point_d,Condition,122% trở lên,122,,percent,122 tro len
threshold_condition_article_192_clause_3_point_d_000_000_dong_tro_len,crime_192,article_192,192,condition_article_192_clause_3_point_d,Condition,000.000 đồng trở lên,000.000,,vnd,000 000 dong tro len
threshold_condition_article_192_clause_5_point_d_000_000_dong_den_400_000,crime_192,article_192,192,condition_article_192_clause_5_point_d,Condition,000.000 đồng đến 400.000,000.000,400.000,vnd,000 000 dong den 400 000
threshold_condition_article_192_clause_5_point_d_000_dong,crime_192,article_192,192,condition_article_192_clause_5_point_d,Condition,000 đồng,000,,vnd,000 dong
threshold_article_192_clause_1_000_000_dong_den_2_000,crime_192,article_192,192,article_192_clause_1,Clause,000.000 đồng đến 2.000,000.000,2.000,vnd,000 000 dong den 2 000
threshold_article_192_clause_1_000_000_dong,crime_192,article_192,192,article_192_clause_1,Clause,000.000 đồng,000.000,,vnd,000 000 dong
threshold_article_192_clause_1_000_000_dong_den,crime_192,article_192,192,article_192_clause_1,Clause,000.000 đồng đến,000.000,,vnd,000 000 dong den
threshold_article_192_clause_1_tu_31_den_60,crime_192,article_192,192,article_192_clause_1,Clause,từ 31% đến 60%,31,60,percent,tu 31 den 60
threshold_article_192_clause_2_000_000_dong_den,crime_192,article_192,192,article_192_clause_2,Clause,000.000 đồng đến,000.000,,vnd,000 000 dong den
threshold_article_192_clause_2_000_000_dong,crime_192,article_192,192,article_192_clause_2,Clause,000.000 đồng,000.000,,vnd,000 000 dong
threshold_article_192_clause_2_61_tro_len,crime_192,article_192,192,article_192_clause_2,Clause,61% trở lên,61,,percent,61 tro len
threshold_article_192_clause_2_tu_61_den_121,crime_192,article_192,192,article_192_clause_2,Clause,từ 61% đến 121%,61,121,percent,tu 61 den 121
threshold_article_192_clause_3_000_000_dong_tro_len,crime_192,article_192,192,article_192_clause_3,Clause,000.000 đồng trở lên,000.000,,vnd,000 000 dong tro len
threshold_article_192_clause_3_122_tro_len,crime_192,article_192,192,article_192_clause_3,Clause,122% trở lên,122,,percent,122 tro len
threshold_article_192_clause_4_000_000_dong_den_100_000,crime_192,article_192,192,article_192_clause_4,Clause,000.000 đồng đến 100.000,000.000,100.000,vnd,000 000 dong den 100 000
threshold_article_192_clause_4_000_dong,crime_192,article_192,192,article_192_clause_4,Clause,000 đồng,000,,vnd,000 dong
threshold_article_192_clause_5_000_000_dong_den_6_000,crime_192,article_192,192,article_192_clause_5,Clause,000.000 đồng đến 6.000,000.000,6.000,vnd,000 000 dong den 6 000
threshold_article_192_clause_5_000_000_dong,crime_192,article_192,192,article_192_clause_5,Clause,000.000 đồng,000.000,,vnd,000 000 dong
threshold_article_192_clause_5_000_000_dong_den_12_000,crime_192,article_192,192,article_192_clause_5,Clause,000.000 đồng đến 12.000,000.000,12.000,vnd,000 000 dong den 12 000
threshold_article_192_clause_5_000_000_dong_den_18_000,crime_192,article_192,192,article_192_clause_5,Clause,000.000 đồng đến 18.000,000.000,18.000,vnd,000 000 dong den 18 000
threshold_article_192_clause_5_000_000_dong_den_400_000,crime_192,article_192,192,article_192_clause_5,Clause,000.000 đồng đến 400.000,000.000,400.000,vnd,000 000 dong den 400 000
threshold_article_192_clause_5_000_dong,crime_192,article_192,192,article_192_clause_5,Clause,000 đồng,000,,vnd,000 dong
threshold_article_192_clause_1_point_a_000_000_dong_den,crime_192,article_192,192,article_192_clause_1_point_a,Point,000.000 đồng đến,000.000,,vnd,000 000 dong den
threshold_article_192_clause_1_point_a_000_000_dong,crime_192,article_192,192,article_192_clause_1_point_a,Point,000.000 đồng,000.000,,vnd,000 000 dong
threshold_article_192_clause_1_point_b_tu_31_den_60,crime_192,article_192,192,article_192_clause_1_point_b,Point,từ 31% đến 60%,31,60,percent,tu 31 den 60
threshold_article_192_clause_1_point_c_000_000_dong_den,crime_192,article_192,192,article_192_clause_1_point_c,Point,000.000 đồng đến,000.000,,vnd,000 000 dong den
threshold_article_192_clause_1_point_c_000_000_dong,crime_192,article_192,192,article_192_clause_1_point_c,Point,000.000 đồng,000.000,,vnd,000 000 dong
threshold_article_192_clause_1_point_d_000_000_dong_den,crime_192,article_192,192,article_192_clause_1_point_d,Point,000.000 đồng đến,000.000,,vnd,000 000 dong den
threshold_article_192_clause_1_point_d_000_000_dong,crime_192,article_192,192,article_192_clause_1_point_d,Point,000.000 đồng,000.000,,vnd,000 000 dong
threshold_article_192_clause_2_point_d_000_000_dong_den,crime_192,article_192,192,article_192_clause_2_point_d,Point,000.000 đồng đến,000.000,,vnd,000 000 dong den
threshold_article_192_clause_2_point_d_000_000_dong,crime_192,article_192,192,article_192_clause_2_point_d,Point,000.000 đồng,000.000,,vnd,000 000 dong
threshold_article_192_clause_2_point_e_000_000_dong_den,crime_192,article_192,192,article_192_clause_2_point_e,Point,000.000 đồng đến,000.000,,vnd,000 000 dong den
threshold_article_192_clause_2_point_e_000_000_dong,crime_192,article_192,192,article_192_clause_2_point_e,Point,000.000 đồng,000.000,,vnd,000 000 dong
threshold_article_192_clause_2_point_h_61_tro_len,crime_192,article_192,192,article_192_clause_2_point_h,Point,61% trở lên,61,,percent,61 tro len
threshold_article_192_clause_2_point_i_tu_61_den_121,crime_192,article_192,192,article_192_clause_2_point_i,Point,từ 61% đến 121%,61,121,percent,tu 61 den 121
threshold_article_192_clause_2_point_k_000_000_dong_den,crime_192,article_192,192,article_192_clause_2_point_k,Point,000.000 đồng đến,000.000,,vnd,000 000 dong den
threshold_article_192_clause_2_point_k_000_000_dong,crime_192,article_192,192,article_192_clause_2_point_k,Point,000.000 đồng,000.000,,vnd,000 000 dong
threshold_article_192_clause_3_point_a_000_000_dong_tro_len,crime_192,article_192,192,article_192_clause_3_point_a,Point,000.000 đồng trở lên,000.000,,vnd,000 000 dong tro len
threshold_article_192_clause_3_point_b_000_000_dong_tro_len,crime_192,article_192,192,article_192_clause_3_point_b,Point,000.000 đồng trở lên,000.000,,vnd,000 000 dong tro len
threshold_article_192_clause_3_point_d_122_tro_len,crime_192,article_192,192,article_192_clause_3_point_d,Point,122% trở lên,122,,percent,122 tro len
threshold_article_192_clause_3_point_d_000_000_dong_tro_len,crime_192,article_192,192,article_192_clause_3_point_d,Point,000.000 đồng trở lên,000.000,,vnd,000 000 dong tro len
threshold_article_192_clause_5_point_a_000_000_dong_den_6_000,crime_192,article_192,192,article_192_clause_5_point_a,Point,000.000 đồng đến 6.000,000.000,6.000,vnd,000 000 dong den 6 000
threshold_article_192_clause_5_point_a_000_000_dong,crime_192,article_192,192,article_192_clause_5_point_a,Point,000.000 đồng,000.000,,vnd,000 000 dong
threshold_article_192_clause_5_point_b_000_000_dong_den_12_000,crime_192,article_192,192,article_192_clause_5_point_b,Point,000.000 đồng đến 12.000,000.000,12.000,vnd,000 000 dong den 12 000
threshold_article_192_clause_5_point_b_000_000_dong,crime_192,article_192,192,article_192_clause_5_point_b,Point,000.000 đồng,000.000,,vnd,000 000 dong
threshold_article_192_clause_5_point_c_000_000_dong_den_18_000,crime_192,article_192,192,article_192_clause_5_point_c,Point,000.000 đồng đến 18.000,000.000,18.000,vnd,000 000 dong den 18 000
threshold_article_192_clause_5_point_c_000_000_dong,crime_192,article_192,192,article_192_clause_5_point_c,Point,000.000 đồng,000.000,,vnd,000 000 dong
threshold_article_192_clause_5_point_d_000_000_dong_den_400_000,crime_192,article_192,192,article_192_clause_5_point_d,Point,000.000 đồng đến 400.000,000.000,400.000,vnd,000 000 dong den 400 000
threshold_article_192_clause_5_point_d_000_dong,crime_192,article_192,192,article_192_clause_5_point_d,Point,000 đồng,000,,vnd,000 dong
threshold_condition_article_193_clause_5_000_000_dong_den_200_000,crime_193,article_193,193,condition_article_193_clause_5,Condition,000.000 đồng đến 200.000,000.000,200.000,vnd,000 000 dong den 200 000
threshold_condition_article_193_clause_5_000_dong,crime_193,article_193,193,condition_article_193_clause_5,Condition,000 đồng,000,,vnd,000 dong
threshold_condition_article_193_clause_2_point_g_000_000_dong_den,crime_193,article_193,193,condition_article_193_clause_2_point_g,Condition,000.000 đồng đến,000.000,,vnd,000 000 dong den
threshold_condition_article_193_clause_2_point_g_000_000_dong,crime_193,article_193,193,condition_article_193_clause_2_point_g,Condition,000.000 đồng,000.000,,vnd,000 000 dong
threshold_condition_article_193_clause_2_point_h_000_000_dong_den,crime_193,article_193,193,condition_article_193_clause_2_point_h,Condition,000.000 đồng đến,000.000,,vnd,000 000 dong den
threshold_condition_article_193_clause_2_point_h_000_000_dong,crime_193,article_193,193,condition_article_193_clause_2_point_h,Condition,000.000 đồng,000.000,,vnd,000 000 dong
threshold_condition_article_193_clause_2_point_i_tu_31_den_60,crime_193,article_193,193,condition_article_193_clause_2_point_i,Condition,từ 31% đến 60%,31,60,percent,tu 31 den 60
threshold_condition_article_193_clause_2_point_k_000_000_dong_den,crime_193,article_193,193,condition_article_193_clause_2_point_k,Condition,000.000 đồng đến,000.000,,vnd,000 000 dong den
threshold_condition_article_193_clause_2_point_k_000_000_dong,crime_193,article_193,193,condition_article_193_clause_2_point_k,Condition,000.000 đồng,000.000,,vnd,000 000 dong
threshold_condition_article_193_clause_3_point_a_000_000_dong_tro_len,crime_193,article_193,193,condition_article_193_clause_3_point_a,Condition,000.000 đồng trở lên,000.000,,vnd,000 000 dong tro len
threshold_condition_article_193_clause_3_point_b_000_000_dong_den,crime_193,article_193,193,condition_article_193_clause_3_point_b,Condition,000.000 đồng đến,000.000,,vnd,000 000 dong den
threshold_condition_article_193_clause_3_point_b_000_000_dong,crime_193,article_193,193,condition_article_193_clause_3_point_b,Condition,000.000 đồng,000.000,,vnd,000 000 dong
threshold_condition_article_193_clause_3_point_c_000_000_dong_den,crime_193,article_193,193,condition_article_193_clause_3_point_c,Condition,000.000 đồng đến,000.000,,vnd,000 000 dong den
threshold_condition_article_193_clause_3_point_c_000_000_dong,crime_193,article_193,193,condition_article_193_clause_3_point_c,Condition,000.000 đồng,000.000,,vnd,000 000 dong
threshold_condition_article_193_clause_3_point_d_61_tro_len,crime_193,article_193,193,condition_article_193_clause_3_point_d,Condition,61% trở lên,61,,percent,61 tro len
threshold_condition_article_193_clause_3_point_e_tu_61_den_121,crime_193,article_193,193,condition_article_193_clause_3_point_e,Condition,từ 61% đến 121%,61,121,percent,tu 61 den 121
threshold_condition_article_193_clause_4_point_a_000_000_dong_tro_len,crime_193,article_193,193,condition_article_193_clause_4_point_a,Condition,000.000 đồng trở lên,000.000,,vnd,000 000 dong tro len
threshold_condition_article_193_clause_4_point_b_000_000_dong_tro_len,crime_193,article_193,193,condition_article_193_clause_4_point_b,Condition,000.000 đồng trở lên,000.000,,vnd,000 000 dong tro len
threshold_condition_article_193_clause_4_point_d_122_tro_len,crime_193,article_193,193,condition_article_193_clause_4_point_d,Condition,122% trở lên,122,,percent,122 tro len
threshold_condition_article_193_clause_6_point_e_000_000_dong_den_600_000,crime_193,article_193,193,condition_article_193_clause_6_point_e,Condition,000.000 đồng đến 600.000,000.000,600.000,vnd,000 000 dong den 600 000
threshold_condition_article_193_clause_6_point_e_000_dong,crime_193,article_193,193,condition_article_193_clause_6_point_e,Condition,000 đồng,000,,vnd,000 dong
threshold_article_193_clause_2_000_000_dong_den,crime_193,article_193,193,article_193_clause_2,Clause,000.000 đồng đến,000.000,,vnd,000 000 dong den
threshold_article_193_clause_2_000_000_dong,crime_193,article_193,193,article_193_clause_2,Clause,000.000 đồng,000.000,,vnd,000 000 dong
threshold_article_193_clause_2_tu_31_den_60,crime_193,article_193,193,article_193_clause_2,Clause,từ 31% đến 60%,31,60,percent,tu 31 den 60
threshold_article_193_clause_3_000_000_dong_tro_len,crime_193,article_193,193,article_193_clause_3,Clause,000.000 đồng trở lên,000.000,,vnd,000 000 dong tro len
threshold_article_193_clause_3_000_000_dong_den,crime_193,article_193,193,article_193_clause_3,Clause,000.000 đồng đến,000.000,,vnd,000 000 dong den
threshold_article_193_clause_3_000_000_dong,crime_193,article_193,193,article_193_clause_3,Clause,000.000 đồng,000.000,,vnd,000 000 dong
threshold_article_193_clause_3_61_tro_len,crime_193,article_193,193,article_193_clause_3,Clause,61% trở lên,61,,percent,61 tro len
threshold_article_193_clause_3_tu_61_den_121,crime_193,article_193,193,article_193_clause_3,Clause,từ 61% đến 121%,61,121,percent,tu 61 den 121
threshold_article_193_clause_4_000_000_dong_tro_len,crime_193,article_193,193,article_193_clause_4,Clause,000.000 đồng trở lên,000.000,,vnd,000 000 dong tro len
threshold_article_193_clause_4_122_tro_len,crime_193,article_193,193,article_193_clause_4,Clause,122% trở lên,122,,percent,122 tro len
threshold_article_193_clause_5_000_000_dong_den_200_000,crime_193,article_193,193,article_193_clause_5,Clause,000.000 đồng đến 200.000,000.000,200.000,vnd,000 000 dong den 200 000
threshold_article_193_clause_5_000_dong,crime_193,article_193,193,article_193_clause_5,Clause,000 đồng,000,,vnd,000 dong
threshold_article_193_clause_6_000_000_dong_den_6_000,crime_193,article_193,193,article_193_clause_6,Clause,000.000 đồng đến 6.000,000.000,6.000,vnd,000 000 dong den 6 000
threshold_article_193_clause_6_000_000_dong,crime_193,article_193,193,article_193_clause_6,Clause,000.000 đồng,000.000,,vnd,000 000 dong
threshold_article_193_clause_6_000_000_dong_den_12_000,crime_193,article_193,193,article_193_clause_6,Clause,000.000 đồng đến 12.000,000.000,12.000,vnd,000 000 dong den 12 000
threshold_article_193_clause_6_000_000_dong_den_18_000,crime_193,article_193,193,article_193_clause_6,Clause,000.000 đồng đến 18.000,000.000,18.000,vnd,000 000 dong den 18 000
threshold_article_193_clause_6_000_000_dong_den_36_000,crime_193,article_193,193,article_193_clause_6,Clause,000.000 đồng đến 36.000,000.000,36.000,vnd,000 000 dong den 36 000
threshold_article_193_clause_6_000_000_dong_den_600_000,crime_193,article_193,193,article_193_clause_6,Clause,000.000 đồng đến 600.000,000.000,600.000,vnd,000 000 dong den 600 000
threshold_article_193_clause_6_000_dong,crime_193,article_193,193,article_193_clause_6,Clause,000 đồng,000,,vnd,000 dong
threshold_article_193_clause_2_point_g_000_000_dong_den,crime_193,article_193,193,article_193_clause_2_point_g,Point,000.000 đồng đến,000.000,,vnd,000 000 dong den
threshold_article_193_clause_2_point_g_000_000_dong,crime_193,article_193,193,article_193_clause_2_point_g,Point,000.000 đồng,000.000,,vnd,000 000 dong
threshold_article_193_clause_2_point_h_000_000_dong_den,crime_193,article_193,193,article_193_clause_2_point_h,Point,000.000 đồng đến,000.000,,vnd,000 000 dong den
threshold_article_193_clause_2_point_h_000_000_dong,crime_193,article_193,193,article_193_clause_2_point_h,Point,000.000 đồng,000.000,,vnd,000 000 dong
threshold_article_193_clause_2_point_i_tu_31_den_60,crime_193,article_193,193,article_193_clause_2_point_i,Point,từ 31% đến 60%,31,60,percent,tu 31 den 60
threshold_article_193_clause_2_point_k_000_000_dong_den,crime_193,article_193,193,article_193_clause_2_point_k,Point,000.000 đồng đến,000.000,,vnd,000 000 dong den
threshold_article_193_clause_2_point_k_000_000_dong,crime_193,article_193,193,article_193_clause_2_point_k,Point,000.000 đồng,000.000,,vnd,000 000 dong
threshold_article_193_clause_3_point_a_000_000_dong_tro_len,crime_193,article_193,193,article_193_clause_3_point_a,Point,000.000 đồng trở lên,000.000,,vnd,000 000 dong tro len
threshold_article_193_clause_3_point_b_000_000_dong_den,crime_193,article_193,193,article_193_clause_3_point_b,Point,000.000 đồng đến,000.000,,vnd,000 000 dong den
threshold_article_193_clause_3_point_b_000_000_dong,crime_193,article_193,193,article_193_clause_3_point_b,Point,000.000 đồng,000.000,,vnd,000 000 dong
threshold_article_193_clause_3_point_c_000_000_dong_den,crime_193,article_193,193,article_193_clause_3_point_c,Point,000.000 đồng đến,000.000,,vnd,000 000 dong den
threshold_article_193_clause_3_point_c_000_000_dong,crime_193,article_193,193,article_193_clause_3_point_c,Point,000.000 đồng,000.000,,vnd,000 000 dong
threshold_article_193_clause_3_point_d_61_tro_len,crime_193,article_193,193,article_193_clause_3_point_d,Point,61% trở lên,61,,percent,61 tro len
threshold_article_193_clause_3_point_e_tu_61_den_121,crime_193,article_193,193,article_193_clause_3_point_e,Point,từ 61% đến 121%,61,121,percent,tu 61 den 121
threshold_article_193_clause_4_point_a_000_000_dong_tro_len,crime_193,article_193,193,article_193_clause_4_point_a,Point,000.000 đồng trở lên,000.000,,vnd,000 000 dong tro len
threshold_article_193_clause_4_point_b_000_000_dong_tro_len,crime_193,article_193,193,article_193_clause_4_point_b,Point,000.000 đồng trở lên,000.000,,vnd,000 000 dong tro len
threshold_article_193_clause_4_point_d_122_tro_len,crime_193,article_193,193,article_193_clause_4_point_d,Point,122% trở lên,122,,percent,122 tro len
threshold_article_193_clause_6_point_a_000_000_dong_den_6_000,crime_193,article_193,193,article_193_clause_6_point_a,Point,000.000 đồng đến 6.000,000.000,6.000,vnd,000 000 dong den 6 000
threshold_article_193_clause_6_point_a_000_000_dong,crime_193,article_193,193,article_193_clause_6_point_a,Point,000.000 đồng,000.000,,vnd,000 000 dong
threshold_article_193_clause_6_point_b_000_000_dong_den_12_000,crime_193,article_193,193,article_193_clause_6_point_b,Point,000.000 đồng đến 12.000,000.000,12.000,vnd,000 000 dong den 12 000
threshold_article_193_clause_6_point_b_000_000_dong,crime_193,article_193,193,article_193_clause_6_point_b,Point,000.000 đồng,000.000,,vnd,000 000 dong
threshold_article_193_clause_6_point_c_000_000_dong_den_18_000,crime_193,article_193,193,article_193_clause_6_point_c,Point,000.000 đồng đến 18.000,000.000,18.000,vnd,000 000 dong den 18 000
threshold_article_193_clause_6_point_c_000_000_dong,crime_193,article_193,193,article_193_clause_6_point_c,Point,000.000 đồng,000.000,,vnd,000 000 dong
threshold_article_193_clause_6_point_d_000_000_dong_den_36_000,crime_193,article_193,193,article_193_clause_6_point_d,Point,000.000 đồng đến 36.000,000.000,36.000,vnd,000 000 dong den 36 000
threshold_article_193_clause_6_point_d_000_000_dong,crime_193,article_193,193,article_193_clause_6_point_d,Point,000.000 đồng,000.000,,vnd,000 000 dong
threshold_article_193_clause_6_point_e_000_000_dong_den_600_000,crime_193,article_193,193,article_193_clause_6_point_e,Point,000.000 đồng đến 600.000,000.000,600.000,vnd,000 000 dong den 600 000
threshold_article_193_clause_6_point_e_000_dong,crime_193,article_193,193,article_193_clause_6_point_e,Point,000 đồng,000,,vnd,000 dong
threshold_condition_article_194_clause_5_000_000_dong_den_200_000,crime_194,article_194,194,condition_article_194_clause_5,Condition,000.000 đồng đến 200.000,000.000,200.000,vnd,000 000 dong den 200 000
threshold_condition_article_194_clause_5_000_dong,crime_194,article_194,194,condition_article_194_clause_5,Condition,000 đồng,000,,vnd,000 dong
threshold_condition_article_194_clause_2_point_g_000_000_dong_den,crime_194,article_194,194,condition_article_194_clause_2_point_g,Condition,000.000 đồng đến,000.000,,vnd,000 000 dong den
threshold_condition_article_194_clause_2_point_g_000_000_dong,crime_194,article_194,194,condition_article_194_clause_2_point_g,Condition,000.000 đồng,000.000,,vnd,000 000 dong
threshold_condition_article_194_clause_2_point_h_000_000_dong_den,crime_194,article_194,194,condition_article_194_clause_2_point_h,Condition,000.000 đồng đến,000.000,,vnd,000 000 dong den
threshold_condition_article_194_clause_2_point_h_000_000_dong,crime_194,article_194,194,condition_article_194_clause_2_point_h,Condition,000.000 đồng,000.000,,vnd,000 000 dong
threshold_condition_article_194_clause_2_point_i_tu_31_den_60,crime_194,article_194,194,condition_article_194_clause_2_point_i,Condition,từ 31% đến 60%,31,60,percent,tu 31 den 60
threshold_condition_article_194_clause_2_point_k_000_000_dong_den,crime_194,article_194,194,condition_article_194_clause_2_point_k,Condition,000.000 đồng đến,000.000,,vnd,000 000 dong den
threshold_condition_article_194_clause_2_point_k_000_000_dong,crime_194,article_194,194,condition_article_194_clause_2_point_k,Condition,000.000 đồng,000.000,,vnd,000 000 dong
threshold_condition_article_194_clause_3_point_a_000_000_dong_tro_len,crime_194,article_194,194,condition_article_194_clause_3_point_a,Condition,000.000 đồng trở lên,000.000,,vnd,000 000 dong tro len
threshold_condition_article_194_clause_3_point_b_000_000_dong_den,crime_194,article_194,194,condition_article_194_clause_3_point_b,Condition,000.000 đồng đến,000.000,,vnd,000 000 dong den
threshold_condition_article_194_clause_3_point_b_000_000_dong,crime_194,article_194,194,condition_article_194_clause_3_point_b,Condition,000.000 đồng,000.000,,vnd,000 000 dong
threshold_condition_article_194_clause_3_point_d_61_tro_len,crime_194,article_194,194,condition_article_194_clause_3_point_d,Condition,61% trở lên,61,,percent,61 tro len
threshold_condition_article_194_clause_3_point_d_tu_61_den_121,crime_194,article_194,194,condition_article_194_clause_3_point_d,Condition,từ 61% đến 121%,61,121,percent,tu 61 den 121
threshold_condition_article_194_clause_3_point_e_000_000_dong_den,crime_194,article_194,194,condition_article_194_clause_3_point_e,Condition,000.000 đồng đến,000.000,,vnd,000 000 dong den
threshold_condition_article_194_clause_3_point_e_000_000_dong,crime_194,article_194,194,condition_article_194_clause_3_point_e,Condition,000.000 đồng,000.000,,vnd,000 000 dong
threshold_condition_article_194_clause_4_point_a_000_000_dong_tro_len,crime_194,article_194,194,condition_article_194_clause_4_point_a,Condition,000.000 đồng trở lên,000.000,,vnd,000 000 dong tro len
threshold_condition_article_194_clause_4_point_c_122_tro_len,crime_194,article_194,194,condition_article_194_clause_4_point_c,Condition,122% trở lên,122,,percent,122 tro len
threshold_condition_article_194_clause_4_point_d_000_000_dong_tro_len,crime_194,article_194,194,condition_article_194_clause_4_point_d,Condition,000.000 đồng trở lên,000.000,,vnd,000 000 dong tro len
threshold_condition_article_194_clause_6_point_e_000_000_dong_den_600_000,crime_194,article_194,194,condition_article_194_clause_6_point_e,Condition,000.000 đồng đến 600.000,000.000,600.000,vnd,000 000 dong den 600 000
threshold_condition_article_194_clause_6_point_e_000_dong,crime_194,article_194,194,condition_article_194_clause_6_point_e,Condition,000 đồng,000,,vnd,000 dong
threshold_article_194_clause_2_000_000_dong_den,crime_194,article_194,194,article_194_clause_2,Clause,000.000 đồng đến,000.000,,vnd,000 000 dong den
threshold_article_194_clause_2_000_000_dong,crime_194,article_194,194,article_194_clause_2,Clause,000.000 đồng,000.000,,vnd,000 000 dong
threshold_article_194_clause_2_tu_31_den_60,crime_194,article_194,194,article_194_clause_2,Clause,từ 31% đến 60%,31,60,percent,tu 31 den 60
threshold_article_194_clause_3_000_000_dong_tro_len,crime_194,article_194,194,article_194_clause_3,Clause,000.000 đồng trở lên,000.000,,vnd,000 000 dong tro len
threshold_article_194_clause_3_000_000_dong_den,crime_194,article_194,194,article_194_clause_3,Clause,000.000 đồng đến,000.000,,vnd,000 000 dong den
threshold_article_194_clause_3_000_000_dong,crime_194,article_194,194,article_194_clause_3,Clause,000.000 đồng,000.000,,vnd,000 000 dong
threshold_article_194_clause_3_61_tro_len,crime_194,article_194,194,article_194_clause_3,Clause,61% trở lên,61,,percent,61 tro len
threshold_article_194_clause_3_tu_61_den_121,crime_194,article_194,194,article_194_clause_3,Clause,từ 61% đến 121%,61,121,percent,tu 61 den 121
threshold_article_194_clause_4_000_000_dong_tro_len,crime_194,article_194,194,article_194_clause_4,Clause,000.000 đồng trở lên,000.000,,vnd,000 000 dong tro len
threshold_article_194_clause_4_122_tro_len,crime_194,article_194,194,article_194_clause_4,Clause,122% trở lên,122,,percent,122 tro len
threshold_article_194_clause_5_000_000_dong_den_200_000,crime_194,article_194,194,article_194_clause_5,Clause,000.000 đồng đến 200.000,000.000,200.000,vnd,000 000 dong den 200 000
threshold_article_194_clause_5_000_dong,crime_194,article_194,194,article_194_clause_5,Clause,000 đồng,000,,vnd,000 dong
threshold_article_194_clause_6_000_000_dong_den_8_000,crime_194,article_194,194,article_194_clause_6,Clause,000.000 đồng đến 8.000,000.000,8.000,vnd,000 000 dong den 8 000
threshold_article_194_clause_6_000_000_dong,crime_194,article_194,194,article_194_clause_6,Clause,000.000 đồng,000.000,,vnd,000 000 dong
threshold_article_194_clause_6_000_000_dong_den_18_000,crime_194,article_194,194,article_194_clause_6,Clause,000.000 đồng đến 18.000,000.000,18.000,vnd,000 000 dong den 18 000
threshold_article_194_clause_6_000_000_dong_den_30_000,crime_194,article_194,194,article_194_clause_6,Clause,000.000 đồng đến 30.000,000.000,30.000,vnd,000 000 dong den 30 000
threshold_article_194_clause_6_000_000_dong_den_40_000,crime_194,article_194,194,article_194_clause_6,Clause,000.000 đồng đến 40.000,000.000,40.000,vnd,000 000 dong den 40 000
threshold_article_194_clause_6_000_000_dong_den_600_000,crime_194,article_194,194,article_194_clause_6,Clause,000.000 đồng đến 600.000,000.000,600.000,vnd,000 000 dong den 600 000
threshold_article_194_clause_6_000_dong,crime_194,article_194,194,article_194_clause_6,Clause,000 đồng,000,,vnd,000 dong
threshold_article_194_clause_2_point_g_000_000_dong_den,crime_194,article_194,194,article_194_clause_2_point_g,Point,000.000 đồng đến,000.000,,vnd,000 000 dong den
threshold_article_194_clause_2_point_g_000_000_dong,crime_194,article_194,194,article_194_clause_2_point_g,Point,000.000 đồng,000.000,,vnd,000 000 dong
threshold_article_194_clause_2_point_h_000_000_dong_den,crime_194,article_194,194,article_194_clause_2_point_h,Point,000.000 đồng đến,000.000,,vnd,000 000 dong den
threshold_article_194_clause_2_point_h_000_000_dong,crime_194,article_194,194,article_194_clause_2_point_h,Point,000.000 đồng,000.000,,vnd,000 000 dong
threshold_article_194_clause_2_point_i_tu_31_den_60,crime_194,article_194,194,article_194_clause_2_point_i,Point,từ 31% đến 60%,31,60,percent,tu 31 den 60
threshold_article_194_clause_2_point_k_000_000_dong_den,crime_194,article_194,194,article_194_clause_2_point_k,Point,000.000 đồng đến,000.000,,vnd,000 000 dong den
threshold_article_194_clause_2_point_k_000_000_dong,crime_194,article_194,194,article_194_clause_2_point_k,Point,000.000 đồng,000.000,,vnd,000 000 dong
threshold_article_194_clause_3_point_a_000_000_dong_tro_len,crime_194,article_194,194,article_194_clause_3_point_a,Point,000.000 đồng trở lên,000.000,,vnd,000 000 dong tro len
threshold_article_194_clause_3_point_b_000_000_dong_den,crime_194,article_194,194,article_194_clause_3_point_b,Point,000.000 đồng đến,000.000,,vnd,000 000 dong den
threshold_article_194_clause_3_point_b_000_000_dong,crime_194,article_194,194,article_194_clause_3_point_b,Point,000.000 đồng,000.000,,vnd,000 000 dong
threshold_article_194_clause_3_point_d_61_tro_len,crime_194,article_194,194,article_194_clause_3_point_d,Point,61% trở lên,61,,percent,61 tro len
threshold_article_194_clause_3_point_d_tu_61_den_121,crime_194,article_194,194,article_194_clause_3_point_d,Point,từ 61% đến 121%,61,121,percent,tu 61 den 121
threshold_article_194_clause_3_point_e_000_000_dong_den,crime_194,article_194,194,article_194_clause_3_point_e,Point,000.000 đồng đến,000.000,,vnd,000 000 dong den
threshold_article_194_clause_3_point_e_000_000_dong,crime_194,article_194,194,article_194_clause_3_point_e,Point,000.000 đồng,000.000,,vnd,000 000 dong
threshold_article_194_clause_4_point_a_000_000_dong_tro_len,crime_194,article_194,194,article_194_clause_4_point_a,Point,000.000 đồng trở lên,000.000,,vnd,000 000 dong tro len
threshold_article_194_clause_4_point_c_122_tro_len,crime_194,article_194,194,article_194_clause_4_point_c,Point,122% trở lên,122,,percent,122 tro len
threshold_article_194_clause_4_point_d_000_000_dong_tro_len,crime_194,article_194,194,article_194_clause_4_point_d,Point,000.000 đồng trở lên,000.000,,vnd,000 000 dong tro len
threshold_article_194_clause_6_point_a_000_000_dong_den_8_000,crime_194,article_194,194,article_194_clause_6_point_a,Point,000.000 đồng đến 8.000,000.000,8.000,vnd,000 000 dong den 8 000
threshold_article_194_clause_6_point_a_000_000_dong,crime_194,article_194,194,article_194_clause_6_point_a,Point,000.000 đồng,000.000,,vnd,000 000 dong
threshold_article_194_clause_6_point_b_000_000_dong_den_18_000,crime_194,article_194,194,article_194_clause_6_point_b,Point,000.000 đồng đến 18.000,000.000,18.000,vnd,000 000 dong den 18 000
threshold_article_194_clause_6_point_b_000_000_dong,crime_194,article_194,194,article_194_clause_6_point_b,Point,000.000 đồng,000.000,,vnd,000 000 dong
threshold_article_194_clause_6_point_c_000_000_dong_den_30_000,crime_194,article_194,194,article_194_clause_6_point_c,Point,000.000 đồng đến 30.000,000.000,30.000,vnd,000 000 dong den 30 000
threshold_article_194_clause_6_point_c_000_000_dong,crime_194,article_194,194,article_194_clause_6_point_c,Point,000.000 đồng,000.000,,vnd,000 000 dong
threshold_article_194_clause_6_point_d_000_000_dong_den_40_000,crime_194,article_194,194,article_194_clause_6_point_d,Point,000.000 đồng đến 40.000,000.000,40.000,vnd,000 000 dong den 40 000
threshold_article_194_clause_6_point_d_000_000_dong,crime_194,article_194,194,article_194_clause_6_point_d,Point,000.000 đồng,000.000,,vnd,000 000 dong
threshold_article_194_clause_6_point_e_000_000_dong_den_600_000,crime_194,article_194,194,article_194_clause_6_point_e,Point,000.000 đồng đến 600.000,000.000,600.000,vnd,000 000 dong den 600 000
threshold_article_194_clause_6_point_e_000_dong,crime_194,article_194,194,article_194_clause_6_point_e,Point,000 đồng,000,,vnd,000 dong
threshold_condition_article_195_clause_5_000_000_dong_den_200_000,crime_195,article_195,195,condition_article_195_clause_5,Condition,000.000 đồng đến 200.000,000.000,200.000,vnd,000 000 dong den 200 000
threshold_condition_article_195_clause_5_000_dong,crime_195,article_195,195,condition_article_195_clause_5,Condition,000 đồng,000,,vnd,000 dong
threshold_condition_article_195_clause_1_point_a_000_000_dong_den,crime_195,article_195,195,condition_article_195_clause_1_point_a,Condition,000.000 đồng đến,000.000,,vnd,000 000 dong den
threshold_condition_article_195_clause_1_point_a_000_000_dong,crime_195,article_195,195,condition_article_195_clause_1_point_a,Condition,000.000 đồng,000.000,,vnd,000 000 dong
threshold_condition_article_195_clause_1_point_b_000_000_dong_den,crime_195,article_195,195,condition_article_195_clause_1_point_b,Condition,000.000 đồng đến,000.000,,vnd,000 000 dong den
threshold_condition_article_195_clause_1_point_b_000_000_dong,crime_195,article_195,195,condition_article_195_clause_1_point_b,Condition,000.000 đồng,000.000,,vnd,000 000 dong
threshold_condition_article_195_clause_1_point_c_000_000_dong_den,crime_195,article_195,195,condition_article_195_clause_1_point_c,Condition,000.000 đồng đến,000.000,,vnd,000 000 dong den
threshold_condition_article_195_clause_1_point_c_000_000_dong,crime_195,article_195,195,condition_article_195_clause_1_point_c,Condition,000.000 đồng,000.000,,vnd,000 000 dong
threshold_condition_article_195_clause_2_point_g_000_000_dong_den,crime_195,article_195,195,condition_article_195_clause_2_point_g,Condition,000.000 đồng đến,000.000,,vnd,000 000 dong den
threshold_condition_article_195_clause_2_point_g_000_000_dong,crime_195,article_195,195,condition_article_195_clause_2_point_g,Condition,000.000 đồng,000.000,,vnd,000 000 dong
threshold_condition_article_195_clause_2_point_h_000_000_dong_den,crime_195,article_195,195,condition_article_195_clause_2_point_h,Condition,000.000 đồng đến,000.000,,vnd,000 000 dong den
threshold_condition_article_195_clause_2_point_h_000_000_dong,crime_195,article_195,195,condition_article_195_clause_2_point_h,Condition,000.000 đồng,000.000,,vnd,000 000 dong
threshold_condition_article_195_clause_2_point_i_000_000_dong_den,crime_195,article_195,195,condition_article_195_clause_2_point_i,Condition,000.000 đồng đến,000.000,,vnd,000 000 dong den
threshold_condition_article_195_clause_2_point_i_000_000_dong,crime_195,article_195,195,condition_article_195_clause_2_point_i,Condition,000.000 đồng,000.000,,vnd,000 000 dong
threshold_condition_article_195_clause_3_point_a_000_000_dong_tro_len,crime_195,article_195,195,condition_article_195_clause_3_point_a,Condition,000.000 đồng trở lên,000.000,,vnd,000 000 dong tro len
threshold_condition_article_195_clause_3_point_b_000_000_dong_den,crime_195,article_195,195,condition_article_195_clause_3_point_b,Condition,000.000 đồng đến,000.000,,vnd,000 000 dong den
threshold_condition_article_195_clause_3_point_b_000_000_dong,crime_195,article_195,195,condition_article_195_clause_3_point_b,Condition,000.000 đồng,000.000,,vnd,000 000 dong
threshold_condition_article_195_clause_3_point_c_000_000_dong_den,crime_195,article_195,195,condition_article_195_clause_3_point_c,Condition,000.000 đồng đến,000.000,,vnd,000 000 dong den
threshold_condition_article_195_clause_3_point_c_000_000_dong,crime_195,article_195,195,condition_article_195_clause_3_point_c,Condition,000.000 đồng,000.000,,vnd,000 000 dong
threshold_condition_article_195_clause_4_point_a_000_000_dong_tro_len,crime_195,article_195,195,condition_article_195_clause_4_point_a,Condition,000.000 đồng trở lên,000.000,,vnd,000 000 dong tro len
threshold_condition_article_195_clause_4_point_b_000_000_dong_tro_len,crime_195,article_195,195,condition_article_195_clause_4_point_b,Condition,000.000 đồng trở lên,000.000,,vnd,000 000 dong tro len
threshold_condition_article_195_clause_6_point_e_000_000_dong_den_600_000,crime_195,article_195,195,condition_article_195_clause_6_point_e,Condition,000.000 đồng đến 600.000,000.000,600.000,vnd,000 000 dong den 600 000
threshold_condition_article_195_clause_6_point_e_000_dong,crime_195,article_195,195,condition_article_195_clause_6_point_e,Condition,000 đồng,000,,vnd,000 dong
threshold_article_195_clause_1_000_000_dong_den_2_000,crime_195,article_195,195,article_195_clause_1,Clause,000.000 đồng đến 2.000,000.000,2.000,vnd,000 000 dong den 2 000
threshold_article_195_clause_1_000_000_dong,crime_195,article_195,195,article_195_clause_1,Clause,000.000 đồng,000.000,,vnd,000 000 dong
threshold_article_195_clause_1_000_000_dong_den,crime_195,article_195,195,article_195_clause_1,Clause,000.000 đồng đến,000.000,,vnd,000 000 dong den
threshold_article_195_clause_2_000_000_dong_den,crime_195,article_195,195,article_195_clause_2,Clause,000.000 đồng đến,000.000,,vnd,000 000 dong den
threshold_article_195_clause_2_000_000_dong,crime_195,article_195,195,article_195_clause_2,Clause,000.000 đồng,000.000,,vnd,000 000 dong
threshold_article_195_clause_3_000_000_dong_tro_len,crime_195,article_195,195,article_195_clause_3,Clause,000.000 đồng trở lên,000.000,,vnd,000 000 dong tro len
threshold_article_195_clause_3_000_000_dong_den,crime_195,article_195,195,article_195_clause_3,Clause,000.000 đồng đến,000.000,,vnd,000 000 dong den
threshold_article_195_clause_3_000_000_dong,crime_195,article_195,195,article_195_clause_3,Clause,000.000 đồng,000.000,,vnd,000 000 dong
threshold_article_195_clause_4_000_000_dong_tro_len,crime_195,article_195,195,article_195_clause_4,Clause,000.000 đồng trở lên,000.000,,vnd,000 000 dong tro len
threshold_article_195_clause_5_000_000_dong_den_200_000,crime_195,article_195,195,article_195_clause_5,Clause,000.000 đồng đến 200.000,000.000,200.000,vnd,000 000 dong den 200 000
threshold_article_195_clause_5_000_dong,crime_195,article_195,195,article_195_clause_5,Clause,000 đồng,000,,vnd,000 dong
threshold_article_195_clause_6_000_000_dong_den_6_000,crime_195,article_195,195,article_195_clause_6,Clause,000.000 đồng đến 6.000,000.000,6.000,vnd,000 000 dong den 6 000
threshold_article_195_clause_6_000_000_dong,crime_195,article_195,195,article_195_clause_6,Clause,000.000 đồng,000.000,,vnd,000 000 dong
threshold_article_195_clause_6_000_000_dong_den_12_000,crime_195,article_195,195,article_195_clause_6,Clause,000.000 đồng đến 12.000,000.000,12.000,vnd,000 000 dong den 12 000
threshold_article_195_clause_6_000_000_dong_den_18_000,crime_195,article_195,195,article_195_clause_6,Clause,000.000 đồng đến 18.000,000.000,18.000,vnd,000 000 dong den 18 000
threshold_article_195_clause_6_000_000_dong_den_30_000,crime_195,article_195,195,article_195_clause_6,Clause,000.000 đồng đến 30.000,000.000,30.000,vnd,000 000 dong den 30 000
threshold_article_195_clause_6_000_000_dong_den_600_000,crime_195,article_195,195,article_195_clause_6,Clause,000.000 đồng đến 600.000,000.000,600.000,vnd,000 000 dong den 600 000
threshold_article_195_clause_6_000_dong,crime_195,article_195,195,article_195_clause_6,Clause,000 đồng,000,,vnd,000 dong
threshold_article_195_clause_1_point_a_000_000_dong_den,crime_195,article_195,195,article_195_clause_1_point_a,Point,000.000 đồng đến,000.000,,vnd,000 000 dong den
threshold_article_195_clause_1_point_a_000_000_dong,crime_195,article_195,195,article_195_clause_1_point_a,Point,000.000 đồng,000.000,,vnd,000 000 dong
threshold_article_195_clause_1_point_b_000_000_dong_den,crime_195,article_195,195,article_195_clause_1_point_b,Point,000.000 đồng đến,000.000,,vnd,000 000 dong den
threshold_article_195_clause_1_point_b_000_000_dong,crime_195,article_195,195,article_195_clause_1_point_b,Point,000.000 đồng,000.000,,vnd,000 000 dong
threshold_article_195_clause_1_point_c_000_000_dong_den,crime_195,article_195,195,article_195_clause_1_point_c,Point,000.000 đồng đến,000.000,,vnd,000 000 dong den
threshold_article_195_clause_1_point_c_000_000_dong,crime_195,article_195,195,article_195_clause_1_point_c,Point,000.000 đồng,000.000,,vnd,000 000 dong
threshold_article_195_clause_2_point_g_000_000_dong_den,crime_195,article_195,195,article_195_clause_2_point_g,Point,000.000 đồng đến,000.000,,vnd,000 000 dong den
threshold_article_195_clause_2_point_g_000_000_dong,crime_195,article_195,195,article_195_clause_2_point_g,Point,000.000 đồng,000.000,,vnd,000 000 dong
threshold_article_195_clause_2_point_h_000_000_dong_den,crime_195,article_195,195,article_195_clause_2_point_h,Point,000.000 đồng đến,000.000,,vnd,000 000 dong den
threshold_article_195_clause_2_point_h_000_000_dong,crime_195,article_195,195,article_195_clause_2_point_h,Point,000.000 đồng,000.000,,vnd,000 000 dong
threshold_article_195_clause_2_point_i_000_000_dong_den,crime_195,article_195,195,article_195_clause_2_point_i,Point,000.000 đồng đến,000.000,,vnd,000 000 dong den
threshold_article_195_clause_2_point_i_000_000_dong,crime_195,article_195,195,article_195_clause_2_point_i,Point,000.000 đồng,000.000,,vnd,000 000 dong
threshold_article_195_clause_3_point_a_000_000_dong_tro_len,crime_195,article_195,195,article_195_clause_3_point_a,Point,000.000 đồng trở lên,000.000,,vnd,000 000 dong tro len
threshold_article_195_clause_3_point_b_000_000_dong_den,crime_195,article_195,195,article_195_clause_3_point_b,Point,000.000 đồng đến,000.000,,vnd,000 000 dong den
threshold_article_195_clause_3_point_b_000_000_dong,crime_195,article_195,195,article_195_clause_3_point_b,Point,000.000 đồng,000.000,,vnd,000 000 dong
threshold_article_195_clause_3_point_c_000_000_dong_den,crime_195,article_195,195,article_195_clause_3_point_c,Point,000.000 đồng đến,000.000,,vnd,000 000 dong den
threshold_article_195_clause_3_point_c_000_000_dong,crime_195,article_195,195,article_195_clause_3_point_c,Point,000.000 đồng,000.000,,vnd,000 000 dong
threshold_article_195_clause_4_point_a_000_000_dong_tro_len,crime_195,article_195,195,article_195_clause_4_point_a,Point,000.000 đồng trở lên,000.000,,vnd,000 000 dong tro len
threshold_article_195_clause_4_point_b_000_000_dong_tro_len,crime_195,article_195,195,article_195_clause_4_point_b,Point,000.000 đồng trở lên,000.000,,vnd,000 000 dong tro len
threshold_article_195_clause_6_point_a_000_000_dong_den_6_000,crime_195,article_195,195,article_195_clause_6_point_a,Point,000.000 đồng đến 6.000,000.000,6.000,vnd,000 000 dong den 6 000
threshold_article_195_clause_6_point_a_000_000_dong,crime_195,article_195,195,article_195_clause_6_point_a,Point,000.000 đồng,000.000,,vnd,000 000 dong
threshold_article_195_clause_6_point_b_000_000_dong_den_12_000,crime_195,article_195,195,article_195_clause_6_point_b,Point,000.000 đồng đến 12.000,000.000,12.000,vnd,000 000 dong den 12 000
threshold_article_195_clause_6_point_b_000_000_dong,crime_195,article_195,195,article_195_clause_6_point_b,Point,000.000 đồng,000.000,,vnd,000 000 dong
threshold_article_195_clause_6_point_c_000_000_dong_den_18_000,crime_195,article_195,195,article_195_clause_6_point_c,Point,000.000 đồng đến 18.000,000.000,18.000,vnd,000 000 dong den 18 000
threshold_article_195_clause_6_point_c_000_000_dong,crime_195,article_195,195,article_195_clause_6_point_c,Point,000.000 đồng,000.000,,vnd,000 000 dong
threshold_article_195_clause_6_point_d_000_000_dong_den_30_000,crime_195,article_195,195,article_195_clause_6_point_d,Point,000.000 đồng đến 30.000,000.000,30.000,vnd,000 000 dong den 30 000
threshold_article_195_clause_6_point_d_000_000_dong,crime_195,article_195,195,article_195_clause_6_point_d,Point,000.000 đồng,000.000,,vnd,000 000 dong
threshold_article_195_clause_6_point_e_000_000_dong_den_600_000,crime_195,article_195,195,article_195_clause_6_point_e,Point,000.000 đồng đến 600.000,000.000,600.000,vnd,000 000 dong den 600 000
threshold_article_195_clause_6_point_e_000_dong,crime_195,article_195,195,article_195_clause_6_point_e,Point,000 đồng,000,,vnd,000 dong
threshold_condition_article_196_clause_4_000_000_dong_den_200_000,crime_196,article_196,196,condition_article_196_clause_4,Condition,000.000 đồng đến 200.000,000.000,200.000,vnd,000 000 dong den 200 000
threshold_condition_article_196_clause_4_000_dong,crime_196,article_196,196,condition_article_196_clause_4,Condition,000 đồng,000,,vnd,000 dong
threshold_condition_article_196_clause_1_point_a_000_000_dong_den,crime_196,article_196,196,condition_article_196_clause_1_point_a,Condition,000.000 đồng đến,000.000,,vnd,000 000 dong den
threshold_condition_article_196_clause_1_point_a_000_000_dong,crime_196,article_196,196,condition_article_196_clause_1_point_a,Condition,000.000 đồng,000.000,,vnd,000 000 dong
threshold_condition_article_196_clause_1_point_b_000_000_dong_den,crime_196,article_196,196,condition_article_196_clause_1_point_b,Condition,000.000 đồng đến,000.000,,vnd,000 000 dong den
threshold_condition_article_196_clause_1_point_b_000_000_dong,crime_196,article_196,196,condition_article_196_clause_1_point_b,Condition,000.000 đồng,000.000,,vnd,000 000 dong
threshold_condition_article_196_clause_2_point_d_000_000_dong_den,crime_196,article_196,196,condition_article_196_clause_2_point_d,Condition,000.000 đồng đến,000.000,,vnd,000 000 dong den
threshold_condition_article_196_clause_2_point_d_000_000_dong,crime_196,article_196,196,condition_article_196_clause_2_point_d,Condition,000.000 đồng,000.000,,vnd,000 000 dong
threshold_condition_article_196_clause_3_point_a_000_000_dong_tro_len,crime_196,article_196,196,condition_article_196_clause_3_point_a,Condition,000.000 đồng trở lên,000.000,,vnd,000 000 dong tro len
threshold_condition_article_196_clause_3_point_b_000_000_dong_tro_len,crime_196,article_196,196,condition_article_196_clause_3_point_b,Condition,000.000 đồng trở lên,000.000,,vnd,000 000 dong tro len
threshold_condition_article_196_clause_5_point_d_000_000_dong_den_300_000,crime_196,article_196,196,condition_article_196_clause_5_point_d,Condition,000.000 đồng đến 300.000,000.000,300.000,vnd,000 000 dong den 300 000
threshold_condition_article_196_clause_5_point_d_000_dong,crime_196,article_196,196,condition_article_196_clause_5_point_d,Condition,000 đồng,000,,vnd,000 dong
threshold_article_196_clause_1_000_000_dong_den_300_000,crime_196,article_196,196,article_196_clause_1,Clause,000.000 đồng đến 300.000,000.000,300.000,vnd,000 000 dong den 300 000
threshold_article_196_clause_1_000_dong,crime_196,article_196,196,article_196_clause_1,Clause,000 đồng,000,,vnd,000 dong
threshold_article_196_clause_1_000_000_dong_den,crime_196,article_196,196,article_196_clause_1,Clause,000.000 đồng đến,000.000,,vnd,000 000 dong den
threshold_article_196_clause_1_000_000_dong,crime_196,article_196,196,article_196_clause_1,Clause,000.000 đồng,000.000,,vnd,000 000 dong
threshold_article_196_clause_2_000_000_dong_den_1_500,crime_196,article_196,196,article_196_clause_2,Clause,000.000 đồng đến 1.500,000.000,1.500,vnd,000 000 dong den 1 500
threshold_article_196_clause_2_000_000_dong,crime_196,article_196,196,article_196_clause_2,Clause,000.000 đồng,000.000,,vnd,000 000 dong
threshold_article_196_clause_2_000_000_dong_den,crime_196,article_196,196,article_196_clause_2,Clause,000.000 đồng đến,000.000,,vnd,000 000 dong den
threshold_article_196_clause_3_000_000_dong_den_5_000,crime_196,article_196,196,article_196_clause_3,Clause,000.000 đồng đến 5.000,000.000,5.000,vnd,000 000 dong den 5 000
threshold_article_196_clause_3_000_000_dong,crime_196,article_196,196,article_196_clause_3,Clause,000.000 đồng,000.000,,vnd,000 000 dong
threshold_article_196_clause_3_000_000_dong_tro_len,crime_196,article_196,196,article_196_clause_3,Clause,000.000 đồng trở lên,000.000,,vnd,000 000 dong tro len
threshold_article_196_clause_4_000_000_dong_den_200_000,crime_196,article_196,196,article_196_clause_4,Clause,000.000 đồng đến 200.000,000.000,200.000,vnd,000 000 dong den 200 000
threshold_article_196_clause_4_000_dong,crime_196,article_196,196,article_196_clause_4,Clause,000 đồng,000,,vnd,000 dong
threshold_article_196_clause_5_000_000_dong_den_1_000,crime_196,article_196,196,article_196_clause_5,Clause,000.000 đồng đến 1.000,000.000,1.000,vnd,000 000 dong den 1 000
threshold_article_196_clause_5_000_000_dong,crime_196,article_196,196,article_196_clause_5,Clause,000.000 đồng,000.000,,vnd,000 000 dong
threshold_article_196_clause_5_000_000_dong_den_4_000,crime_196,article_196,196,article_196_clause_5,Clause,000.000 đồng đến 4.000,000.000,4.000,vnd,000 000 dong den 4 000
threshold_article_196_clause_5_000_000_dong_den_9_000,crime_196,article_196,196,article_196_clause_5,Clause,000.000 đồng đến 9.000,000.000,9.000,vnd,000 000 dong den 9 000
threshold_article_196_clause_5_000_000_dong_den_300_000,crime_196,article_196,196,article_196_clause_5,Clause,000.000 đồng đến 300.000,000.000,300.000,vnd,000 000 dong den 300 000
threshold_article_196_clause_5_000_dong,crime_196,article_196,196,article_196_clause_5,Clause,000 đồng,000,,vnd,000 dong
threshold_article_196_clause_1_point_a_000_000_dong_den,crime_196,article_196,196,article_196_clause_1_point_a,Point,000.000 đồng đến,000.000,,vnd,000 000 dong den
threshold_article_196_clause_1_point_a_000_000_dong,crime_196,article_196,196,article_196_clause_1_point_a,Point,000.000 đồng,000.000,,vnd,000 000 dong
threshold_article_196_clause_1_point_b_000_000_dong_den,crime_196,article_196,196,article_196_clause_1_point_b,Point,000.000 đồng đến,000.000,,vnd,000 000 dong den
threshold_article_196_clause_1_point_b_000_000_dong,crime_196,article_196,196,article_196_clause_1_point_b,Point,000.000 đồng,000.000,,vnd,000 000 dong
threshold_article_196_clause_2_point_d_000_000_dong_den,crime_196,article_196,196,article_196_clause_2_point_d,Point,000.000 đồng đến,000.000,,vnd,000 000 dong den
threshold_article_196_clause_2_point_d_000_000_dong,crime_196,article_196,196,article_196_clause_2_point_d,Point,000.000 đồng,000.000,,vnd,000 000 dong
threshold_article_196_clause_3_point_a_000_000_dong_tro_len,crime_196,article_196,196,article_196_clause_3_point_a,Point,000.000 đồng trở lên,000.000,,vnd,000 000 dong tro len
threshold_article_196_clause_3_point_b_000_000_dong_tro_len,crime_196,article_196,196,article_196_clause_3_point_b,Point,000.000 đồng trở lên,000.000,,vnd,000 000 dong tro len
threshold_article_196_clause_5_point_a_000_000_dong_den_1_000,crime_196,article_196,196,article_196_clause_5_point_a,Point,000.000 đồng đến 1.000,000.000,1.000,vnd,000 000 dong den 1 000
threshold_article_196_clause_5_point_a_000_000_dong,crime_196,article_196,196,article_196_clause_5_point_a,Point,000.000 đồng,000.000,,vnd,000 000 dong
threshold_article_196_clause_5_point_b_000_000_dong_den_4_000,crime_196,article_196,196,article_196_clause_5_point_b,Point,000.000 đồng đến 4.000,000.000,4.000,vnd,000 000 dong den 4 000
threshold_article_196_clause_5_point_b_000_000_dong,crime_196,article_196,196,article_196_clause_5_point_b,Point,000.000 đồng,000.000,,vnd,000 000 dong
threshold_article_196_clause_5_point_c_000_000_dong_den_9_000,crime_196,article_196,196,article_196_clause_5_point_c,Point,000.000 đồng đến 9.000,000.000,9.000,vnd,000 000 dong den 9 000
threshold_article_196_clause_5_point_c_000_000_dong,crime_196,article_196,196,article_196_clause_5_point_c,Point,000.000 đồng,000.000,,vnd,000 000 dong
threshold_article_196_clause_5_point_d_000_000_dong_den_300_000,crime_196,article_196,196,article_196_clause_5_point_d,Point,000.000 đồng đến 300.000,000.000,300.000,vnd,000 000 dong den 300 000
threshold_article_196_clause_5_point_d_000_dong,crime_196,article_196,196,article_196_clause_5_point_d,Point,000 đồng,000,,vnd,000 dong
threshold_condition_article_197_clause_2_000_000_dong_den_50_000,crime_197,article_197,197,condition_article_197_clause_2,Condition,000.000 đồng đến 50.000,000.000,50.000,vnd,000 000 dong den 50 000
threshold_condition_article_197_clause_2_000_dong,crime_197,article_197,197,condition_article_197_clause_2,Condition,000 đồng,000,,vnd,000 dong
threshold_article_197_clause_1_000_000_dong_den_100_000,crime_197,article_197,197,article_197_clause_1,Clause,000.000 đồng đến 100.000,000.000,100.000,vnd,000 000 dong den 100 000
threshold_article_197_clause_1_000_dong,crime_197,article_197,197,article_197_clause_1,Clause,000 đồng,000,,vnd,000 dong
threshold_article_197_clause_2_000_000_dong_den_50_000,crime_197,article_197,197,article_197_clause_2,Clause,000.000 đồng đến 50.000,000.000,50.000,vnd,000 000 dong den 50 000
threshold_article_197_clause_2_000_dong,crime_197,article_197,197,article_197_clause_2,Clause,000 đồng,000,,vnd,000 dong
threshold_condition_article_198_clause_3_000_000_dong_den_100_000,crime_198,article_198,198,condition_article_198_clause_3,Condition,000.000 đồng đến 100.000,000.000,100.000,vnd,000 000 dong den 100 000
threshold_condition_article_198_clause_3_000_dong,crime_198,article_198,198,condition_article_198_clause_3,Condition,000 đồng,000,,vnd,000 dong
threshold_condition_article_198_clause_1_point_b_000_000_dong_den,crime_198,article_198,198,condition_article_198_clause_1_point_b,Condition,000.000 đồng đến,000.000,,vnd,000 000 dong den
threshold_condition_article_198_clause_1_point_b_000_000_dong,crime_198,article_198,198,condition_article_198_clause_1_point_b,Condition,000.000 đồng,000.000,,vnd,000 000 dong
threshold_condition_article_198_clause_2_point_d_000_000_dong_tro_len,crime_198,article_198,198,condition_article_198_clause_2_point_d,Condition,000.000 đồng trở lên,000.000,,vnd,000 000 dong tro len
threshold_article_198_clause_1_000_000_dong_den_100_000,crime_198,article_198,198,article_198_clause_1,Clause,000.000 đồng đến 100.000,000.000,100.000,vnd,000 000 dong den 100 000
threshold_article_198_clause_1_000_dong,crime_198,article_198,198,article_198_clause_1,Clause,000 đồng,000,,vnd,000 dong
threshold_article_198_clause_1_000_000_dong_den,crime_198,article_198,198,article_198_clause_1,Clause,000.000 đồng đến,000.000,,vnd,000 000 dong den
threshold_article_198_clause_1_000_000_dong,crime_198,article_198,198,article_198_clause_1,Clause,000.000 đồng,000.000,,vnd,000 000 dong
threshold_article_198_clause_2_000_000_dong_den_500_000,crime_198,article_198,198,article_198_clause_2,Clause,000.000 đồng đến 500.000,000.000,500.000,vnd,000 000 dong den 500 000
threshold_article_198_clause_2_000_dong,crime_198,article_198,198,article_198_clause_2,Clause,000 đồng,000,,vnd,000 dong
threshold_article_198_clause_2_000_000_dong_tro_len,crime_198,article_198,198,article_198_clause_2,Clause,000.000 đồng trở lên,000.000,,vnd,000 000 dong tro len
threshold_article_198_clause_3_000_000_dong_den_100_000,crime_198,article_198,198,article_198_clause_3,Clause,000.000 đồng đến 100.000,000.000,100.000,vnd,000 000 dong den 100 000
threshold_article_198_clause_3_000_dong,crime_198,article_198,198,article_198_clause_3,Clause,000 đồng,000,,vnd,000 dong
threshold_article_198_clause_1_point_b_000_000_dong_den,crime_198,article_198,198,article_198_clause_1_point_b,Point,000.000 đồng đến,000.000,,vnd,000 000 dong den
threshold_article_198_clause_1_point_b_000_000_dong,crime_198,article_198,198,article_198_clause_1_point_b,Point,000.000 đồng,000.000,,vnd,000 000 dong
threshold_article_198_clause_2_point_d_000_000_dong_tro_len,crime_198,article_198,198,article_198_clause_2_point_d,Point,000.000 đồng trở lên,000.000,,vnd,000 000 dong tro len
threshold_condition_article_199_clause_4_000_000_dong_den_50_000,crime_199,article_199,199,condition_article_199_clause_4,Condition,000.000 đồng đến 50.000,000.000,50.000,vnd,000 000 dong den 50 000
threshold_condition_article_199_clause_4_000_dong,crime_199,article_199,199,condition_article_199_clause_4,Condition,000 đồng,000,,vnd,000 dong
threshold_condition_article_199_clause_1_point_a_61_tro_len,crime_199,article_199,199,condition_article_199_clause_1_point_a,Condition,61% trở lên,61,,percent,61 tro len
threshold_condition_article_199_clause_1_point_b_tu_61_den_121,crime_199,article_199,199,condition_article_199_clause_1_point_b,Condition,từ 61% đến 121%,61,121,percent,tu 61 den 121
threshold_condition_article_199_clause_1_point_c_000_000_dong_den,crime_199,article_199,199,condition_article_199_clause_1_point_c,Condition,000.000 đồng đến,000.000,,vnd,000 000 dong den
threshold_condition_article_199_clause_1_point_c_000_000_dong,crime_199,article_199,199,condition_article_199_clause_1_point_c,Condition,000.000 đồng,000.000,,vnd,000 000 dong
threshold_condition_article_199_clause_2_point_b_tu_122_den_200,crime_199,article_199,199,condition_article_199_clause_2_point_b,Condition,từ 122% đến 200%,122,200,percent,tu 122 den 200
threshold_condition_article_199_clause_2_point_c_000_000_dong_den,crime_199,article_199,199,condition_article_199_clause_2_point_c,Condition,000.000 đồng đến,000.000,,vnd,000 000 dong den
threshold_condition_article_199_clause_2_point_c_000_000_dong,crime_199,article_199,199,condition_article_199_clause_2_point_c,Condition,000.000 đồng,000.000,,vnd,000 000 dong
threshold_condition_article_199_clause_3_point_b_201_tro_len,crime_199,article_199,199,condition_article_199_clause_3_point_b,Condition,201% trở lên,201,,percent,201 tro len
threshold_condition_article_199_clause_3_point_c_000_000_dong_tro_len,crime_199,article_199,199,condition_article_199_clause_3_point_c,Condition,000.000 đồng trở lên,000.000,,vnd,000 000 dong tro len
threshold_article_199_clause_1_000_000_dong_den_150_000,crime_199,article_199,199,article_199_clause_1,Clause,000.000 đồng đến 150.000,000.000,150.000,vnd,000 000 dong den 150 000
threshold_article_199_clause_1_000_dong,crime_199,article_199,199,article_199_clause_1,Clause,000 đồng,000,,vnd,000 dong
threshold_article_199_clause_1_000_000_dong_den,crime_199,article_199,199,article_199_clause_1,Clause,000.000 đồng đến,000.000,,vnd,000 000 dong den
threshold_article_199_clause_1_000_000_dong,crime_199,article_199,199,article_199_clause_1,Clause,000.000 đồng,000.000,,vnd,000 000 dong
threshold_article_199_clause_1_61_tro_len,crime_199,article_199,199,article_199_clause_1,Clause,61% trở lên,61,,percent,61 tro len
threshold_article_199_clause_1_tu_61_den_121,crime_199,article_199,199,article_199_clause_1,Clause,từ 61% đến 121%,61,121,percent,tu 61 den 121
threshold_article_199_clause_2_000_000_dong_den_500_000,crime_199,article_199,199,article_199_clause_2,Clause,000.000 đồng đến 500.000,000.000,500.000,vnd,000 000 dong den 500 000
threshold_article_199_clause_2_000_dong,crime_199,article_199,199,article_199_clause_2,Clause,000 đồng,000,,vnd,000 dong
threshold_article_199_clause_2_000_000_dong_den,crime_199,article_199,199,article_199_clause_2,Clause,000.000 đồng đến,000.000,,vnd,000 000 dong den
threshold_article_199_clause_2_000_000_dong,crime_199,article_199,199,article_199_clause_2,Clause,000.000 đồng,000.000,,vnd,000 000 dong
threshold_article_199_clause_2_tu_122_den_200,crime_199,article_199,199,article_199_clause_2,Clause,từ 122% đến 200%,122,200,percent,tu 122 den 200
threshold_article_199_clause_3_000_000_dong_tro_len,crime_199,article_199,199,article_199_clause_3,Clause,000.000 đồng trở lên,000.000,,vnd,000 000 dong tro len
threshold_article_199_clause_3_201_tro_len,crime_199,article_199,199,article_199_clause_3,Clause,201% trở lên,201,,percent,201 tro len
threshold_article_199_clause_4_000_000_dong_den_50_000,crime_199,article_199,199,article_199_clause_4,Clause,000.000 đồng đến 50.000,000.000,50.000,vnd,000 000 dong den 50 000
threshold_article_199_clause_4_000_dong,crime_199,article_199,199,article_199_clause_4,Clause,000 đồng,000,,vnd,000 dong
threshold_article_199_clause_1_point_a_61_tro_len,crime_199,article_199,199,article_199_clause_1_point_a,Point,61% trở lên,61,,percent,61 tro len
threshold_article_199_clause_1_point_b_tu_61_den_121,crime_199,article_199,199,article_199_clause_1_point_b,Point,từ 61% đến 121%,61,121,percent,tu 61 den 121
threshold_article_199_clause_1_point_c_000_000_dong_den,crime_199,article_199,199,article_199_clause_1_point_c,Point,000.000 đồng đến,000.000,,vnd,000 000 dong den
threshold_article_199_clause_1_point_c_000_000_dong,crime_199,article_199,199,article_199_clause_1_point_c,Point,000.000 đồng,000.000,,vnd,000 000 dong
threshold_article_199_clause_2_point_b_tu_122_den_200,crime_199,article_199,199,article_199_clause_2_point_b,Point,từ 122% đến 200%,122,200,percent,tu 122 den 200
threshold_article_199_clause_2_point_c_000_000_dong_den,crime_199,article_199,199,article_199_clause_2_point_c,Point,000.000 đồng đến,000.000,,vnd,000 000 dong den
threshold_article_199_clause_2_point_c_000_000_dong,crime_199,article_199,199,article_199_clause_2_point_c,Point,000.000 đồng,000.000,,vnd,000 000 dong
threshold_article_199_clause_3_point_b_201_tro_len,crime_199,article_199,199,article_199_clause_3_point_b,Point,201% trở lên,201,,percent,201 tro len
threshold_article_199_clause_3_point_c_000_000_dong_tro_len,crime_199,article_199,199,article_199_clause_3_point_c,Point,000.000 đồng trở lên,000.000,,vnd,000 000 dong tro len
threshold_condition_article_200_clause_1_000_000_dong_den,crime_200,article_200,200,condition_article_200_clause_1,Condition,000.000 đồng đến,000.000,,vnd,000 000 dong den
threshold_condition_article_200_clause_1_000_000_dong,crime_200,article_200,200,condition_article_200_clause_1,Condition,000.000 đồng,000.000,,vnd,000 000 dong
threshold_condition_article_200_clause_3_000_000_dong_tro_len,crime_200,article_200,200,condition_article_200_clause_3,Condition,000.000 đồng trở lên,000.000,,vnd,000 000 dong tro len
threshold_condition_article_200_clause_4_000_000_dong_den_100_000,crime_200,article_200,200,condition_article_200_clause_4,Condition,000.000 đồng đến 100.000,000.000,100.000,vnd,000 000 dong den 100 000
threshold_condition_article_200_clause_4_000_dong,crime_200,article_200,200,condition_article_200_clause_4,Condition,000 đồng,000,,vnd,000 dong
threshold_condition_article_200_clause_2_point_b_000_000_dong_den,crime_200,article_200,200,condition_article_200_clause_2_point_b,Condition,000.000 đồng đến,000.000,,vnd,000 000 dong den
threshold_condition_article_200_clause_2_point_b_000_000_dong,crime_200,article_200,200,condition_article_200_clause_2_point_b,Condition,000.000 đồng,000.000,,vnd,000 000 dong
threshold_condition_article_200_clause_5_point_a_000_000_dong_den,crime_200,article_200,200,condition_article_200_clause_5_point_a,Condition,000.000 đồng đến,000.000,,vnd,000 000 dong den
threshold_condition_article_200_clause_5_point_a_000_000_dong,crime_200,article_200,200,condition_article_200_clause_5_point_a,Condition,000.000 đồng,000.000,,vnd,000 000 dong
threshold_condition_article_200_clause_5_point_d_000_000_dong_den_200_000,crime_200,article_200,200,condition_article_200_clause_5_point_d,Condition,000.000 đồng đến 200.000,000.000,200.000,vnd,000 000 dong den 200 000
threshold_condition_article_200_clause_5_point_d_000_dong,crime_200,article_200,200,condition_article_200_clause_5_point_d,Condition,000 đồng,000,,vnd,000 dong
threshold_article_200_clause_1_000_000_dong_den,crime_200,article_200,200,article_200_clause_1,Clause,000.000 đồng đến,000.000,,vnd,000 000 dong den
threshold_article_200_clause_1_000_000_dong,crime_200,article_200,200,article_200_clause_1,Clause,000.000 đồng,000.000,,vnd,000 000 dong
threshold_article_200_clause_1_000_000_dong_den_500_000,crime_200,article_200,200,article_200_clause_1,Clause,000.000 đồng đến 500.000,000.000,500.000,vnd,000 000 dong den 500 000
threshold_article_200_clause_1_000_dong,crime_200,article_200,200,article_200_clause_1,Clause,000 đồng,000,,vnd,000 dong
threshold_article_200_clause_2_000_000_dong_den_1_500,crime_200,article_200,200,article_200_clause_2,Clause,000.000 đồng đến 1.500,000.000,1.500,vnd,000 000 dong den 1 500
threshold_article_200_clause_2_000_000_dong,crime_200,article_200,200,article_200_clause_2,Clause,000.000 đồng,000.000,,vnd,000 000 dong
threshold_article_200_clause_2_000_000_dong_den,crime_200,article_200,200,article_200_clause_2,Clause,000.000 đồng đến,000.000,,vnd,000 000 dong den
threshold_article_200_clause_3_000_000_dong_tro_len,crime_200,article_200,200,article_200_clause_3,Clause,000.000 đồng trở lên,000.000,,vnd,000 000 dong tro len
threshold_article_200_clause_3_000_000_dong_den_4_500,crime_200,article_200,200,article_200_clause_3,Clause,000.000 đồng đến 4.500,000.000,4.500,vnd,000 000 dong den 4 500
threshold_article_200_clause_3_000_000_dong,crime_200,article_200,200,article_200_clause_3,Clause,000.000 đồng,000.000,,vnd,000 000 dong
threshold_article_200_clause_4_000_000_dong_den_100_000,crime_200,article_200,200,article_200_clause_4,Clause,000.000 đồng đến 100.000,000.000,100.000,vnd,000 000 dong den 100 000
threshold_article_200_clause_4_000_dong,crime_200,article_200,200,article_200_clause_4,Clause,000 đồng,000,,vnd,000 dong
threshold_article_200_clause_5_000_000_dong_den,crime_200,article_200,200,article_200_clause_5,Clause,000.000 đồng đến,000.000,,vnd,000 000 dong den
threshold_article_200_clause_5_000_000_dong,crime_200,article_200,200,article_200_clause_5,Clause,000.000 đồng,000.000,,vnd,000 000 dong
threshold_article_200_clause_5_000_000_dong_den_1_000,crime_200,article_200,200,article_200_clause_5,Clause,000.000 đồng đến 1.000,000.000,1.000,vnd,000 000 dong den 1 000
threshold_article_200_clause_5_000_000_dong_den_3_000,crime_200,article_200,200,article_200_clause_5,Clause,000.000 đồng đến 3.000,000.000,3.000,vnd,000 000 dong den 3 000
threshold_article_200_clause_5_000_000_dong_den_10_000,crime_200,article_200,200,article_200_clause_5,Clause,000.000 đồng đến 10.000,000.000,10.000,vnd,000 000 dong den 10 000
threshold_article_200_clause_5_000_000_dong_den_200_000,crime_200,article_200,200,article_200_clause_5,Clause,000.000 đồng đến 200.000,000.000,200.000,vnd,000 000 dong den 200 000
threshold_article_200_clause_5_000_dong,crime_200,article_200,200,article_200_clause_5,Clause,000 đồng,000,,vnd,000 dong
threshold_article_200_clause_2_point_b_000_000_dong_den,crime_200,article_200,200,article_200_clause_2_point_b,Point,000.000 đồng đến,000.000,,vnd,000 000 dong den
threshold_article_200_clause_2_point_b_000_000_dong,crime_200,article_200,200,article_200_clause_2_point_b,Point,000.000 đồng,000.000,,vnd,000 000 dong
threshold_article_200_clause_5_point_a_000_000_dong_den,crime_200,article_200,200,article_200_clause_5_point_a,Point,000.000 đồng đến,000.000,,vnd,000 000 dong den
threshold_article_200_clause_5_point_a_000_000_dong,crime_200,article_200,200,article_200_clause_5_point_a,Point,000.000 đồng,000.000,,vnd,000 000 dong
threshold_article_200_clause_5_point_a_000_000_dong_den_1_000,crime_200,article_200,200,article_200_clause_5_point_a,Point,000.000 đồng đến 1.000,000.000,1.000,vnd,000 000 dong den 1 000
threshold_article_200_clause_5_point_b_000_000_dong_den_3_000,crime_200,article_200,200,article_200_clause_5_point_b,Point,000.000 đồng đến 3.000,000.000,3.000,vnd,000 000 dong den 3 000
threshold_article_200_clause_5_point_b_000_000_dong,crime_200,article_200,200,article_200_clause_5_point_b,Point,000.000 đồng,000.000,,vnd,000 000 dong
threshold_article_200_clause_5_point_c_000_000_dong_den_10_000,crime_200,article_200,200,article_200_clause_5_point_c,Point,000.000 đồng đến 10.000,000.000,10.000,vnd,000 000 dong den 10 000
threshold_article_200_clause_5_point_c_000_000_dong,crime_200,article_200,200,article_200_clause_5_point_c,Point,000.000 đồng,000.000,,vnd,000 000 dong
threshold_article_200_clause_5_point_d_000_000_dong_den_200_000,crime_200,article_200,200,article_200_clause_5_point_d,Point,000.000 đồng đến 200.000,000.000,200.000,vnd,000 000 dong den 200 000
threshold_article_200_clause_5_point_d_000_dong,crime_200,article_200,200,article_200_clause_5_point_d,Point,000 đồng,000,,vnd,000 dong
threshold_condition_article_201_clause_1_000_000_dong_den,crime_201,article_201,201,condition_article_201_clause_1,Condition,000.000 đồng đến,000.000,,vnd,000 000 dong den
threshold_condition_article_201_clause_1_000_000_dong,crime_201,article_201,201,condition_article_201_clause_1,Condition,000.000 đồng,000.000,,vnd,000 000 dong
threshold_condition_article_201_clause_2_000_000_dong_tro_len,crime_201,article_201,201,condition_article_201_clause_2,Condition,000.000 đồng trở lên,000.000,,vnd,000 000 dong tro len
threshold_condition_article_201_clause_3_000_000_dong_den_100_000,crime_201,article_201,201,condition_article_201_clause_3,Condition,000.000 đồng đến 100.000,000.000,100.000,vnd,000 000 dong den 100 000
threshold_condition_article_201_clause_3_000_dong,crime_201,article_201,201,condition_article_201_clause_3,Condition,000 đồng,000,,vnd,000 dong
threshold_article_201_clause_1_000_000_dong_den,crime_201,article_201,201,article_201_clause_1,Clause,000.000 đồng đến,000.000,,vnd,000 000 dong den
threshold_article_201_clause_1_000_000_dong,crime_201,article_201,201,article_201_clause_1,Clause,000.000 đồng,000.000,,vnd,000 000 dong
threshold_article_201_clause_1_000_000_dong_den_200_000,crime_201,article_201,201,article_201_clause_1,Clause,000.000 đồng đến 200.000,000.000,200.000,vnd,000 000 dong den 200 000
threshold_article_201_clause_1_000_dong,crime_201,article_201,201,article_201_clause_1,Clause,000 đồng,000,,vnd,000 dong
threshold_article_201_clause_2_000_000_dong_tro_len,crime_201,article_201,201,article_201_clause_2,Clause,000.000 đồng trở lên,000.000,,vnd,000 000 dong tro len
threshold_article_201_clause_2_000_000_dong_den_1_000,crime_201,article_201,201,article_201_clause_2,Clause,000.000 đồng đến 1.000,000.000,1.000,vnd,000 000 dong den 1 000
threshold_article_201_clause_2_000_000_dong,crime_201,article_201,201,article_201_clause_2,Clause,000.000 đồng,000.000,,vnd,000 000 dong
threshold_article_201_clause_3_000_000_dong_den_100_000,crime_201,article_201,201,article_201_clause_3,Clause,000.000 đồng đến 100.000,000.000,100.000,vnd,000 000 dong den 100 000
threshold_article_201_clause_3_000_dong,crime_201,article_201,201,article_201_clause_3,Clause,000 đồng,000,,vnd,000 dong
threshold_condition_article_202_clause_3_000_000_dong_den_50_000,crime_202,article_202,202,condition_article_202_clause_3,Condition,000.000 đồng đến 50.000,000.000,50.000,vnd,000 000 dong den 50 000
threshold_condition_article_202_clause_3_000_dong,crime_202,article_202,202,condition_article_202_clause_3,Condition,000 đồng,000,,vnd,000 dong
threshold_condition_article_202_clause_1_point_b_000_000_dong_den,crime_202,article_202,202,condition_article_202_clause_1_point_b,Condition,000.000 đồng đến,000.000,,vnd,000 000 dong den
threshold_condition_article_202_clause_1_point_b_000_000_dong,crime_202,article_202,202,condition_article_202_clause_1_point_b,Condition,000.000 đồng,000.000,,vnd,000 000 dong
threshold_condition_article_202_clause_1_point_d_000_000_dong_den,crime_202,article_202,202,condition_article_202_clause_1_point_d,Condition,000.000 đồng đến,000.000,,vnd,000 000 dong den
threshold_condition_article_202_clause_1_point_d_000_000_dong,crime_202,article_202,202,condition_article_202_clause_1_point_d,Condition,000.000 đồng,000.000,,vnd,000 000 dong
threshold_condition_article_202_clause_2_point_d_000_000_dong_tro_len,crime_202,article_202,202,condition_article_202_clause_2_point_d,Condition,000.000 đồng trở lên,000.000,,vnd,000 000 dong tro len
threshold_article_202_clause_1_000_000_dong_den_100_000,crime_202,article_202,202,article_202_clause_1,Clause,000.000 đồng đến 100.000,000.000,100.000,vnd,000 000 dong den 100 000
threshold_article_202_clause_1_000_dong,crime_202,article_202,202,article_202_clause_1,Clause,000 đồng,000,,vnd,000 dong
threshold_article_202_clause_1_000_000_dong_den,crime_202,article_202,202,article_202_clause_1,Clause,000.000 đồng đến,000.000,,vnd,000 000 dong den
threshold_article_202_clause_1_000_000_dong,crime_202,article_202,202,article_202_clause_1,Clause,000.000 đồng,000.000,,vnd,000 000 dong
threshold_article_202_clause_2_000_000_dong_den_500_000,crime_202,article_202,202,article_202_clause_2,Clause,000.000 đồng đến 500.000,000.000,500.000,vnd,000 000 dong den 500 000
threshold_article_202_clause_2_000_dong,crime_202,article_202,202,article_202_clause_2,Clause,000 đồng,000,,vnd,000 dong
threshold_article_202_clause_2_000_000_dong_tro_len,crime_202,article_202,202,article_202_clause_2,Clause,000.000 đồng trở lên,000.000,,vnd,000 000 dong tro len
threshold_article_202_clause_3_000_000_dong_den_50_000,crime_202,article_202,202,article_202_clause_3,Clause,000.000 đồng đến 50.000,000.000,50.000,vnd,000 000 dong den 50 000
threshold_article_202_clause_3_000_dong,crime_202,article_202,202,article_202_clause_3,Clause,000 đồng,000,,vnd,000 dong
threshold_article_202_clause_1_point_b_000_000_dong_den,crime_202,article_202,202,article_202_clause_1_point_b,Point,000.000 đồng đến,000.000,,vnd,000 000 dong den
threshold_article_202_clause_1_point_b_000_000_dong,crime_202,article_202,202,article_202_clause_1_point_b,Point,000.000 đồng,000.000,,vnd,000 000 dong
threshold_article_202_clause_1_point_d_000_000_dong_den,crime_202,article_202,202,article_202_clause_1_point_d,Point,000.000 đồng đến,000.000,,vnd,000 000 dong den
threshold_article_202_clause_1_point_d_000_000_dong,crime_202,article_202,202,article_202_clause_1_point_d,Point,000.000 đồng,000.000,,vnd,000 000 dong
threshold_article_202_clause_2_point_d_000_000_dong_tro_len,crime_202,article_202,202,article_202_clause_2_point_d,Point,000.000 đồng trở lên,000.000,,vnd,000 000 dong tro len
threshold_condition_article_203_clause_1_000_000_dong_den,crime_203,article_203,203,condition_article_203_clause_1,Condition,000.000 đồng đến,000.000,,vnd,000 000 dong den
threshold_condition_article_203_clause_1_000_000_dong,crime_203,article_203,203,condition_article_203_clause_1,Condition,000.000 đồng,000.000,,vnd,000 000 dong
threshold_condition_article_203_clause_3_000_000_dong_den_50_000,crime_203,article_203,203,condition_article_203_clause_3,Condition,000.000 đồng đến 50.000,000.000,50.000,vnd,000 000 dong den 50 000
threshold_condition_article_203_clause_3_000_dong,crime_203,article_203,203,condition_article_203_clause_3,Condition,000 đồng,000,,vnd,000 dong
threshold_condition_article_203_clause_2_point_d_000_000_dong_tro_len,crime_203,article_203,203,condition_article_203_clause_2_point_d,Condition,000.000 đồng trở lên,000.000,,vnd,000 000 dong tro len
threshold_condition_article_203_clause_2_point_e_000_000_dong_tro_len,crime_203,article_203,203,condition_article_203_clause_2_point_e,Condition,000.000 đồng trở lên,000.000,,vnd,000 000 dong tro len
threshold_condition_article_203_clause_4_point_d_000_000_dong_den_200_000,crime_203,article_203,203,condition_article_203_clause_4_point_d,Condition,000.000 đồng đến 200.000,000.000,200.000,vnd,000 000 dong den 200 000
threshold_condition_article_203_clause_4_point_d_000_dong,crime_203,article_203,203,condition_article_203_clause_4_point_d,Condition,000 đồng,000,,vnd,000 dong
threshold_article_203_clause_1_000_000_dong_den,crime_203,article_203,203,article_203_clause_1,Clause,000.000 đồng đến,000.000,,vnd,000 000 dong den
threshold_article_203_clause_1_000_000_dong,crime_203,article_203,203,article_203_clause_1,Clause,000.000 đồng,000.000,,vnd,000 000 dong
threshold_article_203_clause_1_000_000_dong_den_200_000,crime_203,article_203,203,article_203_clause_1,Clause,000.000 đồng đến 200.000,000.000,200.000,vnd,000 000 dong den 200 000
threshold_article_203_clause_1_000_dong,crime_203,article_203,203,article_203_clause_1,Clause,000 đồng,000,,vnd,000 dong
threshold_article_203_clause_2_000_000_dong_den_500_000,crime_203,article_203,203,article_203_clause_2,Clause,000.000 đồng đến 500.000,000.000,500.000,vnd,000 000 dong den 500 000
threshold_article_203_clause_2_000_dong,crime_203,article_203,203,article_203_clause_2,Clause,000 đồng,000,,vnd,000 dong
threshold_article_203_clause_2_000_000_dong_tro_len,crime_203,article_203,203,article_203_clause_2,Clause,000.000 đồng trở lên,000.000,,vnd,000 000 dong tro len
threshold_article_203_clause_3_000_000_dong_den_50_000,crime_203,article_203,203,article_203_clause_3,Clause,000.000 đồng đến 50.000,000.000,50.000,vnd,000 000 dong den 50 000
threshold_article_203_clause_3_000_dong,crime_203,article_203,203,article_203_clause_3,Clause,000 đồng,000,,vnd,000 dong
threshold_article_203_clause_4_000_000_dong_den_500_000,crime_203,article_203,203,article_203_clause_4,Clause,000.000 đồng đến 500.000,000.000,500.000,vnd,000 000 dong den 500 000
threshold_article_203_clause_4_000_dong,crime_203,article_203,203,article_203_clause_4,Clause,000 đồng,000,,vnd,000 dong
threshold_article_203_clause_4_000_000_dong_den_1_000,crime_203,article_203,203,article_203_clause_4,Clause,000.000 đồng đến 1.000,000.000,1.000,vnd,000 000 dong den 1 000
threshold_article_203_clause_4_000_000_dong,crime_203,article_203,203,article_203_clause_4,Clause,000.000 đồng,000.000,,vnd,000 000 dong
threshold_article_203_clause_4_000_000_dong_den_200_000,crime_203,article_203,203,article_203_clause_4,Clause,000.000 đồng đến 200.000,000.000,200.000,vnd,000 000 dong den 200 000
threshold_article_203_clause_2_point_d_000_000_dong_tro_len,crime_203,article_203,203,article_203_clause_2_point_d,Point,000.000 đồng trở lên,000.000,,vnd,000 000 dong tro len
threshold_article_203_clause_2_point_e_000_000_dong_tro_len,crime_203,article_203,203,article_203_clause_2_point_e,Point,000.000 đồng trở lên,000.000,,vnd,000 000 dong tro len
threshold_article_203_clause_4_point_a_000_000_dong_den_500_000,crime_203,article_203,203,article_203_clause_4_point_a,Point,000.000 đồng đến 500.000,000.000,500.000,vnd,000 000 dong den 500 000
threshold_article_203_clause_4_point_a_000_dong,crime_203,article_203,203,article_203_clause_4_point_a,Point,000 đồng,000,,vnd,000 dong
threshold_article_203_clause_4_point_b_000_000_dong_den_1_000,crime_203,article_203,203,article_203_clause_4_point_b,Point,000.000 đồng đến 1.000,000.000,1.000,vnd,000 000 dong den 1 000
threshold_article_203_clause_4_point_b_000_000_dong,crime_203,article_203,203,article_203_clause_4_point_b,Point,000.000 đồng,000.000,,vnd,000 000 dong
threshold_article_203_clause_4_point_d_000_000_dong_den_200_000,crime_203,article_203,203,article_203_clause_4_point_d,Point,000.000 đồng đến 200.000,000.000,200.000,vnd,000 000 dong den 200 000
threshold_article_203_clause_4_point_d_000_dong,crime_203,article_203,203,article_203_clause_4_point_d,Point,000 đồng,000,,vnd,000 dong
threshold_condition_article_204_clause_1_000_000_dong_den,crime_204,article_204,204,condition_article_204_clause_1,Condition,000.000 đồng đến,000.000,,vnd,000 000 dong den
threshold_condition_article_204_clause_1_000_000_dong,crime_204,article_204,204,condition_article_204_clause_1,Condition,000.000 đồng,000.000,,vnd,000 000 dong
threshold_condition_article_204_clause_2_point_b_000_000_dong_tro_len,crime_204,article_204,204,condition_article_204_clause_2_point_b,Condition,000.000 đồng trở lên,000.000,,vnd,000 000 dong tro len
threshold_article_204_clause_1_000_000_dong_den,crime_204,article_204,204,article_204_clause_1,Clause,000.000 đồng đến,000.000,,vnd,000 000 dong den
threshold_article_204_clause_1_000_000_dong,crime_204,article_204,204,article_204_clause_1,Clause,000.000 đồng,000.000,,vnd,000 000 dong
threshold_article_204_clause_1_000_000_dong_den_100_000,crime_204,article_204,204,article_204_clause_1,Clause,000.000 đồng đến 100.000,000.000,100.000,vnd,000 000 dong den 100 000
threshold_article_204_clause_1_000_dong,crime_204,article_204,204,article_204_clause_1,Clause,000 đồng,000,,vnd,000 dong
threshold_article_204_clause_2_000_000_dong_den_500_000,crime_204,article_204,204,article_204_clause_2,Clause,000.000 đồng đến 500.000,000.000,500.000,vnd,000 000 dong den 500 000
threshold_article_204_clause_2_000_dong,crime_204,article_204,204,article_204_clause_2,Clause,000 đồng,000,,vnd,000 dong
threshold_article_204_clause_2_000_000_dong_tro_len,crime_204,article_204,204,article_204_clause_2,Clause,000.000 đồng trở lên,000.000,,vnd,000 000 dong tro len
threshold_article_204_clause_2_point_b_000_000_dong_tro_len,crime_204,article_204,204,article_204_clause_2_point_b,Point,000.000 đồng trở lên,000.000,,vnd,000 000 dong tro len
threshold_condition_article_205_clause_1_000_000_dong_den,crime_205,article_205,205,condition_article_205_clause_1,Condition,000.000 đồng đến,000.000,,vnd,000 000 dong den
threshold_condition_article_205_clause_1_000_000_dong,crime_205,article_205,205,condition_article_205_clause_1,Condition,000.000 đồng,000.000,,vnd,000 000 dong
threshold_condition_article_205_clause_3_000_000_dong_tro_len,crime_205,article_205,205,condition_article_205_clause_3,Condition,000.000 đồng trở lên,000.000,,vnd,000 000 dong tro len
threshold_condition_article_205_clause_4_000_000_dong_den_50_000,crime_205,article_205,205,condition_article_205_clause_4,Condition,000.000 đồng đến 50.000,000.000,50.000,vnd,000 000 dong den 50 000
threshold_condition_article_205_clause_4_000_dong,crime_205,article_205,205,condition_article_205_clause_4,Condition,000 đồng,000,,vnd,000 dong
threshold_condition_article_205_clause_2_point_c_000_000_dong_den,crime_205,article_205,205,condition_article_205_clause_2_point_c,Condition,000.000 đồng đến,000.000,,vnd,000 000 dong den
threshold_condition_article_205_clause_2_point_c_000_000_dong,crime_205,article_205,205,condition_article_205_clause_2_point_c,Condition,000.000 đồng,000.000,,vnd,000 000 dong
threshold_article_205_clause_1_000_000_dong_den,crime_205,article_205,205,article_205_clause_1,Clause,000.000 đồng đến,000.000,,vnd,000 000 dong den
threshold_article_205_clause_1_000_000_dong,crime_205,article_205,205,article_205_clause_1,Clause,000.000 đồng,000.000,,vnd,000 000 dong
threshold_article_205_clause_1_000_000_dong_den_100_000,crime_205,article_205,205,article_205_clause_1,Clause,000.000 đồng đến 100.000,000.000,100.000,vnd,000 000 dong den 100 000
threshold_article_205_clause_1_000_dong,crime_205,article_205,205,article_205_clause_1,Clause,000 đồng,000,,vnd,000 dong
threshold_article_205_clause_2_000_000_dong_den_500_000,crime_205,article_205,205,article_205_clause_2,Clause,000.000 đồng đến 500.000,000.000,500.000,vnd,000 000 dong den 500 000
threshold_article_205_clause_2_000_dong,crime_205,article_205,205,article_205_clause_2,Clause,000 đồng,000,,vnd,000 dong
threshold_article_205_clause_2_000_000_dong_den,crime_205,article_205,205,article_205_clause_2,Clause,000.000 đồng đến,000.000,,vnd,000 000 dong den
threshold_article_205_clause_2_000_000_dong,crime_205,article_205,205,article_205_clause_2,Clause,000.000 đồng,000.000,,vnd,000 000 dong
threshold_article_205_clause_3_000_000_dong_tro_len,crime_205,article_205,205,article_205_clause_3,Clause,000.000 đồng trở lên,000.000,,vnd,000 000 dong tro len
threshold_article_205_clause_4_000_000_dong_den_50_000,crime_205,article_205,205,article_205_clause_4,Clause,000.000 đồng đến 50.000,000.000,50.000,vnd,000 000 dong den 50 000
threshold_article_205_clause_4_000_dong,crime_205,article_205,205,article_205_clause_4,Clause,000 đồng,000,,vnd,000 dong
threshold_article_205_clause_2_point_c_000_000_dong_den,crime_205,article_205,205,article_205_clause_2_point_c,Point,000.000 đồng đến,000.000,,vnd,000 000 dong den
threshold_article_205_clause_2_point_c_000_000_dong,crime_205,article_205,205,article_205_clause_2_point_c,Point,000.000 đồng,000.000,,vnd,000 000 dong
threshold_condition_article_206_clause_1_000_000_dong_den,crime_206,article_206,206,condition_article_206_clause_1,Condition,000.000 đồng đến,000.000,,vnd,000 000 dong den
threshold_condition_article_206_clause_1_000_000_dong,crime_206,article_206,206,condition_article_206_clause_1,Condition,000.000 đồng,000.000,,vnd,000 000 dong
threshold_condition_article_206_clause_2_000_000_dong_den,crime_206,article_206,206,condition_article_206_clause_2,Condition,000.000 đồng đến,000.000,,vnd,000 000 dong den
threshold_condition_article_206_clause_2_000_000_dong,crime_206,article_206,206,condition_article_206_clause_2,Condition,000.000 đồng,000.000,,vnd,000 000 dong
threshold_condition_article_206_clause_3_000_000_dong_den,crime_206,article_206,206,condition_article_206_clause_3,Condition,000.000 đồng đến,000.000,,vnd,000 000 dong den
threshold_condition_article_206_clause_3_000_000_dong,crime_206,article_206,206,condition_article_206_clause_3,Condition,000.000 đồng,000.000,,vnd,000 000 dong
threshold_condition_article_206_clause_4_000_000_dong_tro_len,crime_206,article_206,206,condition_article_206_clause_4,Condition,000.000 đồng trở lên,000.000,,vnd,000 000 dong tro len
threshold_article_206_clause_1_000_000_dong_den,crime_206,article_206,206,article_206_clause_1,Clause,000.000 đồng đến,000.000,,vnd,000 000 dong den
threshold_article_206_clause_1_000_000_dong,crime_206,article_206,206,article_206_clause_1,Clause,000.000 đồng,000.000,,vnd,000 000 dong
threshold_article_206_clause_1_000_000_dong_den_300_000,crime_206,article_206,206,article_206_clause_1,Clause,000.000 đồng đến 300.000,000.000,300.000,vnd,000 000 dong den 300 000
threshold_article_206_clause_1_000_dong,crime_206,article_206,206,article_206_clause_1,Clause,000 đồng,000,,vnd,000 dong
threshold_article_206_clause_2_000_000_dong_den,crime_206,article_206,206,article_206_clause_2,Clause,000.000 đồng đến,000.000,,vnd,000 000 dong den
threshold_article_206_clause_2_000_000_dong,crime_206,article_206,206,article_206_clause_2,Clause,000.000 đồng,000.000,,vnd,000 000 dong
threshold_article_206_clause_3_000_000_dong_den,crime_206,article_206,206,article_206_clause_3,Clause,000.000 đồng đến,000.000,,vnd,000 000 dong den
threshold_article_206_clause_3_000_000_dong,crime_206,article_206,206,article_206_clause_3,Clause,000.000 đồng,000.000,,vnd,000 000 dong
threshold_article_206_clause_4_000_000_dong_tro_len,crime_206,article_206,206,article_206_clause_4,Clause,000.000 đồng trở lên,000.000,,vnd,000 000 dong tro len
threshold_condition_article_207_clause_2_000_000_dong_den,crime_207,article_207,207,condition_article_207_clause_2,Condition,000.000 đồng đến,000.000,,vnd,000 000 dong den
threshold_condition_article_207_clause_2_000_000_dong,crime_207,article_207,207,condition_article_207_clause_2,Condition,000.000 đồng,000.000,,vnd,000 000 dong
threshold_condition_article_207_clause_3_000_000_dong_tro_len,crime_207,article_207,207,condition_article_207_clause_3,Condition,000.000 đồng trở lên,000.000,,vnd,000 000 dong tro len
threshold_condition_article_207_clause_5_000_000_dong_den_100_000,crime_207,article_207,207,condition_article_207_clause_5,Condition,000.000 đồng đến 100.000,000.000,100.000,vnd,000 000 dong den 100 000
threshold_condition_article_207_clause_5_000_dong,crime_207,article_207,207,condition_article_207_clause_5,Condition,000 đồng,000,,vnd,000 dong
threshold_article_207_clause_2_000_000_dong_den,crime_207,article_207,207,article_207_clause_2,Clause,000.000 đồng đến,000.000,,vnd,000 000 dong den
threshold_article_207_clause_2_000_000_dong,crime_207,article_207,207,article_207_clause_2,Clause,000.000 đồng,000.000,,vnd,000 000 dong
threshold_article_207_clause_3_000_000_dong_tro_len,crime_207,article_207,207,article_207_clause_3,Clause,000.000 đồng trở lên,000.000,,vnd,000 000 dong tro len
threshold_article_207_clause_5_000_000_dong_den_100_000,crime_207,article_207,207,article_207_clause_5,Clause,000.000 đồng đến 100.000,000.000,100.000,vnd,000 000 dong den 100 000
threshold_article_207_clause_5_000_dong,crime_207,article_207,207,article_207_clause_5,Clause,000 đồng,000,,vnd,000 dong
threshold_condition_article_208_clause_2_000_000_dong_den,crime_208,article_208,208,condition_article_208_clause_2,Condition,000.000 đồng đến,000.000,,vnd,000 000 dong den
threshold_condition_article_208_clause_2_000_000_dong,crime_208,article_208,208,condition_article_208_clause_2,Condition,000.000 đồng,000.000,,vnd,000 000 dong
threshold_condition_article_208_clause_3_000_000_dong_den,crime_208,article_208,208,condition_article_208_clause_3,Condition,000.000 đồng đến,000.000,,vnd,000 000 dong den
threshold_condition_article_208_clause_3_000_000_dong,crime_208,article_208,208,condition_article_208_clause_3,Condition,000.000 đồng,000.000,,vnd,000 000 dong
threshold_condition_article_208_clause_4_000_000_dong_tro_len,crime_208,article_208,208,condition_article_208_clause_4,Condition,000.000 đồng trở lên,000.000,,vnd,000 000 dong tro len
threshold_condition_article_208_clause_5_000_000_dong_den_100_000,crime_208,article_208,208,condition_article_208_clause_5,Condition,000.000 đồng đến 100.000,000.000,100.000,vnd,000 000 dong den 100 000
threshold_condition_article_208_clause_5_000_dong,crime_208,article_208,208,condition_article_208_clause_5,Condition,000 đồng,000,,vnd,000 dong
threshold_article_208_clause_2_000_000_dong_den,crime_208,article_208,208,article_208_clause_2,Clause,000.000 đồng đến,000.000,,vnd,000 000 dong den
threshold_article_208_clause_2_000_000_dong,crime_208,article_208,208,article_208_clause_2,Clause,000.000 đồng,000.000,,vnd,000 000 dong
threshold_article_208_clause_3_000_000_dong_den,crime_208,article_208,208,article_208_clause_3,Clause,000.000 đồng đến,000.000,,vnd,000 000 dong den
threshold_article_208_clause_3_000_000_dong,crime_208,article_208,208,article_208_clause_3,Clause,000.000 đồng,000.000,,vnd,000 000 dong
threshold_article_208_clause_4_000_000_dong_tro_len,crime_208,article_208,208,article_208_clause_4,Clause,000.000 đồng trở lên,000.000,,vnd,000 000 dong tro len
threshold_article_208_clause_5_000_000_dong_den_100_000,crime_208,article_208,208,article_208_clause_5,Clause,000.000 đồng đến 100.000,000.000,100.000,vnd,000 000 dong den 100 000
threshold_article_208_clause_5_000_dong,crime_208,article_208,208,article_208_clause_5,Clause,000 đồng,000,,vnd,000 dong
threshold_condition_article_209_clause_3_000_000_dong_den_200_000,crime_209,article_209,209,condition_article_209_clause_3,Condition,000.000 đồng đến 200.000,000.000,200.000,vnd,000 000 dong den 200 000
threshold_condition_article_209_clause_3_000_dong,crime_209,article_209,209,condition_article_209_clause_3,Condition,000 đồng,000,,vnd,000 dong
threshold_condition_article_209_clause_1_point_a_000_000_dong_den,crime_209,article_209,209,condition_article_209_clause_1_point_a,Condition,000.000 đồng đến,000.000,,vnd,000 000 dong den
threshold_condition_article_209_clause_1_point_a_000_000_dong,crime_209,article_209,209,condition_article_209_clause_1_point_a,Condition,000.000 đồng,000.000,,vnd,000 000 dong
threshold_condition_article_209_clause_1_point_b_000_000_dong_den,crime_209,article_209,209,condition_article_209_clause_1_point_b,Condition,000.000 đồng đến,000.000,,vnd,000 000 dong den
threshold_condition_article_209_clause_1_point_b_000_000_dong,crime_209,article_209,209,condition_article_209_clause_1_point_b,Condition,000.000 đồng,000.000,,vnd,000 000 dong
threshold_condition_article_209_clause_2_point_b_000_000_dong_tro_len,crime_209,article_209,209,condition_article_209_clause_2_point_b,Condition,000.000 đồng trở lên,000.000,,vnd,000 000 dong tro len
threshold_condition_article_209_clause_2_point_c_000_000_dong_tro_len,crime_209,article_209,209,condition_article_209_clause_2_point_c,Condition,000.000 đồng trở lên,000.000,,vnd,000 000 dong tro len
threshold_article_209_clause_1_000_000_dong_den_500_000,crime_209,article_209,209,article_209_clause_1,Clause,000.000 đồng đến 500.000,000.000,500.000,vnd,000 000 dong den 500 000
threshold_article_209_clause_1_000_dong,crime_209,article_209,209,article_209_clause_1,Clause,000 đồng,000,,vnd,000 dong
threshold_article_209_clause_1_000_000_dong_den,crime_209,article_209,209,article_209_clause_1,Clause,000.000 đồng đến,000.000,,vnd,000 000 dong den
threshold_article_209_clause_1_000_000_dong,crime_209,article_209,209,article_209_clause_1,Clause,000.000 đồng,000.000,,vnd,000 000 dong
threshold_article_209_clause_2_000_000_dong_den_2_000,crime_209,article_209,209,article_209_clause_2,Clause,000.000 đồng đến 2.000,000.000,2.000,vnd,000 000 dong den 2 000
threshold_article_209_clause_2_000_000_dong,crime_209,article_209,209,article_209_clause_2,Clause,000.000 đồng,000.000,,vnd,000 000 dong
threshold_article_209_clause_2_000_000_dong_tro_len,crime_209,article_209,209,article_209_clause_2,Clause,000.000 đồng trở lên,000.000,,vnd,000 000 dong tro len
threshold_article_209_clause_3_000_000_dong_den_200_000,crime_209,article_209,209,article_209_clause_3,Clause,000.000 đồng đến 200.000,000.000,200.000,vnd,000 000 dong den 200 000
threshold_article_209_clause_3_000_dong,crime_209,article_209,209,article_209_clause_3,Clause,000 đồng,000,,vnd,000 dong
threshold_article_209_clause_4_000_000_dong_den_2_000,crime_209,article_209,209,article_209_clause_4,Clause,000.000 đồng đến 2.000,000.000,2.000,vnd,000 000 dong den 2 000
threshold_article_209_clause_4_000_000_dong,crime_209,article_209,209,article_209_clause_4,Clause,000.000 đồng,000.000,,vnd,000 000 dong
threshold_article_209_clause_4_000_000_dong_den_5_000,crime_209,article_209,209,article_209_clause_4,Clause,000.000 đồng đến 5.000,000.000,5.000,vnd,000 000 dong den 5 000
threshold_article_209_clause_1_point_a_000_000_dong_den,crime_209,article_209,209,article_209_clause_1_point_a,Point,000.000 đồng đến,000.000,,vnd,000 000 dong den
threshold_article_209_clause_1_point_a_000_000_dong,crime_209,article_209,209,article_209_clause_1_point_a,Point,000.000 đồng,000.000,,vnd,000 000 dong
threshold_article_209_clause_1_point_b_000_000_dong_den,crime_209,article_209,209,article_209_clause_1_point_b,Point,000.000 đồng đến,000.000,,vnd,000 000 dong den
threshold_article_209_clause_1_point_b_000_000_dong,crime_209,article_209,209,article_209_clause_1_point_b,Point,000.000 đồng,000.000,,vnd,000 000 dong
threshold_article_209_clause_2_point_b_000_000_dong_tro_len,crime_209,article_209,209,article_209_clause_2_point_b,Point,000.000 đồng trở lên,000.000,,vnd,000 000 dong tro len
threshold_article_209_clause_2_point_c_000_000_dong_tro_len,crime_209,article_209,209,article_209_clause_2_point_c,Point,000.000 đồng trở lên,000.000,,vnd,000 000 dong tro len
threshold_article_209_clause_4_point_a_000_000_dong_den_2_000,crime_209,article_209,209,article_209_clause_4_point_a,Point,000.000 đồng đến 2.000,000.000,2.000,vnd,000 000 dong den 2 000
threshold_article_209_clause_4_point_a_000_000_dong,crime_209,article_209,209,article_209_clause_4_point_a,Point,000.000 đồng,000.000,,vnd,000 000 dong
threshold_article_209_clause_4_point_b_000_000_dong_den_5_000,crime_209,article_209,209,article_209_clause_4_point_b,Point,000.000 đồng đến 5.000,000.000,5.000,vnd,000 000 dong den 5 000
threshold_article_209_clause_4_point_b_000_000_dong,crime_209,article_209,209,article_209_clause_4_point_b,Point,000.000 đồng,000.000,,vnd,000 000 dong
threshold_condition_article_210_clause_1_000_000_dong_den,crime_210,article_210,210,condition_article_210_clause_1,Condition,000.000 đồng đến,000.000,,vnd,000 000 dong den
threshold_condition_article_210_clause_1_000_000_dong,crime_210,article_210,210,condition_article_210_clause_1,Condition,000.000 đồng,000.000,,vnd,000 000 dong
threshold_condition_article_210_clause_3_000_000_dong_den_200_000,crime_210,article_210,210,condition_article_210_clause_3,Condition,000.000 đồng đến 200.000,000.000,200.000,vnd,000 000 dong den 200 000
threshold_condition_article_210_clause_3_000_dong,crime_210,article_210,210,condition_article_210_clause_3,Condition,000 đồng,000,,vnd,000 dong
threshold_condition_article_210_clause_2_point_b_000_000_dong_tro_len,crime_210,article_210,210,condition_article_210_clause_2_point_b,Condition,000.000 đồng trở lên,000.000,,vnd,000 000 dong tro len
threshold_condition_article_210_clause_2_point_c_000_000_dong_tro_len,crime_210,article_210,210,condition_article_210_clause_2_point_c,Condition,000.000 đồng trở lên,000.000,,vnd,000 000 dong tro len
threshold_article_210_clause_1_000_000_dong_den,crime_210,article_210,210,article_210_clause_1,Clause,000.000 đồng đến,000.000,,vnd,000 000 dong den
threshold_article_210_clause_1_000_000_dong,crime_210,article_210,210,article_210_clause_1,Clause,000.000 đồng,000.000,,vnd,000 000 dong
threshold_article_210_clause_1_000_000_dong_den_2_000,crime_210,article_210,210,article_210_clause_1,Clause,000.000 đồng đến 2.000,000.000,2.000,vnd,000 000 dong den 2 000
threshold_article_210_clause_2_000_000_dong_den_5_000,crime_210,article_210,210,article_210_clause_2,Clause,000.000 đồng đến 5.000,000.000,5.000,vnd,000 000 dong den 5 000
threshold_article_210_clause_2_000_000_dong,crime_210,article_210,210,article_210_clause_2,Clause,000.000 đồng,000.000,,vnd,000 000 dong
threshold_article_210_clause_2_000_000_dong_tro_len,crime_210,article_210,210,article_210_clause_2,Clause,000.000 đồng trở lên,000.000,,vnd,000 000 dong tro len
threshold_article_210_clause_3_000_000_dong_den_200_000,crime_210,article_210,210,article_210_clause_3,Clause,000.000 đồng đến 200.000,000.000,200.000,vnd,000 000 dong den 200 000
threshold_article_210_clause_3_000_dong,crime_210,article_210,210,article_210_clause_3,Clause,000 đồng,000,,vnd,000 dong
threshold_article_210_clause_4_000_000_dong_den_5_000,crime_210,article_210,210,article_210_clause_4,Clause,000.000 đồng đến 5.000,000.000,5.000,vnd,000 000 dong den 5 000
threshold_article_210_clause_4_000_000_dong,crime_210,article_210,210,article_210_clause_4,Clause,000.000 đồng,000.000,,vnd,000 000 dong
threshold_article_210_clause_4_000_000_dong_den_10_000,crime_210,article_210,210,article_210_clause_4,Clause,000.000 đồng đến 10.000,000.000,10.000,vnd,000 000 dong den 10 000
threshold_article_210_clause_2_point_b_000_000_dong_tro_len,crime_210,article_210,210,article_210_clause_2_point_b,Point,000.000 đồng trở lên,000.000,,vnd,000 000 dong tro len
threshold_article_210_clause_2_point_c_000_000_dong_tro_len,crime_210,article_210,210,article_210_clause_2_point_c,Point,000.000 đồng trở lên,000.000,,vnd,000 000 dong tro len
threshold_article_210_clause_4_point_a_000_000_dong_den_5_000,crime_210,article_210,210,article_210_clause_4_point_a,Point,000.000 đồng đến 5.000,000.000,5.000,vnd,000 000 dong den 5 000
threshold_article_210_clause_4_point_a_000_000_dong,crime_210,article_210,210,article_210_clause_4_point_a,Point,000.000 đồng,000.000,,vnd,000 000 dong
threshold_article_210_clause_4_point_b_000_000_dong_den_10_000,crime_210,article_210,210,article_210_clause_4_point_b,Point,000.000 đồng đến 10.000,000.000,10.000,vnd,000 000 dong den 10 000
threshold_article_210_clause_4_point_b_000_000_dong,crime_210,article_210,210,article_210_clause_4_point_b,Point,000.000 đồng,000.000,,vnd,000 000 dong
threshold_condition_article_211_clause_1_000_000_dong_den,crime_211,article_211,211,condition_article_211_clause_1,Condition,000.000 đồng đến,000.000,,vnd,000 000 dong den
threshold_condition_article_211_clause_1_000_000_dong,crime_211,article_211,211,condition_article_211_clause_1,Condition,000.000 đồng,000.000,,vnd,000 000 dong
threshold_condition_article_211_clause_3_000_000_dong_den_250_000,crime_211,article_211,211,condition_article_211_clause_3,Condition,000.000 đồng đến 250.000,000.000,250.000,vnd,000 000 dong den 250 000
threshold_condition_article_211_clause_3_000_dong,crime_211,article_211,211,condition_article_211_clause_3,Condition,000 đồng,000,,vnd,000 dong
threshold_condition_article_211_clause_2_point_b_000_000_dong_tro_len,crime_211,article_211,211,condition_article_211_clause_2_point_b,Condition,000.000 đồng trở lên,000.000,,vnd,000 000 dong tro len
threshold_condition_article_211_clause_2_point_c_000_000_dong_tro_len,crime_211,article_211,211,condition_article_211_clause_2_point_c,Condition,000.000 đồng trở lên,000.000,,vnd,000 000 dong tro len
threshold_condition_article_211_clause_4_point_d_000_000_dong_den_2_000,crime_211,article_211,211,condition_article_211_clause_4_point_d,Condition,000.000 đồng đến 2.000,000.000,2.000,vnd,000 000 dong den 2 000
threshold_condition_article_211_clause_4_point_d_000_000_dong,crime_211,article_211,211,condition_article_211_clause_4_point_d,Condition,000.000 đồng,000.000,,vnd,000 000 dong
threshold_article_211_clause_1_000_000_dong_den,crime_211,article_211,211,article_211_clause_1,Clause,000.000 đồng đến,000.000,,vnd,000 000 dong den
threshold_article_211_clause_1_000_000_dong,crime_211,article_211,211,article_211_clause_1,Clause,000.000 đồng,000.000,,vnd,000 000 dong
threshold_article_211_clause_1_000_000_dong_den_2_000,crime_211,article_211,211,article_211_clause_1,Clause,000.000 đồng đến 2.000,000.000,2.000,vnd,000 000 dong den 2 000
threshold_article_211_clause_2_000_000_dong_den_4_000,crime_211,article_211,211,article_211_clause_2,Clause,000.000 đồng đến 4.000,000.000,4.000,vnd,000 000 dong den 4 000
threshold_article_211_clause_2_000_000_dong,crime_211,article_211,211,article_211_clause_2,Clause,000.000 đồng,000.000,,vnd,000 000 dong
threshold_article_211_clause_2_000_000_dong_tro_len,crime_211,article_211,211,article_211_clause_2,Clause,000.000 đồng trở lên,000.000,,vnd,000 000 dong tro len
threshold_article_211_clause_3_000_000_dong_den_250_000,crime_211,article_211,211,article_211_clause_3,Clause,000.000 đồng đến 250.000,000.000,250.000,vnd,000 000 dong den 250 000
threshold_article_211_clause_3_000_dong,crime_211,article_211,211,article_211_clause_3,Clause,000 đồng,000,,vnd,000 dong
threshold_article_211_clause_4_000_000_dong_den_5_000,crime_211,article_211,211,article_211_clause_4,Clause,000.000 đồng đến 5.000,000.000,5.000,vnd,000 000 dong den 5 000
threshold_article_211_clause_4_000_000_dong,crime_211,article_211,211,article_211_clause_4,Clause,000.000 đồng,000.000,,vnd,000 000 dong
threshold_article_211_clause_4_000_000_dong_den_10_000,crime_211,article_211,211,article_211_clause_4,Clause,000.000 đồng đến 10.000,000.000,10.000,vnd,000 000 dong den 10 000
threshold_article_211_clause_4_000_000_dong_den_2_000,crime_211,article_211,211,article_211_clause_4,Clause,000.000 đồng đến 2.000,000.000,2.000,vnd,000 000 dong den 2 000
threshold_article_211_clause_2_point_b_000_000_dong_tro_len,crime_211,article_211,211,article_211_clause_2_point_b,Point,000.000 đồng trở lên,000.000,,vnd,000 000 dong tro len
threshold_article_211_clause_2_point_c_000_000_dong_tro_len,crime_211,article_211,211,article_211_clause_2_point_c,Point,000.000 đồng trở lên,000.000,,vnd,000 000 dong tro len
threshold_article_211_clause_4_point_a_000_000_dong_den_5_000,crime_211,article_211,211,article_211_clause_4_point_a,Point,000.000 đồng đến 5.000,000.000,5.000,vnd,000 000 dong den 5 000
threshold_article_211_clause_4_point_a_000_000_dong,crime_211,article_211,211,article_211_clause_4_point_a,Point,000.000 đồng,000.000,,vnd,000 000 dong
threshold_article_211_clause_4_point_b_000_000_dong_den_10_000,crime_211,article_211,211,article_211_clause_4_point_b,Point,000.000 đồng đến 10.000,000.000,10.000,vnd,000 000 dong den 10 000
threshold_article_211_clause_4_point_b_000_000_dong,crime_211,article_211,211,article_211_clause_4_point_b,Point,000.000 đồng,000.000,,vnd,000 000 dong
threshold_article_211_clause_4_point_d_000_000_dong_den_2_000,crime_211,article_211,211,article_211_clause_4_point_d,Point,000.000 đồng đến 2.000,000.000,2.000,vnd,000 000 dong den 2 000
threshold_article_211_clause_4_point_d_000_000_dong,crime_211,article_211,211,article_211_clause_4_point_d,Point,000.000 đồng,000.000,,vnd,000 000 dong
threshold_condition_article_212_clause_1_000_000_dong_den,crime_212,article_212,212,condition_article_212_clause_1,Condition,000.000 đồng đến,000.000,,vnd,000 000 dong den
threshold_condition_article_212_clause_1_000_000_dong,crime_212,article_212,212,condition_article_212_clause_1,Condition,000.000 đồng,000.000,,vnd,000 000 dong
threshold_condition_article_212_clause_3_000_000_dong_den_250_000,crime_212,article_212,212,condition_article_212_clause_3,Condition,000.000 đồng đến 250.000,000.000,250.000,vnd,000 000 dong den 250 000
threshold_condition_article_212_clause_3_000_dong,crime_212,article_212,212,condition_article_212_clause_3,Condition,000 đồng,000,,vnd,000 dong
threshold_condition_article_212_clause_2_point_a_000_000_dong_tro_len,crime_212,article_212,212,condition_article_212_clause_2_point_a,Condition,000.000 đồng trở lên,000.000,,vnd,000 000 dong tro len
threshold_condition_article_212_clause_2_point_b_000_000_dong_tro_len,crime_212,article_212,212,condition_article_212_clause_2_point_b,Condition,000.000 đồng trở lên,000.000,,vnd,000 000 dong tro len
threshold_article_212_clause_1_000_000_dong_den,crime_212,article_212,212,article_212_clause_1,Clause,000.000 đồng đến,000.000,,vnd,000 000 dong den
threshold_article_212_clause_1_000_000_dong,crime_212,article_212,212,article_212_clause_1,Clause,000.000 đồng,000.000,,vnd,000 000 dong
threshold_article_212_clause_1_000_000_dong_den_2_000,crime_212,article_212,212,article_212_clause_1,Clause,000.000 đồng đến 2.000,000.000,2.000,vnd,000 000 dong den 2 000
threshold_article_212_clause_2_000_000_dong_den_5_000,crime_212,article_212,212,article_212_clause_2,Clause,000.000 đồng đến 5.000,000.000,5.000,vnd,000 000 dong den 5 000
threshold_article_212_clause_2_000_000_dong,crime_212,article_212,212,article_212_clause_2,Clause,000.000 đồng,000.000,,vnd,000 000 dong
threshold_article_212_clause_2_000_000_dong_tro_len,crime_212,article_212,212,article_212_clause_2,Clause,000.000 đồng trở lên,000.000,,vnd,000 000 dong tro len
threshold_article_212_clause_3_000_000_dong_den_250_000,crime_212,article_212,212,article_212_clause_3,Clause,000.000 đồng đến 250.000,000.000,250.000,vnd,000 000 dong den 250 000
threshold_article_212_clause_3_000_dong,crime_212,article_212,212,article_212_clause_3,Clause,000 đồng,000,,vnd,000 dong
threshold_article_212_clause_2_point_a_000_000_dong_tro_len,crime_212,article_212,212,article_212_clause_2_point_a,Point,000.000 đồng trở lên,000.000,,vnd,000 000 dong tro len
threshold_article_212_clause_2_point_b_000_000_dong_tro_len,crime_212,article_212,212,article_212_clause_2_point_b,Point,000.000 đồng trở lên,000.000,,vnd,000 000 dong tro len
threshold_condition_article_213_clause_1_000_000_dong_den,crime_213,article_213,213,condition_article_213_clause_1,Condition,000.000 đồng đến,000.000,,vnd,000 000 dong den
threshold_condition_article_213_clause_1_000_000_dong,crime_213,article_213,213,condition_article_213_clause_1,Condition,000.000 đồng,000.000,,vnd,000 000 dong
threshold_condition_article_213_clause_4_000_000_dong_den_100_000,crime_213,article_213,213,condition_article_213_clause_4,Condition,000.000 đồng đến 100.000,000.000,100.000,vnd,000 000 dong den 100 000
threshold_condition_article_213_clause_4_000_dong,crime_213,article_213,213,condition_article_213_clause_4,Condition,000 đồng,000,,vnd,000 dong
threshold_condition_article_213_clause_2_point_c_000_000_dong_den,crime_213,article_213,213,condition_article_213_clause_2_point_c,Condition,000.000 đồng đến,000.000,,vnd,000 000 dong den
threshold_condition_article_213_clause_2_point_c_000_000_dong,crime_213,article_213,213,condition_article_213_clause_2_point_c,Condition,000.000 đồng,000.000,,vnd,000 000 dong
threshold_condition_article_213_clause_2_point_d_000_000_dong_den,crime_213,article_213,213,condition_article_213_clause_2_point_d,Condition,000.000 đồng đến,000.000,,vnd,000 000 dong den
threshold_condition_article_213_clause_2_point_d_000_000_dong,crime_213,article_213,213,condition_article_213_clause_2_point_d,Condition,000.000 đồng,000.000,,vnd,000 000 dong
threshold_condition_article_213_clause_3_point_a_000_000_dong_tro_len,crime_213,article_213,213,condition_article_213_clause_3_point_a,Condition,000.000 đồng trở lên,000.000,,vnd,000 000 dong tro len
threshold_condition_article_213_clause_3_point_b_000_000_dong_tro_len,crime_213,article_213,213,condition_article_213_clause_3_point_b,Condition,000.000 đồng trở lên,000.000,,vnd,000 000 dong tro len
threshold_condition_article_213_clause_5_point_a_000_000_dong_den,crime_213,article_213,213,condition_article_213_clause_5_point_a,Condition,000.000 đồng đến,000.000,,vnd,000 000 dong den
threshold_condition_article_213_clause_5_point_a_000_000_dong,crime_213,article_213,213,condition_article_213_clause_5_point_a,Condition,000.000 đồng,000.000,,vnd,000 000 dong
threshold_condition_article_213_clause_5_point_b_000_000_dong_den,crime_213,article_213,213,condition_article_213_clause_5_point_b,Condition,000.000 đồng đến,000.000,,vnd,000 000 dong den
threshold_condition_article_213_clause_5_point_b_000_000_dong,crime_213,article_213,213,condition_article_213_clause_5_point_b,Condition,000.000 đồng,000.000,,vnd,000 000 dong
threshold_condition_article_213_clause_5_point_c_000_000_dong_tro_len,crime_213,article_213,213,condition_article_213_clause_5_point_c,Condition,000.000 đồng trở lên,000.000,,vnd,000 000 dong tro len
threshold_article_213_clause_1_000_000_dong_den,crime_213,article_213,213,article_213_clause_1,Clause,000.000 đồng đến,000.000,,vnd,000 000 dong den
threshold_article_213_clause_1_000_000_dong,crime_213,article_213,213,article_213_clause_1,Clause,000.000 đồng,000.000,,vnd,000 000 dong
threshold_article_213_clause_1_000_000_dong_den_100_000,crime_213,article_213,213,article_213_clause_1,Clause,000.000 đồng đến 100.000,000.000,100.000,vnd,000 000 dong den 100 000
threshold_article_213_clause_1_000_dong,crime_213,article_213,213,article_213_clause_1,Clause,000 đồng,000,,vnd,000 dong
threshold_article_213_clause_2_000_000_dong_den_300_000,crime_213,article_213,213,article_213_clause_2,Clause,000.000 đồng đến 300.000,000.000,300.000,vnd,000 000 dong den 300 000
threshold_article_213_clause_2_000_dong,crime_213,article_213,213,article_213_clause_2,Clause,000 đồng,000,,vnd,000 dong
threshold_article_213_clause_2_000_000_dong_den,crime_213,article_213,213,article_213_clause_2,Clause,000.000 đồng đến,000.000,,vnd,000 000 dong den
threshold_article_213_clause_2_000_000_dong,crime_213,article_213,213,article_213_clause_2,Clause,000.000 đồng,000.000,,vnd,000 000 dong
threshold_article_213_clause_3_000_000_dong_tro_len,crime_213,article_213,213,article_213_clause_3,Clause,000.000 đồng trở lên,000.000,,vnd,000 000 dong tro len
threshold_article_213_clause_4_000_000_dong_den_100_000,crime_213,article_213,213,article_213_clause_4,Clause,000.000 đồng đến 100.000,000.000,100.000,vnd,000 000 dong den 100 000
threshold_article_213_clause_4_000_dong,crime_213,article_213,213,article_213_clause_4,Clause,000 đồng,000,,vnd,000 dong
threshold_article_213_clause_5_000_000_dong_den,crime_213,article_213,213,article_213_clause_5,Clause,000.000 đồng đến,000.000,,vnd,000 000 dong den
threshold_article_213_clause_5_000_000_dong,crime_213,article_213,213,article_213_clause_5,Clause,000.000 đồng,000.000,,vnd,000 000 dong
threshold_article_213_clause_5_000_000_dong_den_1_000,crime_213,article_213,213,article_213_clause_5,Clause,000.000 đồng đến 1.000,000.000,1.000,vnd,000 000 dong den 1 000
threshold_article_213_clause_5_000_000_dong_den_3_000,crime_213,article_213,213,article_213_clause_5,Clause,000.000 đồng đến 3.000,000.000,3.000,vnd,000 000 dong den 3 000
threshold_article_213_clause_5_000_000_dong_tro_len,crime_213,article_213,213,article_213_clause_5,Clause,000.000 đồng trở lên,000.000,,vnd,000 000 dong tro len
threshold_article_213_clause_5_000_000_dong_den_7_000,crime_213,article_213,213,article_213_clause_5,Clause,000.000 đồng đến 7.000,000.000,7.000,vnd,000 000 dong den 7 000
threshold_article_213_clause_2_point_c_000_000_dong_den,crime_213,article_213,213,article_213_clause_2_point_c,Point,000.000 đồng đến,000.000,,vnd,000 000 dong den
threshold_article_213_clause_2_point_c_000_000_dong,crime_213,article_213,213,article_213_clause_2_point_c,Point,000.000 đồng,000.000,,vnd,000 000 dong
threshold_article_213_clause_2_point_d_000_000_dong_den,crime_213,article_213,213,article_213_clause_2_point_d,Point,000.000 đồng đến,000.000,,vnd,000 000 dong den
threshold_article_213_clause_2_point_d_000_000_dong,crime_213,article_213,213,article_213_clause_2_point_d,Point,000.000 đồng,000.000,,vnd,000 000 dong
threshold_article_213_clause_3_point_a_000_000_dong_tro_len,crime_213,article_213,213,article_213_clause_3_point_a,Point,000.000 đồng trở lên,000.000,,vnd,000 000 dong tro len
threshold_article_213_clause_3_point_b_000_000_dong_tro_len,crime_213,article_213,213,article_213_clause_3_point_b,Point,000.000 đồng trở lên,000.000,,vnd,000 000 dong tro len
threshold_article_213_clause_5_point_a_000_000_dong_den,crime_213,article_213,213,article_213_clause_5_point_a,Point,000.000 đồng đến,000.000,,vnd,000 000 dong den
threshold_article_213_clause_5_point_a_000_000_dong,crime_213,article_213,213,article_213_clause_5_point_a,Point,000.000 đồng,000.000,,vnd,000 000 dong
threshold_article_213_clause_5_point_a_000_000_dong_den_1_000,crime_213,article_213,213,article_213_clause_5_point_a,Point,000.000 đồng đến 1.000,000.000,1.000,vnd,000 000 dong den 1 000
threshold_article_213_clause_5_point_b_000_000_dong_den,crime_213,article_213,213,article_213_clause_5_point_b,Point,000.000 đồng đến,000.000,,vnd,000 000 dong den
threshold_article_213_clause_5_point_b_000_000_dong,crime_213,article_213,213,article_213_clause_5_point_b,Point,000.000 đồng,000.000,,vnd,000 000 dong
threshold_article_213_clause_5_point_b_000_000_dong_den_3_000,crime_213,article_213,213,article_213_clause_5_point_b,Point,000.000 đồng đến 3.000,000.000,3.000,vnd,000 000 dong den 3 000
threshold_article_213_clause_5_point_c_000_000_dong_tro_len,crime_213,article_213,213,article_213_clause_5_point_c,Point,000.000 đồng trở lên,000.000,,vnd,000 000 dong tro len
threshold_article_213_clause_5_point_c_000_000_dong_den_7_000,crime_213,article_213,213,article_213_clause_5_point_c,Point,000.000 đồng đến 7.000,000.000,7.000,vnd,000 000 dong den 7 000
threshold_article_213_clause_5_point_c_000_000_dong,crime_213,article_213,213,article_213_clause_5_point_c,Point,000.000 đồng,000.000,,vnd,000 000 dong
threshold_condition_article_214_clause_1_000_000_dong_den,crime_214,article_214,214,condition_article_214_clause_1,Condition,000.000 đồng đến,000.000,,vnd,000 000 dong den
threshold_condition_article_214_clause_1_000_000_dong,crime_214,article_214,214,condition_article_214_clause_1,Condition,000.000 đồng,000.000,,vnd,000 000 dong
threshold_condition_article_214_clause_4_000_000_dong_den_100_000,crime_214,article_214,214,condition_article_214_clause_4,Condition,000.000 đồng đến 100.000,000.000,100.000,vnd,000 000 dong den 100 000
threshold_condition_article_214_clause_4_000_dong,crime_214,article_214,214,condition_article_214_clause_4,Condition,000 đồng,000,,vnd,000 dong
threshold_condition_article_214_clause_2_point_c_000_000_dong_den,crime_214,article_214,214,condition_article_214_clause_2_point_c,Condition,000.000 đồng đến,000.000,,vnd,000 000 dong den
threshold_condition_article_214_clause_2_point_c_000_000_dong,crime_214,article_214,214,condition_article_214_clause_2_point_c,Condition,000.000 đồng,000.000,,vnd,000 000 dong
threshold_condition_article_214_clause_2_point_d_000_000_dong_den,crime_214,article_214,214,condition_article_214_clause_2_point_d,Condition,000.000 đồng đến,000.000,,vnd,000 000 dong den
threshold_condition_article_214_clause_2_point_d_000_000_dong,crime_214,article_214,214,condition_article_214_clause_2_point_d,Condition,000.000 đồng,000.000,,vnd,000 000 dong
threshold_condition_article_214_clause_3_point_a_000_000_dong_tro_len,crime_214,article_214,214,condition_article_214_clause_3_point_a,Condition,000.000 đồng trở lên,000.000,,vnd,000 000 dong tro len
threshold_condition_article_214_clause_3_point_b_000_000_dong_tro_len,crime_214,article_214,214,condition_article_214_clause_3_point_b,Condition,000.000 đồng trở lên,000.000,,vnd,000 000 dong tro len
threshold_article_214_clause_1_000_000_dong_den,crime_214,article_214,214,article_214_clause_1,Clause,000.000 đồng đến,000.000,,vnd,000 000 dong den
threshold_article_214_clause_1_000_000_dong,crime_214,article_214,214,article_214_clause_1,Clause,000.000 đồng,000.000,,vnd,000 000 dong
threshold_article_214_clause_1_000_000_dong_den_100_000,crime_214,article_214,214,article_214_clause_1,Clause,000.000 đồng đến 100.000,000.000,100.000,vnd,000 000 dong den 100 000
threshold_article_214_clause_1_000_dong,crime_214,article_214,214,article_214_clause_1,Clause,000 đồng,000,,vnd,000 dong
threshold_article_214_clause_2_000_000_dong_den_200_000,crime_214,article_214,214,article_214_clause_2,Clause,000.000 đồng đến 200.000,000.000,200.000,vnd,000 000 dong den 200 000
threshold_article_214_clause_2_000_dong,crime_214,article_214,214,article_214_clause_2,Clause,000 đồng,000,,vnd,000 dong
threshold_article_214_clause_2_000_000_dong_den,crime_214,article_214,214,article_214_clause_2,Clause,000.000 đồng đến,000.000,,vnd,000 000 dong den
threshold_article_214_clause_2_000_000_dong,crime_214,article_214,214,article_214_clause_2,Clause,000.000 đồng,000.000,,vnd,000 000 dong
threshold_article_214_clause_3_000_000_dong_tro_len,crime_214,article_214,214,article_214_clause_3,Clause,000.000 đồng trở lên,000.000,,vnd,000 000 dong tro len
threshold_article_214_clause_4_000_000_dong_den_100_000,crime_214,article_214,214,article_214_clause_4,Clause,000.000 đồng đến 100.000,000.000,100.000,vnd,000 000 dong den 100 000
threshold_article_214_clause_4_000_dong,crime_214,article_214,214,article_214_clause_4,Clause,000 đồng,000,,vnd,000 dong
threshold_article_214_clause_2_point_c_000_000_dong_den,crime_214,article_214,214,article_214_clause_2_point_c,Point,000.000 đồng đến,000.000,,vnd,000 000 dong den
threshold_article_214_clause_2_point_c_000_000_dong,crime_214,article_214,214,article_214_clause_2_point_c,Point,000.000 đồng,000.000,,vnd,000 000 dong
threshold_article_214_clause_2_point_d_000_000_dong_den,crime_214,article_214,214,article_214_clause_2_point_d,Point,000.000 đồng đến,000.000,,vnd,000 000 dong den
threshold_article_214_clause_2_point_d_000_000_dong,crime_214,article_214,214,article_214_clause_2_point_d,Point,000.000 đồng,000.000,,vnd,000 000 dong
threshold_article_214_clause_3_point_a_000_000_dong_tro_len,crime_214,article_214,214,article_214_clause_3_point_a,Point,000.000 đồng trở lên,000.000,,vnd,000 000 dong tro len
threshold_article_214_clause_3_point_b_000_000_dong_tro_len,crime_214,article_214,214,article_214_clause_3_point_b,Point,000.000 đồng trở lên,000.000,,vnd,000 000 dong tro len
threshold_condition_article_215_clause_1_000_000_dong_den,crime_215,article_215,215,condition_article_215_clause_1,Condition,000.000 đồng đến,000.000,,vnd,000 000 dong den
threshold_condition_article_215_clause_1_000_000_dong,crime_215,article_215,215,condition_article_215_clause_1,Condition,000.000 đồng,000.000,,vnd,000 000 dong
threshold_condition_article_215_clause_4_000_000_dong_den_100_000,crime_215,article_215,215,condition_article_215_clause_4,Condition,000.000 đồng đến 100.000,000.000,100.000,vnd,000 000 dong den 100 000
threshold_condition_article_215_clause_4_000_dong,crime_215,article_215,215,condition_article_215_clause_4,Condition,000 đồng,000,,vnd,000 dong
threshold_condition_article_215_clause_2_point_c_000_000_dong_den,crime_215,article_215,215,condition_article_215_clause_2_point_c,Condition,000.000 đồng đến,000.000,,vnd,000 000 dong den
threshold_condition_article_215_clause_2_point_c_000_000_dong,crime_215,article_215,215,condition_article_215_clause_2_point_c,Condition,000.000 đồng,000.000,,vnd,000 000 dong
threshold_condition_article_215_clause_2_point_d_000_000_dong_den,crime_215,article_215,215,condition_article_215_clause_2_point_d,Condition,000.000 đồng đến,000.000,,vnd,000 000 dong den
threshold_condition_article_215_clause_2_point_d_000_000_dong,crime_215,article_215,215,condition_article_215_clause_2_point_d,Condition,000.000 đồng,000.000,,vnd,000 000 dong
threshold_condition_article_215_clause_3_point_a_000_000_dong_tro_len,crime_215,article_215,215,condition_article_215_clause_3_point_a,Condition,000.000 đồng trở lên,000.000,,vnd,000 000 dong tro len
threshold_condition_article_215_clause_3_point_b_000_000_dong_tro_len,crime_215,article_215,215,condition_article_215_clause_3_point_b,Condition,000.000 đồng trở lên,000.000,,vnd,000 000 dong tro len
threshold_article_215_clause_1_000_000_dong_den,crime_215,article_215,215,article_215_clause_1,Clause,000.000 đồng đến,000.000,,vnd,000 000 dong den
threshold_article_215_clause_1_000_000_dong,crime_215,article_215,215,article_215_clause_1,Clause,000.000 đồng,000.000,,vnd,000 000 dong
threshold_article_215_clause_1_000_000_dong_den_100_000,crime_215,article_215,215,article_215_clause_1,Clause,000.000 đồng đến 100.000,000.000,100.000,vnd,000 000 dong den 100 000
threshold_article_215_clause_1_000_dong,crime_215,article_215,215,article_215_clause_1,Clause,000 đồng,000,,vnd,000 dong
threshold_article_215_clause_2_000_000_dong_den_200_000,crime_215,article_215,215,article_215_clause_2,Clause,000.000 đồng đến 200.000,000.000,200.000,vnd,000 000 dong den 200 000
threshold_article_215_clause_2_000_dong,crime_215,article_215,215,article_215_clause_2,Clause,000 đồng,000,,vnd,000 dong
threshold_article_215_clause_2_000_000_dong_den,crime_215,article_215,215,article_215_clause_2,Clause,000.000 đồng đến,000.000,,vnd,000 000 dong den
threshold_article_215_clause_2_000_000_dong,crime_215,article_215,215,article_215_clause_2,Clause,000.000 đồng,000.000,,vnd,000 000 dong
threshold_article_215_clause_3_000_000_dong_tro_len,crime_215,article_215,215,article_215_clause_3,Clause,000.000 đồng trở lên,000.000,,vnd,000 000 dong tro len
threshold_article_215_clause_4_000_000_dong_den_100_000,crime_215,article_215,215,article_215_clause_4,Clause,000.000 đồng đến 100.000,000.000,100.000,vnd,000 000 dong den 100 000
threshold_article_215_clause_4_000_dong,crime_215,article_215,215,article_215_clause_4,Clause,000 đồng,000,,vnd,000 dong
threshold_article_215_clause_2_point_c_000_000_dong_den,crime_215,article_215,215,article_215_clause_2_point_c,Point,000.000 đồng đến,000.000,,vnd,000 000 dong den
threshold_article_215_clause_2_point_c_000_000_dong,crime_215,article_215,215,article_215_clause_2_point_c,Point,000.000 đồng,000.000,,vnd,000 000 dong
threshold_article_215_clause_2_point_d_000_000_dong_den,crime_215,article_215,215,article_215_clause_2_point_d,Point,000.000 đồng đến,000.000,,vnd,000 000 dong den
threshold_article_215_clause_2_point_d_000_000_dong,crime_215,article_215,215,article_215_clause_2_point_d,Point,000.000 đồng,000.000,,vnd,000 000 dong
threshold_article_215_clause_3_point_a_000_000_dong_tro_len,crime_215,article_215,215,article_215_clause_3_point_a,Point,000.000 đồng trở lên,000.000,,vnd,000 000 dong tro len
threshold_article_215_clause_3_point_b_000_000_dong_tro_len,crime_215,article_215,215,article_215_clause_3_point_b,Point,000.000 đồng trở lên,000.000,,vnd,000 000 dong tro len
threshold_condition_article_216_clause_4_000_000_dong_den_100_000,crime_216,article_216,216,condition_article_216_clause_4,Condition,000.000 đồng đến 100.000,000.000,100.000,vnd,000 000 dong den 100 000
threshold_condition_article_216_clause_4_000_dong,crime_216,article_216,216,condition_article_216_clause_4,Condition,000 đồng,000,,vnd,000 dong
threshold_condition_article_216_clause_1_point_a_000_000_dong_den,crime_216,article_216,216,condition_article_216_clause_1_point_a,Condition,000.000 đồng đến,000.000,,vnd,000 000 dong den
threshold_condition_article_216_clause_1_point_a_000_000_dong,crime_216,article_216,216,condition_article_216_clause_1_point_a,Condition,000.000 đồng,000.000,,vnd,000 000 dong
threshold_condition_article_216_clause_2_point_b_000_000_dong_den,crime_216,article_216,216,condition_article_216_clause_2_point_b,Condition,000.000 đồng đến,000.000,,vnd,000 000 dong den
threshold_condition_article_216_clause_2_point_b_000_000_dong,crime_216,article_216,216,condition_article_216_clause_2_point_b,Condition,000.000 đồng,000.000,,vnd,000 000 dong
threshold_condition_article_216_clause_3_point_a_000_000_dong_tro_len,crime_216,article_216,216,condition_article_216_clause_3_point_a,Condition,000.000 đồng trở lên,000.000,,vnd,000 000 dong tro len
threshold_article_216_clause_1_000_000_dong_den_200_000,crime_216,article_216,216,article_216_clause_1,Clause,000.000 đồng đến 200.000,000.000,200.000,vnd,000 000 dong den 200 000
threshold_article_216_clause_1_000_dong,crime_216,article_216,216,article_216_clause_1,Clause,000 đồng,000,,vnd,000 dong
threshold_article_216_clause_1_000_000_dong_den,crime_216,article_216,216,article_216_clause_1,Clause,000.000 đồng đến,000.000,,vnd,000 000 dong den
threshold_article_216_clause_1_000_000_dong,crime_216,article_216,216,article_216_clause_1,Clause,000.000 đồng,000.000,,vnd,000 000 dong
threshold_article_216_clause_2_000_000_dong_den_500_000,crime_216,article_216,216,article_216_clause_2,Clause,000.000 đồng đến 500.000,000.000,500.000,vnd,000 000 dong den 500 000
threshold_article_216_clause_2_000_dong,crime_216,article_216,216,article_216_clause_2,Clause,000 đồng,000,,vnd,000 dong
threshold_article_216_clause_2_000_000_dong_den,crime_216,article_216,216,article_216_clause_2,Clause,000.000 đồng đến,000.000,,vnd,000 000 dong den
threshold_article_216_clause_2_000_000_dong,crime_216,article_216,216,article_216_clause_2,Clause,000.000 đồng,000.000,,vnd,000 000 dong
threshold_article_216_clause_3_000_000_dong_den_1_000,crime_216,article_216,216,article_216_clause_3,Clause,000.000 đồng đến 1.000,000.000,1.000,vnd,000 000 dong den 1 000
threshold_article_216_clause_3_000_000_dong,crime_216,article_216,216,article_216_clause_3,Clause,000.000 đồng,000.000,,vnd,000 000 dong
threshold_article_216_clause_3_000_000_dong_tro_len,crime_216,article_216,216,article_216_clause_3,Clause,000.000 đồng trở lên,000.000,,vnd,000 000 dong tro len
threshold_article_216_clause_4_000_000_dong_den_100_000,crime_216,article_216,216,article_216_clause_4,Clause,000.000 đồng đến 100.000,000.000,100.000,vnd,000 000 dong den 100 000
threshold_article_216_clause_4_000_dong,crime_216,article_216,216,article_216_clause_4,Clause,000 đồng,000,,vnd,000 dong
threshold_article_216_clause_5_000_000_dong_den_500_000,crime_216,article_216,216,article_216_clause_5,Clause,000.000 đồng đến 500.000,000.000,500.000,vnd,000 000 dong den 500 000
threshold_article_216_clause_5_000_dong,crime_216,article_216,216,article_216_clause_5,Clause,000 đồng,000,,vnd,000 dong
threshold_article_216_clause_5_000_000_dong_den_1_000,crime_216,article_216,216,article_216_clause_5,Clause,000.000 đồng đến 1.000,000.000,1.000,vnd,000 000 dong den 1 000
threshold_article_216_clause_5_000_000_dong,crime_216,article_216,216,article_216_clause_5,Clause,000.000 đồng,000.000,,vnd,000 000 dong
threshold_article_216_clause_5_000_000_dong_den_3_000,crime_216,article_216,216,article_216_clause_5,Clause,000.000 đồng đến 3.000,000.000,3.000,vnd,000 000 dong den 3 000
threshold_article_216_clause_1_point_a_000_000_dong_den,crime_216,article_216,216,article_216_clause_1_point_a,Point,000.000 đồng đến,000.000,,vnd,000 000 dong den
threshold_article_216_clause_1_point_a_000_000_dong,crime_216,article_216,216,article_216_clause_1_point_a,Point,000.000 đồng,000.000,,vnd,000 000 dong
threshold_article_216_clause_2_point_b_000_000_dong_den,crime_216,article_216,216,article_216_clause_2_point_b,Point,000.000 đồng đến,000.000,,vnd,000 000 dong den
threshold_article_216_clause_2_point_b_000_000_dong,crime_216,article_216,216,article_216_clause_2_point_b,Point,000.000 đồng,000.000,,vnd,000 000 dong
threshold_article_216_clause_3_point_a_000_000_dong_tro_len,crime_216,article_216,216,article_216_clause_3_point_a,Point,000.000 đồng trở lên,000.000,,vnd,000 000 dong tro len
threshold_article_216_clause_5_point_a_000_000_dong_den_500_000,crime_216,article_216,216,article_216_clause_5_point_a,Point,000.000 đồng đến 500.000,000.000,500.000,vnd,000 000 dong den 500 000
threshold_article_216_clause_5_point_a_000_dong,crime_216,article_216,216,article_216_clause_5_point_a,Point,000 đồng,000,,vnd,000 dong
threshold_article_216_clause_5_point_b_000_000_dong_den_1_000,crime_216,article_216,216,article_216_clause_5_point_b,Point,000.000 đồng đến 1.000,000.000,1.000,vnd,000 000 dong den 1 000
threshold_article_216_clause_5_point_b_000_000_dong,crime_216,article_216,216,article_216_clause_5_point_b,Point,000.000 đồng,000.000,,vnd,000 000 dong
threshold_article_216_clause_5_point_c_000_000_dong_den_3_000,crime_216,article_216,216,article_216_clause_5_point_c,Point,000.000 đồng đến 3.000,000.000,3.000,vnd,000 000 dong den 3 000
threshold_article_216_clause_5_point_c_000_000_dong,crime_216,article_216,216,article_216_clause_5_point_c,Point,000.000 đồng,000.000,,vnd,000 000 dong
threshold_condition_article_217_clause_1_000_000_dong_den,crime_217,article_217,217,condition_article_217_clause_1,Condition,000.000 đồng đến,000.000,,vnd,000 000 dong den
threshold_condition_article_217_clause_1_000_000_dong,crime_217,article_217,217,condition_article_217_clause_1,Condition,000.000 đồng,000.000,,vnd,000 000 dong
threshold_condition_article_217_clause_3_000_000_dong_den_200_000,crime_217,article_217,217,condition_article_217_clause_3,Condition,000.000 đồng đến 200.000,000.000,200.000,vnd,000 000 dong den 200 000
threshold_condition_article_217_clause_3_000_dong,crime_217,article_217,217,condition_article_217_clause_3,Condition,000 đồng,000,,vnd,000 dong
threshold_condition_article_217_clause_1_point_c_30_tro_len,crime_217,article_217,217,condition_article_217_clause_1_point_c,Condition,30% trở lên,30,,percent,30 tro len
threshold_condition_article_217_clause_2_point_d_000_000_dong_tro_len,crime_217,article_217,217,condition_article_217_clause_2_point_d,Condition,000.000 đồng trở lên,000.000,,vnd,000 000 dong tro len
threshold_condition_article_217_clause_4_point_c_000_000_dong_den_500_000,crime_217,article_217,217,condition_article_217_clause_4_point_c,Condition,000.000 đồng đến 500.000,000.000,500.000,vnd,000 000 dong den 500 000
threshold_condition_article_217_clause_4_point_c_000_dong,crime_217,article_217,217,condition_article_217_clause_4_point_c,Condition,000 đồng,000,,vnd,000 dong
threshold_article_217_clause_1_000_000_dong_den,crime_217,article_217,217,article_217_clause_1,Clause,000.000 đồng đến,000.000,,vnd,000 000 dong den
threshold_article_217_clause_1_000_000_dong,crime_217,article_217,217,article_217_clause_1,Clause,000.000 đồng,000.000,,vnd,000 000 dong
threshold_article_217_clause_1_000_000_dong_den_1_000,crime_217,article_217,217,article_217_clause_1,Clause,000.000 đồng đến 1.000,000.000,1.000,vnd,000 000 dong den 1 000
threshold_article_217_clause_1_30_tro_len,crime_217,article_217,217,article_217_clause_1,Clause,30% trở lên,30,,percent,30 tro len
threshold_article_217_clause_2_000_000_dong_den_3_000,crime_217,article_217,217,article_217_clause_2,Clause,000.000 đồng đến 3.000,000.000,3.000,vnd,000 000 dong den 3 000
threshold_article_217_clause_2_000_000_dong,crime_217,article_217,217,article_217_clause_2,Clause,000.000 đồng,000.000,,vnd,000 000 dong
threshold_article_217_clause_2_000_000_dong_tro_len,crime_217,article_217,217,article_217_clause_2,Clause,000.000 đồng trở lên,000.000,,vnd,000 000 dong tro len
threshold_article_217_clause_3_000_000_dong_den_200_000,crime_217,article_217,217,article_217_clause_3,Clause,000.000 đồng đến 200.000,000.000,200.000,vnd,000 000 dong den 200 000
threshold_article_217_clause_3_000_dong,crime_217,article_217,217,article_217_clause_3,Clause,000 đồng,000,,vnd,000 dong
threshold_article_217_clause_4_000_000_dong_den_3_000,crime_217,article_217,217,article_217_clause_4,Clause,000.000 đồng đến 3.000,000.000,3.000,vnd,000 000 dong den 3 000
threshold_article_217_clause_4_000_000_dong,crime_217,article_217,217,article_217_clause_4,Clause,000.000 đồng,000.000,,vnd,000 000 dong
threshold_article_217_clause_4_000_000_dong_den_5_000,crime_217,article_217,217,article_217_clause_4,Clause,000.000 đồng đến 5.000,000.000,5.000,vnd,000 000 dong den 5 000
threshold_article_217_clause_4_000_000_dong_den_500_000,crime_217,article_217,217,article_217_clause_4,Clause,000.000 đồng đến 500.000,000.000,500.000,vnd,000 000 dong den 500 000
threshold_article_217_clause_4_000_dong,crime_217,article_217,217,article_217_clause_4,Clause,000 đồng,000,,vnd,000 dong
threshold_article_217_clause_1_point_c_30_tro_len,crime_217,article_217,217,article_217_clause_1_point_c,Point,30% trở lên,30,,percent,30 tro len
threshold_article_217_clause_2_point_d_000_000_dong_tro_len,crime_217,article_217,217,article_217_clause_2_point_d,Point,000.000 đồng trở lên,000.000,,vnd,000 000 dong tro len
threshold_article_217_clause_4_point_a_000_000_dong_den_3_000,crime_217,article_217,217,article_217_clause_4_point_a,Point,000.000 đồng đến 3.000,000.000,3.000,vnd,000 000 dong den 3 000
threshold_article_217_clause_4_point_a_000_000_dong,crime_217,article_217,217,article_217_clause_4_point_a,Point,000.000 đồng,000.000,,vnd,000 000 dong
threshold_article_217_clause_4_point_b_000_000_dong_den_5_000,crime_217,article_217,217,article_217_clause_4_point_b,Point,000.000 đồng đến 5.000,000.000,5.000,vnd,000 000 dong den 5 000
threshold_article_217_clause_4_point_b_000_000_dong,crime_217,article_217,217,article_217_clause_4_point_b,Point,000.000 đồng,000.000,,vnd,000 000 dong
threshold_article_217_clause_4_point_c_000_000_dong_den_500_000,crime_217,article_217,217,article_217_clause_4_point_c,Point,000.000 đồng đến 500.000,000.000,500.000,vnd,000 000 dong den 500 000
threshold_article_217_clause_4_point_c_000_dong,crime_217,article_217,217,article_217_clause_4_point_c,Point,000 đồng,000,,vnd,000 dong
threshold_condition_article_217a_clause_3_000_000_dong_den_500_000,crime_217a,article_217a,217a,condition_article_217a_clause_3,Condition,000.000 đồng đến 500.000,000.000,500.000,vnd,000 000 dong den 500 000
threshold_condition_article_217a_clause_3_000_dong,crime_217a,article_217a,217a,condition_article_217a_clause_3,Condition,000 đồng,000,,vnd,000 dong
threshold_condition_article_217a_clause_1_point_b_000_000_dong_den,crime_217a,article_217a,217a,condition_article_217a_clause_1_point_b,Condition,000.000 đồng đến,000.000,,vnd,000 000 dong den
threshold_condition_article_217a_clause_1_point_b_000_000_dong,crime_217a,article_217a,217a,condition_article_217a_clause_1_point_b,Condition,000.000 đồng,000.000,,vnd,000 000 dong
threshold_condition_article_217a_clause_1_point_c_000_000_dong_den,crime_217a,article_217a,217a,condition_article_217a_clause_1_point_c,Condition,000.000 đồng đến,000.000,,vnd,000 000 dong den
threshold_condition_article_217a_clause_1_point_c_000_000_dong,crime_217a,article_217a,217a,condition_article_217a_clause_1_point_c,Condition,000.000 đồng,000.000,,vnd,000 000 dong
threshold_condition_article_217a_clause_2_point_a_000_000_dong_tro_len,crime_217a,article_217a,217a,condition_article_217a_clause_2_point_a,Condition,000.000 đồng trở lên,000.000,,vnd,000 000 dong tro len
threshold_condition_article_217a_clause_2_point_b_000_000_dong_tro_len,crime_217a,article_217a,217a,condition_article_217a_clause_2_point_b,Condition,000.000 đồng trở lên,000.000,,vnd,000 000 dong tro len
threshold_article_217a_clause_1_000_000_dong_den_1_000,crime_217a,article_217a,217a,article_217a_clause_1,Clause,000.000 đồng đến 1.000,000.000,1.000,vnd,000 000 dong den 1 000
threshold_article_217a_clause_1_000_000_dong,crime_217a,article_217a,217a,article_217a_clause_1,Clause,000.000 đồng,000.000,,vnd,000 000 dong
threshold_article_217a_clause_1_000_000_dong_den,crime_217a,article_217a,217a,article_217a_clause_1,Clause,000.000 đồng đến,000.000,,vnd,000 000 dong den
threshold_article_217a_clause_2_000_000_dong_den_5_000,crime_217a,article_217a,217a,article_217a_clause_2,Clause,000.000 đồng đến 5.000,000.000,5.000,vnd,000 000 dong den 5 000
threshold_article_217a_clause_2_000_000_dong,crime_217a,article_217a,217a,article_217a_clause_2,Clause,000.000 đồng,000.000,,vnd,000 000 dong
threshold_article_217a_clause_2_000_000_dong_tro_len,crime_217a,article_217a,217a,article_217a_clause_2,Clause,000.000 đồng trở lên,000.000,,vnd,000 000 dong tro len
threshold_article_217a_clause_3_000_000_dong_den_500_000,crime_217a,article_217a,217a,article_217a_clause_3,Clause,000.000 đồng đến 500.000,000.000,500.000,vnd,000 000 dong den 500 000
threshold_article_217a_clause_3_000_dong,crime_217a,article_217a,217a,article_217a_clause_3,Clause,000 đồng,000,,vnd,000 dong
threshold_article_217a_clause_1_point_b_000_000_dong_den,crime_217a,article_217a,217a,article_217a_clause_1_point_b,Point,000.000 đồng đến,000.000,,vnd,000 000 dong den
threshold_article_217a_clause_1_point_b_000_000_dong,crime_217a,article_217a,217a,article_217a_clause_1_point_b,Point,000.000 đồng,000.000,,vnd,000 000 dong
threshold_article_217a_clause_1_point_c_000_000_dong_den,crime_217a,article_217a,217a,article_217a_clause_1_point_c,Point,000.000 đồng đến,000.000,,vnd,000 000 dong den
threshold_article_217a_clause_1_point_c_000_000_dong,crime_217a,article_217a,217a,article_217a_clause_1_point_c,Point,000.000 đồng,000.000,,vnd,000 000 dong
threshold_article_217a_clause_2_point_a_000_000_dong_tro_len,crime_217a,article_217a,217a,article_217a_clause_2_point_a,Point,000.000 đồng trở lên,000.000,,vnd,000 000 dong tro len
threshold_article_217a_clause_2_point_b_000_000_dong_tro_len,crime_217a,article_217a,217a,article_217a_clause_2_point_b,Point,000.000 đồng trở lên,000.000,,vnd,000 000 dong tro len
threshold_condition_article_218_clause_1_000_000_dong_den,crime_218,article_218,218,condition_article_218_clause_1,Condition,000.000 đồng đến,000.000,,vnd,000 000 dong den
threshold_condition_article_218_clause_1_000_000_dong,crime_218,article_218,218,condition_article_218_clause_1,Condition,000.000 đồng,000.000,,vnd,000 000 dong
threshold_condition_article_218_clause_3_000_000_dong_den_50_000,crime_218,article_218,218,condition_article_218_clause_3,Condition,000.000 đồng đến 50.000,000.000,50.000,vnd,000 000 dong den 50 000
threshold_condition_article_218_clause_3_000_dong,crime_218,article_218,218,condition_article_218_clause_3,Condition,000 đồng,000,,vnd,000 dong
threshold_condition_article_218_clause_2_point_b_000_000_dong_tro_len,crime_218,article_218,218,condition_article_218_clause_2_point_b,Condition,000.000 đồng trở lên,000.000,,vnd,000 000 dong tro len
threshold_condition_article_218_clause_2_point_c_000_000_dong_tro_len,crime_218,article_218,218,condition_article_218_clause_2_point_c,Condition,000.000 đồng trở lên,000.000,,vnd,000 000 dong tro len
threshold_article_218_clause_1_000_000_dong_den,crime_218,article_218,218,article_218_clause_1,Clause,000.000 đồng đến,000.000,,vnd,000 000 dong den
threshold_article_218_clause_1_000_000_dong,crime_218,article_218,218,article_218_clause_1,Clause,000.000 đồng,000.000,,vnd,000 000 dong
threshold_article_218_clause_1_000_000_dong_den_200_000,crime_218,article_218,218,article_218_clause_1,Clause,000.000 đồng đến 200.000,000.000,200.000,vnd,000 000 dong den 200 000
threshold_article_218_clause_1_000_dong,crime_218,article_218,218,article_218_clause_1,Clause,000 đồng,000,,vnd,000 dong
threshold_article_218_clause_2_000_000_dong_den_1_000,crime_218,article_218,218,article_218_clause_2,Clause,000.000 đồng đến 1.000,000.000,1.000,vnd,000 000 dong den 1 000
threshold_article_218_clause_2_000_000_dong,crime_218,article_218,218,article_218_clause_2,Clause,000.000 đồng,000.000,,vnd,000 000 dong
threshold_article_218_clause_2_000_000_dong_tro_len,crime_218,article_218,218,article_218_clause_2,Clause,000.000 đồng trở lên,000.000,,vnd,000 000 dong tro len
threshold_article_218_clause_3_000_000_dong_den_50_000,crime_218,article_218,218,article_218_clause_3,Clause,000.000 đồng đến 50.000,000.000,50.000,vnd,000 000 dong den 50 000
threshold_article_218_clause_3_000_dong,crime_218,article_218,218,article_218_clause_3,Clause,000 đồng,000,,vnd,000 dong
threshold_article_218_clause_2_point_b_000_000_dong_tro_len,crime_218,article_218,218,article_218_clause_2_point_b,Point,000.000 đồng trở lên,000.000,,vnd,000 000 dong tro len
threshold_article_218_clause_2_point_c_000_000_dong_tro_len,crime_218,article_218,218,article_218_clause_2_point_c,Point,000.000 đồng trở lên,000.000,,vnd,000 000 dong tro len
threshold_condition_article_219_clause_1_000_000_dong_den,crime_219,article_219,219,condition_article_219_clause_1,Condition,000.000 đồng đến,000.000,,vnd,000 000 dong den
threshold_condition_article_219_clause_1_000_000_dong,crime_219,article_219,219,condition_article_219_clause_1,Condition,000.000 đồng,000.000,,vnd,000 000 dong
threshold_condition_article_219_clause_3_000_000_dong_tro_len,crime_219,article_219,219,condition_article_219_clause_3,Condition,000.000 đồng trở lên,000.000,,vnd,000 000 dong tro len
threshold_condition_article_219_clause_2_point_d_000_000_dong_den,crime_219,article_219,219,condition_article_219_clause_2_point_d,Condition,000.000 đồng đến,000.000,,vnd,000 000 dong den
threshold_condition_article_219_clause_2_point_d_000_000_dong,crime_219,article_219,219,condition_article_219_clause_2_point_d,Condition,000.000 đồng,000.000,,vnd,000 000 dong
threshold_article_219_clause_1_000_000_dong_den,crime_219,article_219,219,article_219_clause_1,Clause,000.000 đồng đến,000.000,,vnd,000 000 dong den
threshold_article_219_clause_1_000_000_dong,crime_219,article_219,219,article_219_clause_1,Clause,000.000 đồng,000.000,,vnd,000 000 dong
threshold_article_219_clause_2_000_000_dong_den,crime_219,article_219,219,article_219_clause_2,Clause,000.000 đồng đến,000.000,,vnd,000 000 dong den
threshold_article_219_clause_2_000_000_dong,crime_219,article_219,219,article_219_clause_2,Clause,000.000 đồng,000.000,,vnd,000 000 dong
threshold_article_219_clause_3_000_000_dong_tro_len,crime_219,article_219,219,article_219_clause_3,Clause,000.000 đồng trở lên,000.000,,vnd,000 000 dong tro len
threshold_article_219_clause_2_point_d_000_000_dong_den,crime_219,article_219,219,article_219_clause_2_point_d,Point,000.000 đồng đến,000.000,,vnd,000 000 dong den
threshold_article_219_clause_2_point_d_000_000_dong,crime_219,article_219,219,article_219_clause_2_point_d,Point,000.000 đồng,000.000,,vnd,000 000 dong
threshold_condition_article_220_clause_1_000_000_dong_den,crime_220,article_220,220,condition_article_220_clause_1,Condition,000.000 đồng đến,000.000,,vnd,000 000 dong den
threshold_condition_article_220_clause_1_000_000_dong,crime_220,article_220,220,condition_article_220_clause_1,Condition,000.000 đồng,000.000,,vnd,000 000 dong
threshold_condition_article_220_clause_3_000_000_dong_tro_len,crime_220,article_220,220,condition_article_220_clause_3,Condition,000.000 đồng trở lên,000.000,,vnd,000 000 dong tro len
threshold_condition_article_220_clause_2_point_d_000_000_dong_den,crime_220,article_220,220,condition_article_220_clause_2_point_d,Condition,000.000 đồng đến,000.000,,vnd,000 000 dong den
threshold_condition_article_220_clause_2_point_d_000_000_dong,crime_220,article_220,220,condition_article_220_clause_2_point_d,Condition,000.000 đồng,000.000,,vnd,000 000 dong
threshold_article_220_clause_1_000_000_dong_den,crime_220,article_220,220,article_220_clause_1,Clause,000.000 đồng đến,000.000,,vnd,000 000 dong den
threshold_article_220_clause_1_000_000_dong,crime_220,article_220,220,article_220_clause_1,Clause,000.000 đồng,000.000,,vnd,000 000 dong
threshold_article_220_clause_2_000_000_dong_den,crime_220,article_220,220,article_220_clause_2,Clause,000.000 đồng đến,000.000,,vnd,000 000 dong den
threshold_article_220_clause_2_000_000_dong,crime_220,article_220,220,article_220_clause_2,Clause,000.000 đồng,000.000,,vnd,000 000 dong
threshold_article_220_clause_3_000_000_dong_tro_len,crime_220,article_220,220,article_220_clause_3,Clause,000.000 đồng trở lên,000.000,,vnd,000 000 dong tro len
threshold_article_220_clause_2_point_d_000_000_dong_den,crime_220,article_220,220,article_220_clause_2_point_d,Point,000.000 đồng đến,000.000,,vnd,000 000 dong den
threshold_article_220_clause_2_point_d_000_000_dong,crime_220,article_220,220,article_220_clause_2_point_d,Point,000.000 đồng,000.000,,vnd,000 000 dong
threshold_condition_article_221_clause_1_000_000_dong_den,crime_221,article_221,221,condition_article_221_clause_1,Condition,000.000 đồng đến,000.000,,vnd,000 000 dong den
threshold_condition_article_221_clause_1_000_000_dong,crime_221,article_221,221,condition_article_221_clause_1,Condition,000.000 đồng,000.000,,vnd,000 000 dong
threshold_condition_article_221_clause_3_000_000_dong_tro_len,crime_221,article_221,221,condition_article_221_clause_3,Condition,000.000 đồng trở lên,000.000,,vnd,000 000 dong tro len
threshold_condition_article_221_clause_2_point_d_000_000_dong_den,crime_221,article_221,221,condition_article_221_clause_2_point_d,Condition,000.000 đồng đến,000.000,,vnd,000 000 dong den
threshold_condition_article_221_clause_2_point_d_000_000_dong,crime_221,article_221,221,condition_article_221_clause_2_point_d,Condition,000.000 đồng,000.000,,vnd,000 000 dong
threshold_article_221_clause_1_000_000_dong_den,crime_221,article_221,221,article_221_clause_1,Clause,000.000 đồng đến,000.000,,vnd,000 000 dong den
threshold_article_221_clause_1_000_000_dong,crime_221,article_221,221,article_221_clause_1,Clause,000.000 đồng,000.000,,vnd,000 000 dong
threshold_article_221_clause_2_000_000_dong_den,crime_221,article_221,221,article_221_clause_2,Clause,000.000 đồng đến,000.000,,vnd,000 000 dong den
threshold_article_221_clause_2_000_000_dong,crime_221,article_221,221,article_221_clause_2,Clause,000.000 đồng,000.000,,vnd,000 000 dong
threshold_article_221_clause_3_000_000_dong_tro_len,crime_221,article_221,221,article_221_clause_3,Clause,000.000 đồng trở lên,000.000,,vnd,000 000 dong tro len
threshold_article_221_clause_2_point_d_000_000_dong_den,crime_221,article_221,221,article_221_clause_2_point_d,Point,000.000 đồng đến,000.000,,vnd,000 000 dong den
threshold_article_221_clause_2_point_d_000_000_dong,crime_221,article_221,221,article_221_clause_2_point_d,Point,000.000 đồng,000.000,,vnd,000 000 dong
threshold_condition_article_222_clause_1_000_000_dong_den,crime_222,article_222,222,condition_article_222_clause_1,Condition,000.000 đồng đến,000.000,,vnd,000 000 dong den
threshold_condition_article_222_clause_1_000_000_dong,crime_222,article_222,222,condition_article_222_clause_1,Condition,000.000 đồng,000.000,,vnd,000 000 dong
threshold_condition_article_222_clause_3_000_000_dong_tro_len,crime_222,article_222,222,condition_article_222_clause_3,Condition,000.000 đồng trở lên,000.000,,vnd,000 000 dong tro len
threshold_condition_article_222_clause_2_point_d_000_000_dong_den,crime_222,article_222,222,condition_article_222_clause_2_point_d,Condition,000.000 đồng đến,000.000,,vnd,000 000 dong den
threshold_condition_article_222_clause_2_point_d_000_000_dong,crime_222,article_222,222,condition_article_222_clause_2_point_d,Condition,000.000 đồng,000.000,,vnd,000 000 dong
threshold_article_222_clause_1_000_000_dong_den,crime_222,article_222,222,article_222_clause_1,Clause,000.000 đồng đến,000.000,,vnd,000 000 dong den
threshold_article_222_clause_1_000_000_dong,crime_222,article_222,222,article_222_clause_1,Clause,000.000 đồng,000.000,,vnd,000 000 dong
threshold_article_222_clause_2_000_000_dong_den,crime_222,article_222,222,article_222_clause_2,Clause,000.000 đồng đến,000.000,,vnd,000 000 dong den
threshold_article_222_clause_2_000_000_dong,crime_222,article_222,222,article_222_clause_2,Clause,000.000 đồng,000.000,,vnd,000 000 dong
threshold_article_222_clause_3_000_000_dong_tro_len,crime_222,article_222,222,article_222_clause_3,Clause,000.000 đồng trở lên,000.000,,vnd,000 000 dong tro len
threshold_article_222_clause_2_point_d_000_000_dong_den,crime_222,article_222,222,article_222_clause_2_point_d,Point,000.000 đồng đến,000.000,,vnd,000 000 dong den
threshold_article_222_clause_2_point_d_000_000_dong,crime_222,article_222,222,article_222_clause_2_point_d,Point,000.000 đồng,000.000,,vnd,000 000 dong
threshold_condition_article_223_clause_1_000_000_dong_den,crime_223,article_223,223,condition_article_223_clause_1,Condition,000.000 đồng đến,000.000,,vnd,000 000 dong den
threshold_condition_article_223_clause_1_000_000_dong,crime_223,article_223,223,condition_article_223_clause_1,Condition,000.000 đồng,000.000,,vnd,000 000 dong
threshold_condition_article_223_clause_3_000_000_dong_tro_len,crime_223,article_223,223,condition_article_223_clause_3,Condition,000.000 đồng trở lên,000.000,,vnd,000 000 dong tro len
threshold_condition_article_223_clause_2_point_d_000_000_dong_den,crime_223,article_223,223,condition_article_223_clause_2_point_d,Condition,000.000 đồng đến,000.000,,vnd,000 000 dong den
threshold_condition_article_223_clause_2_point_d_000_000_dong,crime_223,article_223,223,condition_article_223_clause_2_point_d,Condition,000.000 đồng,000.000,,vnd,000 000 dong
threshold_article_223_clause_1_000_000_dong_den,crime_223,article_223,223,article_223_clause_1,Clause,000.000 đồng đến,000.000,,vnd,000 000 dong den
threshold_article_223_clause_1_000_000_dong,crime_223,article_223,223,article_223_clause_1,Clause,000.000 đồng,000.000,,vnd,000 000 dong
threshold_article_223_clause_2_000_000_dong_den,crime_223,article_223,223,article_223_clause_2,Clause,000.000 đồng đến,000.000,,vnd,000 000 dong den
threshold_article_223_clause_2_000_000_dong,crime_223,article_223,223,article_223_clause_2,Clause,000.000 đồng,000.000,,vnd,000 000 dong
threshold_article_223_clause_3_000_000_dong_tro_len,crime_223,article_223,223,article_223_clause_3,Clause,000.000 đồng trở lên,000.000,,vnd,000 000 dong tro len
threshold_article_223_clause_2_point_d_000_000_dong_den,crime_223,article_223,223,article_223_clause_2_point_d,Point,000.000 đồng đến,000.000,,vnd,000 000 dong den
threshold_article_223_clause_2_point_d_000_000_dong,crime_223,article_223,223,article_223_clause_2_point_d,Point,000.000 đồng,000.000,,vnd,000 000 dong
threshold_condition_article_224_clause_1_000_000_dong_den,crime_224,article_224,224,condition_article_224_clause_1,Condition,000.000 đồng đến,000.000,,vnd,000 000 dong den
threshold_condition_article_224_clause_1_000_000_dong,crime_224,article_224,224,condition_article_224_clause_1,Condition,000.000 đồng,000.000,,vnd,000 000 dong
threshold_condition_article_224_clause_3_000_000_dong_tro_len,crime_224,article_224,224,condition_article_224_clause_3,Condition,000.000 đồng trở lên,000.000,,vnd,000 000 dong tro len
threshold_condition_article_224_clause_2_point_d_000_000_dong_den,crime_224,article_224,224,condition_article_224_clause_2_point_d,Condition,000.000 đồng đến,000.000,,vnd,000 000 dong den
threshold_condition_article_224_clause_2_point_d_000_000_dong,crime_224,article_224,224,condition_article_224_clause_2_point_d,Condition,000.000 đồng,000.000,,vnd,000 000 dong
threshold_article_224_clause_1_000_000_dong_den,crime_224,article_224,224,article_224_clause_1,Clause,000.000 đồng đến,000.000,,vnd,000 000 dong den
threshold_article_224_clause_1_000_000_dong,crime_224,article_224,224,article_224_clause_1,Clause,000.000 đồng,000.000,,vnd,000 000 dong
threshold_article_224_clause_2_000_000_dong_den,crime_224,article_224,224,article_224_clause_2,Clause,000.000 đồng đến,000.000,,vnd,000 000 dong den
threshold_article_224_clause_2_000_000_dong,crime_224,article_224,224,article_224_clause_2,Clause,000.000 đồng,000.000,,vnd,000 000 dong
threshold_article_224_clause_3_000_000_dong_tro_len,crime_224,article_224,224,article_224_clause_3,Clause,000.000 đồng trở lên,000.000,,vnd,000 000 dong tro len
threshold_article_224_clause_2_point_d_000_000_dong_den,crime_224,article_224,224,article_224_clause_2_point_d,Point,000.000 đồng đến,000.000,,vnd,000 000 dong den
threshold_article_224_clause_2_point_d_000_000_dong,crime_224,article_224,224,article_224_clause_2_point_d,Point,000.000 đồng,000.000,,vnd,000 000 dong
threshold_condition_article_225_clause_1_000_000_dong_den,crime_225,article_225,225,condition_article_225_clause_1,Condition,000.000 đồng đến,000.000,,vnd,000 000 dong den
threshold_condition_article_225_clause_1_000_000_dong,crime_225,article_225,225,condition_article_225_clause_1,Condition,000.000 đồng,000.000,,vnd,000 000 dong
threshold_condition_article_225_clause_3_000_000_dong_den_200_000,crime_225,article_225,225,condition_article_225_clause_3,Condition,000.000 đồng đến 200.000,000.000,200.000,vnd,000 000 dong den 200 000
threshold_condition_article_225_clause_3_000_dong,crime_225,article_225,225,condition_article_225_clause_3,Condition,000 đồng,000,,vnd,000 dong
threshold_condition_article_225_clause_2_point_c_000_000_dong_tro_len,crime_225,article_225,225,condition_article_225_clause_2_point_c,Condition,000.000 đồng trở lên,000.000,,vnd,000 000 dong tro len
threshold_condition_article_225_clause_2_point_d_000_000_dong_tro_len,crime_225,article_225,225,condition_article_225_clause_2_point_d,Condition,000.000 đồng trở lên,000.000,,vnd,000 000 dong tro len
threshold_condition_article_225_clause_4_point_a_000_000_dong_den,crime_225,article_225,225,condition_article_225_clause_4_point_a,Condition,000.000 đồng đến,000.000,,vnd,000 000 dong den
threshold_condition_article_225_clause_4_point_a_000_000_dong,crime_225,article_225,225,condition_article_225_clause_4_point_a,Condition,000.000 đồng,000.000,,vnd,000 000 dong
threshold_condition_article_225_clause_4_point_c_000_000_dong_den_300_000,crime_225,article_225,225,condition_article_225_clause_4_point_c,Condition,000.000 đồng đến 300.000,000.000,300.000,vnd,000 000 dong den 300 000
threshold_condition_article_225_clause_4_point_c_000_dong,crime_225,article_225,225,condition_article_225_clause_4_point_c,Condition,000 đồng,000,,vnd,000 dong
threshold_article_225_clause_1_000_000_dong_den,crime_225,article_225,225,article_225_clause_1,Clause,000.000 đồng đến,000.000,,vnd,000 000 dong den
threshold_article_225_clause_1_000_000_dong,crime_225,article_225,225,article_225_clause_1,Clause,000.000 đồng,000.000,,vnd,000 000 dong
threshold_article_225_clause_1_000_000_dong_den_300_000,crime_225,article_225,225,article_225_clause_1,Clause,000.000 đồng đến 300.000,000.000,300.000,vnd,000 000 dong den 300 000
threshold_article_225_clause_1_000_dong,crime_225,article_225,225,article_225_clause_1,Clause,000 đồng,000,,vnd,000 dong
threshold_article_225_clause_2_000_000_dong_den_1_000,crime_225,article_225,225,article_225_clause_2,Clause,000.000 đồng đến 1.000,000.000,1.000,vnd,000 000 dong den 1 000
threshold_article_225_clause_2_000_000_dong,crime_225,article_225,225,article_225_clause_2,Clause,000.000 đồng,000.000,,vnd,000 000 dong
threshold_article_225_clause_2_000_000_dong_tro_len,crime_225,article_225,225,article_225_clause_2,Clause,000.000 đồng trở lên,000.000,,vnd,000 000 dong tro len
threshold_article_225_clause_3_000_000_dong_den_200_000,crime_225,article_225,225,article_225_clause_3,Clause,000.000 đồng đến 200.000,000.000,200.000,vnd,000 000 dong den 200 000
threshold_article_225_clause_3_000_dong,crime_225,article_225,225,article_225_clause_3,Clause,000 đồng,000,,vnd,000 dong
threshold_article_225_clause_4_000_000_dong_den,crime_225,article_225,225,article_225_clause_4,Clause,000.000 đồng đến,000.000,,vnd,000 000 dong den
threshold_article_225_clause_4_000_000_dong,crime_225,article_225,225,article_225_clause_4,Clause,000.000 đồng,000.000,,vnd,000 000 dong
threshold_article_225_clause_4_000_000_dong_den_1_000,crime_225,article_225,225,article_225_clause_4,Clause,000.000 đồng đến 1.000,000.000,1.000,vnd,000 000 dong den 1 000
threshold_article_225_clause_4_000_000_dong_den_3_000,crime_225,article_225,225,article_225_clause_4,Clause,000.000 đồng đến 3.000,000.000,3.000,vnd,000 000 dong den 3 000
threshold_article_225_clause_4_000_000_dong_den_300_000,crime_225,article_225,225,article_225_clause_4,Clause,000.000 đồng đến 300.000,000.000,300.000,vnd,000 000 dong den 300 000
threshold_article_225_clause_4_000_dong,crime_225,article_225,225,article_225_clause_4,Clause,000 đồng,000,,vnd,000 dong
threshold_article_225_clause_2_point_c_000_000_dong_tro_len,crime_225,article_225,225,article_225_clause_2_point_c,Point,000.000 đồng trở lên,000.000,,vnd,000 000 dong tro len
threshold_article_225_clause_2_point_d_000_000_dong_tro_len,crime_225,article_225,225,article_225_clause_2_point_d,Point,000.000 đồng trở lên,000.000,,vnd,000 000 dong tro len
threshold_article_225_clause_4_point_a_000_000_dong_den,crime_225,article_225,225,article_225_clause_4_point_a,Point,000.000 đồng đến,000.000,,vnd,000 000 dong den
threshold_article_225_clause_4_point_a_000_000_dong,crime_225,article_225,225,article_225_clause_4_point_a,Point,000.000 đồng,000.000,,vnd,000 000 dong
threshold_article_225_clause_4_point_a_000_000_dong_den_1_000,crime_225,article_225,225,article_225_clause_4_point_a,Point,000.000 đồng đến 1.000,000.000,1.000,vnd,000 000 dong den 1 000
threshold_article_225_clause_4_point_b_000_000_dong_den_3_000,crime_225,article_225,225,article_225_clause_4_point_b,Point,000.000 đồng đến 3.000,000.000,3.000,vnd,000 000 dong den 3 000
threshold_article_225_clause_4_point_b_000_000_dong,crime_225,article_225,225,article_225_clause_4_point_b,Point,000.000 đồng,000.000,,vnd,000 000 dong
threshold_article_225_clause_4_point_c_000_000_dong_den_300_000,crime_225,article_225,225,article_225_clause_4_point_c,Point,000.000 đồng đến 300.000,000.000,300.000,vnd,000 000 dong den 300 000
threshold_article_225_clause_4_point_c_000_dong,crime_225,article_225,225,article_225_clause_4_point_c,Point,000 đồng,000,,vnd,000 dong
threshold_condition_article_226_clause_1_000_000_dong_den,crime_226,article_226,226,condition_article_226_clause_1,Condition,000.000 đồng đến,000.000,,vnd,000 000 dong den
threshold_condition_article_226_clause_1_000_000_dong,crime_226,article_226,226,condition_article_226_clause_1,Condition,000.000 đồng,000.000,,vnd,000 000 dong
threshold_condition_article_226_clause_3_000_000_dong_den_200_000,crime_226,article_226,226,condition_article_226_clause_3,Condition,000.000 đồng đến 200.000,000.000,200.000,vnd,000 000 dong den 200 000
threshold_condition_article_226_clause_3_000_dong,crime_226,article_226,226,condition_article_226_clause_3,Condition,000 đồng,000,,vnd,000 dong
threshold_condition_article_226_clause_2_point_c_000_000_dong_tro_len,crime_226,article_226,226,condition_article_226_clause_2_point_c,Condition,000.000 đồng trở lên,000.000,,vnd,000 000 dong tro len
threshold_condition_article_226_clause_2_point_d_000_000_dong_tro_len,crime_226,article_226,226,condition_article_226_clause_2_point_d,Condition,000.000 đồng trở lên,000.000,,vnd,000 000 dong tro len
threshold_condition_article_226_clause_4_point_a_000_000_dong_den,crime_226,article_226,226,condition_article_226_clause_4_point_a,Condition,000.000 đồng đến,000.000,,vnd,000 000 dong den
threshold_condition_article_226_clause_4_point_a_000_000_dong,crime_226,article_226,226,condition_article_226_clause_4_point_a,Condition,000.000 đồng,000.000,,vnd,000 000 dong
threshold_condition_article_226_clause_4_point_c_000_000_dong_den_500_000,crime_226,article_226,226,condition_article_226_clause_4_point_c,Condition,000.000 đồng đến 500.000,000.000,500.000,vnd,000 000 dong den 500 000
threshold_condition_article_226_clause_4_point_c_000_dong,crime_226,article_226,226,condition_article_226_clause_4_point_c,Condition,000 đồng,000,,vnd,000 dong
threshold_article_226_clause_1_000_000_dong_den,crime_226,article_226,226,article_226_clause_1,Clause,000.000 đồng đến,000.000,,vnd,000 000 dong den
threshold_article_226_clause_1_000_000_dong,crime_226,article_226,226,article_226_clause_1,Clause,000.000 đồng,000.000,,vnd,000 000 dong
threshold_article_226_clause_1_000_000_dong_den_500_000,crime_226,article_226,226,article_226_clause_1,Clause,000.000 đồng đến 500.000,000.000,500.000,vnd,000 000 dong den 500 000
threshold_article_226_clause_1_000_dong,crime_226,article_226,226,article_226_clause_1,Clause,000 đồng,000,,vnd,000 dong
threshold_article_226_clause_2_000_000_dong_den_1_000,crime_226,article_226,226,article_226_clause_2,Clause,000.000 đồng đến 1.000,000.000,1.000,vnd,000 000 dong den 1 000
threshold_article_226_clause_2_000_000_dong,crime_226,article_226,226,article_226_clause_2,Clause,000.000 đồng,000.000,,vnd,000 000 dong
threshold_article_226_clause_2_000_000_dong_tro_len,crime_226,article_226,226,article_226_clause_2,Clause,000.000 đồng trở lên,000.000,,vnd,000 000 dong tro len
threshold_article_226_clause_3_000_000_dong_den_200_000,crime_226,article_226,226,article_226_clause_3,Clause,000.000 đồng đến 200.000,000.000,200.000,vnd,000 000 dong den 200 000
threshold_article_226_clause_3_000_dong,crime_226,article_226,226,article_226_clause_3,Clause,000 đồng,000,,vnd,000 dong
threshold_article_226_clause_4_000_000_dong_den,crime_226,article_226,226,article_226_clause_4,Clause,000.000 đồng đến,000.000,,vnd,000 000 dong den
threshold_article_226_clause_4_000_000_dong,crime_226,article_226,226,article_226_clause_4,Clause,000.000 đồng,000.000,,vnd,000 000 dong
threshold_article_226_clause_4_000_000_dong_den_2_000,crime_226,article_226,226,article_226_clause_4,Clause,000.000 đồng đến 2.000,000.000,2.000,vnd,000 000 dong den 2 000
threshold_article_226_clause_4_000_000_dong_den_5_000,crime_226,article_226,226,article_226_clause_4,Clause,000.000 đồng đến 5.000,000.000,5.000,vnd,000 000 dong den 5 000
threshold_article_226_clause_4_000_000_dong_den_500_000,crime_226,article_226,226,article_226_clause_4,Clause,000.000 đồng đến 500.000,000.000,500.000,vnd,000 000 dong den 500 000
threshold_article_226_clause_4_000_dong,crime_226,article_226,226,article_226_clause_4,Clause,000 đồng,000,,vnd,000 dong
threshold_article_226_clause_2_point_c_000_000_dong_tro_len,crime_226,article_226,226,article_226_clause_2_point_c,Point,000.000 đồng trở lên,000.000,,vnd,000 000 dong tro len
threshold_article_226_clause_2_point_d_000_000_dong_tro_len,crime_226,article_226,226,article_226_clause_2_point_d,Point,000.000 đồng trở lên,000.000,,vnd,000 000 dong tro len
threshold_article_226_clause_4_point_a_000_000_dong_den,crime_226,article_226,226,article_226_clause_4_point_a,Point,000.000 đồng đến,000.000,,vnd,000 000 dong den
threshold_article_226_clause_4_point_a_000_000_dong,crime_226,article_226,226,article_226_clause_4_point_a,Point,000.000 đồng,000.000,,vnd,000 000 dong
threshold_article_226_clause_4_point_a_000_000_dong_den_2_000,crime_226,article_226,226,article_226_clause_4_point_a,Point,000.000 đồng đến 2.000,000.000,2.000,vnd,000 000 dong den 2 000
threshold_article_226_clause_4_point_b_000_000_dong_den_5_000,crime_226,article_226,226,article_226_clause_4_point_b,Point,000.000 đồng đến 5.000,000.000,5.000,vnd,000 000 dong den 5 000
threshold_article_226_clause_4_point_b_000_000_dong,crime_226,article_226,226,article_226_clause_4_point_b,Point,000.000 đồng,000.000,,vnd,000 000 dong
threshold_article_226_clause_4_point_c_000_000_dong_den_500_000,crime_226,article_226,226,article_226_clause_4_point_c,Point,000.000 đồng đến 500.000,000.000,500.000,vnd,000 000 dong den 500 000
threshold_article_226_clause_4_point_c_000_dong,crime_226,article_226,226,article_226_clause_4_point_c,Point,000 đồng,000,,vnd,000 dong
threshold_condition_article_227_clause_3_000_000_dong_den_500_000,crime_227,article_227,227,condition_article_227_clause_3,Condition,000.000 đồng đến 500.000,000.000,500.000,vnd,000 000 dong den 500 000
threshold_condition_article_227_clause_3_000_dong,crime_227,article_227,227,condition_article_227_clause_3,Condition,000 đồng,000,,vnd,000 dong
threshold_condition_article_227_clause_1_point_a_000_000_dong_den,crime_227,article_227,227,condition_article_227_clause_1_point_a,Condition,000.000 đồng đến,000.000,,vnd,000 000 dong den
threshold_condition_article_227_clause_1_point_a_000_000_dong,crime_227,article_227,227,condition_article_227_clause_1_point_a,Condition,000.000 đồng,000.000,,vnd,000 000 dong
threshold_condition_article_227_clause_1_point_b_000_000_dong_den,crime_227,article_227,227,condition_article_227_clause_1_point_b,Condition,000.000 đồng đến,000.000,,vnd,000 000 dong den
threshold_condition_article_227_clause_1_point_b_000_000_dong,crime_227,article_227,227,condition_article_227_clause_1_point_b,Condition,000.000 đồng,000.000,,vnd,000 000 dong
threshold_condition_article_227_clause_1_point_c_61_tro_len,crime_227,article_227,227,condition_article_227_clause_1_point_c,Condition,61% trở lên,61,,percent,61 tro len
threshold_condition_article_227_clause_1_point_d_tu_61_den_121,crime_227,article_227,227,condition_article_227_clause_1_point_d,Condition,từ 61% đến 121%,61,121,percent,tu 61 den 121
threshold_condition_article_227_clause_2_point_a_000_000_dong_tro_len,crime_227,article_227,227,condition_article_227_clause_2_point_a,Condition,000.000 đồng trở lên,000.000,,vnd,000 000 dong tro len
threshold_condition_article_227_clause_2_point_b_000_000_dong_tro_len,crime_227,article_227,227,condition_article_227_clause_2_point_b,Condition,000.000 đồng trở lên,000.000,,vnd,000 000 dong tro len
threshold_condition_article_227_clause_2_point_e_122_tro_len,crime_227,article_227,227,condition_article_227_clause_2_point_e,Condition,122% trở lên,122,,percent,122 tro len
threshold_condition_article_227_clause_4_point_a_000_000_dong_den,crime_227,article_227,227,condition_article_227_clause_4_point_a,Condition,000.000 đồng đến,000.000,,vnd,000 000 dong den
threshold_condition_article_227_clause_4_point_a_000_000_dong,crime_227,article_227,227,condition_article_227_clause_4_point_a,Condition,000.000 đồng,000.000,,vnd,000 000 dong
threshold_condition_article_227_clause_4_point_a_61_tro_len,crime_227,article_227,227,condition_article_227_clause_4_point_a,Condition,61% trở lên,61,,percent,61 tro len
threshold_condition_article_227_clause_4_point_a_tu_61_den_121,crime_227,article_227,227,condition_article_227_clause_4_point_a,Condition,từ 61% đến 121%,61,121,percent,tu 61 den 121
threshold_condition_article_227_clause_4_point_c_000_000_dong_den_500_000,crime_227,article_227,227,condition_article_227_clause_4_point_c,Condition,000.000 đồng đến 500.000,000.000,500.000,vnd,000 000 dong den 500 000
threshold_condition_article_227_clause_4_point_c_000_dong,crime_227,article_227,227,condition_article_227_clause_4_point_c,Condition,000 đồng,000,,vnd,000 dong
threshold_article_227_clause_1_000_000_dong_den_1_500,crime_227,article_227,227,article_227_clause_1,Clause,000.000 đồng đến 1.500,000.000,1.500,vnd,000 000 dong den 1 500
threshold_article_227_clause_1_000_000_dong,crime_227,article_227,227,article_227_clause_1,Clause,000.000 đồng,000.000,,vnd,000 000 dong
threshold_article_227_clause_1_000_000_dong_den,crime_227,article_227,227,article_227_clause_1,Clause,000.000 đồng đến,000.000,,vnd,000 000 dong den
threshold_article_227_clause_1_61_tro_len,crime_227,article_227,227,article_227_clause_1,Clause,61% trở lên,61,,percent,61 tro len
threshold_article_227_clause_1_tu_61_den_121,crime_227,article_227,227,article_227_clause_1,Clause,từ 61% đến 121%,61,121,percent,tu 61 den 121
threshold_article_227_clause_2_000_000_dong_den_5_000,crime_227,article_227,227,article_227_clause_2,Clause,000.000 đồng đến 5.000,000.000,5.000,vnd,000 000 dong den 5 000
threshold_article_227_clause_2_000_000_dong,crime_227,article_227,227,article_227_clause_2,Clause,000.000 đồng,000.000,,vnd,000 000 dong
threshold_article_227_clause_2_000_000_dong_tro_len,crime_227,article_227,227,article_227_clause_2,Clause,000.000 đồng trở lên,000.000,,vnd,000 000 dong tro len
threshold_article_227_clause_2_122_tro_len,crime_227,article_227,227,article_227_clause_2,Clause,122% trở lên,122,,percent,122 tro len
threshold_article_227_clause_3_000_000_dong_den_500_000,crime_227,article_227,227,article_227_clause_3,Clause,000.000 đồng đến 500.000,000.000,500.000,vnd,000 000 dong den 500 000
threshold_article_227_clause_3_000_dong,crime_227,article_227,227,article_227_clause_3,Clause,000 đồng,000,,vnd,000 dong
threshold_article_227_clause_4_000_000_dong_den,crime_227,article_227,227,article_227_clause_4,Clause,000.000 đồng đến,000.000,,vnd,000 000 dong den
threshold_article_227_clause_4_000_000_dong,crime_227,article_227,227,article_227_clause_4,Clause,000.000 đồng,000.000,,vnd,000 000 dong
threshold_article_227_clause_4_000_000_dong_den_3_000,crime_227,article_227,227,article_227_clause_4,Clause,000.000 đồng đến 3.000,000.000,3.000,vnd,000 000 dong den 3 000
threshold_article_227_clause_4_000_000_dong_den_7_000,crime_227,article_227,227,article_227_clause_4,Clause,000.000 đồng đến 7.000,000.000,7.000,vnd,000 000 dong den 7 000
threshold_article_227_clause_4_000_000_dong_den_500_000,crime_227,article_227,227,article_227_clause_4,Clause,000.000 đồng đến 500.000,000.000,500.000,vnd,000 000 dong den 500 000
threshold_article_227_clause_4_000_dong,crime_227,article_227,227,article_227_clause_4,Clause,000 đồng,000,,vnd,000 dong
threshold_article_227_clause_4_61_tro_len,crime_227,article_227,227,article_227_clause_4,Clause,61% trở lên,61,,percent,61 tro len
threshold_article_227_clause_4_tu_61_den_121,crime_227,article_227,227,article_227_clause_4,Clause,từ 61% đến 121%,61,121,percent,tu 61 den 121
threshold_article_227_clause_1_point_a_000_000_dong_den,crime_227,article_227,227,article_227_clause_1_point_a,Point,000.000 đồng đến,000.000,,vnd,000 000 dong den
threshold_article_227_clause_1_point_a_000_000_dong,crime_227,article_227,227,article_227_clause_1_point_a,Point,000.000 đồng,000.000,,vnd,000 000 dong
threshold_article_227_clause_1_point_b_000_000_dong_den,crime_227,article_227,227,article_227_clause_1_point_b,Point,000.000 đồng đến,000.000,,vnd,000 000 dong den
threshold_article_227_clause_1_point_b_000_000_dong,crime_227,article_227,227,article_227_clause_1_point_b,Point,000.000 đồng,000.000,,vnd,000 000 dong
threshold_article_227_clause_1_point_c_61_tro_len,crime_227,article_227,227,article_227_clause_1_point_c,Point,61% trở lên,61,,percent,61 tro len
threshold_article_227_clause_1_point_d_tu_61_den_121,crime_227,article_227,227,article_227_clause_1_point_d,Point,từ 61% đến 121%,61,121,percent,tu 61 den 121
threshold_article_227_clause_2_point_a_000_000_dong_tro_len,crime_227,article_227,227,article_227_clause_2_point_a,Point,000.000 đồng trở lên,000.000,,vnd,000 000 dong tro len
threshold_article_227_clause_2_point_b_000_000_dong_tro_len,crime_227,article_227,227,article_227_clause_2_point_b,Point,000.000 đồng trở lên,000.000,,vnd,000 000 dong tro len
threshold_article_227_clause_2_point_e_122_tro_len,crime_227,article_227,227,article_227_clause_2_point_e,Point,122% trở lên,122,,percent,122 tro len
threshold_article_227_clause_4_point_a_000_000_dong_den,crime_227,article_227,227,article_227_clause_4_point_a,Point,000.000 đồng đến,000.000,,vnd,000 000 dong den
threshold_article_227_clause_4_point_a_000_000_dong,crime_227,article_227,227,article_227_clause_4_point_a,Point,000.000 đồng,000.000,,vnd,000 000 dong
threshold_article_227_clause_4_point_a_000_000_dong_den_3_000,crime_227,article_227,227,article_227_clause_4_point_a,Point,000.000 đồng đến 3.000,000.000,3.000,vnd,000 000 dong den 3 000
threshold_article_227_clause_4_point_a_61_tro_len,crime_227,article_227,227,article_227_clause_4_point_a,Point,61% trở lên,61,,percent,61 tro len
threshold_article_227_clause_4_point_a_tu_61_den_121,crime_227,article_227,227,article_227_clause_4_point_a,Point,từ 61% đến 121%,61,121,percent,tu 61 den 121
threshold_article_227_clause_4_point_b_000_000_dong_den_7_000,crime_227,article_227,227,article_227_clause_4_point_b,Point,000.000 đồng đến 7.000,000.000,7.000,vnd,000 000 dong den 7 000
threshold_article_227_clause_4_point_b_000_000_dong,crime_227,article_227,227,article_227_clause_4_point_b,Point,000.000 đồng,000.000,,vnd,000 000 dong
threshold_article_227_clause_4_point_c_000_000_dong_den_500_000,crime_227,article_227,227,article_227_clause_4_point_c,Point,000.000 đồng đến 500.000,000.000,500.000,vnd,000 000 dong den 500 000
threshold_article_227_clause_4_point_c_000_dong,crime_227,article_227,227,article_227_clause_4_point_c,Point,000 đồng,000,,vnd,000 dong
threshold_condition_article_228_clause_3_000_000_dong_den_50_000,crime_228,article_228,228,condition_article_228_clause_3,Condition,000.000 đồng đến 50.000,000.000,50.000,vnd,000 000 dong den 50 000
threshold_condition_article_228_clause_3_000_dong,crime_228,article_228,228,condition_article_228_clause_3,Condition,000 đồng,000,,vnd,000 dong
threshold_article_228_clause_1_000_000_dong_den_500_000,crime_228,article_228,228,article_228_clause_1,Clause,000.000 đồng đến 500.000,000.000,500.000,vnd,000 000 dong den 500 000
threshold_article_228_clause_1_000_dong,crime_228,article_228,228,article_228_clause_1,Clause,000 đồng,000,,vnd,000 dong
threshold_article_228_clause_2_000_000_dong_den_2_000,crime_228,article_228,228,article_228_clause_2,Clause,000.000 đồng đến 2.000,000.000,2.000,vnd,000 000 dong den 2 000
threshold_article_228_clause_2_000_000_dong,crime_228,article_228,228,article_228_clause_2,Clause,000.000 đồng,000.000,,vnd,000 000 dong
threshold_article_228_clause_3_000_000_dong_den_50_000,crime_228,article_228,228,article_228_clause_3,Clause,000.000 đồng đến 50.000,000.000,50.000,vnd,000 000 dong den 50 000
threshold_article_228_clause_3_000_dong,crime_228,article_228,228,article_228_clause_3,Clause,000 đồng,000,,vnd,000 dong
threshold_condition_article_229_clause_4_000_000_dong_den_150_000,crime_229,article_229,229,condition_article_229_clause_4,Condition,000.000 đồng đến 150.000,000.000,150.000,vnd,000 000 dong den 150 000
threshold_condition_article_229_clause_4_000_dong,crime_229,article_229,229,condition_article_229_clause_4,Condition,000 đồng,000,,vnd,000 dong
threshold_condition_article_229_clause_1_point_b_000_000_dong_den,crime_229,article_229,229,condition_article_229_clause_1_point_b,Condition,000.000 đồng đến,000.000,,vnd,000 000 dong den
threshold_condition_article_229_clause_1_point_b_000_000_dong,crime_229,article_229,229,condition_article_229_clause_1_point_b,Condition,000.000 đồng,000.000,,vnd,000 000 dong
threshold_condition_article_229_clause_2_point_c_000_000_dong_den,crime_229,article_229,229,condition_article_229_clause_2_point_c,Condition,000.000 đồng đến,000.000,,vnd,000 000 dong den
threshold_condition_article_229_clause_2_point_c_000_000_dong,crime_229,article_229,229,condition_article_229_clause_2_point_c,Condition,000.000 đồng,000.000,,vnd,000 000 dong
threshold_condition_article_229_clause_3_point_b_000_000_dong_tro_len,crime_229,article_229,229,condition_article_229_clause_3_point_b,Condition,000.000 đồng trở lên,000.000,,vnd,000 000 dong tro len
threshold_article_229_clause_1_000_000_dong_den,crime_229,article_229,229,article_229_clause_1,Clause,000.000 đồng đến,000.000,,vnd,000 000 dong den
threshold_article_229_clause_1_000_000_dong,crime_229,article_229,229,article_229_clause_1,Clause,000.000 đồng,000.000,,vnd,000 000 dong
threshold_article_229_clause_2_000_000_dong_den,crime_229,article_229,229,article_229_clause_2,Clause,000.000 đồng đến,000.000,,vnd,000 000 dong den
threshold_article_229_clause_2_000_000_dong,crime_229,article_229,229,article_229_clause_2,Clause,000.000 đồng,000.000,,vnd,000 000 dong
threshold_article_229_clause_3_000_000_dong_tro_len,crime_229,article_229,229,article_229_clause_3,Clause,000.000 đồng trở lên,000.000,,vnd,000 000 dong tro len
threshold_article_229_clause_4_000_000_dong_den_150_000,crime_229,article_229,229,article_229_clause_4,Clause,000.000 đồng đến 150.000,000.000,150.000,vnd,000 000 dong den 150 000
threshold_article_229_clause_4_000_dong,crime_229,article_229,229,article_229_clause_4,Clause,000 đồng,000,,vnd,000 dong
threshold_article_229_clause_1_point_b_000_000_dong_den,crime_229,article_229,229,article_229_clause_1_point_b,Point,000.000 đồng đến,000.000,,vnd,000 000 dong den
threshold_article_229_clause_1_point_b_000_000_dong,crime_229,article_229,229,article_229_clause_1_point_b,Point,000.000 đồng,000.000,,vnd,000 000 dong
threshold_article_229_clause_2_point_c_000_000_dong_den,crime_229,article_229,229,article_229_clause_2_point_c,Point,000.000 đồng đến,000.000,,vnd,000 000 dong den
threshold_article_229_clause_2_point_c_000_000_dong,crime_229,article_229,229,article_229_clause_2_point_c,Point,000.000 đồng,000.000,,vnd,000 000 dong
threshold_article_229_clause_3_point_b_000_000_dong_tro_len,crime_229,article_229,229,article_229_clause_3_point_b,Point,000.000 đồng trở lên,000.000,,vnd,000 000 dong tro len
threshold_condition_article_230_clause_1_000_000_dong_den,crime_230,article_230,230,condition_article_230_clause_1,Condition,000.000 đồng đến,000.000,,vnd,000 000 dong den
threshold_condition_article_230_clause_1_000_000_dong,crime_230,article_230,230,condition_article_230_clause_1,Condition,000.000 đồng,000.000,,vnd,000 000 dong
threshold_condition_article_230_clause_3_000_000_dong_tro_len,crime_230,article_230,230,condition_article_230_clause_3,Condition,000.000 đồng trở lên,000.000,,vnd,000 000 dong tro len
threshold_condition_article_230_clause_2_point_d_000_000_dong_den,crime_230,article_230,230,condition_article_230_clause_2_point_d,Condition,000.000 đồng đến,000.000,,vnd,000 000 dong den
threshold_condition_article_230_clause_2_point_d_000_000_dong,crime_230,article_230,230,condition_article_230_clause_2_point_d,Condition,000.000 đồng,000.000,,vnd,000 000 dong
threshold_article_230_clause_1_000_000_dong_den,crime_230,article_230,230,article_230_clause_1,Clause,000.000 đồng đến,000.000,,vnd,000 000 dong den
threshold_article_230_clause_1_000_000_dong,crime_230,article_230,230,article_230_clause_1,Clause,000.000 đồng,000.000,,vnd,000 000 dong
threshold_article_230_clause_2_000_000_dong_den,crime_230,article_230,230,article_230_clause_2,Clause,000.000 đồng đến,000.000,,vnd,000 000 dong den
threshold_article_230_clause_2_000_000_dong,crime_230,article_230,230,article_230_clause_2,Clause,000.000 đồng,000.000,,vnd,000 000 dong
threshold_article_230_clause_3_000_000_dong_tro_len,crime_230,article_230,230,article_230_clause_3,Clause,000.000 đồng trở lên,000.000,,vnd,000 000 dong tro len
threshold_article_230_clause_2_point_d_000_000_dong_den,crime_230,article_230,230,article_230_clause_2_point_d,Point,000.000 đồng đến,000.000,,vnd,000 000 dong den
threshold_article_230_clause_2_point_d_000_000_dong,crime_230,article_230,230,article_230_clause_2_point_d,Point,000.000 đồng,000.000,,vnd,000 000 dong
threshold_condition_article_231_clause_1_000_000_dong_den,crime_231,article_231,231,condition_article_231_clause_1,Condition,000.000 đồng đến,000.000,,vnd,000 000 dong den
threshold_condition_article_231_clause_1_000_000_dong,crime_231,article_231,231,condition_article_231_clause_1,Condition,000.000 đồng,000.000,,vnd,000 000 dong
threshold_condition_article_231_clause_2_point_c_000_000_dong_tro_len,crime_231,article_231,231,condition_article_231_clause_2_point_c,Condition,000.000 đồng trở lên,000.000,,vnd,000 000 dong tro len
threshold_article_231_clause_1_000_000_dong_den,crime_231,article_231,231,article_231_clause_1,Clause,000.000 đồng đến,000.000,,vnd,000 000 dong den
threshold_article_231_clause_1_000_000_dong,crime_231,article_231,231,article_231_clause_1,Clause,000.000 đồng,000.000,,vnd,000 000 dong
threshold_article_231_clause_1_000_000_dong_den_200_000,crime_231,article_231,231,article_231_clause_1,Clause,000.000 đồng đến 200.000,000.000,200.000,vnd,000 000 dong den 200 000
threshold_article_231_clause_1_000_dong,crime_231,article_231,231,article_231_clause_1,Clause,000 đồng,000,,vnd,000 dong
threshold_article_231_clause_2_000_000_dong_den_1_000,crime_231,article_231,231,article_231_clause_2,Clause,000.000 đồng đến 1.000,000.000,1.000,vnd,000 000 dong den 1 000
threshold_article_231_clause_2_000_000_dong,crime_231,article_231,231,article_231_clause_2,Clause,000.000 đồng,000.000,,vnd,000 000 dong
threshold_article_231_clause_2_000_000_dong_tro_len,crime_231,article_231,231,article_231_clause_2,Clause,000.000 đồng trở lên,000.000,,vnd,000 000 dong tro len
threshold_article_231_clause_2_point_c_000_000_dong_tro_len,crime_231,article_231,231,article_231_clause_2_point_c,Point,000.000 đồng trở lên,000.000,,vnd,000 000 dong tro len
threshold_condition_article_232_clause_4_000_000_dong_den_50_000,crime_232,article_232,232,condition_article_232_clause_4,Condition,000.000 đồng đến 50.000,000.000,50.000,vnd,000 000 dong den 50 000
threshold_condition_article_232_clause_4_000_dong,crime_232,article_232,232,condition_article_232_clause_4,Condition,000 đồng,000,,vnd,000 dong
threshold_condition_article_232_clause_1_point_a_tu_20_met_khoi,crime_232,article_232,232,condition_article_232_clause_1_point_a,Condition,từ 20 mét khối,20,,m3,tu 20 met khoi
threshold_condition_article_232_clause_1_point_a_40_met_khoi,crime_232,article_232,232,condition_article_232_clause_1_point_a,Condition,40 mét khối,40,,m3,40 met khoi
threshold_condition_article_232_clause_1_point_a_tu_15_met_khoi,crime_232,article_232,232,condition_article_232_clause_1_point_a,Condition,từ 15 mét khối,15,,m3,tu 15 met khoi
threshold_condition_article_232_clause_1_point_a_30_met_khoi,crime_232,article_232,232,condition_article_232_clause_1_point_a,Condition,30 mét khối,30,,m3,30 met khoi
threshold_condition_article_232_clause_1_point_b_tu_10_met_khoi,crime_232,article_232,232,condition_article_232_clause_1_point_b,Condition,từ 10 mét khối,10,,m3,tu 10 met khoi
threshold_condition_article_232_clause_1_point_b_20_met_khoi,crime_232,article_232,232,condition_article_232_clause_1_point_b,Condition,20 mét khối,20,,m3,20 met khoi
threshold_condition_article_232_clause_1_point_b_tu_07_met_khoi,crime_232,article_232,232,condition_article_232_clause_1_point_b,Condition,từ 07 mét khối,07,,m3,tu 07 met khoi
threshold_condition_article_232_clause_1_point_b_15_met_khoi,crime_232,article_232,232,condition_article_232_clause_1_point_b,Condition,15 mét khối,15,,m3,15 met khoi
threshold_condition_article_232_clause_1_point_c_tu_15_met_khoi,crime_232,article_232,232,condition_article_232_clause_1_point_c,Condition,từ 15 mét khối,15,,m3,tu 15 met khoi
threshold_condition_article_232_clause_1_point_c_30_met_khoi,crime_232,article_232,232,condition_article_232_clause_1_point_c,Condition,30 mét khối,30,,m3,30 met khoi
threshold_condition_article_232_clause_1_point_c_tu_10_met_khoi,crime_232,article_232,232,condition_article_232_clause_1_point_c,Condition,từ 10 mét khối,10,,m3,tu 10 met khoi
threshold_condition_article_232_clause_1_point_c_20_met_khoi,crime_232,article_232,232,condition_article_232_clause_1_point_c,Condition,20 mét khối,20,,m3,20 met khoi
threshold_condition_article_232_clause_1_point_d_tu_07_met_khoi,crime_232,article_232,232,condition_article_232_clause_1_point_d,Condition,từ 07 mét khối,07,,m3,tu 07 met khoi
threshold_condition_article_232_clause_1_point_d_15_met_khoi,crime_232,article_232,232,condition_article_232_clause_1_point_d,Condition,15 mét khối,15,,m3,15 met khoi
threshold_condition_article_232_clause_1_point_d_tu_05_met_khoi,crime_232,article_232,232,condition_article_232_clause_1_point_d,Condition,từ 05 mét khối,05,,m3,tu 05 met khoi
threshold_condition_article_232_clause_1_point_d_10_met_khoi,crime_232,article_232,232,condition_article_232_clause_1_point_d,Condition,10 mét khối,10,,m3,10 met khoi
threshold_condition_article_232_clause_1_point_d_tu_10_met_khoi,crime_232,article_232,232,condition_article_232_clause_1_point_d,Condition,từ 10 mét khối,10,,m3,tu 10 met khoi
threshold_condition_article_232_clause_1_point_d_20_met_khoi,crime_232,article_232,232,condition_article_232_clause_1_point_d,Condition,20 mét khối,20,,m3,20 met khoi
threshold_condition_article_232_clause_1_point_e_tu_03_met_khoi,crime_232,article_232,232,condition_article_232_clause_1_point_e,Condition,từ 03 mét khối,03,,m3,tu 03 met khoi
threshold_condition_article_232_clause_1_point_e_08_met_khoi,crime_232,article_232,232,condition_article_232_clause_1_point_e,Condition,08 mét khối,08,,m3,08 met khoi
threshold_condition_article_232_clause_1_point_e_tu_01_met_khoi,crime_232,article_232,232,condition_article_232_clause_1_point_e,Condition,từ 01 mét khối,01,,m3,tu 01 met khoi
threshold_condition_article_232_clause_1_point_e_03_met_khoi,crime_232,article_232,232,condition_article_232_clause_1_point_e,Condition,03 mét khối,03,,m3,03 met khoi
threshold_condition_article_232_clause_1_point_g_000_000_dong_den,crime_232,article_232,232,condition_article_232_clause_1_point_g,Condition,000.000 đồng đến,000.000,,vnd,000 000 dong den
threshold_condition_article_232_clause_1_point_g_000_000_dong,crime_232,article_232,232,condition_article_232_clause_1_point_g,Condition,000.000 đồng,000.000,,vnd,000 000 dong
threshold_condition_article_232_clause_1_point_h_tu_01_met_khoi,crime_232,article_232,232,condition_article_232_clause_1_point_h,Condition,từ 01 mét khối,01,,m3,tu 01 met khoi
threshold_condition_article_232_clause_1_point_h_02_met_khoi,crime_232,article_232,232,condition_article_232_clause_1_point_h,Condition,02 mét khối,02,,m3,02 met khoi
threshold_condition_article_232_clause_1_point_h_tu_0_5_met_khoi,crime_232,article_232,232,condition_article_232_clause_1_point_h,Condition,"từ 0,5 mét khối",0.5,,m3,tu 0 5 met khoi
threshold_condition_article_232_clause_1_point_h_1_5_met_khoi,crime_232,article_232,232,condition_article_232_clause_1_point_h,Condition,"1,5 mét khối",1.5,,m3,1 5 met khoi
threshold_condition_article_232_clause_1_point_h_01_met_khoi,crime_232,article_232,232,condition_article_232_clause_1_point_h,Condition,01 mét khối,01,,m3,01 met khoi
threshold_condition_article_232_clause_1_point_i_000_000_dong_den,crime_232,article_232,232,condition_article_232_clause_1_point_i,Condition,000.000 đồng đến,000.000,,vnd,000 000 dong den
threshold_condition_article_232_clause_1_point_i_000_000_dong,crime_232,article_232,232,condition_article_232_clause_1_point_i,Condition,000.000 đồng,000.000,,vnd,000 000 dong
threshold_condition_article_232_clause_1_point_k_tu_1_5_met_khoi,crime_232,article_232,232,condition_article_232_clause_1_point_k,Condition,"từ 1,5 mét khối",1.5,,m3,tu 1 5 met khoi
threshold_condition_article_232_clause_1_point_k_03_met_khoi,crime_232,article_232,232,condition_article_232_clause_1_point_k,Condition,03 mét khối,03,,m3,03 met khoi
threshold_condition_article_232_clause_1_point_k_tu_10_met_khoi,crime_232,article_232,232,condition_article_232_clause_1_point_k,Condition,từ 10 mét khối,10,,m3,tu 10 met khoi
threshold_condition_article_232_clause_1_point_k_20_met_khoi,crime_232,article_232,232,condition_article_232_clause_1_point_k,Condition,20 mét khối,20,,m3,20 met khoi
threshold_condition_article_232_clause_1_point_k_tu_20_met_khoi,crime_232,article_232,232,condition_article_232_clause_1_point_k,Condition,từ 20 mét khối,20,,m3,tu 20 met khoi
threshold_condition_article_232_clause_1_point_k_40_met_khoi,crime_232,article_232,232,condition_article_232_clause_1_point_k,Condition,40 mét khối,40,,m3,40 met khoi
threshold_condition_article_232_clause_1_point_l_000_000_dong_den,crime_232,article_232,232,condition_article_232_clause_1_point_l,Condition,000.000 đồng đến,000.000,,vnd,000 000 dong den
threshold_condition_article_232_clause_1_point_l_000_000_dong,crime_232,article_232,232,condition_article_232_clause_1_point_l,Condition,000.000 đồng,000.000,,vnd,000 000 dong
threshold_condition_article_232_clause_2_point_a_tu_40_met_khoi,crime_232,article_232,232,condition_article_232_clause_2_point_a,Condition,từ 40 mét khối,40,,m3,tu 40 met khoi
threshold_condition_article_232_clause_2_point_a_80_met_khoi,crime_232,article_232,232,condition_article_232_clause_2_point_a,Condition,80 mét khối,80,,m3,80 met khoi
threshold_condition_article_232_clause_2_point_a_tu_30_met_khoi,crime_232,article_232,232,condition_article_232_clause_2_point_a,Condition,từ 30 mét khối,30,,m3,tu 30 met khoi
threshold_condition_article_232_clause_2_point_a_50_met_khoi,crime_232,article_232,232,condition_article_232_clause_2_point_a,Condition,50 mét khối,50,,m3,50 met khoi
threshold_condition_article_232_clause_2_point_b_tu_20_met_khoi,crime_232,article_232,232,condition_article_232_clause_2_point_b,Condition,từ 20 mét khối,20,,m3,tu 20 met khoi
threshold_condition_article_232_clause_2_point_b_40_met_khoi,crime_232,article_232,232,condition_article_232_clause_2_point_b,Condition,40 mét khối,40,,m3,40 met khoi
threshold_condition_article_232_clause_2_point_b_tu_15_met_khoi,crime_232,article_232,232,condition_article_232_clause_2_point_b,Condition,từ 15 mét khối,15,,m3,tu 15 met khoi
threshold_condition_article_232_clause_2_point_b_30_met_khoi,crime_232,article_232,232,condition_article_232_clause_2_point_b,Condition,30 mét khối,30,,m3,30 met khoi
threshold_condition_article_232_clause_2_point_c_tu_30_met_khoi,crime_232,article_232,232,condition_article_232_clause_2_point_c,Condition,từ 30 mét khối,30,,m3,tu 30 met khoi
threshold_condition_article_232_clause_2_point_c_60_met_khoi,crime_232,article_232,232,condition_article_232_clause_2_point_c,Condition,60 mét khối,60,,m3,60 met khoi
threshold_condition_article_232_clause_2_point_c_tu_20_met_khoi,crime_232,article_232,232,condition_article_232_clause_2_point_c,Condition,từ 20 mét khối,20,,m3,tu 20 met khoi
threshold_condition_article_232_clause_2_point_c_40_met_khoi,crime_232,article_232,232,condition_article_232_clause_2_point_c,Condition,40 mét khối,40,,m3,40 met khoi
threshold_condition_article_232_clause_2_point_d_tu_15_met_khoi,crime_232,article_232,232,condition_article_232_clause_2_point_d,Condition,từ 15 mét khối,15,,m3,tu 15 met khoi
threshold_condition_article_232_clause_2_point_d_30_met_khoi,crime_232,article_232,232,condition_article_232_clause_2_point_d,Condition,30 mét khối,30,,m3,30 met khoi
threshold_condition_article_232_clause_2_point_d_tu_10_met_khoi,crime_232,article_232,232,condition_article_232_clause_2_point_d,Condition,từ 10 mét khối,10,,m3,tu 10 met khoi
threshold_condition_article_232_clause_2_point_d_20_met_khoi,crime_232,article_232,232,condition_article_232_clause_2_point_d,Condition,20 mét khối,20,,m3,20 met khoi
threshold_condition_article_232_clause_2_point_d_tu_20_met_khoi,crime_232,article_232,232,condition_article_232_clause_2_point_d,Condition,từ 20 mét khối,20,,m3,tu 20 met khoi
threshold_condition_article_232_clause_2_point_d_40_met_khoi,crime_232,article_232,232,condition_article_232_clause_2_point_d,Condition,40 mét khối,40,,m3,40 met khoi
threshold_condition_article_232_clause_2_point_e_tu_08_met_khoi,crime_232,article_232,232,condition_article_232_clause_2_point_e,Condition,từ 08 mét khối,08,,m3,tu 08 met khoi
threshold_condition_article_232_clause_2_point_e_15_met_khoi,crime_232,article_232,232,condition_article_232_clause_2_point_e,Condition,15 mét khối,15,,m3,15 met khoi
threshold_condition_article_232_clause_2_point_e_tu_03_met_khoi,crime_232,article_232,232,condition_article_232_clause_2_point_e,Condition,từ 03 mét khối,03,,m3,tu 03 met khoi
threshold_condition_article_232_clause_2_point_e_10_met_khoi,crime_232,article_232,232,condition_article_232_clause_2_point_e,Condition,10 mét khối,10,,m3,10 met khoi
threshold_condition_article_232_clause_2_point_g_000_000_dong_den,crime_232,article_232,232,condition_article_232_clause_2_point_g,Condition,000.000 đồng đến,000.000,,vnd,000 000 dong den
threshold_condition_article_232_clause_2_point_g_000_000_dong,crime_232,article_232,232,condition_article_232_clause_2_point_g,Condition,000.000 đồng,000.000,,vnd,000 000 dong
threshold_condition_article_232_clause_2_point_h_tu_02_met_khoi,crime_232,article_232,232,condition_article_232_clause_2_point_h,Condition,từ 02 mét khối,02,,m3,tu 02 met khoi
threshold_condition_article_232_clause_2_point_h_04_met_khoi,crime_232,article_232,232,condition_article_232_clause_2_point_h,Condition,04 mét khối,04,,m3,04 met khoi
threshold_condition_article_232_clause_2_point_h_tu_1_5_met_khoi,crime_232,article_232,232,condition_article_232_clause_2_point_h,Condition,"từ 1,5 mét khối",1.5,,m3,tu 1 5 met khoi
threshold_condition_article_232_clause_2_point_h_03_met_khoi,crime_232,article_232,232,condition_article_232_clause_2_point_h,Condition,03 mét khối,03,,m3,03 met khoi
threshold_condition_article_232_clause_2_point_h_tu_01_met_khoi,crime_232,article_232,232,condition_article_232_clause_2_point_h,Condition,từ 01 mét khối,01,,m3,tu 01 met khoi
threshold_condition_article_232_clause_2_point_h_02_met_khoi,crime_232,article_232,232,condition_article_232_clause_2_point_h,Condition,02 mét khối,02,,m3,02 met khoi
threshold_condition_article_232_clause_2_point_i_000_000_dong_den,crime_232,article_232,232,condition_article_232_clause_2_point_i,Condition,000.000 đồng đến,000.000,,vnd,000 000 dong den
threshold_condition_article_232_clause_2_point_i_000_000_dong,crime_232,article_232,232,condition_article_232_clause_2_point_i,Condition,000.000 đồng,000.000,,vnd,000 000 dong
threshold_condition_article_232_clause_2_point_k_tu_03_met_khoi,crime_232,article_232,232,condition_article_232_clause_2_point_k,Condition,từ 03 mét khối,03,,m3,tu 03 met khoi
threshold_condition_article_232_clause_2_point_k_06_met_khoi,crime_232,article_232,232,condition_article_232_clause_2_point_k,Condition,06 mét khối,06,,m3,06 met khoi
threshold_condition_article_232_clause_2_point_k_tu_20_met_khoi,crime_232,article_232,232,condition_article_232_clause_2_point_k,Condition,từ 20 mét khối,20,,m3,tu 20 met khoi
threshold_condition_article_232_clause_2_point_k_40_met_khoi,crime_232,article_232,232,condition_article_232_clause_2_point_k,Condition,40 mét khối,40,,m3,40 met khoi
threshold_condition_article_232_clause_2_point_k_tu_40_met_khoi,crime_232,article_232,232,condition_article_232_clause_2_point_k,Condition,từ 40 mét khối,40,,m3,tu 40 met khoi
threshold_condition_article_232_clause_2_point_k_80_met_khoi,crime_232,article_232,232,condition_article_232_clause_2_point_k,Condition,80 mét khối,80,,m3,80 met khoi
threshold_condition_article_232_clause_2_point_l_000_000_dong_den,crime_232,article_232,232,condition_article_232_clause_2_point_l,Condition,000.000 đồng đến,000.000,,vnd,000 000 dong den
threshold_condition_article_232_clause_2_point_l_000_000_dong,crime_232,article_232,232,condition_article_232_clause_2_point_l,Condition,000.000 đồng,000.000,,vnd,000 000 dong
threshold_condition_article_232_clause_3_point_a_80_met_khoi,crime_232,article_232,232,condition_article_232_clause_3_point_a,Condition,80 mét khối,80,,m3,80 met khoi
threshold_condition_article_232_clause_3_point_a_50_met_khoi,crime_232,article_232,232,condition_article_232_clause_3_point_a,Condition,50 mét khối,50,,m3,50 met khoi
threshold_condition_article_232_clause_3_point_b_40_met_khoi,crime_232,article_232,232,condition_article_232_clause_3_point_b,Condition,40 mét khối,40,,m3,40 met khoi
threshold_condition_article_232_clause_3_point_b_30_met_khoi,crime_232,article_232,232,condition_article_232_clause_3_point_b,Condition,30 mét khối,30,,m3,30 met khoi
threshold_condition_article_232_clause_3_point_c_60_met_khoi,crime_232,article_232,232,condition_article_232_clause_3_point_c,Condition,60 mét khối,60,,m3,60 met khoi
threshold_condition_article_232_clause_3_point_c_40_met_khoi,crime_232,article_232,232,condition_article_232_clause_3_point_c,Condition,40 mét khối,40,,m3,40 met khoi
threshold_condition_article_232_clause_3_point_d_30_met_khoi,crime_232,article_232,232,condition_article_232_clause_3_point_d,Condition,30 mét khối,30,,m3,30 met khoi
threshold_condition_article_232_clause_3_point_d_20_met_khoi,crime_232,article_232,232,condition_article_232_clause_3_point_d,Condition,20 mét khối,20,,m3,20 met khoi
threshold_condition_article_232_clause_3_point_d_40_met_khoi,crime_232,article_232,232,condition_article_232_clause_3_point_d,Condition,40 mét khối,40,,m3,40 met khoi
threshold_condition_article_232_clause_3_point_e_15_met_khoi,crime_232,article_232,232,condition_article_232_clause_3_point_e,Condition,15 mét khối,15,,m3,15 met khoi
threshold_condition_article_232_clause_3_point_e_10_met_khoi,crime_232,article_232,232,condition_article_232_clause_3_point_e,Condition,10 mét khối,10,,m3,10 met khoi
threshold_condition_article_232_clause_3_point_g_000_000_dong_tro_len,crime_232,article_232,232,condition_article_232_clause_3_point_g,Condition,000.000 đồng trở lên,000.000,,vnd,000 000 dong tro len
threshold_condition_article_232_clause_3_point_h_04_met_khoi,crime_232,article_232,232,condition_article_232_clause_3_point_h,Condition,04 mét khối,04,,m3,04 met khoi
threshold_condition_article_232_clause_3_point_h_03_met_khoi,crime_232,article_232,232,condition_article_232_clause_3_point_h,Condition,03 mét khối,03,,m3,03 met khoi
threshold_condition_article_232_clause_3_point_h_02_met_khoi,crime_232,article_232,232,condition_article_232_clause_3_point_h,Condition,02 mét khối,02,,m3,02 met khoi
threshold_condition_article_232_clause_3_point_i_000_000_dong_tro_len,crime_232,article_232,232,condition_article_232_clause_3_point_i,Condition,000.000 đồng trở lên,000.000,,vnd,000 000 dong tro len
threshold_condition_article_232_clause_3_point_k_06_met_khoi,crime_232,article_232,232,condition_article_232_clause_3_point_k,Condition,06 mét khối,06,,m3,06 met khoi
threshold_condition_article_232_clause_3_point_k_40_met_khoi,crime_232,article_232,232,condition_article_232_clause_3_point_k,Condition,40 mét khối,40,,m3,40 met khoi
threshold_condition_article_232_clause_3_point_k_80_met_khoi,crime_232,article_232,232,condition_article_232_clause_3_point_k,Condition,80 mét khối,80,,m3,80 met khoi
threshold_condition_article_232_clause_3_point_l_000_000_dong_tro_len,crime_232,article_232,232,condition_article_232_clause_3_point_l,Condition,000.000 đồng trở lên,000.000,,vnd,000 000 dong tro len
threshold_condition_article_232_clause_5_point_d_000_000_dong_den_500_000,crime_232,article_232,232,condition_article_232_clause_5_point_d,Condition,000.000 đồng đến 500.000,000.000,500.000,vnd,000 000 dong den 500 000
threshold_condition_article_232_clause_5_point_d_000_dong,crime_232,article_232,232,condition_article_232_clause_5_point_d,Condition,000 đồng,000,,vnd,000 dong
threshold_article_232_clause_1_tu_20_met_khoi,crime_232,article_232,232,article_232_clause_1,Clause,từ 20 mét khối,20,,m3,tu 20 met khoi
threshold_article_232_clause_1_40_met_khoi,crime_232,article_232,232,article_232_clause_1,Clause,40 mét khối,40,,m3,40 met khoi
threshold_article_232_clause_1_tu_15_met_khoi,crime_232,article_232,232,article_232_clause_1,Clause,từ 15 mét khối,15,,m3,tu 15 met khoi
threshold_article_232_clause_1_30_met_khoi,crime_232,article_232,232,article_232_clause_1,Clause,30 mét khối,30,,m3,30 met khoi
threshold_article_232_clause_1_tu_10_met_khoi,crime_232,article_232,232,article_232_clause_1,Clause,từ 10 mét khối,10,,m3,tu 10 met khoi
threshold_article_232_clause_1_20_met_khoi,crime_232,article_232,232,article_232_clause_1,Clause,20 mét khối,20,,m3,20 met khoi
threshold_article_232_clause_1_tu_07_met_khoi,crime_232,article_232,232,article_232_clause_1,Clause,từ 07 mét khối,07,,m3,tu 07 met khoi
threshold_article_232_clause_1_15_met_khoi,crime_232,article_232,232,article_232_clause_1,Clause,15 mét khối,15,,m3,15 met khoi
threshold_article_232_clause_1_tu_05_met_khoi,crime_232,article_232,232,article_232_clause_1,Clause,từ 05 mét khối,05,,m3,tu 05 met khoi
threshold_article_232_clause_1_10_met_khoi,crime_232,article_232,232,article_232_clause_1,Clause,10 mét khối,10,,m3,10 met khoi
threshold_article_232_clause_1_tu_03_met_khoi,crime_232,article_232,232,article_232_clause_1,Clause,từ 03 mét khối,03,,m3,tu 03 met khoi
threshold_article_232_clause_1_08_met_khoi,crime_232,article_232,232,article_232_clause_1,Clause,08 mét khối,08,,m3,08 met khoi
threshold_article_232_clause_1_tu_01_met_khoi,crime_232,article_232,232,article_232_clause_1,Clause,từ 01 mét khối,01,,m3,tu 01 met khoi
threshold_article_232_clause_1_03_met_khoi,crime_232,article_232,232,article_232_clause_1,Clause,03 mét khối,03,,m3,03 met khoi
threshold_article_232_clause_1_02_met_khoi,crime_232,article_232,232,article_232_clause_1,Clause,02 mét khối,02,,m3,02 met khoi
threshold_article_232_clause_1_tu_0_5_met_khoi,crime_232,article_232,232,article_232_clause_1,Clause,"từ 0,5 mét khối",0.5,,m3,tu 0 5 met khoi
threshold_article_232_clause_1_1_5_met_khoi,crime_232,article_232,232,article_232_clause_1,Clause,"1,5 mét khối",1.5,,m3,1 5 met khoi
threshold_article_232_clause_1_01_met_khoi,crime_232,article_232,232,article_232_clause_1,Clause,01 mét khối,01,,m3,01 met khoi
threshold_article_232_clause_1_tu_1_5_met_khoi,crime_232,article_232,232,article_232_clause_1,Clause,"từ 1,5 mét khối",1.5,,m3,tu 1 5 met khoi
threshold_article_232_clause_1_000_000_dong_den_300_000,crime_232,article_232,232,article_232_clause_1,Clause,000.000 đồng đến 300.000,000.000,300.000,vnd,000 000 dong den 300 000
threshold_article_232_clause_1_000_dong,crime_232,article_232,232,article_232_clause_1,Clause,000 đồng,000,,vnd,000 dong
threshold_article_232_clause_1_000_000_dong_den,crime_232,article_232,232,article_232_clause_1,Clause,000.000 đồng đến,000.000,,vnd,000 000 dong den
threshold_article_232_clause_1_000_000_dong,crime_232,article_232,232,article_232_clause_1,Clause,000.000 đồng,000.000,,vnd,000 000 dong
threshold_article_232_clause_2_tu_40_met_khoi,crime_232,article_232,232,article_232_clause_2,Clause,từ 40 mét khối,40,,m3,tu 40 met khoi
threshold_article_232_clause_2_80_met_khoi,crime_232,article_232,232,article_232_clause_2,Clause,80 mét khối,80,,m3,80 met khoi
threshold_article_232_clause_2_tu_30_met_khoi,crime_232,article_232,232,article_232_clause_2,Clause,từ 30 mét khối,30,,m3,tu 30 met khoi
threshold_article_232_clause_2_50_met_khoi,crime_232,article_232,232,article_232_clause_2,Clause,50 mét khối,50,,m3,50 met khoi
threshold_article_232_clause_2_tu_20_met_khoi,crime_232,article_232,232,article_232_clause_2,Clause,từ 20 mét khối,20,,m3,tu 20 met khoi
threshold_article_232_clause_2_40_met_khoi,crime_232,article_232,232,article_232_clause_2,Clause,40 mét khối,40,,m3,40 met khoi
threshold_article_232_clause_2_tu_15_met_khoi,crime_232,article_232,232,article_232_clause_2,Clause,từ 15 mét khối,15,,m3,tu 15 met khoi
threshold_article_232_clause_2_30_met_khoi,crime_232,article_232,232,article_232_clause_2,Clause,30 mét khối,30,,m3,30 met khoi
threshold_article_232_clause_2_60_met_khoi,crime_232,article_232,232,article_232_clause_2,Clause,60 mét khối,60,,m3,60 met khoi
threshold_article_232_clause_2_tu_10_met_khoi,crime_232,article_232,232,article_232_clause_2,Clause,từ 10 mét khối,10,,m3,tu 10 met khoi
threshold_article_232_clause_2_20_met_khoi,crime_232,article_232,232,article_232_clause_2,Clause,20 mét khối,20,,m3,20 met khoi
threshold_article_232_clause_2_tu_08_met_khoi,crime_232,article_232,232,article_232_clause_2,Clause,từ 08 mét khối,08,,m3,tu 08 met khoi
threshold_article_232_clause_2_15_met_khoi,crime_232,article_232,232,article_232_clause_2,Clause,15 mét khối,15,,m3,15 met khoi
threshold_article_232_clause_2_tu_03_met_khoi,crime_232,article_232,232,article_232_clause_2,Clause,từ 03 mét khối,03,,m3,tu 03 met khoi
threshold_article_232_clause_2_10_met_khoi,crime_232,article_232,232,article_232_clause_2,Clause,10 mét khối,10,,m3,10 met khoi
threshold_article_232_clause_2_tu_02_met_khoi,crime_232,article_232,232,article_232_clause_2,Clause,từ 02 mét khối,02,,m3,tu 02 met khoi
threshold_article_232_clause_2_04_met_khoi,crime_232,article_232,232,article_232_clause_2,Clause,04 mét khối,04,,m3,04 met khoi
threshold_article_232_clause_2_tu_1_5_met_khoi,crime_232,article_232,232,article_232_clause_2,Clause,"từ 1,5 mét khối",1.5,,m3,tu 1 5 met khoi
threshold_article_232_clause_2_03_met_khoi,crime_232,article_232,232,article_232_clause_2,Clause,03 mét khối,03,,m3,03 met khoi
threshold_article_232_clause_2_tu_01_met_khoi,crime_232,article_232,232,article_232_clause_2,Clause,từ 01 mét khối,01,,m3,tu 01 met khoi
threshold_article_232_clause_2_02_met_khoi,crime_232,article_232,232,article_232_clause_2,Clause,02 mét khối,02,,m3,02 met khoi
threshold_article_232_clause_2_06_met_khoi,crime_232,article_232,232,article_232_clause_2,Clause,06 mét khối,06,,m3,06 met khoi
threshold_article_232_clause_2_000_000_dong_den_1_500,crime_232,article_232,232,article_232_clause_2,Clause,000.000 đồng đến 1.500,000.000,1.500,vnd,000 000 dong den 1 500
threshold_article_232_clause_2_000_000_dong,crime_232,article_232,232,article_232_clause_2,Clause,000.000 đồng,000.000,,vnd,000 000 dong
threshold_article_232_clause_2_000_000_dong_den,crime_232,article_232,232,article_232_clause_2,Clause,000.000 đồng đến,000.000,,vnd,000 000 dong den
threshold_article_232_clause_3_80_met_khoi,crime_232,article_232,232,article_232_clause_3,Clause,80 mét khối,80,,m3,80 met khoi
threshold_article_232_clause_3_50_met_khoi,crime_232,article_232,232,article_232_clause_3,Clause,50 mét khối,50,,m3,50 met khoi
threshold_article_232_clause_3_40_met_khoi,crime_232,article_232,232,article_232_clause_3,Clause,40 mét khối,40,,m3,40 met khoi
threshold_article_232_clause_3_30_met_khoi,crime_232,article_232,232,article_232_clause_3,Clause,30 mét khối,30,,m3,30 met khoi
threshold_article_232_clause_3_60_met_khoi,crime_232,article_232,232,article_232_clause_3,Clause,60 mét khối,60,,m3,60 met khoi
threshold_article_232_clause_3_20_met_khoi,crime_232,article_232,232,article_232_clause_3,Clause,20 mét khối,20,,m3,20 met khoi
threshold_article_232_clause_3_15_met_khoi,crime_232,article_232,232,article_232_clause_3,Clause,15 mét khối,15,,m3,15 met khoi
threshold_article_232_clause_3_10_met_khoi,crime_232,article_232,232,article_232_clause_3,Clause,10 mét khối,10,,m3,10 met khoi
threshold_article_232_clause_3_04_met_khoi,crime_232,article_232,232,article_232_clause_3,Clause,04 mét khối,04,,m3,04 met khoi
threshold_article_232_clause_3_03_met_khoi,crime_232,article_232,232,article_232_clause_3,Clause,03 mét khối,03,,m3,03 met khoi
threshold_article_232_clause_3_02_met_khoi,crime_232,article_232,232,article_232_clause_3,Clause,02 mét khối,02,,m3,02 met khoi
threshold_article_232_clause_3_06_met_khoi,crime_232,article_232,232,article_232_clause_3,Clause,06 mét khối,06,,m3,06 met khoi
threshold_article_232_clause_3_000_000_dong_tro_len,crime_232,article_232,232,article_232_clause_3,Clause,000.000 đồng trở lên,000.000,,vnd,000 000 dong tro len
threshold_article_232_clause_4_000_000_dong_den_50_000,crime_232,article_232,232,article_232_clause_4,Clause,000.000 đồng đến 50.000,000.000,50.000,vnd,000 000 dong den 50 000
threshold_article_232_clause_4_000_dong,crime_232,article_232,232,article_232_clause_4,Clause,000 đồng,000,,vnd,000 dong
threshold_article_232_clause_5_000_000_dong_den_1_000,crime_232,article_232,232,article_232_clause_5,Clause,000.000 đồng đến 1.000,000.000,1.000,vnd,000 000 dong den 1 000
threshold_article_232_clause_5_000_000_dong,crime_232,article_232,232,article_232_clause_5,Clause,000.000 đồng,000.000,,vnd,000 000 dong
threshold_article_232_clause_5_000_000_dong_den_3_000,crime_232,article_232,232,article_232_clause_5,Clause,000.000 đồng đến 3.000,000.000,3.000,vnd,000 000 dong den 3 000
threshold_article_232_clause_5_000_000_dong_den_6_000,crime_232,article_232,232,article_232_clause_5,Clause,000.000 đồng đến 6.000,000.000,6.000,vnd,000 000 dong den 6 000
threshold_article_232_clause_5_000_000_dong_den_500_000,crime_232,article_232,232,article_232_clause_5,Clause,000.000 đồng đến 500.000,000.000,500.000,vnd,000 000 dong den 500 000
threshold_article_232_clause_5_000_dong,crime_232,article_232,232,article_232_clause_5,Clause,000 đồng,000,,vnd,000 dong
threshold_article_232_clause_1_point_a_tu_20_met_khoi,crime_232,article_232,232,article_232_clause_1_point_a,Point,từ 20 mét khối,20,,m3,tu 20 met khoi
threshold_article_232_clause_1_point_a_40_met_khoi,crime_232,article_232,232,article_232_clause_1_point_a,Point,40 mét khối,40,,m3,40 met khoi
threshold_article_232_clause_1_point_a_tu_15_met_khoi,crime_232,article_232,232,article_232_clause_1_point_a,Point,từ 15 mét khối,15,,m3,tu 15 met khoi
threshold_article_232_clause_1_point_a_30_met_khoi,crime_232,article_232,232,article_232_clause_1_point_a,Point,30 mét khối,30,,m3,30 met khoi
threshold_article_232_clause_1_point_b_tu_10_met_khoi,crime_232,article_232,232,article_232_clause_1_point_b,Point,từ 10 mét khối,10,,m3,tu 10 met khoi
threshold_article_232_clause_1_point_b_20_met_khoi,crime_232,article_232,232,article_232_clause_1_point_b,Point,20 mét khối,20,,m3,20 met khoi
threshold_article_232_clause_1_point_b_tu_07_met_khoi,crime_232,article_232,232,article_232_clause_1_point_b,Point,từ 07 mét khối,07,,m3,tu 07 met khoi
threshold_article_232_clause_1_point_b_15_met_khoi,crime_232,article_232,232,article_232_clause_1_point_b,Point,15 mét khối,15,,m3,15 met khoi
threshold_article_232_clause_1_point_c_tu_15_met_khoi,crime_232,article_232,232,article_232_clause_1_point_c,Point,từ 15 mét khối,15,,m3,tu 15 met khoi
threshold_article_232_clause_1_point_c_30_met_khoi,crime_232,article_232,232,article_232_clause_1_point_c,Point,30 mét khối,30,,m3,30 met khoi
threshold_article_232_clause_1_point_c_tu_10_met_khoi,crime_232,article_232,232,article_232_clause_1_point_c,Point,từ 10 mét khối,10,,m3,tu 10 met khoi
threshold_article_232_clause_1_point_c_20_met_khoi,crime_232,article_232,232,article_232_clause_1_point_c,Point,20 mét khối,20,,m3,20 met khoi
threshold_article_232_clause_1_point_d_tu_07_met_khoi,crime_232,article_232,232,article_232_clause_1_point_d,Point,từ 07 mét khối,07,,m3,tu 07 met khoi
threshold_article_232_clause_1_point_d_15_met_khoi,crime_232,article_232,232,article_232_clause_1_point_d,Point,15 mét khối,15,,m3,15 met khoi
threshold_article_232_clause_1_point_d_tu_05_met_khoi,crime_232,article_232,232,article_232_clause_1_point_d,Point,từ 05 mét khối,05,,m3,tu 05 met khoi
threshold_article_232_clause_1_point_d_10_met_khoi,crime_232,article_232,232,article_232_clause_1_point_d,Point,10 mét khối,10,,m3,10 met khoi
threshold_article_232_clause_1_point_d_tu_10_met_khoi,crime_232,article_232,232,article_232_clause_1_point_d,Point,từ 10 mét khối,10,,m3,tu 10 met khoi
threshold_article_232_clause_1_point_d_20_met_khoi,crime_232,article_232,232,article_232_clause_1_point_d,Point,20 mét khối,20,,m3,20 met khoi
threshold_article_232_clause_1_point_e_tu_03_met_khoi,crime_232,article_232,232,article_232_clause_1_point_e,Point,từ 03 mét khối,03,,m3,tu 03 met khoi
threshold_article_232_clause_1_point_e_08_met_khoi,crime_232,article_232,232,article_232_clause_1_point_e,Point,08 mét khối,08,,m3,08 met khoi
threshold_article_232_clause_1_point_e_tu_01_met_khoi,crime_232,article_232,232,article_232_clause_1_point_e,Point,từ 01 mét khối,01,,m3,tu 01 met khoi
threshold_article_232_clause_1_point_e_03_met_khoi,crime_232,article_232,232,article_232_clause_1_point_e,Point,03 mét khối,03,,m3,03 met khoi
threshold_article_232_clause_1_point_g_000_000_dong_den,crime_232,article_232,232,article_232_clause_1_point_g,Point,000.000 đồng đến,000.000,,vnd,000 000 dong den
threshold_article_232_clause_1_point_g_000_000_dong,crime_232,article_232,232,article_232_clause_1_point_g,Point,000.000 đồng,000.000,,vnd,000 000 dong
threshold_article_232_clause_1_point_h_tu_01_met_khoi,crime_232,article_232,232,article_232_clause_1_point_h,Point,từ 01 mét khối,01,,m3,tu 01 met khoi
threshold_article_232_clause_1_point_h_02_met_khoi,crime_232,article_232,232,article_232_clause_1_point_h,Point,02 mét khối,02,,m3,02 met khoi
threshold_article_232_clause_1_point_h_tu_0_5_met_khoi,crime_232,article_232,232,article_232_clause_1_point_h,Point,"từ 0,5 mét khối",0.5,,m3,tu 0 5 met khoi
threshold_article_232_clause_1_point_h_1_5_met_khoi,crime_232,article_232,232,article_232_clause_1_point_h,Point,"1,5 mét khối",1.5,,m3,1 5 met khoi
threshold_article_232_clause_1_point_h_01_met_khoi,crime_232,article_232,232,article_232_clause_1_point_h,Point,01 mét khối,01,,m3,01 met khoi
threshold_article_232_clause_1_point_i_000_000_dong_den,crime_232,article_232,232,article_232_clause_1_point_i,Point,000.000 đồng đến,000.000,,vnd,000 000 dong den
threshold_article_232_clause_1_point_i_000_000_dong,crime_232,article_232,232,article_232_clause_1_point_i,Point,000.000 đồng,000.000,,vnd,000 000 dong
threshold_article_232_clause_1_point_k_tu_1_5_met_khoi,crime_232,article_232,232,article_232_clause_1_point_k,Point,"từ 1,5 mét khối",1.5,,m3,tu 1 5 met khoi
threshold_article_232_clause_1_point_k_03_met_khoi,crime_232,article_232,232,article_232_clause_1_point_k,Point,03 mét khối,03,,m3,03 met khoi
threshold_article_232_clause_1_point_k_tu_10_met_khoi,crime_232,article_232,232,article_232_clause_1_point_k,Point,từ 10 mét khối,10,,m3,tu 10 met khoi
threshold_article_232_clause_1_point_k_20_met_khoi,crime_232,article_232,232,article_232_clause_1_point_k,Point,20 mét khối,20,,m3,20 met khoi
threshold_article_232_clause_1_point_k_tu_20_met_khoi,crime_232,article_232,232,article_232_clause_1_point_k,Point,từ 20 mét khối,20,,m3,tu 20 met khoi
threshold_article_232_clause_1_point_k_40_met_khoi,crime_232,article_232,232,article_232_clause_1_point_k,Point,40 mét khối,40,,m3,40 met khoi
threshold_article_232_clause_1_point_l_000_000_dong_den,crime_232,article_232,232,article_232_clause_1_point_l,Point,000.000 đồng đến,000.000,,vnd,000 000 dong den
threshold_article_232_clause_1_point_l_000_000_dong,crime_232,article_232,232,article_232_clause_1_point_l,Point,000.000 đồng,000.000,,vnd,000 000 dong
threshold_article_232_clause_2_point_a_tu_40_met_khoi,crime_232,article_232,232,article_232_clause_2_point_a,Point,từ 40 mét khối,40,,m3,tu 40 met khoi
threshold_article_232_clause_2_point_a_80_met_khoi,crime_232,article_232,232,article_232_clause_2_point_a,Point,80 mét khối,80,,m3,80 met khoi
threshold_article_232_clause_2_point_a_tu_30_met_khoi,crime_232,article_232,232,article_232_clause_2_point_a,Point,từ 30 mét khối,30,,m3,tu 30 met khoi
threshold_article_232_clause_2_point_a_50_met_khoi,crime_232,article_232,232,article_232_clause_2_point_a,Point,50 mét khối,50,,m3,50 met khoi
threshold_article_232_clause_2_point_b_tu_20_met_khoi,crime_232,article_232,232,article_232_clause_2_point_b,Point,từ 20 mét khối,20,,m3,tu 20 met khoi
threshold_article_232_clause_2_point_b_40_met_khoi,crime_232,article_232,232,article_232_clause_2_point_b,Point,40 mét khối,40,,m3,40 met khoi
threshold_article_232_clause_2_point_b_tu_15_met_khoi,crime_232,article_232,232,article_232_clause_2_point_b,Point,từ 15 mét khối,15,,m3,tu 15 met khoi
threshold_article_232_clause_2_point_b_30_met_khoi,crime_232,article_232,232,article_232_clause_2_point_b,Point,30 mét khối,30,,m3,30 met khoi
threshold_article_232_clause_2_point_c_tu_30_met_khoi,crime_232,article_232,232,article_232_clause_2_point_c,Point,từ 30 mét khối,30,,m3,tu 30 met khoi
threshold_article_232_clause_2_point_c_60_met_khoi,crime_232,article_232,232,article_232_clause_2_point_c,Point,60 mét khối,60,,m3,60 met khoi
threshold_article_232_clause_2_point_c_tu_20_met_khoi,crime_232,article_232,232,article_232_clause_2_point_c,Point,từ 20 mét khối,20,,m3,tu 20 met khoi
threshold_article_232_clause_2_point_c_40_met_khoi,crime_232,article_232,232,article_232_clause_2_point_c,Point,40 mét khối,40,,m3,40 met khoi
threshold_article_232_clause_2_point_d_tu_15_met_khoi,crime_232,article_232,232,article_232_clause_2_point_d,Point,từ 15 mét khối,15,,m3,tu 15 met khoi
threshold_article_232_clause_2_point_d_30_met_khoi,crime_232,article_232,232,article_232_clause_2_point_d,Point,30 mét khối,30,,m3,30 met khoi
threshold_article_232_clause_2_point_d_tu_10_met_khoi,crime_232,article_232,232,article_232_clause_2_point_d,Point,từ 10 mét khối,10,,m3,tu 10 met khoi
threshold_article_232_clause_2_point_d_20_met_khoi,crime_232,article_232,232,article_232_clause_2_point_d,Point,20 mét khối,20,,m3,20 met khoi
threshold_article_232_clause_2_point_d_tu_20_met_khoi,crime_232,article_232,232,article_232_clause_2_point_d,Point,từ 20 mét khối,20,,m3,tu 20 met khoi
threshold_article_232_clause_2_point_d_40_met_khoi,crime_232,article_232,232,article_232_clause_2_point_d,Point,40 mét khối,40,,m3,40 met khoi
threshold_article_232_clause_2_point_e_tu_08_met_khoi,crime_232,article_232,232,article_232_clause_2_point_e,Point,từ 08 mét khối,08,,m3,tu 08 met khoi
threshold_article_232_clause_2_point_e_15_met_khoi,crime_232,article_232,232,article_232_clause_2_point_e,Point,15 mét khối,15,,m3,15 met khoi
threshold_article_232_clause_2_point_e_tu_03_met_khoi,crime_232,article_232,232,article_232_clause_2_point_e,Point,từ 03 mét khối,03,,m3,tu 03 met khoi
threshold_article_232_clause_2_point_e_10_met_khoi,crime_232,article_232,232,article_232_clause_2_point_e,Point,10 mét khối,10,,m3,10 met khoi
threshold_article_232_clause_2_point_g_000_000_dong_den,crime_232,article_232,232,article_232_clause_2_point_g,Point,000.000 đồng đến,000.000,,vnd,000 000 dong den
threshold_article_232_clause_2_point_g_000_000_dong,crime_232,article_232,232,article_232_clause_2_point_g,Point,000.000 đồng,000.000,,vnd,000 000 dong
threshold_article_232_clause_2_point_h_tu_02_met_khoi,crime_232,article_232,232,article_232_clause_2_point_h,Point,từ 02 mét khối,02,,m3,tu 02 met khoi
threshold_article_232_clause_2_point_h_04_met_khoi,crime_232,article_232,232,article_232_clause_2_point_h,Point,04 mét khối,04,,m3,04 met khoi
threshold_article_232_clause_2_point_h_tu_1_5_met_khoi,crime_232,article_232,232,article_232_clause_2_point_h,Point,"từ 1,5 mét khối",1.5,,m3,tu 1 5 met khoi
threshold_article_232_clause_2_point_h_03_met_khoi,crime_232,article_232,232,article_232_clause_2_point_h,Point,03 mét khối,03,,m3,03 met khoi
threshold_article_232_clause_2_point_h_tu_01_met_khoi,crime_232,article_232,232,article_232_clause_2_point_h,Point,từ 01 mét khối,01,,m3,tu 01 met khoi
threshold_article_232_clause_2_point_h_02_met_khoi,crime_232,article_232,232,article_232_clause_2_point_h,Point,02 mét khối,02,,m3,02 met khoi
threshold_article_232_clause_2_point_i_000_000_dong_den,crime_232,article_232,232,article_232_clause_2_point_i,Point,000.000 đồng đến,000.000,,vnd,000 000 dong den
threshold_article_232_clause_2_point_i_000_000_dong,crime_232,article_232,232,article_232_clause_2_point_i,Point,000.000 đồng,000.000,,vnd,000 000 dong
threshold_article_232_clause_2_point_k_tu_03_met_khoi,crime_232,article_232,232,article_232_clause_2_point_k,Point,từ 03 mét khối,03,,m3,tu 03 met khoi
threshold_article_232_clause_2_point_k_06_met_khoi,crime_232,article_232,232,article_232_clause_2_point_k,Point,06 mét khối,06,,m3,06 met khoi
threshold_article_232_clause_2_point_k_tu_20_met_khoi,crime_232,article_232,232,article_232_clause_2_point_k,Point,từ 20 mét khối,20,,m3,tu 20 met khoi
threshold_article_232_clause_2_point_k_40_met_khoi,crime_232,article_232,232,article_232_clause_2_point_k,Point,40 mét khối,40,,m3,40 met khoi
threshold_article_232_clause_2_point_k_tu_40_met_khoi,crime_232,article_232,232,article_232_clause_2_point_k,Point,từ 40 mét khối,40,,m3,tu 40 met khoi
threshold_article_232_clause_2_point_k_80_met_khoi,crime_232,article_232,232,article_232_clause_2_point_k,Point,80 mét khối,80,,m3,80 met khoi
threshold_article_232_clause_2_point_l_000_000_dong_den,crime_232,article_232,232,article_232_clause_2_point_l,Point,000.000 đồng đến,000.000,,vnd,000 000 dong den
threshold_article_232_clause_2_point_l_000_000_dong,crime_232,article_232,232,article_232_clause_2_point_l,Point,000.000 đồng,000.000,,vnd,000 000 dong
threshold_article_232_clause_3_point_a_80_met_khoi,crime_232,article_232,232,article_232_clause_3_point_a,Point,80 mét khối,80,,m3,80 met khoi
threshold_article_232_clause_3_point_a_50_met_khoi,crime_232,article_232,232,article_232_clause_3_point_a,Point,50 mét khối,50,,m3,50 met khoi
threshold_article_232_clause_3_point_b_40_met_khoi,crime_232,article_232,232,article_232_clause_3_point_b,Point,40 mét khối,40,,m3,40 met khoi
threshold_article_232_clause_3_point_b_30_met_khoi,crime_232,article_232,232,article_232_clause_3_point_b,Point,30 mét khối,30,,m3,30 met khoi
threshold_article_232_clause_3_point_c_60_met_khoi,crime_232,article_232,232,article_232_clause_3_point_c,Point,60 mét khối,60,,m3,60 met khoi
threshold_article_232_clause_3_point_c_40_met_khoi,crime_232,article_232,232,article_232_clause_3_point_c,Point,40 mét khối,40,,m3,40 met khoi
threshold_article_232_clause_3_point_d_30_met_khoi,crime_232,article_232,232,article_232_clause_3_point_d,Point,30 mét khối,30,,m3,30 met khoi
threshold_article_232_clause_3_point_d_20_met_khoi,crime_232,article_232,232,article_232_clause_3_point_d,Point,20 mét khối,20,,m3,20 met khoi
threshold_article_232_clause_3_point_d_40_met_khoi,crime_232,article_232,232,article_232_clause_3_point_d,Point,40 mét khối,40,,m3,40 met khoi
threshold_article_232_clause_3_point_e_15_met_khoi,crime_232,article_232,232,article_232_clause_3_point_e,Point,15 mét khối,15,,m3,15 met khoi
threshold_article_232_clause_3_point_e_10_met_khoi,crime_232,article_232,232,article_232_clause_3_point_e,Point,10 mét khối,10,,m3,10 met khoi
threshold_article_232_clause_3_point_g_000_000_dong_tro_len,crime_232,article_232,232,article_232_clause_3_point_g,Point,000.000 đồng trở lên,000.000,,vnd,000 000 dong tro len
threshold_article_232_clause_3_point_h_04_met_khoi,crime_232,article_232,232,article_232_clause_3_point_h,Point,04 mét khối,04,,m3,04 met khoi
threshold_article_232_clause_3_point_h_03_met_khoi,crime_232,article_232,232,article_232_clause_3_point_h,Point,03 mét khối,03,,m3,03 met khoi
threshold_article_232_clause_3_point_h_02_met_khoi,crime_232,article_232,232,article_232_clause_3_point_h,Point,02 mét khối,02,,m3,02 met khoi
threshold_article_232_clause_3_point_i_000_000_dong_tro_len,crime_232,article_232,232,article_232_clause_3_point_i,Point,000.000 đồng trở lên,000.000,,vnd,000 000 dong tro len
threshold_article_232_clause_3_point_k_06_met_khoi,crime_232,article_232,232,article_232_clause_3_point_k,Point,06 mét khối,06,,m3,06 met khoi
threshold_article_232_clause_3_point_k_40_met_khoi,crime_232,article_232,232,article_232_clause_3_point_k,Point,40 mét khối,40,,m3,40 met khoi
threshold_article_232_clause_3_point_k_80_met_khoi,crime_232,article_232,232,article_232_clause_3_point_k,Point,80 mét khối,80,,m3,80 met khoi
threshold_article_232_clause_3_point_l_000_000_dong_tro_len,crime_232,article_232,232,article_232_clause_3_point_l,Point,000.000 đồng trở lên,000.000,,vnd,000 000 dong tro len
threshold_article_232_clause_5_point_a_000_000_dong_den_1_000,crime_232,article_232,232,article_232_clause_5_point_a,Point,000.000 đồng đến 1.000,000.000,1.000,vnd,000 000 dong den 1 000
threshold_article_232_clause_5_point_a_000_000_dong,crime_232,article_232,232,article_232_clause_5_point_a,Point,000.000 đồng,000.000,,vnd,000 000 dong
threshold_article_232_clause_5_point_b_000_000_dong_den_3_000,crime_232,article_232,232,article_232_clause_5_point_b,Point,000.000 đồng đến 3.000,000.000,3.000,vnd,000 000 dong den 3 000
threshold_article_232_clause_5_point_b_000_000_dong,crime_232,article_232,232,article_232_clause_5_point_b,Point,000.000 đồng,000.000,,vnd,000 000 dong
threshold_article_232_clause_5_point_c_000_000_dong_den_6_000,crime_232,article_232,232,article_232_clause_5_point_c,Point,000.000 đồng đến 6.000,000.000,6.000,vnd,000 000 dong den 6 000
threshold_article_232_clause_5_point_c_000_000_dong,crime_232,article_232,232,article_232_clause_5_point_c,Point,000.000 đồng,000.000,,vnd,000 000 dong
threshold_article_232_clause_5_point_d_000_000_dong_den_500_000,crime_232,article_232,232,article_232_clause_5_point_d,Point,000.000 đồng đến 500.000,000.000,500.000,vnd,000 000 dong den 500 000
threshold_article_232_clause_5_point_d_000_dong,crime_232,article_232,232,article_232_clause_5_point_d,Point,000 đồng,000,,vnd,000 dong
threshold_condition_article_233_clause_4_000_000_dong_den_100_000,crime_233,article_233,233,condition_article_233_clause_4,Condition,000.000 đồng đến 100.000,000.000,100.000,vnd,000 000 dong den 100 000
threshold_condition_article_233_clause_4_000_dong,crime_233,article_233,233,condition_article_233_clause_4,Condition,000 đồng,000,,vnd,000 dong
threshold_article_233_clause_4_000_000_dong_den_100_000,crime_233,article_233,233,article_233_clause_4,Clause,000.000 đồng đến 100.000,000.000,100.000,vnd,000 000 dong den 100 000
threshold_article_233_clause_4_000_dong,crime_233,article_233,233,article_233_clause_4,Clause,000 đồng,000,,vnd,000 dong
threshold_condition_article_234_clause_4_000_000_dong_den_200_000,crime_234,article_234,234,condition_article_234_clause_4,Condition,000.000 đồng đến 200.000,000.000,200.000,vnd,000 000 dong den 200 000
threshold_condition_article_234_clause_4_000_dong,crime_234,article_234,234,condition_article_234_clause_4,Condition,000 đồng,000,,vnd,000 dong
threshold_condition_article_234_clause_1_point_a_000_000_dong_den,crime_234,article_234,234,condition_article_234_clause_1_point_a,Condition,000.000 đồng đến,000.000,,vnd,000 000 dong den
threshold_condition_article_234_clause_1_point_a_000_000_dong,crime_234,article_234,234,condition_article_234_clause_1_point_a,Condition,000.000 đồng,000.000,,vnd,000 000 dong
threshold_condition_article_234_clause_1_point_b_000_000_dong_den,crime_234,article_234,234,condition_article_234_clause_1_point_b,Condition,000.000 đồng đến,000.000,,vnd,000 000 dong den
threshold_condition_article_234_clause_1_point_b_000_000_dong,crime_234,article_234,234,condition_article_234_clause_1_point_b,Condition,000.000 đồng,000.000,,vnd,000 000 dong
threshold_condition_article_234_clause_2_point_g_000_000_dong_den,crime_234,article_234,234,condition_article_234_clause_2_point_g,Condition,000.000 đồng đến,000.000,,vnd,000 000 dong den
threshold_condition_article_234_clause_2_point_g_000_000_dong,crime_234,article_234,234,condition_article_234_clause_2_point_g,Condition,000.000 đồng,000.000,,vnd,000 000 dong
threshold_condition_article_234_clause_2_point_h_000_000_dong_den,crime_234,article_234,234,condition_article_234_clause_2_point_h,Condition,000.000 đồng đến,000.000,,vnd,000 000 dong den
threshold_condition_article_234_clause_2_point_h_000_000_dong,crime_234,article_234,234,condition_article_234_clause_2_point_h,Condition,000.000 đồng,000.000,,vnd,000 000 dong
threshold_condition_article_234_clause_3_point_a_000_000_dong_tro_len,crime_234,article_234,234,condition_article_234_clause_3_point_a,Condition,000.000 đồng trở lên,000.000,,vnd,000 000 dong tro len
threshold_condition_article_234_clause_3_point_b_000_000_dong_tro_len,crime_234,article_234,234,condition_article_234_clause_3_point_b,Condition,000.000 đồng trở lên,000.000,,vnd,000 000 dong tro len
threshold_condition_article_234_clause_5_point_d_000_000_dong_den_200_000,crime_234,article_234,234,condition_article_234_clause_5_point_d,Condition,000.000 đồng đến 200.000,000.000,200.000,vnd,000 000 dong den 200 000
threshold_condition_article_234_clause_5_point_d_000_dong,crime_234,article_234,234,condition_article_234_clause_5_point_d,Condition,000 đồng,000,,vnd,000 dong
threshold_article_234_clause_1_000_000_dong_den_300_000,crime_234,article_234,234,article_234_clause_1,Clause,000.000 đồng đến 300.000,000.000,300.000,vnd,000 000 dong den 300 000
threshold_article_234_clause_1_000_dong,crime_234,article_234,234,article_234_clause_1,Clause,000 đồng,000,,vnd,000 dong
threshold_article_234_clause_1_000_000_dong_den,crime_234,article_234,234,article_234_clause_1,Clause,000.000 đồng đến,000.000,,vnd,000 000 dong den
threshold_article_234_clause_1_000_000_dong,crime_234,article_234,234,article_234_clause_1,Clause,000.000 đồng,000.000,,vnd,000 000 dong
threshold_article_234_clause_2_000_000_dong_den_1_500,crime_234,article_234,234,article_234_clause_2,Clause,000.000 đồng đến 1.500,000.000,1.500,vnd,000 000 dong den 1 500
threshold_article_234_clause_2_000_000_dong,crime_234,article_234,234,article_234_clause_2,Clause,000.000 đồng,000.000,,vnd,000 000 dong
threshold_article_234_clause_2_000_000_dong_den,crime_234,article_234,234,article_234_clause_2,Clause,000.000 đồng đến,000.000,,vnd,000 000 dong den
threshold_article_234_clause_3_000_000_dong_tro_len,crime_234,article_234,234,article_234_clause_3,Clause,000.000 đồng trở lên,000.000,,vnd,000 000 dong tro len
threshold_article_234_clause_4_000_000_dong_den_200_000,crime_234,article_234,234,article_234_clause_4,Clause,000.000 đồng đến 200.000,000.000,200.000,vnd,000 000 dong den 200 000
threshold_article_234_clause_4_000_dong,crime_234,article_234,234,article_234_clause_4,Clause,000 đồng,000,,vnd,000 dong
threshold_article_234_clause_5_000_000_dong_den_1_000,crime_234,article_234,234,article_234_clause_5,Clause,000.000 đồng đến 1.000,000.000,1.000,vnd,000 000 dong den 1 000
threshold_article_234_clause_5_000_000_dong,crime_234,article_234,234,article_234_clause_5,Clause,000.000 đồng,000.000,,vnd,000 000 dong
threshold_article_234_clause_5_000_000_dong_den_3_000,crime_234,article_234,234,article_234_clause_5,Clause,000.000 đồng đến 3.000,000.000,3.000,vnd,000 000 dong den 3 000
threshold_article_234_clause_5_000_000_dong_den_6_000,crime_234,article_234,234,article_234_clause_5,Clause,000.000 đồng đến 6.000,000.000,6.000,vnd,000 000 dong den 6 000
threshold_article_234_clause_5_000_000_dong_den_200_000,crime_234,article_234,234,article_234_clause_5,Clause,000.000 đồng đến 200.000,000.000,200.000,vnd,000 000 dong den 200 000
threshold_article_234_clause_5_000_dong,crime_234,article_234,234,article_234_clause_5,Clause,000 đồng,000,,vnd,000 dong
threshold_article_234_clause_1_point_a_000_000_dong_den,crime_234,article_234,234,article_234_clause_1_point_a,Point,000.000 đồng đến,000.000,,vnd,000 000 dong den
threshold_article_234_clause_1_point_a_000_000_dong,crime_234,article_234,234,article_234_clause_1_point_a,Point,000.000 đồng,000.000,,vnd,000 000 dong
threshold_article_234_clause_1_point_b_000_000_dong_den,crime_234,article_234,234,article_234_clause_1_point_b,Point,000.000 đồng đến,000.000,,vnd,000 000 dong den
threshold_article_234_clause_1_point_b_000_000_dong,crime_234,article_234,234,article_234_clause_1_point_b,Point,000.000 đồng,000.000,,vnd,000 000 dong
threshold_article_234_clause_2_point_g_000_000_dong_den,crime_234,article_234,234,article_234_clause_2_point_g,Point,000.000 đồng đến,000.000,,vnd,000 000 dong den
threshold_article_234_clause_2_point_g_000_000_dong,crime_234,article_234,234,article_234_clause_2_point_g,Point,000.000 đồng,000.000,,vnd,000 000 dong
threshold_article_234_clause_2_point_h_000_000_dong_den,crime_234,article_234,234,article_234_clause_2_point_h,Point,000.000 đồng đến,000.000,,vnd,000 000 dong den
threshold_article_234_clause_2_point_h_000_000_dong,crime_234,article_234,234,article_234_clause_2_point_h,Point,000.000 đồng,000.000,,vnd,000 000 dong
threshold_article_234_clause_3_point_a_000_000_dong_tro_len,crime_234,article_234,234,article_234_clause_3_point_a,Point,000.000 đồng trở lên,000.000,,vnd,000 000 dong tro len
threshold_article_234_clause_3_point_b_000_000_dong_tro_len,crime_234,article_234,234,article_234_clause_3_point_b,Point,000.000 đồng trở lên,000.000,,vnd,000 000 dong tro len
threshold_article_234_clause_5_point_a_000_000_dong_den_1_000,crime_234,article_234,234,article_234_clause_5_point_a,Point,000.000 đồng đến 1.000,000.000,1.000,vnd,000 000 dong den 1 000
threshold_article_234_clause_5_point_a_000_000_dong,crime_234,article_234,234,article_234_clause_5_point_a,Point,000.000 đồng,000.000,,vnd,000 000 dong
threshold_article_234_clause_5_point_b_000_000_dong_den_3_000,crime_234,article_234,234,article_234_clause_5_point_b,Point,000.000 đồng đến 3.000,000.000,3.000,vnd,000 000 dong den 3 000
threshold_article_234_clause_5_point_b_000_000_dong,crime_234,article_234,234,article_234_clause_5_point_b,Point,000.000 đồng,000.000,,vnd,000 000 dong
threshold_article_234_clause_5_point_c_000_000_dong_den_6_000,crime_234,article_234,234,article_234_clause_5_point_c,Point,000.000 đồng đến 6.000,000.000,6.000,vnd,000 000 dong den 6 000
threshold_article_234_clause_5_point_c_000_000_dong,crime_234,article_234,234,article_234_clause_5_point_c,Point,000.000 đồng,000.000,,vnd,000 000 dong
threshold_article_234_clause_5_point_d_000_000_dong_den_200_000,crime_234,article_234,234,article_234_clause_5_point_d,Point,000.000 đồng đến 200.000,000.000,200.000,vnd,000 000 dong den 200 000
threshold_article_234_clause_5_point_d_000_dong,crime_234,article_234,234,article_234_clause_5_point_d,Point,000 đồng,000,,vnd,000 dong
threshold_condition_article_235_clause_4_000_000_dong_den_400_000,crime_235,article_235,235,condition_article_235_clause_4,Condition,000.000 đồng đến 400.000,000.000,400.000,vnd,000 000 dong den 400 000
threshold_condition_article_235_clause_4_000_dong,crime_235,article_235,235,condition_article_235_clause_4,Condition,000 đồng,000,,vnd,000 dong
threshold_condition_article_235_clause_1_point_a_tu_1_000_kilogam_den,crime_235,article_235,235,condition_article_235_clause_1_point_a,Condition,từ 1.000 kilôgam đến,1.000,,kg,tu 1 000 kilogam den
threshold_condition_article_235_clause_1_point_a_3_000_kilogam,crime_235,article_235,235,condition_article_235_clause_1_point_a,Condition,3.000 kilôgam,3.000,,kg,3 000 kilogam
threshold_condition_article_235_clause_1_point_a_tu_3_000_kilogam_den,crime_235,article_235,235,condition_article_235_clause_1_point_a,Condition,từ 3.000 kilôgam đến,3.000,,kg,tu 3 000 kilogam den
threshold_condition_article_235_clause_1_point_a_10_000_kilogam,crime_235,article_235,235,condition_article_235_clause_1_point_a,Condition,10.000 kilôgam,10.000,,kg,10 000 kilogam
threshold_condition_article_235_clause_1_point_b_tu_500_kilogam_den,crime_235,article_235,235,condition_article_235_clause_1_point_b,Condition,từ 500 kilôgam đến,500,,kg,tu 500 kilogam den
threshold_condition_article_235_clause_1_point_b_1_000_kilogam,crime_235,article_235,235,condition_article_235_clause_1_point_b,Condition,1.000 kilôgam,1.000,,kg,1 000 kilogam
threshold_condition_article_235_clause_1_point_b_tu_1_500_kilogam_den,crime_235,article_235,235,condition_article_235_clause_1_point_b,Condition,từ 1.500 kilôgam đến,1.500,,kg,tu 1 500 kilogam den
threshold_condition_article_235_clause_1_point_b_3_000_kilogam,crime_235,article_235,235,condition_article_235_clause_1_point_b,Condition,3.000 kilôgam,3.000,,kg,3 000 kilogam
threshold_condition_article_235_clause_1_point_c_tu_500_met_khoi,crime_235,article_235,235,condition_article_235_clause_1_point_c,Condition,từ 500 mét khối,500,,m3,tu 500 met khoi
threshold_condition_article_235_clause_1_point_c_5_000_met_khoi,crime_235,article_235,235,condition_article_235_clause_1_point_c,Condition,5.000 mét khối,5.000,,m3,5 000 met khoi
threshold_condition_article_235_clause_1_point_c_tu_300_met_khoi,crime_235,article_235,235,condition_article_235_clause_1_point_c,Condition,từ 300 mét khối,300,,m3,tu 300 met khoi
threshold_condition_article_235_clause_1_point_c_500_met_khoi,crime_235,article_235,235,condition_article_235_clause_1_point_c,Condition,500 mét khối,500,,m3,500 met khoi
threshold_condition_article_235_clause_1_point_d_500_met_khoi,crime_235,article_235,235,condition_article_235_clause_1_point_d,Condition,500 mét khối,500,,m3,500 met khoi
threshold_condition_article_235_clause_1_point_d_tu_300_met_khoi,crime_235,article_235,235,condition_article_235_clause_1_point_d,Condition,từ 300 mét khối,300,,m3,tu 300 met khoi
threshold_condition_article_235_clause_1_point_d_tu_100_met_khoi,crime_235,article_235,235,condition_article_235_clause_1_point_d,Condition,từ 100 mét khối,100,,m3,tu 100 met khoi
threshold_condition_article_235_clause_1_point_d_300_met_khoi,crime_235,article_235,235,condition_article_235_clause_1_point_d,Condition,300 mét khối,300,,m3,300 met khoi
threshold_condition_article_235_clause_1_point_d_tu_150_000_met_khoi,crime_235,article_235,235,condition_article_235_clause_1_point_d,Condition,từ 150.000 mét khối,150.000,,m3,tu 150 000 met khoi
threshold_condition_article_235_clause_1_point_d_300_000_met_khoi,crime_235,article_235,235,condition_article_235_clause_1_point_d,Condition,300.000 mét khối,300.000,,m3,300 000 met khoi
threshold_condition_article_235_clause_1_point_d_tu_100_000_met_khoi,crime_235,article_235,235,condition_article_235_clause_1_point_d,Condition,từ 100.000 mét khối,100.000,,m3,tu 100 000 met khoi
threshold_condition_article_235_clause_1_point_d_150_000_met_khoi,crime_235,article_235,235,condition_article_235_clause_1_point_d,Condition,150.000 mét khối,150.000,,m3,150 000 met khoi
threshold_condition_article_235_clause_1_point_e_150_000_met_khoi,crime_235,article_235,235,condition_article_235_clause_1_point_e,Condition,150.000 mét khối,150.000,,m3,150 000 met khoi
threshold_condition_article_235_clause_1_point_e_tu_100_000_met_khoi,crime_235,article_235,235,condition_article_235_clause_1_point_e,Condition,từ 100.000 mét khối,100.000,,m3,tu 100 000 met khoi
threshold_condition_article_235_clause_1_point_e_tu_50_000_met_khoi,crime_235,article_235,235,condition_article_235_clause_1_point_e,Condition,từ 50.000 mét khối,50.000,,m3,tu 50 000 met khoi
threshold_condition_article_235_clause_1_point_e_100_000_met_khoi,crime_235,article_235,235,condition_article_235_clause_1_point_e,Condition,100.000 mét khối,100.000,,m3,100 000 met khoi
threshold_condition_article_235_clause_1_point_g_tu_100_000_kilogam_den,crime_235,article_235,235,condition_article_235_clause_1_point_g,Condition,từ 100.000 kilôgam đến,100.000,,kg,tu 100 000 kilogam den
threshold_condition_article_235_clause_1_point_g_200_000_kilogam,crime_235,article_235,235,condition_article_235_clause_1_point_g,Condition,200.000 kilôgam,200.000,,kg,200 000 kilogam
threshold_condition_article_235_clause_1_point_g_tu_70_000_kilogam_den,crime_235,article_235,235,condition_article_235_clause_1_point_g,Condition,từ 70.000 kilôgam đến,70.000,,kg,tu 70 000 kilogam den
threshold_condition_article_235_clause_1_point_g_100_000_kilogam,crime_235,article_235,235,condition_article_235_clause_1_point_g,Condition,100.000 kilôgam,100.000,,kg,100 000 kilogam
threshold_condition_article_235_clause_2_point_a_tu_3_000_kilogam_den,crime_235,article_235,235,condition_article_235_clause_2_point_a,Condition,từ 3.000 kilôgam đến,3.000,,kg,tu 3 000 kilogam den
threshold_condition_article_235_clause_2_point_a_5_000_kilogam,crime_235,article_235,235,condition_article_235_clause_2_point_a,Condition,5.000 kilôgam,5.000,,kg,5 000 kilogam
threshold_condition_article_235_clause_2_point_a_tu_10_000_kilogam_den,crime_235,article_235,235,condition_article_235_clause_2_point_a,Condition,từ 10.000 kilôgam đến,10.000,,kg,tu 10 000 kilogam den
threshold_condition_article_235_clause_2_point_a_50_000_kilogam,crime_235,article_235,235,condition_article_235_clause_2_point_a,Condition,50.000 kilôgam,50.000,,kg,50 000 kilogam
threshold_condition_article_235_clause_2_point_b_tu_5_000_met_khoi,crime_235,article_235,235,condition_article_235_clause_2_point_b,Condition,từ 5.000 mét khối,5.000,,m3,tu 5 000 met khoi
threshold_condition_article_235_clause_2_point_b_10_000_met_khoi,crime_235,article_235,235,condition_article_235_clause_2_point_b,Condition,10.000 mét khối,10.000,,m3,10 000 met khoi
threshold_condition_article_235_clause_2_point_b_tu_500_met_khoi,crime_235,article_235,235,condition_article_235_clause_2_point_b,Condition,từ 500 mét khối,500,,m3,tu 500 met khoi
threshold_condition_article_235_clause_2_point_b_5_000_met_khoi,crime_235,article_235,235,condition_article_235_clause_2_point_b,Condition,5.000 mét khối,5.000,,m3,5 000 met khoi
threshold_condition_article_235_clause_2_point_c_tu_300_000_met_khoi,crime_235,article_235,235,condition_article_235_clause_2_point_c,Condition,từ 300.000 mét khối,300.000,,m3,tu 300 000 met khoi
threshold_condition_article_235_clause_2_point_c_500_000_met_khoi,crime_235,article_235,235,condition_article_235_clause_2_point_c,Condition,500.000 mét khối,500.000,,m3,500 000 met khoi
threshold_condition_article_235_clause_2_point_c_tu_150_000_met_khoi,crime_235,article_235,235,condition_article_235_clause_2_point_c,Condition,từ 150.000 mét khối,150.000,,m3,tu 150 000 met khoi
threshold_condition_article_235_clause_2_point_c_300_000_met_khoi,crime_235,article_235,235,condition_article_235_clause_2_point_c,Condition,300.000 mét khối,300.000,,m3,300 000 met khoi
threshold_condition_article_235_clause_2_point_d_tu_200_000_kilogam_den,crime_235,article_235,235,condition_article_235_clause_2_point_d,Condition,từ 200.000 kilôgam đến,200.000,,kg,tu 200 000 kilogam den
threshold_condition_article_235_clause_2_point_d_500_000_kilogam,crime_235,article_235,235,condition_article_235_clause_2_point_d,Condition,500.000 kilôgam,500.000,,kg,500 000 kilogam
threshold_condition_article_235_clause_3_point_a_5_000_kilogam_tro_len,crime_235,article_235,235,condition_article_235_clause_3_point_a,Condition,5.000 kilôgam trở lên,5.000,,kg,5 000 kilogam tro len
threshold_condition_article_235_clause_3_point_a_50_000_kilogam_tro_len,crime_235,article_235,235,condition_article_235_clause_3_point_a,Condition,50.000 kilôgam trở lên,50.000,,kg,50 000 kilogam tro len
threshold_condition_article_235_clause_3_point_b_10_000_met_khoi,crime_235,article_235,235,condition_article_235_clause_3_point_b,Condition,10.000 mét khối,10.000,,m3,10 000 met khoi
threshold_condition_article_235_clause_3_point_b_5_000_met_khoi,crime_235,article_235,235,condition_article_235_clause_3_point_b,Condition,5.000 mét khối,5.000,,m3,5 000 met khoi
threshold_condition_article_235_clause_3_point_c_500_000_met_khoi,crime_235,article_235,235,condition_article_235_clause_3_point_c,Condition,500.000 mét khối,500.000,,m3,500 000 met khoi
threshold_condition_article_235_clause_3_point_c_300_000_met_khoi,crime_235,article_235,235,condition_article_235_clause_3_point_c,Condition,300.000 mét khối,300.000,,m3,300 000 met khoi
threshold_condition_article_235_clause_3_point_d_500_000_kilogam_tro_len,crime_235,article_235,235,condition_article_235_clause_3_point_d,Condition,500.000 kilôgam trở lên,500.000,,kg,500 000 kilogam tro len
threshold_condition_article_235_clause_5_point_d_000_000_dong_den_10_000,crime_235,article_235,235,condition_article_235_clause_5_point_d,Condition,000.000 đồng đến 10.000,000.000,10.000,vnd,000 000 dong den 10 000
threshold_condition_article_235_clause_5_point_d_000_000_dong,crime_235,article_235,235,condition_article_235_clause_5_point_d,Condition,000.000 đồng,000.000,,vnd,000 000 dong
threshold_article_235_clause_1_tu_500_met_khoi,crime_235,article_235,235,article_235_clause_1,Clause,từ 500 mét khối,500,,m3,tu 500 met khoi
threshold_article_235_clause_1_5_000_met_khoi,crime_235,article_235,235,article_235_clause_1,Clause,5.000 mét khối,5.000,,m3,5 000 met khoi
threshold_article_235_clause_1_tu_300_met_khoi,crime_235,article_235,235,article_235_clause_1,Clause,từ 300 mét khối,300,,m3,tu 300 met khoi
threshold_article_235_clause_1_500_met_khoi,crime_235,article_235,235,article_235_clause_1,Clause,500 mét khối,500,,m3,500 met khoi
threshold_article_235_clause_1_tu_100_met_khoi,crime_235,article_235,235,article_235_clause_1,Clause,từ 100 mét khối,100,,m3,tu 100 met khoi
threshold_article_235_clause_1_300_met_khoi,crime_235,article_235,235,article_235_clause_1,Clause,300 mét khối,300,,m3,300 met khoi
threshold_article_235_clause_1_tu_150_000_met_khoi,crime_235,article_235,235,article_235_clause_1,Clause,từ 150.000 mét khối,150.000,,m3,tu 150 000 met khoi
threshold_article_235_clause_1_300_000_met_khoi,crime_235,article_235,235,article_235_clause_1,Clause,300.000 mét khối,300.000,,m3,300 000 met khoi
threshold_article_235_clause_1_tu_100_000_met_khoi,crime_235,article_235,235,article_235_clause_1,Clause,từ 100.000 mét khối,100.000,,m3,tu 100 000 met khoi
threshold_article_235_clause_1_150_000_met_khoi,crime_235,article_235,235,article_235_clause_1,Clause,150.000 mét khối,150.000,,m3,150 000 met khoi
threshold_article_235_clause_1_tu_50_000_met_khoi,crime_235,article_235,235,article_235_clause_1,Clause,từ 50.000 mét khối,50.000,,m3,tu 50 000 met khoi
threshold_article_235_clause_1_100_000_met_khoi,crime_235,article_235,235,article_235_clause_1,Clause,100.000 mét khối,100.000,,m3,100 000 met khoi
threshold_article_235_clause_1_tu_1_000_kilogam_den,crime_235,article_235,235,article_235_clause_1,Clause,từ 1.000 kilôgam đến,1.000,,kg,tu 1 000 kilogam den
threshold_article_235_clause_1_3_000_kilogam,crime_235,article_235,235,article_235_clause_1,Clause,3.000 kilôgam,3.000,,kg,3 000 kilogam
threshold_article_235_clause_1_tu_3_000_kilogam_den,crime_235,article_235,235,article_235_clause_1,Clause,từ 3.000 kilôgam đến,3.000,,kg,tu 3 000 kilogam den
threshold_article_235_clause_1_10_000_kilogam,crime_235,article_235,235,article_235_clause_1,Clause,10.000 kilôgam,10.000,,kg,10 000 kilogam
threshold_article_235_clause_1_tu_500_kilogam_den,crime_235,article_235,235,article_235_clause_1,Clause,từ 500 kilôgam đến,500,,kg,tu 500 kilogam den
threshold_article_235_clause_1_1_000_kilogam,crime_235,article_235,235,article_235_clause_1,Clause,1.000 kilôgam,1.000,,kg,1 000 kilogam
threshold_article_235_clause_1_tu_1_500_kilogam_den,crime_235,article_235,235,article_235_clause_1,Clause,từ 1.500 kilôgam đến,1.500,,kg,tu 1 500 kilogam den
threshold_article_235_clause_1_tu_100_000_kilogam_den,crime_235,article_235,235,article_235_clause_1,Clause,từ 100.000 kilôgam đến,100.000,,kg,tu 100 000 kilogam den
threshold_article_235_clause_1_200_000_kilogam,crime_235,article_235,235,article_235_clause_1,Clause,200.000 kilôgam,200.000,,kg,200 000 kilogam
threshold_article_235_clause_1_tu_70_000_kilogam_den,crime_235,article_235,235,article_235_clause_1,Clause,từ 70.000 kilôgam đến,70.000,,kg,tu 70 000 kilogam den
threshold_article_235_clause_1_100_000_kilogam,crime_235,article_235,235,article_235_clause_1,Clause,100.000 kilôgam,100.000,,kg,100 000 kilogam
threshold_article_235_clause_1_000_000_dong_den_1_000,crime_235,article_235,235,article_235_clause_1,Clause,000.000 đồng đến 1.000,000.000,1.000,vnd,000 000 dong den 1 000
threshold_article_235_clause_1_000_000_dong,crime_235,article_235,235,article_235_clause_1,Clause,000.000 đồng,000.000,,vnd,000 000 dong
threshold_article_235_clause_2_tu_5_000_met_khoi,crime_235,article_235,235,article_235_clause_2,Clause,từ 5.000 mét khối,5.000,,m3,tu 5 000 met khoi
threshold_article_235_clause_2_10_000_met_khoi,crime_235,article_235,235,article_235_clause_2,Clause,10.000 mét khối,10.000,,m3,10 000 met khoi
threshold_article_235_clause_2_tu_500_met_khoi,crime_235,article_235,235,article_235_clause_2,Clause,từ 500 mét khối,500,,m3,tu 500 met khoi
threshold_article_235_clause_2_5_000_met_khoi,crime_235,article_235,235,article_235_clause_2,Clause,5.000 mét khối,5.000,,m3,5 000 met khoi
threshold_article_235_clause_2_tu_300_000_met_khoi,crime_235,article_235,235,article_235_clause_2,Clause,từ 300.000 mét khối,300.000,,m3,tu 300 000 met khoi
threshold_article_235_clause_2_500_000_met_khoi,crime_235,article_235,235,article_235_clause_2,Clause,500.000 mét khối,500.000,,m3,500 000 met khoi
threshold_article_235_clause_2_tu_150_000_met_khoi,crime_235,article_235,235,article_235_clause_2,Clause,từ 150.000 mét khối,150.000,,m3,tu 150 000 met khoi
threshold_article_235_clause_2_300_000_met_khoi,crime_235,article_235,235,article_235_clause_2,Clause,300.000 mét khối,300.000,,m3,300 000 met khoi
threshold_article_235_clause_2_tu_3_000_kilogam_den,crime_235,article_235,235,article_235_clause_2,Clause,từ 3.000 kilôgam đến,3.000,,kg,tu 3 000 kilogam den
threshold_article_235_clause_2_5_000_kilogam,crime_235,article_235,235,article_235_clause_2,Clause,5.000 kilôgam,5.000,,kg,5 000 kilogam
threshold_article_235_clause_2_tu_10_000_kilogam_den,crime_235,article_235,235,article_235_clause_2,Clause,từ 10.000 kilôgam đến,10.000,,kg,tu 10 000 kilogam den
threshold_article_235_clause_2_50_000_kilogam,crime_235,article_235,235,article_235_clause_2,Clause,50.000 kilôgam,50.000,,kg,50 000 kilogam
threshold_article_235_clause_2_tu_200_000_kilogam_den,crime_235,article_235,235,article_235_clause_2,Clause,từ 200.000 kilôgam đến,200.000,,kg,tu 200 000 kilogam den
threshold_article_235_clause_2_500_000_kilogam,crime_235,article_235,235,article_235_clause_2,Clause,500.000 kilôgam,500.000,,kg,500 000 kilogam
threshold_article_235_clause_2_000_000_dong_den_2_000,crime_235,article_235,235,article_235_clause_2,Clause,000.000 đồng đến 2.000,000.000,2.000,vnd,000 000 dong den 2 000
threshold_article_235_clause_2_000_000_dong,crime_235,article_235,235,article_235_clause_2,Clause,000.000 đồng,000.000,,vnd,000 000 dong
threshold_article_235_clause_3_10_000_met_khoi,crime_235,article_235,235,article_235_clause_3,Clause,10.000 mét khối,10.000,,m3,10 000 met khoi
threshold_article_235_clause_3_5_000_met_khoi,crime_235,article_235,235,article_235_clause_3,Clause,5.000 mét khối,5.000,,m3,5 000 met khoi
threshold_article_235_clause_3_500_000_met_khoi,crime_235,article_235,235,article_235_clause_3,Clause,500.000 mét khối,500.000,,m3,500 000 met khoi
threshold_article_235_clause_3_300_000_met_khoi,crime_235,article_235,235,article_235_clause_3,Clause,300.000 mét khối,300.000,,m3,300 000 met khoi
threshold_article_235_clause_3_5_000_kilogam_tro_len,crime_235,article_235,235,article_235_clause_3,Clause,5.000 kilôgam trở lên,5.000,,kg,5 000 kilogam tro len
threshold_article_235_clause_3_50_000_kilogam_tro_len,crime_235,article_235,235,article_235_clause_3,Clause,50.000 kilôgam trở lên,50.000,,kg,50 000 kilogam tro len
threshold_article_235_clause_3_500_000_kilogam_tro_len,crime_235,article_235,235,article_235_clause_3,Clause,500.000 kilôgam trở lên,500.000,,kg,500 000 kilogam tro len
threshold_article_235_clause_3_000_000_dong_den_6_000,crime_235,article_235,235,article_235_clause_3,Clause,000.000 đồng đến 6.000,000.000,6.000,vnd,000 000 dong den 6 000
threshold_article_235_clause_3_000_000_dong,crime_235,article_235,235,article_235_clause_3,Clause,000.000 đồng,000.000,,vnd,000 000 dong
threshold_article_235_clause_4_000_000_dong_den_400_000,crime_235,article_235,235,article_235_clause_4,Clause,000.000 đồng đến 400.000,000.000,400.000,vnd,000 000 dong den 400 000
threshold_article_235_clause_4_000_dong,crime_235,article_235,235,article_235_clause_4,Clause,000 đồng,000,,vnd,000 dong
threshold_article_235_clause_5_000_000_dong_den_14_000,crime_235,article_235,235,article_235_clause_5,Clause,000.000 đồng đến 14.000,000.000,14.000,vnd,000 000 dong den 14 000
threshold_article_235_clause_5_000_000_dong,crime_235,article_235,235,article_235_clause_5,Clause,000.000 đồng,000.000,,vnd,000 000 dong
threshold_article_235_clause_5_000_000_dong_den_24_000,crime_235,article_235,235,article_235_clause_5,Clause,000.000 đồng đến 24.000,000.000,24.000,vnd,000 000 dong den 24 000
threshold_article_235_clause_5_000_000_dong_den_40_000,crime_235,article_235,235,article_235_clause_5,Clause,000.000 đồng đến 40.000,000.000,40.000,vnd,000 000 dong den 40 000
threshold_article_235_clause_5_000_000_dong_den_10_000,crime_235,article_235,235,article_235_clause_5,Clause,000.000 đồng đến 10.000,000.000,10.000,vnd,000 000 dong den 10 000
threshold_article_235_clause_1_point_a_tu_1_000_kilogam_den,crime_235,article_235,235,article_235_clause_1_point_a,Point,từ 1.000 kilôgam đến,1.000,,kg,tu 1 000 kilogam den
threshold_article_235_clause_1_point_a_3_000_kilogam,crime_235,article_235,235,article_235_clause_1_point_a,Point,3.000 kilôgam,3.000,,kg,3 000 kilogam
threshold_article_235_clause_1_point_a_tu_3_000_kilogam_den,crime_235,article_235,235,article_235_clause_1_point_a,Point,từ 3.000 kilôgam đến,3.000,,kg,tu 3 000 kilogam den
threshold_article_235_clause_1_point_a_10_000_kilogam,crime_235,article_235,235,article_235_clause_1_point_a,Point,10.000 kilôgam,10.000,,kg,10 000 kilogam
threshold_article_235_clause_1_point_b_tu_500_kilogam_den,crime_235,article_235,235,article_235_clause_1_point_b,Point,từ 500 kilôgam đến,500,,kg,tu 500 kilogam den
threshold_article_235_clause_1_point_b_1_000_kilogam,crime_235,article_235,235,article_235_clause_1_point_b,Point,1.000 kilôgam,1.000,,kg,1 000 kilogam
threshold_article_235_clause_1_point_b_tu_1_500_kilogam_den,crime_235,article_235,235,article_235_clause_1_point_b,Point,từ 1.500 kilôgam đến,1.500,,kg,tu 1 500 kilogam den
threshold_article_235_clause_1_point_b_3_000_kilogam,crime_235,article_235,235,article_235_clause_1_point_b,Point,3.000 kilôgam,3.000,,kg,3 000 kilogam
threshold_article_235_clause_1_point_c_tu_500_met_khoi,crime_235,article_235,235,article_235_clause_1_point_c,Point,từ 500 mét khối,500,,m3,tu 500 met khoi
threshold_article_235_clause_1_point_c_5_000_met_khoi,crime_235,article_235,235,article_235_clause_1_point_c,Point,5.000 mét khối,5.000,,m3,5 000 met khoi
threshold_article_235_clause_1_point_c_tu_300_met_khoi,crime_235,article_235,235,article_235_clause_1_point_c,Point,từ 300 mét khối,300,,m3,tu 300 met khoi
threshold_article_235_clause_1_point_c_500_met_khoi,crime_235,article_235,235,article_235_clause_1_point_c,Point,500 mét khối,500,,m3,500 met khoi
threshold_article_235_clause_1_point_d_500_met_khoi,crime_235,article_235,235,article_235_clause_1_point_d,Point,500 mét khối,500,,m3,500 met khoi
threshold_article_235_clause_1_point_d_tu_300_met_khoi,crime_235,article_235,235,article_235_clause_1_point_d,Point,từ 300 mét khối,300,,m3,tu 300 met khoi
threshold_article_235_clause_1_point_d_tu_100_met_khoi,crime_235,article_235,235,article_235_clause_1_point_d,Point,từ 100 mét khối,100,,m3,tu 100 met khoi
threshold_article_235_clause_1_point_d_300_met_khoi,crime_235,article_235,235,article_235_clause_1_point_d,Point,300 mét khối,300,,m3,300 met khoi
threshold_article_235_clause_1_point_d_tu_150_000_met_khoi,crime_235,article_235,235,article_235_clause_1_point_d,Point,từ 150.000 mét khối,150.000,,m3,tu 150 000 met khoi
threshold_article_235_clause_1_point_d_300_000_met_khoi,crime_235,article_235,235,article_235_clause_1_point_d,Point,300.000 mét khối,300.000,,m3,300 000 met khoi
threshold_article_235_clause_1_point_d_tu_100_000_met_khoi,crime_235,article_235,235,article_235_clause_1_point_d,Point,từ 100.000 mét khối,100.000,,m3,tu 100 000 met khoi
threshold_article_235_clause_1_point_d_150_000_met_khoi,crime_235,article_235,235,article_235_clause_1_point_d,Point,150.000 mét khối,150.000,,m3,150 000 met khoi
threshold_article_235_clause_1_point_e_150_000_met_khoi,crime_235,article_235,235,article_235_clause_1_point_e,Point,150.000 mét khối,150.000,,m3,150 000 met khoi
threshold_article_235_clause_1_point_e_tu_100_000_met_khoi,crime_235,article_235,235,article_235_clause_1_point_e,Point,từ 100.000 mét khối,100.000,,m3,tu 100 000 met khoi
threshold_article_235_clause_1_point_e_tu_50_000_met_khoi,crime_235,article_235,235,article_235_clause_1_point_e,Point,từ 50.000 mét khối,50.000,,m3,tu 50 000 met khoi
threshold_article_235_clause_1_point_e_100_000_met_khoi,crime_235,article_235,235,article_235_clause_1_point_e,Point,100.000 mét khối,100.000,,m3,100 000 met khoi
threshold_article_235_clause_1_point_g_tu_100_000_kilogam_den,crime_235,article_235,235,article_235_clause_1_point_g,Point,từ 100.000 kilôgam đến,100.000,,kg,tu 100 000 kilogam den
threshold_article_235_clause_1_point_g_200_000_kilogam,crime_235,article_235,235,article_235_clause_1_point_g,Point,200.000 kilôgam,200.000,,kg,200 000 kilogam
threshold_article_235_clause_1_point_g_tu_70_000_kilogam_den,crime_235,article_235,235,article_235_clause_1_point_g,Point,từ 70.000 kilôgam đến,70.000,,kg,tu 70 000 kilogam den
threshold_article_235_clause_1_point_g_100_000_kilogam,crime_235,article_235,235,article_235_clause_1_point_g,Point,100.000 kilôgam,100.000,,kg,100 000 kilogam
threshold_article_235_clause_2_point_a_tu_3_000_kilogam_den,crime_235,article_235,235,article_235_clause_2_point_a,Point,từ 3.000 kilôgam đến,3.000,,kg,tu 3 000 kilogam den
threshold_article_235_clause_2_point_a_5_000_kilogam,crime_235,article_235,235,article_235_clause_2_point_a,Point,5.000 kilôgam,5.000,,kg,5 000 kilogam
threshold_article_235_clause_2_point_a_tu_10_000_kilogam_den,crime_235,article_235,235,article_235_clause_2_point_a,Point,từ 10.000 kilôgam đến,10.000,,kg,tu 10 000 kilogam den
threshold_article_235_clause_2_point_a_50_000_kilogam,crime_235,article_235,235,article_235_clause_2_point_a,Point,50.000 kilôgam,50.000,,kg,50 000 kilogam
threshold_article_235_clause_2_point_b_tu_5_000_met_khoi,crime_235,article_235,235,article_235_clause_2_point_b,Point,từ 5.000 mét khối,5.000,,m3,tu 5 000 met khoi
threshold_article_235_clause_2_point_b_10_000_met_khoi,crime_235,article_235,235,article_235_clause_2_point_b,Point,10.000 mét khối,10.000,,m3,10 000 met khoi
threshold_article_235_clause_2_point_b_tu_500_met_khoi,crime_235,article_235,235,article_235_clause_2_point_b,Point,từ 500 mét khối,500,,m3,tu 500 met khoi
threshold_article_235_clause_2_point_b_5_000_met_khoi,crime_235,article_235,235,article_235_clause_2_point_b,Point,5.000 mét khối,5.000,,m3,5 000 met khoi
threshold_article_235_clause_2_point_c_tu_300_000_met_khoi,crime_235,article_235,235,article_235_clause_2_point_c,Point,từ 300.000 mét khối,300.000,,m3,tu 300 000 met khoi
threshold_article_235_clause_2_point_c_500_000_met_khoi,crime_235,article_235,235,article_235_clause_2_point_c,Point,500.000 mét khối,500.000,,m3,500 000 met khoi
threshold_article_235_clause_2_point_c_tu_150_000_met_khoi,crime_235,article_235,235,article_235_clause_2_point_c,Point,từ 150.000 mét khối,150.000,,m3,tu 150 000 met khoi
threshold_article_235_clause_2_point_c_300_000_met_khoi,crime_235,article_235,235,article_235_clause_2_point_c,Point,300.000 mét khối,300.000,,m3,300 000 met khoi
threshold_article_235_clause_2_point_d_tu_200_000_kilogam_den,crime_235,article_235,235,article_235_clause_2_point_d,Point,từ 200.000 kilôgam đến,200.000,,kg,tu 200 000 kilogam den
threshold_article_235_clause_2_point_d_500_000_kilogam,crime_235,article_235,235,article_235_clause_2_point_d,Point,500.000 kilôgam,500.000,,kg,500 000 kilogam
threshold_article_235_clause_3_point_a_5_000_kilogam_tro_len,crime_235,article_235,235,article_235_clause_3_point_a,Point,5.000 kilôgam trở lên,5.000,,kg,5 000 kilogam tro len
threshold_article_235_clause_3_point_a_50_000_kilogam_tro_len,crime_235,article_235,235,article_235_clause_3_point_a,Point,50.000 kilôgam trở lên,50.000,,kg,50 000 kilogam tro len
threshold_article_235_clause_3_point_b_10_000_met_khoi,crime_235,article_235,235,article_235_clause_3_point_b,Point,10.000 mét khối,10.000,,m3,10 000 met khoi
threshold_article_235_clause_3_point_b_5_000_met_khoi,crime_235,article_235,235,article_235_clause_3_point_b,Point,5.000 mét khối,5.000,,m3,5 000 met khoi
threshold_article_235_clause_3_point_c_500_000_met_khoi,crime_235,article_235,235,article_235_clause_3_point_c,Point,500.000 mét khối,500.000,,m3,500 000 met khoi
threshold_article_235_clause_3_point_c_300_000_met_khoi,crime_235,article_235,235,article_235_clause_3_point_c,Point,300.000 mét khối,300.000,,m3,300 000 met khoi
threshold_article_235_clause_3_point_d_500_000_kilogam_tro_len,crime_235,article_235,235,article_235_clause_3_point_d,Point,500.000 kilôgam trở lên,500.000,,kg,500 000 kilogam tro len
threshold_article_235_clause_5_point_a_000_000_dong_den_14_000,crime_235,article_235,235,article_235_clause_5_point_a,Point,000.000 đồng đến 14.000,000.000,14.000,vnd,000 000 dong den 14 000
threshold_article_235_clause_5_point_a_000_000_dong,crime_235,article_235,235,article_235_clause_5_point_a,Point,000.000 đồng,000.000,,vnd,000 000 dong
threshold_article_235_clause_5_point_b_000_000_dong_den_24_000,crime_235,article_235,235,article_235_clause_5_point_b,Point,000.000 đồng đến 24.000,000.000,24.000,vnd,000 000 dong den 24 000
threshold_article_235_clause_5_point_b_000_000_dong,crime_235,article_235,235,article_235_clause_5_point_b,Point,000.000 đồng,000.000,,vnd,000 000 dong
threshold_article_235_clause_5_point_c_000_000_dong_den_40_000,crime_235,article_235,235,article_235_clause_5_point_c,Point,000.000 đồng đến 40.000,000.000,40.000,vnd,000 000 dong den 40 000
threshold_article_235_clause_5_point_c_000_000_dong,crime_235,article_235,235,article_235_clause_5_point_c,Point,000.000 đồng,000.000,,vnd,000 000 dong
threshold_article_235_clause_5_point_d_000_000_dong_den_10_000,crime_235,article_235,235,article_235_clause_5_point_d,Point,000.000 đồng đến 10.000,000.000,10.000,vnd,000 000 dong den 10 000
threshold_article_235_clause_5_point_d_000_000_dong,crime_235,article_235,235,article_235_clause_5_point_d,Point,000.000 đồng,000.000,,vnd,000 000 dong
threshold_condition_article_236_clause_1_tu_3_000_kilogam_den,crime_236,article_236,236,condition_article_236_clause_1,Condition,từ 3.000 kilôgam đến,3.000,,kg,tu 3 000 kilogam den
threshold_condition_article_236_clause_1_5_000_kilogam,crime_236,article_236,236,condition_article_236_clause_1,Condition,5.000 kilôgam,5.000,,kg,5 000 kilogam
threshold_condition_article_236_clause_3_10_000_kilogam_tro_len,crime_236,article_236,236,condition_article_236_clause_3,Condition,10.000 kilôgam trở lên,10.000,,kg,10 000 kilogam tro len
threshold_condition_article_236_clause_4_000_000_dong_den_300_000,crime_236,article_236,236,condition_article_236_clause_4,Condition,000.000 đồng đến 300.000,000.000,300.000,vnd,000 000 dong den 300 000
threshold_condition_article_236_clause_4_000_dong,crime_236,article_236,236,condition_article_236_clause_4,Condition,000 đồng,000,,vnd,000 dong
threshold_condition_article_236_clause_2_point_a_tu_5_000_kilogam_den,crime_236,article_236,236,condition_article_236_clause_2_point_a,Condition,từ 5.000 kilôgam đến,5.000,,kg,tu 5 000 kilogam den
threshold_condition_article_236_clause_2_point_a_10_000_kilogam,crime_236,article_236,236,condition_article_236_clause_2_point_a,Condition,10.000 kilôgam,10.000,,kg,10 000 kilogam
threshold_article_236_clause_1_tu_3_000_kilogam_den,crime_236,article_236,236,article_236_clause_1,Clause,từ 3.000 kilôgam đến,3.000,,kg,tu 3 000 kilogam den
threshold_article_236_clause_1_5_000_kilogam,crime_236,article_236,236,article_236_clause_1,Clause,5.000 kilôgam,5.000,,kg,5 000 kilogam
threshold_article_236_clause_1_000_000_dong_den_400_000,crime_236,article_236,236,article_236_clause_1,Clause,000.000 đồng đến 400.000,000.000,400.000,vnd,000 000 dong den 400 000
threshold_article_236_clause_1_000_dong,crime_236,article_236,236,article_236_clause_1,Clause,000 đồng,000,,vnd,000 dong
threshold_article_236_clause_2_tu_5_000_kilogam_den,crime_236,article_236,236,article_236_clause_2,Clause,từ 5.000 kilôgam đến,5.000,,kg,tu 5 000 kilogam den
threshold_article_236_clause_2_10_000_kilogam,crime_236,article_236,236,article_236_clause_2,Clause,10.000 kilôgam,10.000,,kg,10 000 kilogam
threshold_article_236_clause_2_000_000_dong_den_2_000,crime_236,article_236,236,article_236_clause_2,Clause,000.000 đồng đến 2.000,000.000,2.000,vnd,000 000 dong den 2 000
threshold_article_236_clause_2_000_000_dong,crime_236,article_236,236,article_236_clause_2,Clause,000.000 đồng,000.000,,vnd,000 000 dong
threshold_article_236_clause_3_10_000_kilogam_tro_len,crime_236,article_236,236,article_236_clause_3,Clause,10.000 kilôgam trở lên,10.000,,kg,10 000 kilogam tro len
threshold_article_236_clause_4_000_000_dong_den_300_000,crime_236,article_236,236,article_236_clause_4,Clause,000.000 đồng đến 300.000,000.000,300.000,vnd,000 000 dong den 300 000
threshold_article_236_clause_4_000_dong,crime_236,article_236,236,article_236_clause_4,Clause,000 đồng,000,,vnd,000 dong
threshold_article_236_clause_2_point_a_tu_5_000_kilogam_den,crime_236,article_236,236,article_236_clause_2_point_a,Point,từ 5.000 kilôgam đến,5.000,,kg,tu 5 000 kilogam den
threshold_article_236_clause_2_point_a_10_000_kilogam,crime_236,article_236,236,article_236_clause_2_point_a,Point,10.000 kilôgam,10.000,,kg,10 000 kilogam
threshold_condition_article_237_clause_4_000_000_dong_den_100_000,crime_237,article_237,237,condition_article_237_clause_4,Condition,000.000 đồng đến 100.000,000.000,100.000,vnd,000 000 dong den 100 000
threshold_condition_article_237_clause_4_000_dong,crime_237,article_237,237,condition_article_237_clause_4,Condition,000 đồng,000,,vnd,000 dong
threshold_condition_article_237_clause_1_point_b_000_000_dong_den,crime_237,article_237,237,condition_article_237_clause_1_point_b,Condition,000.000 đồng đến,000.000,,vnd,000 000 dong den
threshold_condition_article_237_clause_1_point_b_000_000_dong,crime_237,article_237,237,condition_article_237_clause_1_point_b,Condition,000.000 đồng,000.000,,vnd,000 000 dong
threshold_condition_article_237_clause_1_point_b_61_tro_len,crime_237,article_237,237,condition_article_237_clause_1_point_b,Condition,61% trở lên,61,,percent,61 tro len
threshold_condition_article_237_clause_1_point_b_tu_61_den_121,crime_237,article_237,237,condition_article_237_clause_1_point_b,Condition,từ 61% đến 121%,61,121,percent,tu 61 den 121
threshold_condition_article_237_clause_2_point_b_tu_122_den_200,crime_237,article_237,237,condition_article_237_clause_2_point_b,Condition,từ 122% đến 200%,122,200,percent,tu 122 den 200
threshold_condition_article_237_clause_2_point_c_000_000_dong_den,crime_237,article_237,237,condition_article_237_clause_2_point_c,Condition,000.000 đồng đến,000.000,,vnd,000 000 dong den
threshold_condition_article_237_clause_2_point_c_000_000_dong,crime_237,article_237,237,condition_article_237_clause_2_point_c,Condition,000.000 đồng,000.000,,vnd,000 000 dong
threshold_condition_article_237_clause_3_point_b_201_tro_len,crime_237,article_237,237,condition_article_237_clause_3_point_b,Condition,201% trở lên,201,,percent,201 tro len
threshold_condition_article_237_clause_3_point_c_000_000_dong_tro_len,crime_237,article_237,237,condition_article_237_clause_3_point_c,Condition,000.000 đồng trở lên,000.000,,vnd,000 000 dong tro len
threshold_condition_article_237_clause_5_point_d_000_000_dong_den_1_000,crime_237,article_237,237,condition_article_237_clause_5_point_d,Condition,000.000 đồng đến 1.000,000.000,1.000,vnd,000 000 dong den 1 000
threshold_condition_article_237_clause_5_point_d_000_000_dong,crime_237,article_237,237,condition_article_237_clause_5_point_d,Condition,000.000 đồng,000.000,,vnd,000 000 dong
threshold_article_237_clause_1_000_000_dong_den_1_000,crime_237,article_237,237,article_237_clause_1,Clause,000.000 đồng đến 1.000,000.000,1.000,vnd,000 000 dong den 1 000
threshold_article_237_clause_1_000_000_dong,crime_237,article_237,237,article_237_clause_1,Clause,000.000 đồng,000.000,,vnd,000 000 dong
threshold_article_237_clause_1_000_000_dong_den,crime_237,article_237,237,article_237_clause_1,Clause,000.000 đồng đến,000.000,,vnd,000 000 dong den
threshold_article_237_clause_1_61_tro_len,crime_237,article_237,237,article_237_clause_1,Clause,61% trở lên,61,,percent,61 tro len
threshold_article_237_clause_1_tu_61_den_121,crime_237,article_237,237,article_237_clause_1,Clause,từ 61% đến 121%,61,121,percent,tu 61 den 121
threshold_article_237_clause_2_000_000_dong_den_4_000,crime_237,article_237,237,article_237_clause_2,Clause,000.000 đồng đến 4.000,000.000,4.000,vnd,000 000 dong den 4 000
threshold_article_237_clause_2_000_000_dong,crime_237,article_237,237,article_237_clause_2,Clause,000.000 đồng,000.000,,vnd,000 000 dong
threshold_article_237_clause_2_000_000_dong_den,crime_237,article_237,237,article_237_clause_2,Clause,000.000 đồng đến,000.000,,vnd,000 000 dong den
threshold_article_237_clause_2_tu_122_den_200,crime_237,article_237,237,article_237_clause_2,Clause,từ 122% đến 200%,122,200,percent,tu 122 den 200
threshold_article_237_clause_3_000_000_dong_tro_len,crime_237,article_237,237,article_237_clause_3,Clause,000.000 đồng trở lên,000.000,,vnd,000 000 dong tro len
threshold_article_237_clause_3_201_tro_len,crime_237,article_237,237,article_237_clause_3,Clause,201% trở lên,201,,percent,201 tro len
threshold_article_237_clause_4_000_000_dong_den_100_000,crime_237,article_237,237,article_237_clause_4,Clause,000.000 đồng đến 100.000,000.000,100.000,vnd,000 000 dong den 100 000
threshold_article_237_clause_4_000_dong,crime_237,article_237,237,article_237_clause_4,Clause,000 đồng,000,,vnd,000 dong
threshold_article_237_clause_5_000_000_dong_den_6_000,crime_237,article_237,237,article_237_clause_5,Clause,000.000 đồng đến 6.000,000.000,6.000,vnd,000 000 dong den 6 000
threshold_article_237_clause_5_000_000_dong,crime_237,article_237,237,article_237_clause_5,Clause,000.000 đồng,000.000,,vnd,000 000 dong
threshold_article_237_clause_5_000_000_dong_den_10_000,crime_237,article_237,237,article_237_clause_5,Clause,000.000 đồng đến 10.000,000.000,10.000,vnd,000 000 dong den 10 000
threshold_article_237_clause_5_000_000_dong_den_20_000,crime_237,article_237,237,article_237_clause_5,Clause,000.000 đồng đến 20.000,000.000,20.000,vnd,000 000 dong den 20 000
threshold_article_237_clause_5_000_000_dong_den_1_000,crime_237,article_237,237,article_237_clause_5,Clause,000.000 đồng đến 1.000,000.000,1.000,vnd,000 000 dong den 1 000
threshold_article_237_clause_1_point_b_000_000_dong_den,crime_237,article_237,237,article_237_clause_1_point_b,Point,000.000 đồng đến,000.000,,vnd,000 000 dong den
threshold_article_237_clause_1_point_b_000_000_dong,crime_237,article_237,237,article_237_clause_1_point_b,Point,000.000 đồng,000.000,,vnd,000 000 dong
threshold_article_237_clause_1_point_b_61_tro_len,crime_237,article_237,237,article_237_clause_1_point_b,Point,61% trở lên,61,,percent,61 tro len
threshold_article_237_clause_1_point_b_tu_61_den_121,crime_237,article_237,237,article_237_clause_1_point_b,Point,từ 61% đến 121%,61,121,percent,tu 61 den 121
threshold_article_237_clause_2_point_b_tu_122_den_200,crime_237,article_237,237,article_237_clause_2_point_b,Point,từ 122% đến 200%,122,200,percent,tu 122 den 200
threshold_article_237_clause_2_point_c_000_000_dong_den,crime_237,article_237,237,article_237_clause_2_point_c,Point,000.000 đồng đến,000.000,,vnd,000 000 dong den
threshold_article_237_clause_2_point_c_000_000_dong,crime_237,article_237,237,article_237_clause_2_point_c,Point,000.000 đồng,000.000,,vnd,000 000 dong
threshold_article_237_clause_3_point_b_201_tro_len,crime_237,article_237,237,article_237_clause_3_point_b,Point,201% trở lên,201,,percent,201 tro len
threshold_article_237_clause_3_point_c_000_000_dong_tro_len,crime_237,article_237,237,article_237_clause_3_point_c,Point,000.000 đồng trở lên,000.000,,vnd,000 000 dong tro len
threshold_article_237_clause_5_point_a_000_000_dong_den_6_000,crime_237,article_237,237,article_237_clause_5_point_a,Point,000.000 đồng đến 6.000,000.000,6.000,vnd,000 000 dong den 6 000
threshold_article_237_clause_5_point_a_000_000_dong,crime_237,article_237,237,article_237_clause_5_point_a,Point,000.000 đồng,000.000,,vnd,000 000 dong
threshold_article_237_clause_5_point_b_000_000_dong_den_10_000,crime_237,article_237,237,article_237_clause_5_point_b,Point,000.000 đồng đến 10.000,000.000,10.000,vnd,000 000 dong den 10 000
threshold_article_237_clause_5_point_b_000_000_dong,crime_237,article_237,237,article_237_clause_5_point_b,Point,000.000 đồng,000.000,,vnd,000 000 dong
threshold_article_237_clause_5_point_c_000_000_dong_den_20_000,crime_237,article_237,237,article_237_clause_5_point_c,Point,000.000 đồng đến 20.000,000.000,20.000,vnd,000 000 dong den 20 000
threshold_article_237_clause_5_point_c_000_000_dong,crime_237,article_237,237,article_237_clause_5_point_c,Point,000.000 đồng,000.000,,vnd,000 000 dong
threshold_article_237_clause_5_point_d_000_000_dong_den_1_000,crime_237,article_237,237,article_237_clause_5_point_d,Point,000.000 đồng đến 1.000,000.000,1.000,vnd,000 000 dong den 1 000
threshold_article_237_clause_5_point_d_000_000_dong,crime_237,article_237,237,article_237_clause_5_point_d,Point,000.000 đồng,000.000,,vnd,000 000 dong
threshold_condition_article_238_clause_1_000_000_dong_den,crime_238,article_238,238,condition_article_238_clause_1,Condition,000.000 đồng đến,000.000,,vnd,000 000 dong den
threshold_condition_article_238_clause_1_000_000_dong,crime_238,article_238,238,condition_article_238_clause_1,Condition,000.000 đồng,000.000,,vnd,000 000 dong
threshold_condition_article_238_clause_1_61_tro_len,crime_238,article_238,238,condition_article_238_clause_1,Condition,61% trở lên,61,,percent,61 tro len
threshold_condition_article_238_clause_1_tu_61_den_121,crime_238,article_238,238,condition_article_238_clause_1,Condition,từ 61% đến 121%,61,121,percent,tu 61 den 121
threshold_condition_article_238_clause_4_000_000_dong_den_100_000,crime_238,article_238,238,condition_article_238_clause_4,Condition,000.000 đồng đến 100.000,000.000,100.000,vnd,000 000 dong den 100 000
threshold_condition_article_238_clause_4_000_dong,crime_238,article_238,238,condition_article_238_clause_4,Condition,000 đồng,000,,vnd,000 dong
threshold_condition_article_238_clause_2_point_d_tu_122_den_200,crime_238,article_238,238,condition_article_238_clause_2_point_d,Condition,từ 122% đến 200%,122,200,percent,tu 122 den 200
threshold_condition_article_238_clause_2_point_d_000_000_dong_den,crime_238,article_238,238,condition_article_238_clause_2_point_d,Condition,000.000 đồng đến,000.000,,vnd,000 000 dong den
threshold_condition_article_238_clause_2_point_d_000_000_dong,crime_238,article_238,238,condition_article_238_clause_2_point_d,Condition,000.000 đồng,000.000,,vnd,000 000 dong
threshold_condition_article_238_clause_3_point_b_201_tro_len,crime_238,article_238,238,condition_article_238_clause_3_point_b,Condition,201% trở lên,201,,percent,201 tro len
threshold_condition_article_238_clause_3_point_c_000_000_dong_tro_len,crime_238,article_238,238,condition_article_238_clause_3_point_c,Condition,000.000 đồng trở lên,000.000,,vnd,000 000 dong tro len
threshold_condition_article_238_clause_5_point_d_000_000_dong_den_1_000,crime_238,article_238,238,condition_article_238_clause_5_point_d,Condition,000.000 đồng đến 1.000,000.000,1.000,vnd,000 000 dong den 1 000
threshold_condition_article_238_clause_5_point_d_000_000_dong,crime_238,article_238,238,condition_article_238_clause_5_point_d,Condition,000.000 đồng,000.000,,vnd,000 000 dong
threshold_article_238_clause_1_000_000_dong_den,crime_238,article_238,238,article_238_clause_1,Clause,000.000 đồng đến,000.000,,vnd,000 000 dong den
threshold_article_238_clause_1_000_000_dong,crime_238,article_238,238,article_238_clause_1,Clause,000.000 đồng,000.000,,vnd,000 000 dong
threshold_article_238_clause_1_000_000_dong_den_600_000,crime_238,article_238,238,article_238_clause_1,Clause,000.000 đồng đến 600.000,000.000,600.000,vnd,000 000 dong den 600 000
threshold_article_238_clause_1_000_dong,crime_238,article_238,238,article_238_clause_1,Clause,000 đồng,000,,vnd,000 dong
threshold_article_238_clause_1_61_tro_len,crime_238,article_238,238,article_238_clause_1,Clause,61% trở lên,61,,percent,61 tro len
threshold_article_238_clause_1_tu_61_den_121,crime_238,article_238,238,article_238_clause_1,Clause,từ 61% đến 121%,61,121,percent,tu 61 den 121
threshold_article_238_clause_2_000_000_dong_den_4_000,crime_238,article_238,238,article_238_clause_2,Clause,000.000 đồng đến 4.000,000.000,4.000,vnd,000 000 dong den 4 000
threshold_article_238_clause_2_000_000_dong,crime_238,article_238,238,article_238_clause_2,Clause,000.000 đồng,000.000,,vnd,000 000 dong
threshold_article_238_clause_2_000_000_dong_den,crime_238,article_238,238,article_238_clause_2,Clause,000.000 đồng đến,000.000,,vnd,000 000 dong den
threshold_article_238_clause_2_tu_122_den_200,crime_238,article_238,238,article_238_clause_2,Clause,từ 122% đến 200%,122,200,percent,tu 122 den 200
threshold_article_238_clause_3_000_000_dong_tro_len,crime_238,article_238,238,article_238_clause_3,Clause,000.000 đồng trở lên,000.000,,vnd,000 000 dong tro len
threshold_article_238_clause_3_201_tro_len,crime_238,article_238,238,article_238_clause_3,Clause,201% trở lên,201,,percent,201 tro len
threshold_article_238_clause_4_000_000_dong_den_100_000,crime_238,article_238,238,article_238_clause_4,Clause,000.000 đồng đến 100.000,000.000,100.000,vnd,000 000 dong den 100 000
threshold_article_238_clause_4_000_dong,crime_238,article_238,238,article_238_clause_4,Clause,000 đồng,000,,vnd,000 dong
threshold_article_238_clause_5_000_000_dong_den_2_000,crime_238,article_238,238,article_238_clause_5,Clause,000.000 đồng đến 2.000,000.000,2.000,vnd,000 000 dong den 2 000
threshold_article_238_clause_5_000_000_dong,crime_238,article_238,238,article_238_clause_5,Clause,000.000 đồng,000.000,,vnd,000 000 dong
threshold_article_238_clause_5_000_000_dong_den_6_000,crime_238,article_238,238,article_238_clause_5,Clause,000.000 đồng đến 6.000,000.000,6.000,vnd,000 000 dong den 6 000
threshold_article_238_clause_5_000_000_dong_den_10_000,crime_238,article_238,238,article_238_clause_5,Clause,000.000 đồng đến 10.000,000.000,10.000,vnd,000 000 dong den 10 000
threshold_article_238_clause_5_000_000_dong_den_1_000,crime_238,article_238,238,article_238_clause_5,Clause,000.000 đồng đến 1.000,000.000,1.000,vnd,000 000 dong den 1 000
threshold_article_238_clause_2_point_d_tu_122_den_200,crime_238,article_238,238,article_238_clause_2_point_d,Point,từ 122% đến 200%,122,200,percent,tu 122 den 200
threshold_article_238_clause_2_point_d_000_000_dong_den,crime_238,article_238,238,article_238_clause_2_point_d,Point,000.000 đồng đến,000.000,,vnd,000 000 dong den
threshold_article_238_clause_2_point_d_000_000_dong,crime_238,article_238,238,article_238_clause_2_point_d,Point,000.000 đồng,000.000,,vnd,000 000 dong
threshold_article_238_clause_3_point_b_201_tro_len,crime_238,article_238,238,article_238_clause_3_point_b,Point,201% trở lên,201,,percent,201 tro len
threshold_article_238_clause_3_point_c_000_000_dong_tro_len,crime_238,article_238,238,article_238_clause_3_point_c,Point,000.000 đồng trở lên,000.000,,vnd,000 000 dong tro len
threshold_article_238_clause_5_point_a_000_000_dong_den_2_000,crime_238,article_238,238,article_238_clause_5_point_a,Point,000.000 đồng đến 2.000,000.000,2.000,vnd,000 000 dong den 2 000
threshold_article_238_clause_5_point_a_000_000_dong,crime_238,article_238,238,article_238_clause_5_point_a,Point,000.000 đồng,000.000,,vnd,000 000 dong
threshold_article_238_clause_5_point_b_000_000_dong_den_6_000,crime_238,article_238,238,article_238_clause_5_point_b,Point,000.000 đồng đến 6.000,000.000,6.000,vnd,000 000 dong den 6 000
threshold_article_238_clause_5_point_b_000_000_dong,crime_238,article_238,238,article_238_clause_5_point_b,Point,000.000 đồng,000.000,,vnd,000 000 dong
threshold_article_238_clause_5_point_c_000_000_dong_den_10_000,crime_238,article_238,238,article_238_clause_5_point_c,Point,000.000 đồng đến 10.000,000.000,10.000,vnd,000 000 dong den 10 000
threshold_article_238_clause_5_point_c_000_000_dong,crime_238,article_238,238,article_238_clause_5_point_c,Point,000.000 đồng,000.000,,vnd,000 000 dong
threshold_article_238_clause_5_point_d_000_000_dong_den_1_000,crime_238,article_238,238,article_238_clause_5_point_d,Point,000.000 đồng đến 1.000,000.000,1.000,vnd,000 000 dong den 1 000
threshold_article_238_clause_5_point_d_000_000_dong,crime_238,article_238,238,article_238_clause_5_point_d,Point,000.000 đồng,000.000,,vnd,000 000 dong
threshold_condition_article_239_clause_4_000_000_dong_den_400_000,crime_239,article_239,239,condition_article_239_clause_4,Condition,000.000 đồng đến 400.000,000.000,400.000,vnd,000 000 dong den 400 000
threshold_condition_article_239_clause_4_000_dong,crime_239,article_239,239,condition_article_239_clause_4,Condition,000 đồng,000,,vnd,000 dong
threshold_condition_article_239_clause_1_point_a_tu_1_000_kilogam_den,crime_239,article_239,239,condition_article_239_clause_1_point_a,Condition,từ 1.000 kilôgam đến,1.000,,kg,tu 1 000 kilogam den
threshold_condition_article_239_clause_1_point_a_3_000_kilogam,crime_239,article_239,239,condition_article_239_clause_1_point_a,Condition,3.000 kilôgam,3.000,,kg,3 000 kilogam
threshold_condition_article_239_clause_1_point_a_tu_3_000_kilogam_den,crime_239,article_239,239,condition_article_239_clause_1_point_a,Condition,từ 3.000 kilôgam đến,3.000,,kg,tu 3 000 kilogam den
threshold_condition_article_239_clause_1_point_a_10_000_kilogam,crime_239,article_239,239,condition_article_239_clause_1_point_a,Condition,10.000 kilôgam,10.000,,kg,10 000 kilogam
threshold_condition_article_239_clause_1_point_b_tu_70_000_kilogam_den,crime_239,article_239,239,condition_article_239_clause_1_point_b,Condition,từ 70.000 kilôgam đến,70.000,,kg,tu 70 000 kilogam den
threshold_condition_article_239_clause_1_point_b_170_000_kilogam,crime_239,article_239,239,condition_article_239_clause_1_point_b,Condition,170.000 kilôgam,170.000,,kg,170 000 kilogam
threshold_condition_article_239_clause_2_point_b_tu_3_000_kilogam_den,crime_239,article_239,239,condition_article_239_clause_2_point_b,Condition,từ 3.000 kilôgam đến,3.000,,kg,tu 3 000 kilogam den
threshold_condition_article_239_clause_2_point_b_5_000_kilogam,crime_239,article_239,239,condition_article_239_clause_2_point_b,Condition,5.000 kilôgam,5.000,,kg,5 000 kilogam
threshold_condition_article_239_clause_2_point_b_tu_10_000_kilogam_den,crime_239,article_239,239,condition_article_239_clause_2_point_b,Condition,từ 10.000 kilôgam đến,10.000,,kg,tu 10 000 kilogam den
threshold_condition_article_239_clause_2_point_b_50_000_kilogam,crime_239,article_239,239,condition_article_239_clause_2_point_b,Condition,50.000 kilôgam,50.000,,kg,50 000 kilogam
threshold_condition_article_239_clause_2_point_c_tu_170_000_kilogam_den,crime_239,article_239,239,condition_article_239_clause_2_point_c,Condition,từ 170.000 kilôgam đến,170.000,,kg,tu 170 000 kilogam den
threshold_condition_article_239_clause_2_point_c_300_000_kilogam,crime_239,article_239,239,condition_article_239_clause_2_point_c,Condition,300.000 kilôgam,300.000,,kg,300 000 kilogam
threshold_condition_article_239_clause_3_point_a_5_000_kilogam_tro_len,crime_239,article_239,239,condition_article_239_clause_3_point_a,Condition,5.000 kilôgam trở lên,5.000,,kg,5 000 kilogam tro len
threshold_condition_article_239_clause_3_point_a_50_000_kilogam_tro_len,crime_239,article_239,239,condition_article_239_clause_3_point_a,Condition,50.000 kilôgam trở lên,50.000,,kg,50 000 kilogam tro len
threshold_condition_article_239_clause_3_point_b_300_000_kilogam_tro_len,crime_239,article_239,239,condition_article_239_clause_3_point_b,Condition,300.000 kilôgam trở lên,300.000,,kg,300 000 kilogam tro len
threshold_condition_article_239_clause_5_point_d_000_000_dong_den_1_000,crime_239,article_239,239,condition_article_239_clause_5_point_d,Condition,000.000 đồng đến 1.000,000.000,1.000,vnd,000 000 dong den 1 000
threshold_condition_article_239_clause_5_point_d_000_000_dong,crime_239,article_239,239,condition_article_239_clause_5_point_d,Condition,000.000 đồng,000.000,,vnd,000 000 dong
threshold_article_239_clause_1_tu_1_000_kilogam_den,crime_239,article_239,239,article_239_clause_1,Clause,từ 1.000 kilôgam đến,1.000,,kg,tu 1 000 kilogam den
threshold_article_239_clause_1_3_000_kilogam,crime_239,article_239,239,article_239_clause_1,Clause,3.000 kilôgam,3.000,,kg,3 000 kilogam
threshold_article_239_clause_1_tu_3_000_kilogam_den,crime_239,article_239,239,article_239_clause_1,Clause,từ 3.000 kilôgam đến,3.000,,kg,tu 3 000 kilogam den
threshold_article_239_clause_1_10_000_kilogam,crime_239,article_239,239,article_239_clause_1,Clause,10.000 kilôgam,10.000,,kg,10 000 kilogam
threshold_article_239_clause_1_tu_70_000_kilogam_den,crime_239,article_239,239,article_239_clause_1,Clause,từ 70.000 kilôgam đến,70.000,,kg,tu 70 000 kilogam den
threshold_article_239_clause_1_170_000_kilogam,crime_239,article_239,239,article_239_clause_1,Clause,170.000 kilôgam,170.000,,kg,170 000 kilogam
threshold_article_239_clause_1_000_000_dong_den_2_000,crime_239,article_239,239,article_239_clause_1,Clause,000.000 đồng đến 2.000,000.000,2.000,vnd,000 000 dong den 2 000
threshold_article_239_clause_1_000_000_dong,crime_239,article_239,239,article_239_clause_1,Clause,000.000 đồng,000.000,,vnd,000 000 dong
threshold_article_239_clause_2_tu_3_000_kilogam_den,crime_239,article_239,239,article_239_clause_2,Clause,từ 3.000 kilôgam đến,3.000,,kg,tu 3 000 kilogam den
threshold_article_239_clause_2_5_000_kilogam,crime_239,article_239,239,article_239_clause_2,Clause,5.000 kilôgam,5.000,,kg,5 000 kilogam
threshold_article_239_clause_2_tu_10_000_kilogam_den,crime_239,article_239,239,article_239_clause_2,Clause,từ 10.000 kilôgam đến,10.000,,kg,tu 10 000 kilogam den
threshold_article_239_clause_2_50_000_kilogam,crime_239,article_239,239,article_239_clause_2,Clause,50.000 kilôgam,50.000,,kg,50 000 kilogam
threshold_article_239_clause_2_tu_170_000_kilogam_den,crime_239,article_239,239,article_239_clause_2,Clause,từ 170.000 kilôgam đến,170.000,,kg,tu 170 000 kilogam den
threshold_article_239_clause_2_300_000_kilogam,crime_239,article_239,239,article_239_clause_2,Clause,300.000 kilôgam,300.000,,kg,300 000 kilogam
threshold_article_239_clause_2_000_000_dong_den_4_000,crime_239,article_239,239,article_239_clause_2,Clause,000.000 đồng đến 4.000,000.000,4.000,vnd,000 000 dong den 4 000
threshold_article_239_clause_2_000_000_dong,crime_239,article_239,239,article_239_clause_2,Clause,000.000 đồng,000.000,,vnd,000 000 dong
threshold_article_239_clause_3_5_000_kilogam_tro_len,crime_239,article_239,239,article_239_clause_3,Clause,5.000 kilôgam trở lên,5.000,,kg,5 000 kilogam tro len
threshold_article_239_clause_3_50_000_kilogam_tro_len,crime_239,article_239,239,article_239_clause_3,Clause,50.000 kilôgam trở lên,50.000,,kg,50 000 kilogam tro len
threshold_article_239_clause_3_300_000_kilogam_tro_len,crime_239,article_239,239,article_239_clause_3,Clause,300.000 kilôgam trở lên,300.000,,kg,300 000 kilogam tro len
threshold_article_239_clause_3_000_000_dong_den_10_000,crime_239,article_239,239,article_239_clause_3,Clause,000.000 đồng đến 10.000,000.000,10.000,vnd,000 000 dong den 10 000
threshold_article_239_clause_3_000_000_dong,crime_239,article_239,239,article_239_clause_3,Clause,000.000 đồng,000.000,,vnd,000 000 dong
threshold_article_239_clause_4_000_000_dong_den_400_000,crime_239,article_239,239,article_239_clause_4,Clause,000.000 đồng đến 400.000,000.000,400.000,vnd,000 000 dong den 400 000
threshold_article_239_clause_4_000_dong,crime_239,article_239,239,article_239_clause_4,Clause,000 đồng,000,,vnd,000 dong
threshold_article_239_clause_5_000_000_dong_den_6_000,crime_239,article_239,239,article_239_clause_5,Clause,000.000 đồng đến 6.000,000.000,6.000,vnd,000 000 dong den 6 000
threshold_article_239_clause_5_000_000_dong,crime_239,article_239,239,article_239_clause_5,Clause,000.000 đồng,000.000,,vnd,000 000 dong
threshold_article_239_clause_5_000_000_dong_den_10_000,crime_239,article_239,239,article_239_clause_5,Clause,000.000 đồng đến 10.000,000.000,10.000,vnd,000 000 dong den 10 000
threshold_article_239_clause_5_000_000_dong_den_14_000,crime_239,article_239,239,article_239_clause_5,Clause,000.000 đồng đến 14.000,000.000,14.000,vnd,000 000 dong den 14 000
threshold_article_239_clause_5_000_000_dong_den_1_000,crime_239,article_239,239,article_239_clause_5,Clause,000.000 đồng đến 1.000,000.000,1.000,vnd,000 000 dong den 1 000
threshold_article_239_clause_1_point_a_tu_1_000_kilogam_den,crime_239,article_239,239,article_239_clause_1_point_a,Point,từ 1.000 kilôgam đến,1.000,,kg,tu 1 000 kilogam den
threshold_article_239_clause_1_point_a_3_000_kilogam,crime_239,article_239,239,article_239_clause_1_point_a,Point,3.000 kilôgam,3.000,,kg,3 000 kilogam
threshold_article_239_clause_1_point_a_tu_3_000_kilogam_den,crime_239,article_239,239,article_239_clause_1_point_a,Point,từ 3.000 kilôgam đến,3.000,,kg,tu 3 000 kilogam den
threshold_article_239_clause_1_point_a_10_000_kilogam,crime_239,article_239,239,article_239_clause_1_point_a,Point,10.000 kilôgam,10.000,,kg,10 000 kilogam
threshold_article_239_clause_1_point_b_tu_70_000_kilogam_den,crime_239,article_239,239,article_239_clause_1_point_b,Point,từ 70.000 kilôgam đến,70.000,,kg,tu 70 000 kilogam den
threshold_article_239_clause_1_point_b_170_000_kilogam,crime_239,article_239,239,article_239_clause_1_point_b,Point,170.000 kilôgam,170.000,,kg,170 000 kilogam
threshold_article_239_clause_2_point_b_tu_3_000_kilogam_den,crime_239,article_239,239,article_239_clause_2_point_b,Point,từ 3.000 kilôgam đến,3.000,,kg,tu 3 000 kilogam den
threshold_article_239_clause_2_point_b_5_000_kilogam,crime_239,article_239,239,article_239_clause_2_point_b,Point,5.000 kilôgam,5.000,,kg,5 000 kilogam
threshold_article_239_clause_2_point_b_tu_10_000_kilogam_den,crime_239,article_239,239,article_239_clause_2_point_b,Point,từ 10.000 kilôgam đến,10.000,,kg,tu 10 000 kilogam den
threshold_article_239_clause_2_point_b_50_000_kilogam,crime_239,article_239,239,article_239_clause_2_point_b,Point,50.000 kilôgam,50.000,,kg,50 000 kilogam
threshold_article_239_clause_2_point_c_tu_170_000_kilogam_den,crime_239,article_239,239,article_239_clause_2_point_c,Point,từ 170.000 kilôgam đến,170.000,,kg,tu 170 000 kilogam den
threshold_article_239_clause_2_point_c_300_000_kilogam,crime_239,article_239,239,article_239_clause_2_point_c,Point,300.000 kilôgam,300.000,,kg,300 000 kilogam
threshold_article_239_clause_3_point_a_5_000_kilogam_tro_len,crime_239,article_239,239,article_239_clause_3_point_a,Point,5.000 kilôgam trở lên,5.000,,kg,5 000 kilogam tro len
threshold_article_239_clause_3_point_a_50_000_kilogam_tro_len,crime_239,article_239,239,article_239_clause_3_point_a,Point,50.000 kilôgam trở lên,50.000,,kg,50 000 kilogam tro len
threshold_article_239_clause_3_point_b_300_000_kilogam_tro_len,crime_239,article_239,239,article_239_clause_3_point_b,Point,300.000 kilôgam trở lên,300.000,,kg,300 000 kilogam tro len
threshold_article_239_clause_5_point_a_000_000_dong_den_6_000,crime_239,article_239,239,article_239_clause_5_point_a,Point,000.000 đồng đến 6.000,000.000,6.000,vnd,000 000 dong den 6 000
threshold_article_239_clause_5_point_a_000_000_dong,crime_239,article_239,239,article_239_clause_5_point_a,Point,000.000 đồng,000.000,,vnd,000 000 dong
threshold_article_239_clause_5_point_b_000_000_dong_den_10_000,crime_239,article_239,239,article_239_clause_5_point_b,Point,000.000 đồng đến 10.000,000.000,10.000,vnd,000 000 dong den 10 000
threshold_article_239_clause_5_point_b_000_000_dong,crime_239,article_239,239,article_239_clause_5_point_b,Point,000.000 đồng,000.000,,vnd,000 000 dong
threshold_article_239_clause_5_point_c_000_000_dong_den_14_000,crime_239,article_239,239,article_239_clause_5_point_c,Point,000.000 đồng đến 14.000,000.000,14.000,vnd,000 000 dong den 14 000
threshold_article_239_clause_5_point_c_000_000_dong,crime_239,article_239,239,article_239_clause_5_point_c,Point,000.000 đồng,000.000,,vnd,000 000 dong
threshold_article_239_clause_5_point_d_000_000_dong_den_1_000,crime_239,article_239,239,article_239_clause_5_point_d,Point,000.000 đồng đến 1.000,000.000,1.000,vnd,000 000 dong den 1 000
threshold_article_239_clause_5_point_d_000_000_dong,crime_239,article_239,239,article_239_clause_5_point_d,Point,000.000 đồng,000.000,,vnd,000 000 dong
threshold_condition_article_240_clause_4_000_000_dong_den_200_000,crime_240,article_240,240,condition_article_240_clause_4,Condition,000.000 đồng đến 200.000,000.000,200.000,vnd,000 000 dong den 200 000
threshold_condition_article_240_clause_4_000_dong,crime_240,article_240,240,condition_article_240_clause_4,Condition,000 đồng,000,,vnd,000 dong
threshold_article_240_clause_1_000_000_dong_den_400_000,crime_240,article_240,240,article_240_clause_1,Clause,000.000 đồng đến 400.000,000.000,400.000,vnd,000 000 dong den 400 000
threshold_article_240_clause_1_000_dong,crime_240,article_240,240,article_240_clause_1,Clause,000 đồng,000,,vnd,000 dong
threshold_article_240_clause_4_000_000_dong_den_200_000,crime_240,article_240,240,article_240_clause_4,Clause,000.000 đồng đến 200.000,000.000,200.000,vnd,000 000 dong den 200 000
threshold_article_240_clause_4_000_dong,crime_240,article_240,240,article_240_clause_4,Clause,000 đồng,000,,vnd,000 dong
threshold_condition_article_241_clause_1_000_000_dong_den,crime_241,article_241,241,condition_article_241_clause_1,Condition,000.000 đồng đến,000.000,,vnd,000 000 dong den
threshold_condition_article_241_clause_1_000_000_dong,crime_241,article_241,241,condition_article_241_clause_1,Condition,000.000 đồng,000.000,,vnd,000 000 dong
threshold_condition_article_241_clause_4_000_000_dong_den_200_000,crime_241,article_241,241,condition_article_241_clause_4,Condition,000.000 đồng đến 200.000,000.000,200.000,vnd,000 000 dong den 200 000
threshold_condition_article_241_clause_4_000_dong,crime_241,article_241,241,condition_article_241_clause_4,Condition,000 đồng,000,,vnd,000 dong
threshold_condition_article_241_clause_2_point_a_000_000_dong_den,crime_241,article_241,241,condition_article_241_clause_2_point_a,Condition,000.000 đồng đến,000.000,,vnd,000 000 dong den
threshold_condition_article_241_clause_2_point_a_000_000_dong,crime_241,article_241,241,condition_article_241_clause_2_point_a,Condition,000.000 đồng,000.000,,vnd,000 000 dong
threshold_condition_article_241_clause_3_point_a_000_000_dong_tro_len,crime_241,article_241,241,condition_article_241_clause_3_point_a,Condition,000.000 đồng trở lên,000.000,,vnd,000 000 dong tro len
threshold_article_241_clause_1_000_000_dong_den,crime_241,article_241,241,article_241_clause_1,Clause,000.000 đồng đến,000.000,,vnd,000 000 dong den
threshold_article_241_clause_1_000_000_dong,crime_241,article_241,241,article_241_clause_1,Clause,000.000 đồng,000.000,,vnd,000 000 dong
threshold_article_241_clause_1_000_000_dong_den_400_000,crime_241,article_241,241,article_241_clause_1,Clause,000.000 đồng đến 400.000,000.000,400.000,vnd,000 000 dong den 400 000
threshold_article_241_clause_1_000_dong,crime_241,article_241,241,article_241_clause_1,Clause,000 đồng,000,,vnd,000 dong
threshold_article_241_clause_2_000_000_dong_den,crime_241,article_241,241,article_241_clause_2,Clause,000.000 đồng đến,000.000,,vnd,000 000 dong den
threshold_article_241_clause_2_000_000_dong,crime_241,article_241,241,article_241_clause_2,Clause,000.000 đồng,000.000,,vnd,000 000 dong
threshold_article_241_clause_3_000_000_dong_tro_len,crime_241,article_241,241,article_241_clause_3,Clause,000.000 đồng trở lên,000.000,,vnd,000 000 dong tro len
threshold_article_241_clause_4_000_000_dong_den_200_000,crime_241,article_241,241,article_241_clause_4,Clause,000.000 đồng đến 200.000,000.000,200.000,vnd,000 000 dong den 200 000
threshold_article_241_clause_4_000_dong,crime_241,article_241,241,article_241_clause_4,Clause,000 đồng,000,,vnd,000 dong
threshold_article_241_clause_2_point_a_000_000_dong_den,crime_241,article_241,241,article_241_clause_2_point_a,Point,000.000 đồng đến,000.000,,vnd,000 000 dong den
threshold_article_241_clause_2_point_a_000_000_dong,crime_241,article_241,241,article_241_clause_2_point_a,Point,000.000 đồng,000.000,,vnd,000 000 dong
threshold_article_241_clause_3_point_a_000_000_dong_tro_len,crime_241,article_241,241,article_241_clause_3_point_a,Point,000.000 đồng trở lên,000.000,,vnd,000 000 dong tro len
threshold_condition_article_242_clause_1_000_000_dong_den,crime_242,article_242,242,condition_article_242_clause_1,Condition,000.000 đồng đến,000.000,,vnd,000 000 dong den
threshold_condition_article_242_clause_1_000_000_dong,crime_242,article_242,242,condition_article_242_clause_1,Condition,000.000 đồng,000.000,,vnd,000 000 dong
threshold_condition_article_242_clause_4_000_000_dong_den_200_000,crime_242,article_242,242,condition_article_242_clause_4,Condition,000.000 đồng đến 200.000,000.000,200.000,vnd,000 000 dong den 200 000
threshold_condition_article_242_clause_4_000_dong,crime_242,article_242,242,condition_article_242_clause_4,Condition,000 đồng,000,,vnd,000 dong
threshold_condition_article_242_clause_1_point_d_61_tro_len,crime_242,article_242,242,condition_article_242_clause_1_point_d,Condition,61 % trở lên,61,,percent,61 tro len
threshold_condition_article_242_clause_1_point_e_tu_61_den_121,crime_242,article_242,242,condition_article_242_clause_1_point_e,Condition,từ 61% đến 121%,61,121,percent,tu 61 den 121
threshold_condition_article_242_clause_2_point_a_000_000_dong_den,crime_242,article_242,242,condition_article_242_clause_2_point_a,Condition,000.000 đồng đến,000.000,,vnd,000 000 dong den
threshold_condition_article_242_clause_2_point_a_000_000_dong,crime_242,article_242,242,condition_article_242_clause_2_point_a,Condition,000.000 đồng,000.000,,vnd,000 000 dong
threshold_condition_article_242_clause_2_point_c_tu_122_den_200,crime_242,article_242,242,condition_article_242_clause_2_point_c,Condition,từ 122% đến 200%,122,200,percent,tu 122 den 200
threshold_condition_article_242_clause_3_point_a_000_000_dong_tro_len,crime_242,article_242,242,condition_article_242_clause_3_point_a,Condition,000.000 đồng trở lên,000.000,,vnd,000 000 dong tro len
threshold_condition_article_242_clause_3_point_c_201_tro_len,crime_242,article_242,242,condition_article_242_clause_3_point_c,Condition,201% trở lên,201,,percent,201 tro len
threshold_condition_article_242_clause_5_point_d_000_000_dong_den_400_000,crime_242,article_242,242,condition_article_242_clause_5_point_d,Condition,000.000 đồng đến 400.000,000.000,400.000,vnd,000 000 dong den 400 000
threshold_condition_article_242_clause_5_point_d_000_dong,crime_242,article_242,242,condition_article_242_clause_5_point_d,Condition,000 đồng,000,,vnd,000 dong
threshold_article_242_clause_1_000_000_dong_den,crime_242,article_242,242,article_242_clause_1,Clause,000.000 đồng đến,000.000,,vnd,000 000 dong den
threshold_article_242_clause_1_000_000_dong,crime_242,article_242,242,article_242_clause_1,Clause,000.000 đồng,000.000,,vnd,000 000 dong
threshold_article_242_clause_1_000_000_dong_den_600_000,crime_242,article_242,242,article_242_clause_1,Clause,000.000 đồng đến 600.000,000.000,600.000,vnd,000 000 dong den 600 000
threshold_article_242_clause_1_000_dong,crime_242,article_242,242,article_242_clause_1,Clause,000 đồng,000,,vnd,000 dong
threshold_article_242_clause_1_61_tro_len,crime_242,article_242,242,article_242_clause_1,Clause,61 % trở lên,61,,percent,61 tro len
threshold_article_242_clause_1_tu_61_den_121,crime_242,article_242,242,article_242_clause_1,Clause,từ 61% đến 121%,61,121,percent,tu 61 den 121
threshold_article_242_clause_2_000_000_dong_den_2_000,crime_242,article_242,242,article_242_clause_2,Clause,000.000 đồng đến 2.000,000.000,2.000,vnd,000 000 dong den 2 000
threshold_article_242_clause_2_000_000_dong,crime_242,article_242,242,article_242_clause_2,Clause,000.000 đồng,000.000,,vnd,000 000 dong
threshold_article_242_clause_2_000_000_dong_den,crime_242,article_242,242,article_242_clause_2,Clause,000.000 đồng đến,000.000,,vnd,000 000 dong den
threshold_article_242_clause_2_tu_122_den_200,crime_242,article_242,242,article_242_clause_2,Clause,từ 122% đến 200%,122,200,percent,tu 122 den 200
threshold_article_242_clause_3_000_000_dong_tro_len,crime_242,article_242,242,article_242_clause_3,Clause,000.000 đồng trở lên,000.000,,vnd,000 000 dong tro len
threshold_article_242_clause_3_201_tro_len,crime_242,article_242,242,article_242_clause_3,Clause,201% trở lên,201,,percent,201 tro len
threshold_article_242_clause_4_000_000_dong_den_200_000,crime_242,article_242,242,article_242_clause_4,Clause,000.000 đồng đến 200.000,000.000,200.000,vnd,000 000 dong den 200 000
threshold_article_242_clause_4_000_dong,crime_242,article_242,242,article_242_clause_4,Clause,000 đồng,000,,vnd,000 dong
threshold_article_242_clause_5_000_000_dong_den_2_000,crime_242,article_242,242,article_242_clause_5,Clause,000.000 đồng đến 2.000,000.000,2.000,vnd,000 000 dong den 2 000
threshold_article_242_clause_5_000_000_dong,crime_242,article_242,242,article_242_clause_5,Clause,000.000 đồng,000.000,,vnd,000 000 dong
threshold_article_242_clause_5_000_000_dong_den_6_000,crime_242,article_242,242,article_242_clause_5,Clause,000.000 đồng đến 6.000,000.000,6.000,vnd,000 000 dong den 6 000
threshold_article_242_clause_5_000_000_dong_den_10_000,crime_242,article_242,242,article_242_clause_5,Clause,000.000 đồng đến 10.000,000.000,10.000,vnd,000 000 dong den 10 000
threshold_article_242_clause_5_000_000_dong_den_400_000,crime_242,article_242,242,article_242_clause_5,Clause,000.000 đồng đến 400.000,000.000,400.000,vnd,000 000 dong den 400 000
threshold_article_242_clause_5_000_dong,crime_242,article_242,242,article_242_clause_5,Clause,000 đồng,000,,vnd,000 dong
threshold_article_242_clause_1_point_d_61_tro_len,crime_242,article_242,242,article_242_clause_1_point_d,Point,61 % trở lên,61,,percent,61 tro len
threshold_article_242_clause_1_point_e_tu_61_den_121,crime_242,article_242,242,article_242_clause_1_point_e,Point,từ 61% đến 121%,61,121,percent,tu 61 den 121
threshold_article_242_clause_2_point_a_000_000_dong_den,crime_242,article_242,242,article_242_clause_2_point_a,Point,000.000 đồng đến,000.000,,vnd,000 000 dong den
threshold_article_242_clause_2_point_a_000_000_dong,crime_242,article_242,242,article_242_clause_2_point_a,Point,000.000 đồng,000.000,,vnd,000 000 dong
threshold_article_242_clause_2_point_c_tu_122_den_200,crime_242,article_242,242,article_242_clause_2_point_c,Point,từ 122% đến 200%,122,200,percent,tu 122 den 200
threshold_article_242_clause_3_point_a_000_000_dong_tro_len,crime_242,article_242,242,article_242_clause_3_point_a,Point,000.000 đồng trở lên,000.000,,vnd,000 000 dong tro len
threshold_article_242_clause_3_point_c_201_tro_len,crime_242,article_242,242,article_242_clause_3_point_c,Point,201% trở lên,201,,percent,201 tro len
threshold_article_242_clause_5_point_a_000_000_dong_den_2_000,crime_242,article_242,242,article_242_clause_5_point_a,Point,000.000 đồng đến 2.000,000.000,2.000,vnd,000 000 dong den 2 000
threshold_article_242_clause_5_point_a_000_000_dong,crime_242,article_242,242,article_242_clause_5_point_a,Point,000.000 đồng,000.000,,vnd,000 000 dong
threshold_article_242_clause_5_point_b_000_000_dong_den_6_000,crime_242,article_242,242,article_242_clause_5_point_b,Point,000.000 đồng đến 6.000,000.000,6.000,vnd,000 000 dong den 6 000
threshold_article_242_clause_5_point_b_000_000_dong,crime_242,article_242,242,article_242_clause_5_point_b,Point,000.000 đồng,000.000,,vnd,000 000 dong
threshold_article_242_clause_5_point_c_000_000_dong_den_10_000,crime_242,article_242,242,article_242_clause_5_point_c,Point,000.000 đồng đến 10.000,000.000,10.000,vnd,000 000 dong den 10 000
threshold_article_242_clause_5_point_c_000_000_dong,crime_242,article_242,242,article_242_clause_5_point_c,Point,000.000 đồng,000.000,,vnd,000 000 dong
threshold_article_242_clause_5_point_d_000_000_dong_den_400_000,crime_242,article_242,242,article_242_clause_5_point_d,Point,000.000 đồng đến 400.000,000.000,400.000,vnd,000 000 dong den 400 000
threshold_article_242_clause_5_point_d_000_dong,crime_242,article_242,242,article_242_clause_5_point_d,Point,000 đồng,000,,vnd,000 dong
threshold_condition_article_243_clause_4_000_000_dong_den_200_000,crime_243,article_243,243,condition_article_243_clause_4,Condition,000.000 đồng đến 200.000,000.000,200.000,vnd,000 000 dong den 200 000
threshold_condition_article_243_clause_4_000_dong,crime_243,article_243,243,condition_article_243_clause_4,Condition,000 đồng,000,,vnd,000 dong
threshold_condition_article_243_clause_1_point_d_000_000_dong_den,crime_243,article_243,243,condition_article_243_clause_1_point_d,Condition,000.000 đồng đến,000.000,,vnd,000 000 dong den
threshold_condition_article_243_clause_1_point_d_000_000_dong,crime_243,article_243,243,condition_article_243_clause_1_point_d,Condition,000.000 đồng,000.000,,vnd,000 000 dong
threshold_condition_article_243_clause_1_point_e_000_000_dong_den,crime_243,article_243,243,condition_article_243_clause_1_point_e,Condition,000.000 đồng đến,000.000,,vnd,000 000 dong den
threshold_condition_article_243_clause_1_point_e_000_000_dong,crime_243,article_243,243,condition_article_243_clause_1_point_e,Condition,000.000 đồng,000.000,,vnd,000 000 dong
threshold_condition_article_243_clause_2_point_h_000_000_dong_den,crime_243,article_243,243,condition_article_243_clause_2_point_h,Condition,000.000 đồng đến,000.000,,vnd,000 000 dong den
threshold_condition_article_243_clause_2_point_h_000_000_dong,crime_243,article_243,243,condition_article_243_clause_2_point_h,Condition,000.000 đồng,000.000,,vnd,000 000 dong
threshold_condition_article_243_clause_2_point_i_000_000_dong_den,crime_243,article_243,243,condition_article_243_clause_2_point_i,Condition,000.000 đồng đến,000.000,,vnd,000 000 dong den
threshold_condition_article_243_clause_2_point_i_000_000_dong,crime_243,article_243,243,condition_article_243_clause_2_point_i,Condition,000.000 đồng,000.000,,vnd,000 000 dong
threshold_condition_article_243_clause_3_point_d_000_000_dong_tro_len,crime_243,article_243,243,condition_article_243_clause_3_point_d,Condition,000.000 đồng trở lên,000.000,,vnd,000 000 dong tro len
threshold_condition_article_243_clause_3_point_e_000_000_dong_tro_len,crime_243,article_243,243,condition_article_243_clause_3_point_e,Condition,000.000 đồng trở lên,000.000,,vnd,000 000 dong tro len
threshold_condition_article_243_clause_5_point_d_000_000_dong_den_400_000,crime_243,article_243,243,condition_article_243_clause_5_point_d,Condition,000.000 đồng đến 400.000,000.000,400.000,vnd,000 000 dong den 400 000
threshold_condition_article_243_clause_5_point_d_000_dong,crime_243,article_243,243,condition_article_243_clause_5_point_d,Condition,000 đồng,000,,vnd,000 dong
threshold_article_243_clause_1_000_000_dong_den_1_000,crime_243,article_243,243,article_243_clause_1,Clause,000.000 đồng đến 1.000,000.000,1.000,vnd,000 000 dong den 1 000
threshold_article_243_clause_1_000_000_dong,crime_243,article_243,243,article_243_clause_1,Clause,000.000 đồng,000.000,,vnd,000 000 dong
threshold_article_243_clause_1_000_000_dong_den,crime_243,article_243,243,article_243_clause_1,Clause,000.000 đồng đến,000.000,,vnd,000 000 dong den
threshold_article_243_clause_2_000_000_dong_den,crime_243,article_243,243,article_243_clause_2,Clause,000.000 đồng đến,000.000,,vnd,000 000 dong den
threshold_article_243_clause_2_000_000_dong,crime_243,article_243,243,article_243_clause_2,Clause,000.000 đồng,000.000,,vnd,000 000 dong
threshold_article_243_clause_3_000_000_dong_tro_len,crime_243,article_243,243,article_243_clause_3,Clause,000.000 đồng trở lên,000.000,,vnd,000 000 dong tro len
threshold_article_243_clause_4_000_000_dong_den_200_000,crime_243,article_243,243,article_243_clause_4,Clause,000.000 đồng đến 200.000,000.000,200.000,vnd,000 000 dong den 200 000
threshold_article_243_clause_4_000_dong,crime_243,article_243,243,article_243_clause_4,Clause,000 đồng,000,,vnd,000 dong
threshold_article_243_clause_5_000_000_dong_den_4_000,crime_243,article_243,243,article_243_clause_5,Clause,000.000 đồng đến 4.000,000.000,4.000,vnd,000 000 dong den 4 000
threshold_article_243_clause_5_000_000_dong,crime_243,article_243,243,article_243_clause_5,Clause,000.000 đồng,000.000,,vnd,000 000 dong
threshold_article_243_clause_5_000_000_dong_den_10_000,crime_243,article_243,243,article_243_clause_5,Clause,000.000 đồng đến 10.000,000.000,10.000,vnd,000 000 dong den 10 000
threshold_article_243_clause_5_000_000_dong_den_14_000,crime_243,article_243,243,article_243_clause_5,Clause,000.000 đồng đến 14.000,000.000,14.000,vnd,000 000 dong den 14 000
threshold_article_243_clause_5_000_000_dong_den_400_000,crime_243,article_243,243,article_243_clause_5,Clause,000.000 đồng đến 400.000,000.000,400.000,vnd,000 000 dong den 400 000
threshold_article_243_clause_5_000_dong,crime_243,article_243,243,article_243_clause_5,Clause,000 đồng,000,,vnd,000 dong
threshold_article_243_clause_1_point_d_000_000_dong_den,crime_243,article_243,243,article_243_clause_1_point_d,Point,000.000 đồng đến,000.000,,vnd,000 000 dong den
threshold_article_243_clause_1_point_d_000_000_dong,crime_243,article_243,243,article_243_clause_1_point_d,Point,000.000 đồng,000.000,,vnd,000 000 dong
threshold_article_243_clause_1_point_e_000_000_dong_den,crime_243,article_243,243,article_243_clause_1_point_e,Point,000.000 đồng đến,000.000,,vnd,000 000 dong den
threshold_article_243_clause_1_point_e_000_000_dong,crime_243,article_243,243,article_243_clause_1_point_e,Point,000.000 đồng,000.000,,vnd,000 000 dong
threshold_article_243_clause_2_point_h_000_000_dong_den,crime_243,article_243,243,article_243_clause_2_point_h,Point,000.000 đồng đến,000.000,,vnd,000 000 dong den
threshold_article_243_clause_2_point_h_000_000_dong,crime_243,article_243,243,article_243_clause_2_point_h,Point,000.000 đồng,000.000,,vnd,000 000 dong
threshold_article_243_clause_2_point_i_000_000_dong_den,crime_243,article_243,243,article_243_clause_2_point_i,Point,000.000 đồng đến,000.000,,vnd,000 000 dong den
threshold_article_243_clause_2_point_i_000_000_dong,crime_243,article_243,243,article_243_clause_2_point_i,Point,000.000 đồng,000.000,,vnd,000 000 dong
threshold_article_243_clause_3_point_d_000_000_dong_tro_len,crime_243,article_243,243,article_243_clause_3_point_d,Point,000.000 đồng trở lên,000.000,,vnd,000 000 dong tro len
threshold_article_243_clause_3_point_e_000_000_dong_tro_len,crime_243,article_243,243,article_243_clause_3_point_e,Point,000.000 đồng trở lên,000.000,,vnd,000 000 dong tro len
threshold_article_243_clause_5_point_a_000_000_dong_den_4_000,crime_243,article_243,243,article_243_clause_5_point_a,Point,000.000 đồng đến 4.000,000.000,4.000,vnd,000 000 dong den 4 000
threshold_article_243_clause_5_point_a_000_000_dong,crime_243,article_243,243,article_243_clause_5_point_a,Point,000.000 đồng,000.000,,vnd,000 000 dong
threshold_article_243_clause_5_point_b_000_000_dong_den_10_000,crime_243,article_243,243,article_243_clause_5_point_b,Point,000.000 đồng đến 10.000,000.000,10.000,vnd,000 000 dong den 10 000
threshold_article_243_clause_5_point_b_000_000_dong,crime_243,article_243,243,article_243_clause_5_point_b,Point,000.000 đồng,000.000,,vnd,000 000 dong
threshold_article_243_clause_5_point_c_000_000_dong_den_14_000,crime_243,article_243,243,article_243_clause_5_point_c,Point,000.000 đồng đến 14.000,000.000,14.000,vnd,000 000 dong den 14 000
threshold_article_243_clause_5_point_c_000_000_dong,crime_243,article_243,243,article_243_clause_5_point_c,Point,000.000 đồng,000.000,,vnd,000 000 dong
threshold_article_243_clause_5_point_d_000_000_dong_den_400_000,crime_243,article_243,243,article_243_clause_5_point_d,Point,000.000 đồng đến 400.000,000.000,400.000,vnd,000 000 dong den 400 000
threshold_article_243_clause_5_point_d_000_dong,crime_243,article_243,243,article_243_clause_5_point_d,Point,000 đồng,000,,vnd,000 dong
threshold_condition_article_244_clause_4_000_000_dong_den_400_000,crime_244,article_244,244,condition_article_244_clause_4,Condition,000.000 đồng đến 400.000,000.000,400.000,vnd,000 000 dong den 400 000
threshold_condition_article_244_clause_4_000_dong,crime_244,article_244,244,condition_article_244_clause_4,Condition,000 đồng,000,,vnd,000 dong
threshold_condition_article_244_clause_1_point_c_tu_02_kilogam_den,crime_244,article_244,244,condition_article_244_clause_1_point_c,Condition,từ 02 kilôgam đến,02,,kg,tu 02 kilogam den
threshold_condition_article_244_clause_1_point_c_20_kilogam,crime_244,article_244,244,condition_article_244_clause_1_point_c,Condition,20 kilôgam,20,,kg,20 kilogam
threshold_condition_article_244_clause_1_point_c_tu_50_g,crime_244,article_244,244,condition_article_244_clause_1_point_c,Condition,từ 50 g,50,,g,tu 50 g
threshold_condition_article_244_clause_1_point_c_01_kilogam,crime_244,article_244,244,condition_article_244_clause_1_point_c,Condition,01 kilôgam,01,,kg,01 kilogam
threshold_condition_article_244_clause_2_point_d_tu_20_kilogam_den,crime_244,article_244,244,condition_article_244_clause_2_point_d,Condition,từ 20 kilôgam đến,20,,kg,tu 20 kilogam den
threshold_condition_article_244_clause_2_point_d_90_kilogam,crime_244,article_244,244,condition_article_244_clause_2_point_d,Condition,90 kilôgam,90,,kg,90 kilogam
threshold_condition_article_244_clause_2_point_d_tu_01_kilogam_den,crime_244,article_244,244,condition_article_244_clause_2_point_d,Condition,từ 01 kilôgam đến,01,,kg,tu 01 kilogam den
threshold_condition_article_244_clause_2_point_d_09_kilogam,crime_244,article_244,244,condition_article_244_clause_2_point_d,Condition,09 kilôgam,09,,kg,09 kilogam
threshold_condition_article_244_clause_3_point_d_90_kilogam_tro_len,crime_244,article_244,244,condition_article_244_clause_3_point_d,Condition,90 kilôgam trở lên,90,,kg,90 kilogam tro len
threshold_condition_article_244_clause_3_point_d_09_kilogam_tro_len,crime_244,article_244,244,condition_article_244_clause_3_point_d,Condition,09 kilôgam trở lên,09,,kg,09 kilogam tro len
threshold_condition_article_244_clause_5_point_d_000_000_dong_den_1_200,crime_244,article_244,244,condition_article_244_clause_5_point_d,Condition,000.000 đồng đến 1.200,000.000,1.200,vnd,000 000 dong den 1 200
threshold_condition_article_244_clause_5_point_d_000_000_dong,crime_244,article_244,244,condition_article_244_clause_5_point_d,Condition,000.000 đồng,000.000,,vnd,000 000 dong
threshold_article_244_clause_1_tu_02_kilogam_den,crime_244,article_244,244,article_244_clause_1,Clause,từ 02 kilôgam đến,02,,kg,tu 02 kilogam den
threshold_article_244_clause_1_20_kilogam,crime_244,article_244,244,article_244_clause_1,Clause,20 kilôgam,20,,kg,20 kilogam
threshold_article_244_clause_1_tu_50_g,crime_244,article_244,244,article_244_clause_1,Clause,từ 50 g,50,,g,tu 50 g
threshold_article_244_clause_1_01_kilogam,crime_244,article_244,244,article_244_clause_1,Clause,01 kilôgam,01,,kg,01 kilogam
threshold_article_244_clause_1_000_000_dong_den_4_000,crime_244,article_244,244,article_244_clause_1,Clause,000.000 đồng đến 4.000,000.000,4.000,vnd,000 000 dong den 4 000
threshold_article_244_clause_1_000_000_dong,crime_244,article_244,244,article_244_clause_1,Clause,000.000 đồng,000.000,,vnd,000 000 dong
threshold_article_244_clause_2_tu_20_kilogam_den,crime_244,article_244,244,article_244_clause_2,Clause,từ 20 kilôgam đến,20,,kg,tu 20 kilogam den
threshold_article_244_clause_2_90_kilogam,crime_244,article_244,244,article_244_clause_2,Clause,90 kilôgam,90,,kg,90 kilogam
threshold_article_244_clause_2_tu_01_kilogam_den,crime_244,article_244,244,article_244_clause_2,Clause,từ 01 kilôgam đến,01,,kg,tu 01 kilogam den
threshold_article_244_clause_2_09_kilogam,crime_244,article_244,244,article_244_clause_2,Clause,09 kilôgam,09,,kg,09 kilogam
threshold_article_244_clause_3_90_kilogam_tro_len,crime_244,article_244,244,article_244_clause_3,Clause,90 kilôgam trở lên,90,,kg,90 kilogam tro len
threshold_article_244_clause_3_09_kilogam_tro_len,crime_244,article_244,244,article_244_clause_3,Clause,09 kilôgam trở lên,09,,kg,09 kilogam tro len
threshold_article_244_clause_4_000_000_dong_den_400_000,crime_244,article_244,244,article_244_clause_4,Clause,000.000 đồng đến 400.000,000.000,400.000,vnd,000 000 dong den 400 000
threshold_article_244_clause_4_000_dong,crime_244,article_244,244,article_244_clause_4,Clause,000 đồng,000,,vnd,000 dong
threshold_article_244_clause_5_000_000_dong_den_10_000,crime_244,article_244,244,article_244_clause_5,Clause,000.000 đồng đến 10.000,000.000,10.000,vnd,000 000 dong den 10 000
threshold_article_244_clause_5_000_000_dong,crime_244,article_244,244,article_244_clause_5,Clause,000.000 đồng,000.000,,vnd,000 000 dong
threshold_article_244_clause_5_000_000_dong_den_20_000,crime_244,article_244,244,article_244_clause_5,Clause,000.000 đồng đến 20.000,000.000,20.000,vnd,000 000 dong den 20 000
threshold_article_244_clause_5_000_000_dong_den_30_000,crime_244,article_244,244,article_244_clause_5,Clause,000.000 đồng đến 30.000,000.000,30.000,vnd,000 000 dong den 30 000
threshold_article_244_clause_5_000_000_dong_den_1_200,crime_244,article_244,244,article_244_clause_5,Clause,000.000 đồng đến 1.200,000.000,1.200,vnd,000 000 dong den 1 200
threshold_article_244_clause_1_point_c_tu_02_kilogam_den,crime_244,article_244,244,article_244_clause_1_point_c,Point,từ 02 kilôgam đến,02,,kg,tu 02 kilogam den
threshold_article_244_clause_1_point_c_20_kilogam,crime_244,article_244,244,article_244_clause_1_point_c,Point,20 kilôgam,20,,kg,20 kilogam
threshold_article_244_clause_1_point_c_tu_50_g,crime_244,article_244,244,article_244_clause_1_point_c,Point,từ 50 g,50,,g,tu 50 g
threshold_article_244_clause_1_point_c_01_kilogam,crime_244,article_244,244,article_244_clause_1_point_c,Point,01 kilôgam,01,,kg,01 kilogam
threshold_article_244_clause_2_point_d_tu_20_kilogam_den,crime_244,article_244,244,article_244_clause_2_point_d,Point,từ 20 kilôgam đến,20,,kg,tu 20 kilogam den
threshold_article_244_clause_2_point_d_90_kilogam,crime_244,article_244,244,article_244_clause_2_point_d,Point,90 kilôgam,90,,kg,90 kilogam
threshold_article_244_clause_2_point_d_tu_01_kilogam_den,crime_244,article_244,244,article_244_clause_2_point_d,Point,từ 01 kilôgam đến,01,,kg,tu 01 kilogam den
threshold_article_244_clause_2_point_d_09_kilogam,crime_244,article_244,244,article_244_clause_2_point_d,Point,09 kilôgam,09,,kg,09 kilogam
threshold_article_244_clause_3_point_d_90_kilogam_tro_len,crime_244,article_244,244,article_244_clause_3_point_d,Point,90 kilôgam trở lên,90,,kg,90 kilogam tro len
threshold_article_244_clause_3_point_d_09_kilogam_tro_len,crime_244,article_244,244,article_244_clause_3_point_d,Point,09 kilôgam trở lên,09,,kg,09 kilogam tro len
threshold_article_244_clause_5_point_a_000_000_dong_den_10_000,crime_244,article_244,244,article_244_clause_5_point_a,Point,000.000 đồng đến 10.000,000.000,10.000,vnd,000 000 dong den 10 000
threshold_article_244_clause_5_point_a_000_000_dong,crime_244,article_244,244,article_244_clause_5_point_a,Point,000.000 đồng,000.000,,vnd,000 000 dong
threshold_article_244_clause_5_point_b_000_000_dong_den_20_000,crime_244,article_244,244,article_244_clause_5_point_b,Point,000.000 đồng đến 20.000,000.000,20.000,vnd,000 000 dong den 20 000
threshold_article_244_clause_5_point_b_000_000_dong,crime_244,article_244,244,article_244_clause_5_point_b,Point,000.000 đồng,000.000,,vnd,000 000 dong
threshold_article_244_clause_5_point_c_000_000_dong_den_30_000,crime_244,article_244,244,article_244_clause_5_point_c,Point,000.000 đồng đến 30.000,000.000,30.000,vnd,000 000 dong den 30 000
threshold_article_244_clause_5_point_c_000_000_dong,crime_244,article_244,244,article_244_clause_5_point_c,Point,000.000 đồng,000.000,,vnd,000 000 dong
threshold_article_244_clause_5_point_d_000_000_dong_den_1_200,crime_244,article_244,244,article_244_clause_5_point_d,Point,000.000 đồng đến 1.200,000.000,1.200,vnd,000 000 dong den 1 200
threshold_article_244_clause_5_point_d_000_000_dong,crime_244,article_244,244,article_244_clause_5_point_d,Point,000.000 đồng,000.000,,vnd,000 000 dong
threshold_condition_article_245_clause_3_000_000_dong_den_200_000,crime_245,article_245,245,condition_article_245_clause_3,Condition,000.000 đồng đến 200.000,000.000,200.000,vnd,000 000 dong den 200 000
threshold_condition_article_245_clause_3_000_dong,crime_245,article_245,245,condition_article_245_clause_3,Condition,000 đồng,000,,vnd,000 dong
threshold_condition_article_245_clause_1_point_a_000_000_dong_den,crime_245,article_245,245,condition_article_245_clause_1_point_a,Condition,000.000 đồng đến,000.000,,vnd,000 000 dong den
threshold_condition_article_245_clause_1_point_a_000_000_dong,crime_245,article_245,245,condition_article_245_clause_1_point_a,Condition,000.000 đồng,000.000,,vnd,000 000 dong
threshold_condition_article_245_clause_2_point_a_000_000_dong_tro_len,crime_245,article_245,245,condition_article_245_clause_2_point_a,Condition,000.000 đồng trở lên,000.000,,vnd,000 000 dong tro len
threshold_condition_article_245_clause_4_point_d_000_000_dong_den_1_000,crime_245,article_245,245,condition_article_245_clause_4_point_d,Condition,000.000 đồng đến 1.000,000.000,1.000,vnd,000 000 dong den 1 000
threshold_condition_article_245_clause_4_point_d_000_000_dong,crime_245,article_245,245,condition_article_245_clause_4_point_d,Condition,000.000 đồng,000.000,,vnd,000 000 dong
threshold_article_245_clause_1_000_000_dong_den_600_000,crime_245,article_245,245,article_245_clause_1,Clause,000.000 đồng đến 600.000,000.000,600.000,vnd,000 000 dong den 600 000
threshold_article_245_clause_1_000_dong,crime_245,article_245,245,article_245_clause_1,Clause,000 đồng,000,,vnd,000 dong
threshold_article_245_clause_1_000_000_dong_den,crime_245,article_245,245,article_245_clause_1,Clause,000.000 đồng đến,000.000,,vnd,000 000 dong den
threshold_article_245_clause_1_000_000_dong,crime_245,article_245,245,article_245_clause_1,Clause,000.000 đồng,000.000,,vnd,000 000 dong
threshold_article_245_clause_2_000_000_dong_tro_len,crime_245,article_245,245,article_245_clause_2,Clause,000.000 đồng trở lên,000.000,,vnd,000 000 dong tro len
threshold_article_245_clause_3_000_000_dong_den_200_000,crime_245,article_245,245,article_245_clause_3,Clause,000.000 đồng đến 200.000,000.000,200.000,vnd,000 000 dong den 200 000
threshold_article_245_clause_3_000_dong,crime_245,article_245,245,article_245_clause_3,Clause,000 đồng,000,,vnd,000 dong
threshold_article_245_clause_4_000_000_dong_den_2_000,crime_245,article_245,245,article_245_clause_4,Clause,000.000 đồng đến 2.000,000.000,2.000,vnd,000 000 dong den 2 000
threshold_article_245_clause_4_000_000_dong,crime_245,article_245,245,article_245_clause_4,Clause,000.000 đồng,000.000,,vnd,000 000 dong
threshold_article_245_clause_4_000_000_dong_den_6_000,crime_245,article_245,245,article_245_clause_4,Clause,000.000 đồng đến 6.000,000.000,6.000,vnd,000 000 dong den 6 000
threshold_article_245_clause_4_000_000_dong_den_1_000,crime_245,article_245,245,article_245_clause_4,Clause,000.000 đồng đến 1.000,000.000,1.000,vnd,000 000 dong den 1 000
threshold_article_245_clause_1_point_a_000_000_dong_den,crime_245,article_245,245,article_245_clause_1_point_a,Point,000.000 đồng đến,000.000,,vnd,000 000 dong den
threshold_article_245_clause_1_point_a_000_000_dong,crime_245,article_245,245,article_245_clause_1_point_a,Point,000.000 đồng,000.000,,vnd,000 000 dong
threshold_article_245_clause_2_point_a_000_000_dong_tro_len,crime_245,article_245,245,article_245_clause_2_point_a,Point,000.000 đồng trở lên,000.000,,vnd,000 000 dong tro len
threshold_article_245_clause_4_point_a_000_000_dong_den_2_000,crime_245,article_245,245,article_245_clause_4_point_a,Point,000.000 đồng đến 2.000,000.000,2.000,vnd,000 000 dong den 2 000
threshold_article_245_clause_4_point_a_000_000_dong,crime_245,article_245,245,article_245_clause_4_point_a,Point,000.000 đồng,000.000,,vnd,000 000 dong
threshold_article_245_clause_4_point_b_000_000_dong_den_6_000,crime_245,article_245,245,article_245_clause_4_point_b,Point,000.000 đồng đến 6.000,000.000,6.000,vnd,000 000 dong den 6 000
threshold_article_245_clause_4_point_b_000_000_dong,crime_245,article_245,245,article_245_clause_4_point_b,Point,000.000 đồng,000.000,,vnd,000 000 dong
threshold_article_245_clause_4_point_d_000_000_dong_den_1_000,crime_245,article_245,245,article_245_clause_4_point_d,Point,000.000 đồng đến 1.000,000.000,1.000,vnd,000 000 dong den 1 000
threshold_article_245_clause_4_point_d_000_000_dong,crime_245,article_245,245,article_245_clause_4_point_d,Point,000.000 đồng,000.000,,vnd,000 000 dong
threshold_condition_article_246_clause_3_000_000_dong_den_1_000,crime_246,article_246,246,condition_article_246_clause_3,Condition,000.000 đồng đến 1.000,000.000,1.000,vnd,000 000 dong den 1 000
threshold_condition_article_246_clause_3_000_000_dong,crime_246,article_246,246,condition_article_246_clause_3,Condition,000.000 đồng,000.000,,vnd,000 000 dong
threshold_condition_article_246_clause_1_point_a_000_000_dong_den,crime_246,article_246,246,condition_article_246_clause_1_point_a,Condition,000.000 đồng đến,000.000,,vnd,000 000 dong den
threshold_condition_article_246_clause_1_point_a_000_000_dong,crime_246,article_246,246,condition_article_246_clause_1_point_a,Condition,000.000 đồng,000.000,,vnd,000 000 dong
threshold_condition_article_246_clause_1_point_b_000_000_dong_den,crime_246,article_246,246,condition_article_246_clause_1_point_b,Condition,000.000 đồng đến,000.000,,vnd,000 000 dong den
threshold_condition_article_246_clause_1_point_b_000_000_dong,crime_246,article_246,246,condition_article_246_clause_1_point_b,Condition,000.000 đồng,000.000,,vnd,000 000 dong
threshold_condition_article_246_clause_2_point_b_000_000_dong_tro_len,crime_246,article_246,246,condition_article_246_clause_2_point_b,Condition,000.000 đồng trở lên,000.000,,vnd,000 000 dong tro len
threshold_condition_article_246_clause_2_point_c_000_000_dong_tro_len,crime_246,article_246,246,condition_article_246_clause_2_point_c,Condition,000.000 đồng trở lên,000.000,,vnd,000 000 dong tro len
threshold_condition_article_246_clause_4_point_c_000_000_dong_den_2_000,crime_246,article_246,246,condition_article_246_clause_4_point_c,Condition,000.000 đồng đến 2.000,000.000,2.000,vnd,000 000 dong den 2 000
threshold_condition_article_246_clause_4_point_c_000_000_dong,crime_246,article_246,246,condition_article_246_clause_4_point_c,Condition,000.000 đồng,000.000,,vnd,000 000 dong
threshold_article_246_clause_1_000_000_dong_den_2_000,crime_246,article_246,246,article_246_clause_1,Clause,000.000 đồng đến 2.000,000.000,2.000,vnd,000 000 dong den 2 000
threshold_article_246_clause_1_000_000_dong,crime_246,article_246,246,article_246_clause_1,Clause,000.000 đồng,000.000,,vnd,000 000 dong
threshold_article_246_clause_1_000_000_dong_den,crime_246,article_246,246,article_246_clause_1,Clause,000.000 đồng đến,000.000,,vnd,000 000 dong den
threshold_article_246_clause_2_000_000_dong_tro_len,crime_246,article_246,246,article_246_clause_2,Clause,000.000 đồng trở lên,000.000,,vnd,000 000 dong tro len
threshold_article_246_clause_3_000_000_dong_den_1_000,crime_246,article_246,246,article_246_clause_3,Clause,000.000 đồng đến 1.000,000.000,1.000,vnd,000 000 dong den 1 000
threshold_article_246_clause_3_000_000_dong,crime_246,article_246,246,article_246_clause_3,Clause,000.000 đồng,000.000,,vnd,000 000 dong
threshold_article_246_clause_4_000_000_dong_den_6_000,crime_246,article_246,246,article_246_clause_4,Clause,000.000 đồng đến 6.000,000.000,6.000,vnd,000 000 dong den 6 000
threshold_article_246_clause_4_000_000_dong,crime_246,article_246,246,article_246_clause_4,Clause,000.000 đồng,000.000,,vnd,000 000 dong
threshold_article_246_clause_4_000_000_dong_den_10_000,crime_246,article_246,246,article_246_clause_4,Clause,000.000 đồng đến 10.000,000.000,10.000,vnd,000 000 dong den 10 000
threshold_article_246_clause_4_000_000_dong_den_2_000,crime_246,article_246,246,article_246_clause_4,Clause,000.000 đồng đến 2.000,000.000,2.000,vnd,000 000 dong den 2 000
threshold_article_246_clause_1_point_a_000_000_dong_den,crime_246,article_246,246,article_246_clause_1_point_a,Point,000.000 đồng đến,000.000,,vnd,000 000 dong den
threshold_article_246_clause_1_point_a_000_000_dong,crime_246,article_246,246,article_246_clause_1_point_a,Point,000.000 đồng,000.000,,vnd,000 000 dong
threshold_article_246_clause_1_point_b_000_000_dong_den,crime_246,article_246,246,article_246_clause_1_point_b,Point,000.000 đồng đến,000.000,,vnd,000 000 dong den
threshold_article_246_clause_1_point_b_000_000_dong,crime_246,article_246,246,article_246_clause_1_point_b,Point,000.000 đồng,000.000,,vnd,000 000 dong
threshold_article_246_clause_2_point_b_000_000_dong_tro_len,crime_246,article_246,246,article_246_clause_2_point_b,Point,000.000 đồng trở lên,000.000,,vnd,000 000 dong tro len
threshold_article_246_clause_2_point_c_000_000_dong_tro_len,crime_246,article_246,246,article_246_clause_2_point_c,Point,000.000 đồng trở lên,000.000,,vnd,000 000 dong tro len
threshold_article_246_clause_4_point_a_000_000_dong_den_6_000,crime_246,article_246,246,article_246_clause_4_point_a,Point,000.000 đồng đến 6.000,000.000,6.000,vnd,000 000 dong den 6 000
threshold_article_246_clause_4_point_a_000_000_dong,crime_246,article_246,246,article_246_clause_4_point_a,Point,000.000 đồng,000.000,,vnd,000 000 dong
threshold_article_246_clause_4_point_b_000_000_dong_den_10_000,crime_246,article_246,246,article_246_clause_4_point_b,Point,000.000 đồng đến 10.000,000.000,10.000,vnd,000 000 dong den 10 000
threshold_article_246_clause_4_point_b_000_000_dong,crime_246,article_246,246,article_246_clause_4_point_b,Point,000.000 đồng,000.000,,vnd,000 000 dong
threshold_article_246_clause_4_point_c_000_000_dong_den_2_000,crime_246,article_246,246,article_246_clause_4_point_c,Point,000.000 đồng đến 2.000,000.000,2.000,vnd,000 000 dong den 2 000
threshold_article_246_clause_4_point_c_000_000_dong,crime_246,article_246,246,article_246_clause_4_point_c,Point,000.000 đồng,000.000,,vnd,000 000 dong
threshold_condition_article_247_clause_3_000_000_dong_den_50_000,crime_247,article_247,247,condition_article_247_clause_3,Condition,000.000 đồng đến 50.000,000.000,50.000,vnd,000 000 dong den 50 000
threshold_condition_article_247_clause_3_000_dong,crime_247,article_247,247,condition_article_247_clause_3,Condition,000 đồng,000,,vnd,000 dong
threshold_article_247_clause_3_000_000_dong_den_50_000,crime_247,article_247,247,article_247_clause_3,Clause,000.000 đồng đến 50.000,000.000,50.000,vnd,000 000 dong den 50 000
threshold_article_247_clause_3_000_dong,crime_247,article_247,247,article_247_clause_3,Clause,000 đồng,000,,vnd,000 dong
threshold_condition_article_248_clause_6_000_000_dong_den_500_000,crime_248,article_248,248,condition_article_248_clause_6,Condition,000.000 đồng đến 500.000,000.000,500.000,vnd,000 000 dong den 500 000
threshold_condition_article_248_clause_6_000_dong,crime_248,article_248,248,condition_article_248_clause_6,Condition,000 đồng,000,,vnd,000 dong
threshold_condition_article_248_clause_2_point_d_tu_500_g,crime_248,article_248,248,condition_article_248_clause_2_point_d,Condition,từ 500 g,500,,g,tu 500 g
threshold_condition_article_248_clause_2_point_d_01_kilogam,crime_248,article_248,248,condition_article_248_clause_2_point_d,Condition,01 kilôgam,01,,kg,01 kilogam
threshold_condition_article_248_clause_2_point_e_tu_05_g,crime_248,article_248,248,condition_article_248_clause_2_point_e,Condition,từ 05 g,05,,g,tu 05 g
threshold_condition_article_248_clause_2_point_e_30_g,crime_248,article_248,248,condition_article_248_clause_2_point_e,Condition,30 g,30,,g,30 g
threshold_condition_article_248_clause_2_point_g_tu_20_g,crime_248,article_248,248,condition_article_248_clause_2_point_g,Condition,từ 20 g,20,,g,tu 20 g
threshold_condition_article_248_clause_2_point_g_100_g,crime_248,article_248,248,condition_article_248_clause_2_point_g,Condition,100 g,100,,g,100 g
threshold_condition_article_248_clause_3_point_b_tu_01_kilogam_den,crime_248,article_248,248,condition_article_248_clause_3_point_b,Condition,từ 01 kilôgam đến,01,,kg,tu 01 kilogam den
threshold_condition_article_248_clause_3_point_b_05_kilogam,crime_248,article_248,248,condition_article_248_clause_3_point_b,Condition,05 kilôgam,05,,kg,05 kilogam
threshold_condition_article_248_clause_3_point_c_tu_30_g,crime_248,article_248,248,condition_article_248_clause_3_point_c,Condition,từ 30 g,30,,g,tu 30 g
threshold_condition_article_248_clause_3_point_c_100_g,crime_248,article_248,248,condition_article_248_clause_3_point_c,Condition,100 g,100,,g,100 g
threshold_condition_article_248_clause_3_point_d_tu_100_g,crime_248,article_248,248,condition_article_248_clause_3_point_d,Condition,từ 100 g,100,,g,tu 100 g
threshold_condition_article_248_clause_3_point_d_300_g,crime_248,article_248,248,condition_article_248_clause_3_point_d,Condition,300 g,300,,g,300 g
threshold_condition_article_248_clause_4_point_a_tu_05_kilogam_den,crime_248,article_248,248,condition_article_248_clause_4_point_a,Condition,từ 05 kilôgam đến,05,,kg,tu 05 kilogam den
threshold_condition_article_248_clause_4_point_a_30_kilogam,crime_248,article_248,248,condition_article_248_clause_4_point_a,Condition,30 kilôgam,30,,kg,30 kilogam
threshold_condition_article_248_clause_4_point_b_tu_100_g,crime_248,article_248,248,condition_article_248_clause_4_point_b,Condition,từ 100 g,100,,g,tu 100 g
threshold_condition_article_248_clause_4_point_b_03_kilogam,crime_248,article_248,248,condition_article_248_clause_4_point_b,Condition,03 kilôgam,03,,kg,03 kilogam
threshold_condition_article_248_clause_4_point_c_tu_300_g,crime_248,article_248,248,condition_article_248_clause_4_point_c,Condition,từ 300 g,300,,g,tu 300 g
threshold_condition_article_248_clause_4_point_c_09_kilogam,crime_248,article_248,248,condition_article_248_clause_4_point_c,Condition,09 kilôgam,09,,kg,09 kilogam
threshold_condition_article_248_clause_5_point_a_30_kilogam_tro_len,crime_248,article_248,248,condition_article_248_clause_5_point_a,Condition,30 kilôgam trở lên,30,,kg,30 kilogam tro len
threshold_condition_article_248_clause_5_point_b_03_kilogam_tro_len,crime_248,article_248,248,condition_article_248_clause_5_point_b,Condition,03 kilôgam trở lên,03,,kg,03 kilogam tro len
threshold_condition_article_248_clause_5_point_c_09_kilogam_tro_len,crime_248,article_248,248,condition_article_248_clause_5_point_c,Condition,09 kilôgam trở lên,09,,kg,09 kilogam tro len
threshold_article_248_clause_2_tu_500_g,crime_248,article_248,248,article_248_clause_2,Clause,từ 500 g,500,,g,tu 500 g
threshold_article_248_clause_2_01_kilogam,crime_248,article_248,248,article_248_clause_2,Clause,01 kilôgam,01,,kg,01 kilogam
threshold_article_248_clause_2_tu_05_g,crime_248,article_248,248,article_248_clause_2,Clause,từ 05 g,05,,g,tu 05 g
threshold_article_248_clause_2_30_g,crime_248,article_248,248,article_248_clause_2,Clause,30 g,30,,g,30 g
threshold_article_248_clause_2_tu_20_g,crime_248,article_248,248,article_248_clause_2,Clause,từ 20 g,20,,g,tu 20 g
threshold_article_248_clause_2_100_g,crime_248,article_248,248,article_248_clause_2,Clause,100 g,100,,g,100 g
threshold_article_248_clause_3_tu_01_kilogam_den,crime_248,article_248,248,article_248_clause_3,Clause,từ 01 kilôgam đến,01,,kg,tu 01 kilogam den
threshold_article_248_clause_3_05_kilogam,crime_248,article_248,248,article_248_clause_3,Clause,05 kilôgam,05,,kg,05 kilogam
threshold_article_248_clause_3_tu_30_g,crime_248,article_248,248,article_248_clause_3,Clause,từ 30 g,30,,g,tu 30 g
threshold_article_248_clause_3_100_g,crime_248,article_248,248,article_248_clause_3,Clause,100 g,100,,g,100 g
threshold_article_248_clause_3_tu_100_g,crime_248,article_248,248,article_248_clause_3,Clause,từ 100 g,100,,g,tu 100 g
threshold_article_248_clause_3_300_g,crime_248,article_248,248,article_248_clause_3,Clause,300 g,300,,g,300 g
threshold_article_248_clause_4_tu_05_kilogam_den,crime_248,article_248,248,article_248_clause_4,Clause,từ 05 kilôgam đến,05,,kg,tu 05 kilogam den
threshold_article_248_clause_4_30_kilogam,crime_248,article_248,248,article_248_clause_4,Clause,30 kilôgam,30,,kg,30 kilogam
threshold_article_248_clause_4_tu_100_g,crime_248,article_248,248,article_248_clause_4,Clause,từ 100 g,100,,g,tu 100 g
threshold_article_248_clause_4_03_kilogam,crime_248,article_248,248,article_248_clause_4,Clause,03 kilôgam,03,,kg,03 kilogam
threshold_article_248_clause_4_tu_300_g,crime_248,article_248,248,article_248_clause_4,Clause,từ 300 g,300,,g,tu 300 g
threshold_article_248_clause_4_09_kilogam,crime_248,article_248,248,article_248_clause_4,Clause,09 kilôgam,09,,kg,09 kilogam
threshold_article_248_clause_5_30_kilogam_tro_len,crime_248,article_248,248,article_248_clause_5,Clause,30 kilôgam trở lên,30,,kg,30 kilogam tro len
threshold_article_248_clause_5_03_kilogam_tro_len,crime_248,article_248,248,article_248_clause_5,Clause,03 kilôgam trở lên,03,,kg,03 kilogam tro len
threshold_article_248_clause_5_09_kilogam_tro_len,crime_248,article_248,248,article_248_clause_5,Clause,09 kilôgam trở lên,09,,kg,09 kilogam tro len
threshold_article_248_clause_6_000_000_dong_den_500_000,crime_248,article_248,248,article_248_clause_6,Clause,000.000 đồng đến 500.000,000.000,500.000,vnd,000 000 dong den 500 000
threshold_article_248_clause_6_000_dong,crime_248,article_248,248,article_248_clause_6,Clause,000 đồng,000,,vnd,000 dong
threshold_article_248_clause_2_point_d_tu_500_g,crime_248,article_248,248,article_248_clause_2_point_d,Point,từ 500 g,500,,g,tu 500 g
threshold_article_248_clause_2_point_d_01_kilogam,crime_248,article_248,248,article_248_clause_2_point_d,Point,01 kilôgam,01,,kg,01 kilogam
threshold_article_248_clause_2_point_e_tu_05_g,crime_248,article_248,248,article_248_clause_2_point_e,Point,từ 05 g,05,,g,tu 05 g
threshold_article_248_clause_2_point_e_30_g,crime_248,article_248,248,article_248_clause_2_point_e,Point,30 g,30,,g,30 g
threshold_article_248_clause_2_point_g_tu_20_g,crime_248,article_248,248,article_248_clause_2_point_g,Point,từ 20 g,20,,g,tu 20 g
threshold_article_248_clause_2_point_g_100_g,crime_248,article_248,248,article_248_clause_2_point_g,Point,100 g,100,,g,100 g
threshold_article_248_clause_3_point_b_tu_01_kilogam_den,crime_248,article_248,248,article_248_clause_3_point_b,Point,từ 01 kilôgam đến,01,,kg,tu 01 kilogam den
threshold_article_248_clause_3_point_b_05_kilogam,crime_248,article_248,248,article_248_clause_3_point_b,Point,05 kilôgam,05,,kg,05 kilogam
threshold_article_248_clause_3_point_c_tu_30_g,crime_248,article_248,248,article_248_clause_3_point_c,Point,từ 30 g,30,,g,tu 30 g
threshold_article_248_clause_3_point_c_100_g,crime_248,article_248,248,article_248_clause_3_point_c,Point,100 g,100,,g,100 g
threshold_article_248_clause_3_point_d_tu_100_g,crime_248,article_248,248,article_248_clause_3_point_d,Point,từ 100 g,100,,g,tu 100 g
threshold_article_248_clause_3_point_d_300_g,crime_248,article_248,248,article_248_clause_3_point_d,Point,300 g,300,,g,300 g
threshold_article_248_clause_4_point_a_tu_05_kilogam_den,crime_248,article_248,248,article_248_clause_4_point_a,Point,từ 05 kilôgam đến,05,,kg,tu 05 kilogam den
threshold_article_248_clause_4_point_a_30_kilogam,crime_248,article_248,248,article_248_clause_4_point_a,Point,30 kilôgam,30,,kg,30 kilogam
threshold_article_248_clause_4_point_b_tu_100_g,crime_248,article_248,248,article_248_clause_4_point_b,Point,từ 100 g,100,,g,tu 100 g
threshold_article_248_clause_4_point_b_03_kilogam,crime_248,article_248,248,article_248_clause_4_point_b,Point,03 kilôgam,03,,kg,03 kilogam
threshold_article_248_clause_4_point_c_tu_300_g,crime_248,article_248,248,article_248_clause_4_point_c,Point,từ 300 g,300,,g,tu 300 g
threshold_article_248_clause_4_point_c_09_kilogam,crime_248,article_248,248,article_248_clause_4_point_c,Point,09 kilôgam,09,,kg,09 kilogam
threshold_article_248_clause_5_point_a_30_kilogam_tro_len,crime_248,article_248,248,article_248_clause_5_point_a,Point,30 kilôgam trở lên,30,,kg,30 kilogam tro len
threshold_article_248_clause_5_point_b_03_kilogam_tro_len,crime_248,article_248,248,article_248_clause_5_point_b,Point,03 kilôgam trở lên,03,,kg,03 kilogam tro len
threshold_article_248_clause_5_point_c_09_kilogam_tro_len,crime_248,article_248,248,article_248_clause_5_point_c,Point,09 kilôgam trở lên,09,,kg,09 kilogam tro len
threshold_condition_article_249_clause_5_000_000_dong_den_500_000,crime_249,article_249,249,condition_article_249_clause_5,Condition,000.000 đồng đến 500.000,000.000,500.000,vnd,000 000 dong den 500 000
threshold_condition_article_249_clause_5_000_dong,crime_249,article_249,249,condition_article_249_clause_5,Condition,000 đồng,000,,vnd,000 dong
threshold_condition_article_249_clause_1_point_b_tu_01_g,crime_249,article_249,249,condition_article_249_clause_1_point_b,Condition,từ 01 g,01,,g,tu 01 g
threshold_condition_article_249_clause_1_point_b_500_g,crime_249,article_249,249,condition_article_249_clause_1_point_b,Condition,500 g,500,,g,500 g
threshold_condition_article_249_clause_1_point_c_tu_0_1_g,crime_249,article_249,249,condition_article_249_clause_1_point_c,Condition,"từ 0,1 g",0.1,,g,tu 0 1 g
threshold_condition_article_249_clause_1_point_c_05_g,crime_249,article_249,249,condition_article_249_clause_1_point_c,Condition,05 g,05,,g,05 g
threshold_condition_article_249_clause_1_point_d_tu_01_kilogam_den,crime_249,article_249,249,condition_article_249_clause_1_point_d,Condition,từ 01 kilôgam đến,01,,kg,tu 01 kilogam den
threshold_condition_article_249_clause_1_point_d_10_kilogam,crime_249,article_249,249,condition_article_249_clause_1_point_d,Condition,10 kilôgam,10,,kg,10 kilogam
threshold_condition_article_249_clause_1_point_d_tu_05_kilogam_den,crime_249,article_249,249,condition_article_249_clause_1_point_d,Condition,từ 05 kilôgam đến,05,,kg,tu 05 kilogam den
threshold_condition_article_249_clause_1_point_d_50_kilogam,crime_249,article_249,249,condition_article_249_clause_1_point_d,Condition,50 kilôgam,50,,kg,50 kilogam
threshold_condition_article_249_clause_1_point_e_tu_01_kilogam_den,crime_249,article_249,249,condition_article_249_clause_1_point_e,Condition,từ 01 kilôgam đến,01,,kg,tu 01 kilogam den
threshold_condition_article_249_clause_1_point_e_10_kilogam,crime_249,article_249,249,condition_article_249_clause_1_point_e,Condition,10 kilôgam,10,,kg,10 kilogam
threshold_condition_article_249_clause_1_point_g_tu_01_g,crime_249,article_249,249,condition_article_249_clause_1_point_g,Condition,từ 01 g,01,,g,tu 01 g
threshold_condition_article_249_clause_1_point_g_20_g,crime_249,article_249,249,condition_article_249_clause_1_point_g,Condition,20 g,20,,g,20 g
threshold_condition_article_249_clause_2_point_e_tu_500_g,crime_249,article_249,249,condition_article_249_clause_2_point_e,Condition,từ 500 g,500,,g,tu 500 g
threshold_condition_article_249_clause_2_point_e_01_kilogam,crime_249,article_249,249,condition_article_249_clause_2_point_e,Condition,01 kilôgam,01,,kg,01 kilogam
threshold_condition_article_249_clause_2_point_g_tu_05_g,crime_249,article_249,249,condition_article_249_clause_2_point_g,Condition,từ 05 g,05,,g,tu 05 g
threshold_condition_article_249_clause_2_point_g_30_g,crime_249,article_249,249,condition_article_249_clause_2_point_g,Condition,30 g,30,,g,30 g
threshold_condition_article_249_clause_2_point_h_tu_10_kilogam_den,crime_249,article_249,249,condition_article_249_clause_2_point_h,Condition,từ 10 kilôgam đến,10,,kg,tu 10 kilogam den
threshold_condition_article_249_clause_2_point_h_25_kilogam,crime_249,article_249,249,condition_article_249_clause_2_point_h,Condition,25 kilôgam,25,,kg,25 kilogam
threshold_condition_article_249_clause_2_point_i_tu_50_kilogam_den,crime_249,article_249,249,condition_article_249_clause_2_point_i,Condition,từ 50 kilôgam đến,50,,kg,tu 50 kilogam den
threshold_condition_article_249_clause_2_point_i_200_kilogam,crime_249,article_249,249,condition_article_249_clause_2_point_i,Condition,200 kilôgam,200,,kg,200 kilogam
threshold_condition_article_249_clause_2_point_k_tu_10_kilogam_den,crime_249,article_249,249,condition_article_249_clause_2_point_k,Condition,từ 10 kilôgam đến,10,,kg,tu 10 kilogam den
threshold_condition_article_249_clause_2_point_k_50_kilogam,crime_249,article_249,249,condition_article_249_clause_2_point_k,Condition,50 kilôgam,50,,kg,50 kilogam
threshold_condition_article_249_clause_2_point_l_tu_20_g,crime_249,article_249,249,condition_article_249_clause_2_point_l,Condition,từ 20 g,20,,g,tu 20 g
threshold_condition_article_249_clause_2_point_l_100_g,crime_249,article_249,249,condition_article_249_clause_2_point_l,Condition,100 g,100,,g,100 g
threshold_condition_article_249_clause_3_point_a_tu_01_kilogam_den,crime_249,article_249,249,condition_article_249_clause_3_point_a,Condition,từ 01 kilôgam đến,01,,kg,tu 01 kilogam den
threshold_condition_article_249_clause_3_point_a_05_kilogam,crime_249,article_249,249,condition_article_249_clause_3_point_a,Condition,05 kilôgam,05,,kg,05 kilogam
threshold_condition_article_249_clause_3_point_b_tu_30_g,crime_249,article_249,249,condition_article_249_clause_3_point_b,Condition,từ 30 g,30,,g,tu 30 g
threshold_condition_article_249_clause_3_point_b_100_g,crime_249,article_249,249,condition_article_249_clause_3_point_b,Condition,100 g,100,,g,100 g
threshold_condition_article_249_clause_3_point_c_tu_25_kilogam_den,crime_249,article_249,249,condition_article_249_clause_3_point_c,Condition,từ 25 kilôgam đến,25,,kg,tu 25 kilogam den
threshold_condition_article_249_clause_3_point_c_75_kilogam,crime_249,article_249,249,condition_article_249_clause_3_point_c,Condition,75 kilôgam,75,,kg,75 kilogam
threshold_condition_article_249_clause_3_point_d_tu_200_kilogam_den,crime_249,article_249,249,condition_article_249_clause_3_point_d,Condition,từ 200 kilôgam đến,200,,kg,tu 200 kilogam den
threshold_condition_article_249_clause_3_point_d_600_kilogam,crime_249,article_249,249,condition_article_249_clause_3_point_d,Condition,600 kilôgam,600,,kg,600 kilogam
threshold_condition_article_249_clause_3_point_d_tu_50_kilogam_den,crime_249,article_249,249,condition_article_249_clause_3_point_d,Condition,từ 50 kilôgam đến,50,,kg,tu 50 kilogam den
threshold_condition_article_249_clause_3_point_d_150_kilogam,crime_249,article_249,249,condition_article_249_clause_3_point_d,Condition,150 kilôgam,150,,kg,150 kilogam
threshold_condition_article_249_clause_3_point_e_tu_100_g,crime_249,article_249,249,condition_article_249_clause_3_point_e,Condition,từ 100 g,100,,g,tu 100 g
threshold_condition_article_249_clause_3_point_e_300_g,crime_249,article_249,249,condition_article_249_clause_3_point_e,Condition,300 g,300,,g,300 g
threshold_condition_article_249_clause_4_point_a_05_kilogam_tro_len,crime_249,article_249,249,condition_article_249_clause_4_point_a,Condition,05 kilôgam trở lên,05,,kg,05 kilogam tro len
threshold_condition_article_249_clause_4_point_b_100_g,crime_249,article_249,249,condition_article_249_clause_4_point_b,Condition,100 g,100,,g,100 g
threshold_condition_article_249_clause_4_point_c_75_kilogam_tro_len,crime_249,article_249,249,condition_article_249_clause_4_point_c,Condition,75 kilôgam trở lên,75,,kg,75 kilogam tro len
threshold_condition_article_249_clause_4_point_d_600_kilogam_tro_len,crime_249,article_249,249,condition_article_249_clause_4_point_d,Condition,600 kilôgam trở lên,600,,kg,600 kilogam tro len
threshold_condition_article_249_clause_4_point_d_150_kilogam_tro_len,crime_249,article_249,249,condition_article_249_clause_4_point_d,Condition,150 kilôgam trở lên,150,,kg,150 kilogam tro len
threshold_condition_article_249_clause_4_point_e_300_g,crime_249,article_249,249,condition_article_249_clause_4_point_e,Condition,300 g,300,,g,300 g
threshold_article_249_clause_1_tu_01_g,crime_249,article_249,249,article_249_clause_1,Clause,từ 01 g,01,,g,tu 01 g
threshold_article_249_clause_1_500_g,crime_249,article_249,249,article_249_clause_1,Clause,500 g,500,,g,500 g
threshold_article_249_clause_1_tu_0_1_g,crime_249,article_249,249,article_249_clause_1,Clause,"từ 0,1 g",0.1,,g,tu 0 1 g
threshold_article_249_clause_1_05_g,crime_249,article_249,249,article_249_clause_1,Clause,05 g,05,,g,05 g
threshold_article_249_clause_1_tu_01_kilogam_den,crime_249,article_249,249,article_249_clause_1,Clause,từ 01 kilôgam đến,01,,kg,tu 01 kilogam den
threshold_article_249_clause_1_10_kilogam,crime_249,article_249,249,article_249_clause_1,Clause,10 kilôgam,10,,kg,10 kilogam
threshold_article_249_clause_1_tu_05_kilogam_den,crime_249,article_249,249,article_249_clause_1,Clause,từ 05 kilôgam đến,05,,kg,tu 05 kilogam den
threshold_article_249_clause_1_50_kilogam,crime_249,article_249,249,article_249_clause_1,Clause,50 kilôgam,50,,kg,50 kilogam
threshold_article_249_clause_1_20_g,crime_249,article_249,249,article_249_clause_1,Clause,20 g,20,,g,20 g
threshold_article_249_clause_2_tu_500_g,crime_249,article_249,249,article_249_clause_2,Clause,từ 500 g,500,,g,tu 500 g
threshold_article_249_clause_2_01_kilogam,crime_249,article_249,249,article_249_clause_2,Clause,01 kilôgam,01,,kg,01 kilogam
threshold_article_249_clause_2_tu_05_g,crime_249,article_249,249,article_249_clause_2,Clause,từ 05 g,05,,g,tu 05 g
threshold_article_249_clause_2_30_g,crime_249,article_249,249,article_249_clause_2,Clause,30 g,30,,g,30 g
threshold_article_249_clause_2_tu_10_kilogam_den,crime_249,article_249,249,article_249_clause_2,Clause,từ 10 kilôgam đến,10,,kg,tu 10 kilogam den
threshold_article_249_clause_2_25_kilogam,crime_249,article_249,249,article_249_clause_2,Clause,25 kilôgam,25,,kg,25 kilogam
threshold_article_249_clause_2_tu_50_kilogam_den,crime_249,article_249,249,article_249_clause_2,Clause,từ 50 kilôgam đến,50,,kg,tu 50 kilogam den
threshold_article_249_clause_2_200_kilogam,crime_249,article_249,249,article_249_clause_2,Clause,200 kilôgam,200,,kg,200 kilogam
threshold_article_249_clause_2_50_kilogam,crime_249,article_249,249,article_249_clause_2,Clause,50 kilôgam,50,,kg,50 kilogam
threshold_article_249_clause_2_tu_20_g,crime_249,article_249,249,article_249_clause_2,Clause,từ 20 g,20,,g,tu 20 g
threshold_article_249_clause_2_100_g,crime_249,article_249,249,article_249_clause_2,Clause,100 g,100,,g,100 g
threshold_article_249_clause_3_tu_01_kilogam_den,crime_249,article_249,249,article_249_clause_3,Clause,từ 01 kilôgam đến,01,,kg,tu 01 kilogam den
threshold_article_249_clause_3_05_kilogam,crime_249,article_249,249,article_249_clause_3,Clause,05 kilôgam,05,,kg,05 kilogam
threshold_article_249_clause_3_tu_30_g,crime_249,article_249,249,article_249_clause_3,Clause,từ 30 g,30,,g,tu 30 g
threshold_article_249_clause_3_100_g,crime_249,article_249,249,article_249_clause_3,Clause,100 g,100,,g,100 g
threshold_article_249_clause_3_tu_25_kilogam_den,crime_249,article_249,249,article_249_clause_3,Clause,từ 25 kilôgam đến,25,,kg,tu 25 kilogam den
threshold_article_249_clause_3_75_kilogam,crime_249,article_249,249,article_249_clause_3,Clause,75 kilôgam,75,,kg,75 kilogam
threshold_article_249_clause_3_tu_200_kilogam_den,crime_249,article_249,249,article_249_clause_3,Clause,từ 200 kilôgam đến,200,,kg,tu 200 kilogam den
threshold_article_249_clause_3_600_kilogam,crime_249,article_249,249,article_249_clause_3,Clause,600 kilôgam,600,,kg,600 kilogam
threshold_article_249_clause_3_tu_50_kilogam_den,crime_249,article_249,249,article_249_clause_3,Clause,từ 50 kilôgam đến,50,,kg,tu 50 kilogam den
threshold_article_249_clause_3_150_kilogam,crime_249,article_249,249,article_249_clause_3,Clause,150 kilôgam,150,,kg,150 kilogam
threshold_article_249_clause_3_tu_100_g,crime_249,article_249,249,article_249_clause_3,Clause,từ 100 g,100,,g,tu 100 g
threshold_article_249_clause_3_300_g,crime_249,article_249,249,article_249_clause_3,Clause,300 g,300,,g,300 g
threshold_article_249_clause_4_05_kilogam_tro_len,crime_249,article_249,249,article_249_clause_4,Clause,05 kilôgam trở lên,05,,kg,05 kilogam tro len
threshold_article_249_clause_4_100_g,crime_249,article_249,249,article_249_clause_4,Clause,100 g,100,,g,100 g
threshold_article_249_clause_4_75_kilogam_tro_len,crime_249,article_249,249,article_249_clause_4,Clause,75 kilôgam trở lên,75,,kg,75 kilogam tro len
threshold_article_249_clause_4_600_kilogam_tro_len,crime_249,article_249,249,article_249_clause_4,Clause,600 kilôgam trở lên,600,,kg,600 kilogam tro len
threshold_article_249_clause_4_150_kilogam_tro_len,crime_249,article_249,249,article_249_clause_4,Clause,150 kilôgam trở lên,150,,kg,150 kilogam tro len
threshold_article_249_clause_4_300_g,crime_249,article_249,249,article_249_clause_4,Clause,300 g,300,,g,300 g
threshold_article_249_clause_5_000_000_dong_den_500_000,crime_249,article_249,249,article_249_clause_5,Clause,000.000 đồng đến 500.000,000.000,500.000,vnd,000 000 dong den 500 000
threshold_article_249_clause_5_000_dong,crime_249,article_249,249,article_249_clause_5,Clause,000 đồng,000,,vnd,000 dong
threshold_article_249_clause_1_point_b_tu_01_g,crime_249,article_249,249,article_249_clause_1_point_b,Point,từ 01 g,01,,g,tu 01 g
threshold_article_249_clause_1_point_b_500_g,crime_249,article_249,249,article_249_clause_1_point_b,Point,500 g,500,,g,500 g
threshold_article_249_clause_1_point_c_tu_0_1_g,crime_249,article_249,249,article_249_clause_1_point_c,Point,"từ 0,1 g",0.1,,g,tu 0 1 g
threshold_article_249_clause_1_point_c_05_g,crime_249,article_249,249,article_249_clause_1_point_c,Point,05 g,05,,g,05 g
threshold_article_249_clause_1_point_d_tu_01_kilogam_den,crime_249,article_249,249,article_249_clause_1_point_d,Point,từ 01 kilôgam đến,01,,kg,tu 01 kilogam den
threshold_article_249_clause_1_point_d_10_kilogam,crime_249,article_249,249,article_249_clause_1_point_d,Point,10 kilôgam,10,,kg,10 kilogam
threshold_article_249_clause_1_point_d_tu_05_kilogam_den,crime_249,article_249,249,article_249_clause_1_point_d,Point,từ 05 kilôgam đến,05,,kg,tu 05 kilogam den
threshold_article_249_clause_1_point_d_50_kilogam,crime_249,article_249,249,article_249_clause_1_point_d,Point,50 kilôgam,50,,kg,50 kilogam
threshold_article_249_clause_1_point_e_tu_01_kilogam_den,crime_249,article_249,249,article_249_clause_1_point_e,Point,từ 01 kilôgam đến,01,,kg,tu 01 kilogam den
threshold_article_249_clause_1_point_e_10_kilogam,crime_249,article_249,249,article_249_clause_1_point_e,Point,10 kilôgam,10,,kg,10 kilogam
threshold_article_249_clause_1_point_g_tu_01_g,crime_249,article_249,249,article_249_clause_1_point_g,Point,từ 01 g,01,,g,tu 01 g
threshold_article_249_clause_1_point_g_20_g,crime_249,article_249,249,article_249_clause_1_point_g,Point,20 g,20,,g,20 g
threshold_article_249_clause_2_point_e_tu_500_g,crime_249,article_249,249,article_249_clause_2_point_e,Point,từ 500 g,500,,g,tu 500 g
threshold_article_249_clause_2_point_e_01_kilogam,crime_249,article_249,249,article_249_clause_2_point_e,Point,01 kilôgam,01,,kg,01 kilogam
threshold_article_249_clause_2_point_g_tu_05_g,crime_249,article_249,249,article_249_clause_2_point_g,Point,từ 05 g,05,,g,tu 05 g
threshold_article_249_clause_2_point_g_30_g,crime_249,article_249,249,article_249_clause_2_point_g,Point,30 g,30,,g,30 g
threshold_article_249_clause_2_point_h_tu_10_kilogam_den,crime_249,article_249,249,article_249_clause_2_point_h,Point,từ 10 kilôgam đến,10,,kg,tu 10 kilogam den
threshold_article_249_clause_2_point_h_25_kilogam,crime_249,article_249,249,article_249_clause_2_point_h,Point,25 kilôgam,25,,kg,25 kilogam
threshold_article_249_clause_2_point_i_tu_50_kilogam_den,crime_249,article_249,249,article_249_clause_2_point_i,Point,từ 50 kilôgam đến,50,,kg,tu 50 kilogam den
threshold_article_249_clause_2_point_i_200_kilogam,crime_249,article_249,249,article_249_clause_2_point_i,Point,200 kilôgam,200,,kg,200 kilogam
threshold_article_249_clause_2_point_k_tu_10_kilogam_den,crime_249,article_249,249,article_249_clause_2_point_k,Point,từ 10 kilôgam đến,10,,kg,tu 10 kilogam den
threshold_article_249_clause_2_point_k_50_kilogam,crime_249,article_249,249,article_249_clause_2_point_k,Point,50 kilôgam,50,,kg,50 kilogam
threshold_article_249_clause_2_point_l_tu_20_g,crime_249,article_249,249,article_249_clause_2_point_l,Point,từ 20 g,20,,g,tu 20 g
threshold_article_249_clause_2_point_l_100_g,crime_249,article_249,249,article_249_clause_2_point_l,Point,100 g,100,,g,100 g
threshold_article_249_clause_3_point_a_tu_01_kilogam_den,crime_249,article_249,249,article_249_clause_3_point_a,Point,từ 01 kilôgam đến,01,,kg,tu 01 kilogam den
threshold_article_249_clause_3_point_a_05_kilogam,crime_249,article_249,249,article_249_clause_3_point_a,Point,05 kilôgam,05,,kg,05 kilogam
threshold_article_249_clause_3_point_b_tu_30_g,crime_249,article_249,249,article_249_clause_3_point_b,Point,từ 30 g,30,,g,tu 30 g
threshold_article_249_clause_3_point_b_100_g,crime_249,article_249,249,article_249_clause_3_point_b,Point,100 g,100,,g,100 g
threshold_article_249_clause_3_point_c_tu_25_kilogam_den,crime_249,article_249,249,article_249_clause_3_point_c,Point,từ 25 kilôgam đến,25,,kg,tu 25 kilogam den
threshold_article_249_clause_3_point_c_75_kilogam,crime_249,article_249,249,article_249_clause_3_point_c,Point,75 kilôgam,75,,kg,75 kilogam
threshold_article_249_clause_3_point_d_tu_200_kilogam_den,crime_249,article_249,249,article_249_clause_3_point_d,Point,từ 200 kilôgam đến,200,,kg,tu 200 kilogam den
threshold_article_249_clause_3_point_d_600_kilogam,crime_249,article_249,249,article_249_clause_3_point_d,Point,600 kilôgam,600,,kg,600 kilogam
threshold_article_249_clause_3_point_d_tu_50_kilogam_den,crime_249,article_249,249,article_249_clause_3_point_d,Point,từ 50 kilôgam đến,50,,kg,tu 50 kilogam den
threshold_article_249_clause_3_point_d_150_kilogam,crime_249,article_249,249,article_249_clause_3_point_d,Point,150 kilôgam,150,,kg,150 kilogam
threshold_article_249_clause_3_point_e_tu_100_g,crime_249,article_249,249,article_249_clause_3_point_e,Point,từ 100 g,100,,g,tu 100 g
threshold_article_249_clause_3_point_e_300_g,crime_249,article_249,249,article_249_clause_3_point_e,Point,300 g,300,,g,300 g
threshold_article_249_clause_4_point_a_05_kilogam_tro_len,crime_249,article_249,249,article_249_clause_4_point_a,Point,05 kilôgam trở lên,05,,kg,05 kilogam tro len
threshold_article_249_clause_4_point_b_100_g,crime_249,article_249,249,article_249_clause_4_point_b,Point,100 g,100,,g,100 g
threshold_article_249_clause_4_point_c_75_kilogam_tro_len,crime_249,article_249,249,article_249_clause_4_point_c,Point,75 kilôgam trở lên,75,,kg,75 kilogam tro len
threshold_article_249_clause_4_point_d_600_kilogam_tro_len,crime_249,article_249,249,article_249_clause_4_point_d,Point,600 kilôgam trở lên,600,,kg,600 kilogam tro len
threshold_article_249_clause_4_point_d_150_kilogam_tro_len,crime_249,article_249,249,article_249_clause_4_point_d,Point,150 kilôgam trở lên,150,,kg,150 kilogam tro len
threshold_article_249_clause_4_point_e_300_g,crime_249,article_249,249,article_249_clause_4_point_e,Point,300 g,300,,g,300 g
threshold_condition_article_250_clause_5_000_000_dong_den_500_000,crime_250,article_250,250,condition_article_250_clause_5,Condition,000.000 đồng đến 500.000,000.000,500.000,vnd,000 000 dong den 500 000
threshold_condition_article_250_clause_5_000_dong,crime_250,article_250,250,condition_article_250_clause_5,Condition,000 đồng,000,,vnd,000 dong
threshold_condition_article_250_clause_1_point_b_tu_01_g,crime_250,article_250,250,condition_article_250_clause_1_point_b,Condition,từ 01 g,01,,g,tu 01 g
threshold_condition_article_250_clause_1_point_b_500_g,crime_250,article_250,250,condition_article_250_clause_1_point_b,Condition,500 g,500,,g,500 g
threshold_condition_article_250_clause_1_point_c_tu_0_1_g,crime_250,article_250,250,condition_article_250_clause_1_point_c,Condition,"từ 0,1 g",0.1,,g,tu 0 1 g
threshold_condition_article_250_clause_1_point_c_05_g,crime_250,article_250,250,condition_article_250_clause_1_point_c,Condition,05 g,05,,g,05 g
threshold_condition_article_250_clause_1_point_d_tu_01_kilogam_den,crime_250,article_250,250,condition_article_250_clause_1_point_d,Condition,từ 01 kilôgam đến,01,,kg,tu 01 kilogam den
threshold_condition_article_250_clause_1_point_d_10_kilogam,crime_250,article_250,250,condition_article_250_clause_1_point_d,Condition,10 kilôgam,10,,kg,10 kilogam
threshold_condition_article_250_clause_1_point_d_tu_05_kilogam_den,crime_250,article_250,250,condition_article_250_clause_1_point_d,Condition,từ 05 kilôgam đến,05,,kg,tu 05 kilogam den
threshold_condition_article_250_clause_1_point_d_50_kilogam,crime_250,article_250,250,condition_article_250_clause_1_point_d,Condition,50 kilôgam,50,,kg,50 kilogam
threshold_condition_article_250_clause_1_point_e_tu_01_kilogam_den,crime_250,article_250,250,condition_article_250_clause_1_point_e,Condition,từ 01 kilôgam đến,01,,kg,tu 01 kilogam den
threshold_condition_article_250_clause_1_point_e_10_kilogam,crime_250,article_250,250,condition_article_250_clause_1_point_e,Condition,10 kilôgam,10,,kg,10 kilogam
threshold_condition_article_250_clause_1_point_g_tu_01_g,crime_250,article_250,250,condition_article_250_clause_1_point_g,Condition,từ 01 g,01,,g,tu 01 g
threshold_condition_article_250_clause_1_point_g_20_g,crime_250,article_250,250,condition_article_250_clause_1_point_g,Condition,20 g,20,,g,20 g
threshold_condition_article_250_clause_2_point_g_tu_500_g,crime_250,article_250,250,condition_article_250_clause_2_point_g,Condition,từ 500 g,500,,g,tu 500 g
threshold_condition_article_250_clause_2_point_g_01_kilogam,crime_250,article_250,250,condition_article_250_clause_2_point_g,Condition,01 kilôgam,01,,kg,01 kilogam
threshold_condition_article_250_clause_2_point_h_tu_05_g,crime_250,article_250,250,condition_article_250_clause_2_point_h,Condition,từ 05 g,05,,g,tu 05 g
threshold_condition_article_250_clause_2_point_h_30_g,crime_250,article_250,250,condition_article_250_clause_2_point_h,Condition,30 g,30,,g,30 g
threshold_condition_article_250_clause_2_point_i_tu_10_kilogam_den,crime_250,article_250,250,condition_article_250_clause_2_point_i,Condition,từ 10 kilôgam đến,10,,kg,tu 10 kilogam den
threshold_condition_article_250_clause_2_point_i_25_kilogam,crime_250,article_250,250,condition_article_250_clause_2_point_i,Condition,25 kilôgam,25,,kg,25 kilogam
threshold_condition_article_250_clause_2_point_k_tu_50_kilogam_den,crime_250,article_250,250,condition_article_250_clause_2_point_k,Condition,từ 50 kilôgam đến,50,,kg,tu 50 kilogam den
threshold_condition_article_250_clause_2_point_k_200_kilogam,crime_250,article_250,250,condition_article_250_clause_2_point_k,Condition,200 kilôgam,200,,kg,200 kilogam
threshold_condition_article_250_clause_2_point_l_tu_10_kilogam_den,crime_250,article_250,250,condition_article_250_clause_2_point_l,Condition,từ 10 kilôgam đến,10,,kg,tu 10 kilogam den
threshold_condition_article_250_clause_2_point_l_50_kilogam,crime_250,article_250,250,condition_article_250_clause_2_point_l,Condition,50 kilôgam,50,,kg,50 kilogam
threshold_condition_article_250_clause_2_point_m_tu_20_g,crime_250,article_250,250,condition_article_250_clause_2_point_m,Condition,từ 20 g,20,,g,tu 20 g
threshold_condition_article_250_clause_2_point_m_100_g,crime_250,article_250,250,condition_article_250_clause_2_point_m,Condition,100 g,100,,g,100 g
threshold_condition_article_250_clause_3_point_a_tu_01_kilogam_den,crime_250,article_250,250,condition_article_250_clause_3_point_a,Condition,từ 01 kilôgam đến,01,,kg,tu 01 kilogam den
threshold_condition_article_250_clause_3_point_a_05_kilogam,crime_250,article_250,250,condition_article_250_clause_3_point_a,Condition,05 kilôgam,05,,kg,05 kilogam
threshold_condition_article_250_clause_3_point_b_tu_30_g,crime_250,article_250,250,condition_article_250_clause_3_point_b,Condition,từ 30 g,30,,g,tu 30 g
threshold_condition_article_250_clause_3_point_b_100_g,crime_250,article_250,250,condition_article_250_clause_3_point_b,Condition,100 g,100,,g,100 g
threshold_condition_article_250_clause_3_point_c_tu_25_kilogam_den,crime_250,article_250,250,condition_article_250_clause_3_point_c,Condition,từ 25 kilôgam đến,25,,kg,tu 25 kilogam den
threshold_condition_article_250_clause_3_point_c_75_kilogam,crime_250,article_250,250,condition_article_250_clause_3_point_c,Condition,75 kilôgam,75,,kg,75 kilogam
threshold_condition_article_250_clause_3_point_d_tu_200_kilogam_den,crime_250,article_250,250,condition_article_250_clause_3_point_d,Condition,từ 200 kilôgam đến,200,,kg,tu 200 kilogam den
threshold_condition_article_250_clause_3_point_d_600_kilogam,crime_250,article_250,250,condition_article_250_clause_3_point_d,Condition,600 kilôgam,600,,kg,600 kilogam
threshold_condition_article_250_clause_3_point_d_tu_50_kilogam_den,crime_250,article_250,250,condition_article_250_clause_3_point_d,Condition,từ 50 kilôgam đến,50,,kg,tu 50 kilogam den
threshold_condition_article_250_clause_3_point_d_150_kilogam,crime_250,article_250,250,condition_article_250_clause_3_point_d,Condition,150 kilôgam,150,,kg,150 kilogam
threshold_condition_article_250_clause_3_point_e_tu_100_g,crime_250,article_250,250,condition_article_250_clause_3_point_e,Condition,từ 100 g,100,,g,tu 100 g
threshold_condition_article_250_clause_3_point_e_300_g,crime_250,article_250,250,condition_article_250_clause_3_point_e,Condition,300 g,300,,g,300 g
threshold_condition_article_250_clause_4_point_a_05_kilogam_tro_len,crime_250,article_250,250,condition_article_250_clause_4_point_a,Condition,05 kilôgam trở lên,05,,kg,05 kilogam tro len
threshold_condition_article_250_clause_4_point_b_100_g,crime_250,article_250,250,condition_article_250_clause_4_point_b,Condition,100 g,100,,g,100 g
threshold_condition_article_250_clause_4_point_c_75_kilogam_tro_len,crime_250,article_250,250,condition_article_250_clause_4_point_c,Condition,75 kilôgam trở lên,75,,kg,75 kilogam tro len
threshold_condition_article_250_clause_4_point_d_600_kilogam_tro_len,crime_250,article_250,250,condition_article_250_clause_4_point_d,Condition,600 kilôgam trở lên,600,,kg,600 kilogam tro len
threshold_condition_article_250_clause_4_point_d_150_kilogam_tro_len,crime_250,article_250,250,condition_article_250_clause_4_point_d,Condition,150 kilôgam trở lên,150,,kg,150 kilogam tro len
threshold_condition_article_250_clause_4_point_e_300_g,crime_250,article_250,250,condition_article_250_clause_4_point_e,Condition,300 g,300,,g,300 g
threshold_article_250_clause_1_tu_01_g,crime_250,article_250,250,article_250_clause_1,Clause,từ 01 g,01,,g,tu 01 g
threshold_article_250_clause_1_500_g,crime_250,article_250,250,article_250_clause_1,Clause,500 g,500,,g,500 g
threshold_article_250_clause_1_tu_0_1_g,crime_250,article_250,250,article_250_clause_1,Clause,"từ 0,1 g",0.1,,g,tu 0 1 g
threshold_article_250_clause_1_05_g,crime_250,article_250,250,article_250_clause_1,Clause,05 g,05,,g,05 g
threshold_article_250_clause_1_tu_01_kilogam_den,crime_250,article_250,250,article_250_clause_1,Clause,từ 01 kilôgam đến,01,,kg,tu 01 kilogam den
threshold_article_250_clause_1_10_kilogam,crime_250,article_250,250,article_250_clause_1,Clause,10 kilôgam,10,,kg,10 kilogam
threshold_article_250_clause_1_tu_05_kilogam_den,crime_250,article_250,250,article_250_clause_1,Clause,từ 05 kilôgam đến,05,,kg,tu 05 kilogam den
threshold_article_250_clause_1_50_kilogam,crime_250,article_250,250,article_250_clause_1,Clause,50 kilôgam,50,,kg,50 kilogam
threshold_article_250_clause_1_20_g,crime_250,article_250,250,article_250_clause_1,Clause,20 g,20,,g,20 g
threshold_article_250_clause_2_tu_500_g,crime_250,article_250,250,article_250_clause_2,Clause,từ 500 g,500,,g,tu 500 g
threshold_article_250_clause_2_01_kilogam,crime_250,article_250,250,article_250_clause_2,Clause,01 kilôgam,01,,kg,01 kilogam
threshold_article_250_clause_2_tu_05_g,crime_250,article_250,250,article_250_clause_2,Clause,từ 05 g,05,,g,tu 05 g
threshold_article_250_clause_2_30_g,crime_250,article_250,250,article_250_clause_2,Clause,30 g,30,,g,30 g
threshold_article_250_clause_2_tu_10_kilogam_den,crime_250,article_250,250,article_250_clause_2,Clause,từ 10 kilôgam đến,10,,kg,tu 10 kilogam den
threshold_article_250_clause_2_25_kilogam,crime_250,article_250,250,article_250_clause_2,Clause,25 kilôgam,25,,kg,25 kilogam
threshold_article_250_clause_2_tu_50_kilogam_den,crime_250,article_250,250,article_250_clause_2,Clause,từ 50 kilôgam đến,50,,kg,tu 50 kilogam den
threshold_article_250_clause_2_200_kilogam,crime_250,article_250,250,article_250_clause_2,Clause,200 kilôgam,200,,kg,200 kilogam
threshold_article_250_clause_2_50_kilogam,crime_250,article_250,250,article_250_clause_2,Clause,50 kilôgam,50,,kg,50 kilogam
threshold_article_250_clause_2_tu_20_g,crime_250,article_250,250,article_250_clause_2,Clause,từ 20 g,20,,g,tu 20 g
threshold_article_250_clause_2_100_g,crime_250,article_250,250,article_250_clause_2,Clause,100 g,100,,g,100 g
threshold_article_250_clause_3_tu_01_kilogam_den,crime_250,article_250,250,article_250_clause_3,Clause,từ 01 kilôgam đến,01,,kg,tu 01 kilogam den
threshold_article_250_clause_3_05_kilogam,crime_250,article_250,250,article_250_clause_3,Clause,05 kilôgam,05,,kg,05 kilogam
threshold_article_250_clause_3_tu_30_g,crime_250,article_250,250,article_250_clause_3,Clause,từ 30 g,30,,g,tu 30 g
threshold_article_250_clause_3_100_g,crime_250,article_250,250,article_250_clause_3,Clause,100 g,100,,g,100 g
threshold_article_250_clause_3_tu_25_kilogam_den,crime_250,article_250,250,article_250_clause_3,Clause,từ 25 kilôgam đến,25,,kg,tu 25 kilogam den
threshold_article_250_clause_3_75_kilogam,crime_250,article_250,250,article_250_clause_3,Clause,75 kilôgam,75,,kg,75 kilogam
threshold_article_250_clause_3_tu_200_kilogam_den,crime_250,article_250,250,article_250_clause_3,Clause,từ 200 kilôgam đến,200,,kg,tu 200 kilogam den
threshold_article_250_clause_3_600_kilogam,crime_250,article_250,250,article_250_clause_3,Clause,600 kilôgam,600,,kg,600 kilogam
threshold_article_250_clause_3_tu_50_kilogam_den,crime_250,article_250,250,article_250_clause_3,Clause,từ 50 kilôgam đến,50,,kg,tu 50 kilogam den
threshold_article_250_clause_3_150_kilogam,crime_250,article_250,250,article_250_clause_3,Clause,150 kilôgam,150,,kg,150 kilogam
threshold_article_250_clause_3_tu_100_g,crime_250,article_250,250,article_250_clause_3,Clause,từ 100 g,100,,g,tu 100 g
threshold_article_250_clause_3_300_g,crime_250,article_250,250,article_250_clause_3,Clause,300 g,300,,g,300 g
threshold_article_250_clause_4_05_kilogam_tro_len,crime_250,article_250,250,article_250_clause_4,Clause,05 kilôgam trở lên,05,,kg,05 kilogam tro len
threshold_article_250_clause_4_100_g,crime_250,article_250,250,article_250_clause_4,Clause,100 g,100,,g,100 g
threshold_article_250_clause_4_75_kilogam_tro_len,crime_250,article_250,250,article_250_clause_4,Clause,75 kilôgam trở lên,75,,kg,75 kilogam tro len
threshold_article_250_clause_4_600_kilogam_tro_len,crime_250,article_250,250,article_250_clause_4,Clause,600 kilôgam trở lên,600,,kg,600 kilogam tro len
threshold_article_250_clause_4_150_kilogam_tro_len,crime_250,article_250,250,article_250_clause_4,Clause,150 kilôgam trở lên,150,,kg,150 kilogam tro len
threshold_article_250_clause_4_300_g,crime_250,article_250,250,article_250_clause_4,Clause,300 g,300,,g,300 g
threshold_article_250_clause_5_000_000_dong_den_500_000,crime_250,article_250,250,article_250_clause_5,Clause,000.000 đồng đến 500.000,000.000,500.000,vnd,000 000 dong den 500 000
threshold_article_250_clause_5_000_dong,crime_250,article_250,250,article_250_clause_5,Clause,000 đồng,000,,vnd,000 dong
threshold_article_250_clause_1_point_b_tu_01_g,crime_250,article_250,250,article_250_clause_1_point_b,Point,từ 01 g,01,,g,tu 01 g
threshold_article_250_clause_1_point_b_500_g,crime_250,article_250,250,article_250_clause_1_point_b,Point,500 g,500,,g,500 g
threshold_article_250_clause_1_point_c_tu_0_1_g,crime_250,article_250,250,article_250_clause_1_point_c,Point,"từ 0,1 g",0.1,,g,tu 0 1 g
threshold_article_250_clause_1_point_c_05_g,crime_250,article_250,250,article_250_clause_1_point_c,Point,05 g,05,,g,05 g
threshold_article_250_clause_1_point_d_tu_01_kilogam_den,crime_250,article_250,250,article_250_clause_1_point_d,Point,từ 01 kilôgam đến,01,,kg,tu 01 kilogam den
threshold_article_250_clause_1_point_d_10_kilogam,crime_250,article_250,250,article_250_clause_1_point_d,Point,10 kilôgam,10,,kg,10 kilogam
threshold_article_250_clause_1_point_d_tu_05_kilogam_den,crime_250,article_250,250,article_250_clause_1_point_d,Point,từ 05 kilôgam đến,05,,kg,tu 05 kilogam den
threshold_article_250_clause_1_point_d_50_kilogam,crime_250,article_250,250,article_250_clause_1_point_d,Point,50 kilôgam,50,,kg,50 kilogam
threshold_article_250_clause_1_point_e_tu_01_kilogam_den,crime_250,article_250,250,article_250_clause_1_point_e,Point,từ 01 kilôgam đến,01,,kg,tu 01 kilogam den
threshold_article_250_clause_1_point_e_10_kilogam,crime_250,article_250,250,article_250_clause_1_point_e,Point,10 kilôgam,10,,kg,10 kilogam
threshold_article_250_clause_1_point_g_tu_01_g,crime_250,article_250,250,article_250_clause_1_point_g,Point,từ 01 g,01,,g,tu 01 g
threshold_article_250_clause_1_point_g_20_g,crime_250,article_250,250,article_250_clause_1_point_g,Point,20 g,20,,g,20 g
threshold_article_250_clause_2_point_g_tu_500_g,crime_250,article_250,250,article_250_clause_2_point_g,Point,từ 500 g,500,,g,tu 500 g
threshold_article_250_clause_2_point_g_01_kilogam,crime_250,article_250,250,article_250_clause_2_point_g,Point,01 kilôgam,01,,kg,01 kilogam
threshold_article_250_clause_2_point_h_tu_05_g,crime_250,article_250,250,article_250_clause_2_point_h,Point,từ 05 g,05,,g,tu 05 g
threshold_article_250_clause_2_point_h_30_g,crime_250,article_250,250,article_250_clause_2_point_h,Point,30 g,30,,g,30 g
threshold_article_250_clause_2_point_i_tu_10_kilogam_den,crime_250,article_250,250,article_250_clause_2_point_i,Point,từ 10 kilôgam đến,10,,kg,tu 10 kilogam den
threshold_article_250_clause_2_point_i_25_kilogam,crime_250,article_250,250,article_250_clause_2_point_i,Point,25 kilôgam,25,,kg,25 kilogam
threshold_article_250_clause_2_point_k_tu_50_kilogam_den,crime_250,article_250,250,article_250_clause_2_point_k,Point,từ 50 kilôgam đến,50,,kg,tu 50 kilogam den
threshold_article_250_clause_2_point_k_200_kilogam,crime_250,article_250,250,article_250_clause_2_point_k,Point,200 kilôgam,200,,kg,200 kilogam
threshold_article_250_clause_2_point_l_tu_10_kilogam_den,crime_250,article_250,250,article_250_clause_2_point_l,Point,từ 10 kilôgam đến,10,,kg,tu 10 kilogam den
threshold_article_250_clause_2_point_l_50_kilogam,crime_250,article_250,250,article_250_clause_2_point_l,Point,50 kilôgam,50,,kg,50 kilogam
threshold_article_250_clause_2_point_m_tu_20_g,crime_250,article_250,250,article_250_clause_2_point_m,Point,từ 20 g,20,,g,tu 20 g
threshold_article_250_clause_2_point_m_100_g,crime_250,article_250,250,article_250_clause_2_point_m,Point,100 g,100,,g,100 g
threshold_article_250_clause_3_point_a_tu_01_kilogam_den,crime_250,article_250,250,article_250_clause_3_point_a,Point,từ 01 kilôgam đến,01,,kg,tu 01 kilogam den
threshold_article_250_clause_3_point_a_05_kilogam,crime_250,article_250,250,article_250_clause_3_point_a,Point,05 kilôgam,05,,kg,05 kilogam
threshold_article_250_clause_3_point_b_tu_30_g,crime_250,article_250,250,article_250_clause_3_point_b,Point,từ 30 g,30,,g,tu 30 g
threshold_article_250_clause_3_point_b_100_g,crime_250,article_250,250,article_250_clause_3_point_b,Point,100 g,100,,g,100 g
threshold_article_250_clause_3_point_c_tu_25_kilogam_den,crime_250,article_250,250,article_250_clause_3_point_c,Point,từ 25 kilôgam đến,25,,kg,tu 25 kilogam den
threshold_article_250_clause_3_point_c_75_kilogam,crime_250,article_250,250,article_250_clause_3_point_c,Point,75 kilôgam,75,,kg,75 kilogam
threshold_article_250_clause_3_point_d_tu_200_kilogam_den,crime_250,article_250,250,article_250_clause_3_point_d,Point,từ 200 kilôgam đến,200,,kg,tu 200 kilogam den
threshold_article_250_clause_3_point_d_600_kilogam,crime_250,article_250,250,article_250_clause_3_point_d,Point,600 kilôgam,600,,kg,600 kilogam
threshold_article_250_clause_3_point_d_tu_50_kilogam_den,crime_250,article_250,250,article_250_clause_3_point_d,Point,từ 50 kilôgam đến,50,,kg,tu 50 kilogam den
threshold_article_250_clause_3_point_d_150_kilogam,crime_250,article_250,250,article_250_clause_3_point_d,Point,150 kilôgam,150,,kg,150 kilogam
threshold_article_250_clause_3_point_e_tu_100_g,crime_250,article_250,250,article_250_clause_3_point_e,Point,từ 100 g,100,,g,tu 100 g
threshold_article_250_clause_3_point_e_300_g,crime_250,article_250,250,article_250_clause_3_point_e,Point,300 g,300,,g,300 g
threshold_article_250_clause_4_point_a_05_kilogam_tro_len,crime_250,article_250,250,article_250_clause_4_point_a,Point,05 kilôgam trở lên,05,,kg,05 kilogam tro len
threshold_article_250_clause_4_point_b_100_g,crime_250,article_250,250,article_250_clause_4_point_b,Point,100 g,100,,g,100 g
threshold_article_250_clause_4_point_c_75_kilogam_tro_len,crime_250,article_250,250,article_250_clause_4_point_c,Point,75 kilôgam trở lên,75,,kg,75 kilogam tro len
threshold_article_250_clause_4_point_d_600_kilogam_tro_len,crime_250,article_250,250,article_250_clause_4_point_d,Point,600 kilôgam trở lên,600,,kg,600 kilogam tro len
threshold_article_250_clause_4_point_d_150_kilogam_tro_len,crime_250,article_250,250,article_250_clause_4_point_d,Point,150 kilôgam trở lên,150,,kg,150 kilogam tro len
threshold_article_250_clause_4_point_e_300_g,crime_250,article_250,250,article_250_clause_4_point_e,Point,300 g,300,,g,300 g
threshold_condition_article_251_clause_6_000_000_dong_den_500_000,crime_251,article_251,251,condition_article_251_clause_6,Condition,000.000 đồng đến 500.000,000.000,500.000,vnd,000 000 dong den 500 000
threshold_condition_article_251_clause_6_000_dong,crime_251,article_251,251,condition_article_251_clause_6,Condition,000 đồng,000,,vnd,000 dong
threshold_condition_article_251_clause_2_point_h_tu_500_g,crime_251,article_251,251,condition_article_251_clause_2_point_h,Condition,từ 500 g,500,,g,tu 500 g
threshold_condition_article_251_clause_2_point_h_01_kilogam,crime_251,article_251,251,condition_article_251_clause_2_point_h,Condition,01 kilôgam,01,,kg,01 kilogam
threshold_condition_article_251_clause_2_point_i_tu_05_g,crime_251,article_251,251,condition_article_251_clause_2_point_i,Condition,từ 05 g,05,,g,tu 05 g
threshold_condition_article_251_clause_2_point_i_30_g,crime_251,article_251,251,condition_article_251_clause_2_point_i,Condition,30 g,30,,g,30 g
threshold_condition_article_251_clause_2_point_k_tu_10_kilogam_den,crime_251,article_251,251,condition_article_251_clause_2_point_k,Condition,từ 10 kilôgam đến,10,,kg,tu 10 kilogam den
threshold_condition_article_251_clause_2_point_k_25_kilogam,crime_251,article_251,251,condition_article_251_clause_2_point_k,Condition,25 kilôgam,25,,kg,25 kilogam
threshold_condition_article_251_clause_2_point_l_tu_50_kilogam_den,crime_251,article_251,251,condition_article_251_clause_2_point_l,Condition,từ 50 kilôgam đến,50,,kg,tu 50 kilogam den
threshold_condition_article_251_clause_2_point_l_200_kilogam,crime_251,article_251,251,condition_article_251_clause_2_point_l,Condition,200 kilôgam,200,,kg,200 kilogam
threshold_condition_article_251_clause_2_point_m_tu_10_kilogam_den,crime_251,article_251,251,condition_article_251_clause_2_point_m,Condition,từ 10 kilôgam đến,10,,kg,tu 10 kilogam den
threshold_condition_article_251_clause_2_point_m_50_kilogam,crime_251,article_251,251,condition_article_251_clause_2_point_m,Condition,50 kilôgam,50,,kg,50 kilogam
threshold_condition_article_251_clause_2_point_n_tu_20_g,crime_251,article_251,251,condition_article_251_clause_2_point_n,Condition,từ 20 g,20,,g,tu 20 g
threshold_condition_article_251_clause_2_point_n_100_g,crime_251,article_251,251,condition_article_251_clause_2_point_n,Condition,100 g,100,,g,100 g
threshold_condition_article_251_clause_3_point_a_tu_01_kilogam_den,crime_251,article_251,251,condition_article_251_clause_3_point_a,Condition,từ 01 kilôgam đến,01,,kg,tu 01 kilogam den
threshold_condition_article_251_clause_3_point_a_05_kilogam,crime_251,article_251,251,condition_article_251_clause_3_point_a,Condition,05 kilôgam,05,,kg,05 kilogam
threshold_condition_article_251_clause_3_point_b_tu_30_g,crime_251,article_251,251,condition_article_251_clause_3_point_b,Condition,từ 30 g,30,,g,tu 30 g
threshold_condition_article_251_clause_3_point_b_100_g,crime_251,article_251,251,condition_article_251_clause_3_point_b,Condition,100 g,100,,g,100 g
threshold_condition_article_251_clause_3_point_c_tu_25_kilogam_den,crime_251,article_251,251,condition_article_251_clause_3_point_c,Condition,từ 25 kilôgam đến,25,,kg,tu 25 kilogam den
threshold_condition_article_251_clause_3_point_c_75_kilogam,crime_251,article_251,251,condition_article_251_clause_3_point_c,Condition,75 kilôgam,75,,kg,75 kilogam
threshold_condition_article_251_clause_3_point_d_tu_200_kilogam_den,crime_251,article_251,251,condition_article_251_clause_3_point_d,Condition,từ 200 kilôgam đến,200,,kg,tu 200 kilogam den
threshold_condition_article_251_clause_3_point_d_600_kilogam,crime_251,article_251,251,condition_article_251_clause_3_point_d,Condition,600 kilôgam,600,,kg,600 kilogam
threshold_condition_article_251_clause_3_point_d_tu_50_kilogam_den,crime_251,article_251,251,condition_article_251_clause_3_point_d,Condition,từ 50 kilôgam đến,50,,kg,tu 50 kilogam den
threshold_condition_article_251_clause_3_point_d_150_kilogam,crime_251,article_251,251,condition_article_251_clause_3_point_d,Condition,150 kilôgam,150,,kg,150 kilogam
threshold_condition_article_251_clause_3_point_e_tu_100_g,crime_251,article_251,251,condition_article_251_clause_3_point_e,Condition,từ 100 g,100,,g,tu 100 g
threshold_condition_article_251_clause_3_point_e_300_g,crime_251,article_251,251,condition_article_251_clause_3_point_e,Condition,300 g,300,,g,300 g
threshold_condition_article_251_clause_4_point_a_tu_05_kilogam_den,crime_251,article_251,251,condition_article_251_clause_4_point_a,Condition,từ 05 kilôgam đến,05,,kg,tu 05 kilogam den
threshold_condition_article_251_clause_4_point_a_30_kilogam,crime_251,article_251,251,condition_article_251_clause_4_point_a,Condition,30 kilôgam,30,,kg,30 kilogam
threshold_condition_article_251_clause_4_point_b_tu_100_g,crime_251,article_251,251,condition_article_251_clause_4_point_b,Condition,từ 100 g,100,,g,tu 100 g
threshold_condition_article_251_clause_4_point_b_03_kilogam,crime_251,article_251,251,condition_article_251_clause_4_point_b,Condition,03 kilôgam,03,,kg,03 kilogam
threshold_condition_article_251_clause_4_point_c_tu_75_kilogam_den,crime_251,article_251,251,condition_article_251_clause_4_point_c,Condition,từ 75 kilôgam đến,75,,kg,tu 75 kilogam den
threshold_condition_article_251_clause_4_point_c_150_kilogam,crime_251,article_251,251,condition_article_251_clause_4_point_c,Condition,150 kilôgam,150,,kg,150 kilogam
threshold_condition_article_251_clause_4_point_d_tu_600_kilogam_den,crime_251,article_251,251,condition_article_251_clause_4_point_d,Condition,từ 600 kilôgam đến,600,,kg,tu 600 kilogam den
threshold_condition_article_251_clause_4_point_d_1_200_kilogam,crime_251,article_251,251,condition_article_251_clause_4_point_d,Condition,1.200 kilôgam,1.200,,kg,1 200 kilogam
threshold_condition_article_251_clause_4_point_d_tu_150_kilogam_den,crime_251,article_251,251,condition_article_251_clause_4_point_d,Condition,từ 150 kilôgam đến,150,,kg,tu 150 kilogam den
threshold_condition_article_251_clause_4_point_d_300_kilogam,crime_251,article_251,251,condition_article_251_clause_4_point_d,Condition,300 kilôgam,300,,kg,300 kilogam
threshold_condition_article_251_clause_4_point_e_tu_300_g,crime_251,article_251,251,condition_article_251_clause_4_point_e,Condition,từ 300 g,300,,g,tu 300 g
threshold_condition_article_251_clause_4_point_e_09_kilogam,crime_251,article_251,251,condition_article_251_clause_4_point_e,Condition,09 kilôgam,09,,kg,09 kilogam
threshold_condition_article_251_clause_5_point_a_30_kilogam_tro_len,crime_251,article_251,251,condition_article_251_clause_5_point_a,Condition,30 kilôgam trở lên,30,,kg,30 kilogam tro len
threshold_condition_article_251_clause_5_point_b_03_kilogam_tro_len,crime_251,article_251,251,condition_article_251_clause_5_point_b,Condition,03 kilôgam trở lên,03,,kg,03 kilogam tro len
threshold_condition_article_251_clause_5_point_c_150_kilogam_tro_len,crime_251,article_251,251,condition_article_251_clause_5_point_c,Condition,150 kilôgam trở lên,150,,kg,150 kilogam tro len
threshold_condition_article_251_clause_5_point_d_1_200_kilogam_tro_len,crime_251,article_251,251,condition_article_251_clause_5_point_d,Condition,1.200 kilôgam trở lên,1.200,,kg,1 200 kilogam tro len
threshold_condition_article_251_clause_5_point_d_300_kilogam_tro_len,crime_251,article_251,251,condition_article_251_clause_5_point_d,Condition,300 kilôgam trở lên,300,,kg,300 kilogam tro len
threshold_condition_article_251_clause_5_point_e_09_kilogam_tro_len,crime_251,article_251,251,condition_article_251_clause_5_point_e,Condition,09 kilôgam trở lên,09,,kg,09 kilogam tro len
threshold_article_251_clause_2_tu_500_g,crime_251,article_251,251,article_251_clause_2,Clause,từ 500 g,500,,g,tu 500 g
threshold_article_251_clause_2_01_kilogam,crime_251,article_251,251,article_251_clause_2,Clause,01 kilôgam,01,,kg,01 kilogam
threshold_article_251_clause_2_tu_05_g,crime_251,article_251,251,article_251_clause_2,Clause,từ 05 g,05,,g,tu 05 g
threshold_article_251_clause_2_30_g,crime_251,article_251,251,article_251_clause_2,Clause,30 g,30,,g,30 g
threshold_article_251_clause_2_tu_10_kilogam_den,crime_251,article_251,251,article_251_clause_2,Clause,từ 10 kilôgam đến,10,,kg,tu 10 kilogam den
threshold_article_251_clause_2_25_kilogam,crime_251,article_251,251,article_251_clause_2,Clause,25 kilôgam,25,,kg,25 kilogam
threshold_article_251_clause_2_tu_50_kilogam_den,crime_251,article_251,251,article_251_clause_2,Clause,từ 50 kilôgam đến,50,,kg,tu 50 kilogam den
threshold_article_251_clause_2_200_kilogam,crime_251,article_251,251,article_251_clause_2,Clause,200 kilôgam,200,,kg,200 kilogam
threshold_article_251_clause_2_50_kilogam,crime_251,article_251,251,article_251_clause_2,Clause,50 kilôgam,50,,kg,50 kilogam
threshold_article_251_clause_2_tu_20_g,crime_251,article_251,251,article_251_clause_2,Clause,từ 20 g,20,,g,tu 20 g
threshold_article_251_clause_2_100_g,crime_251,article_251,251,article_251_clause_2,Clause,100 g,100,,g,100 g
threshold_article_251_clause_3_tu_01_kilogam_den,crime_251,article_251,251,article_251_clause_3,Clause,từ 01 kilôgam đến,01,,kg,tu 01 kilogam den
threshold_article_251_clause_3_05_kilogam,crime_251,article_251,251,article_251_clause_3,Clause,05 kilôgam,05,,kg,05 kilogam
threshold_article_251_clause_3_tu_30_g,crime_251,article_251,251,article_251_clause_3,Clause,từ 30 g,30,,g,tu 30 g
threshold_article_251_clause_3_100_g,crime_251,article_251,251,article_251_clause_3,Clause,100 g,100,,g,100 g
threshold_article_251_clause_3_tu_25_kilogam_den,crime_251,article_251,251,article_251_clause_3,Clause,từ 25 kilôgam đến,25,,kg,tu 25 kilogam den
threshold_article_251_clause_3_75_kilogam,crime_251,article_251,251,article_251_clause_3,Clause,75 kilôgam,75,,kg,75 kilogam
threshold_article_251_clause_3_tu_200_kilogam_den,crime_251,article_251,251,article_251_clause_3,Clause,từ 200 kilôgam đến,200,,kg,tu 200 kilogam den
threshold_article_251_clause_3_600_kilogam,crime_251,article_251,251,article_251_clause_3,Clause,600 kilôgam,600,,kg,600 kilogam
threshold_article_251_clause_3_tu_50_kilogam_den,crime_251,article_251,251,article_251_clause_3,Clause,từ 50 kilôgam đến,50,,kg,tu 50 kilogam den
threshold_article_251_clause_3_150_kilogam,crime_251,article_251,251,article_251_clause_3,Clause,150 kilôgam,150,,kg,150 kilogam
threshold_article_251_clause_3_tu_100_g,crime_251,article_251,251,article_251_clause_3,Clause,từ 100 g,100,,g,tu 100 g
threshold_article_251_clause_3_300_g,crime_251,article_251,251,article_251_clause_3,Clause,300 g,300,,g,300 g
threshold_article_251_clause_4_tu_05_kilogam_den,crime_251,article_251,251,article_251_clause_4,Clause,từ 05 kilôgam đến,05,,kg,tu 05 kilogam den
threshold_article_251_clause_4_30_kilogam,crime_251,article_251,251,article_251_clause_4,Clause,30 kilôgam,30,,kg,30 kilogam
threshold_article_251_clause_4_tu_100_g,crime_251,article_251,251,article_251_clause_4,Clause,từ 100 g,100,,g,tu 100 g
threshold_article_251_clause_4_03_kilogam,crime_251,article_251,251,article_251_clause_4,Clause,03 kilôgam,03,,kg,03 kilogam
threshold_article_251_clause_4_tu_75_kilogam_den,crime_251,article_251,251,article_251_clause_4,Clause,từ 75 kilôgam đến,75,,kg,tu 75 kilogam den
threshold_article_251_clause_4_150_kilogam,crime_251,article_251,251,article_251_clause_4,Clause,150 kilôgam,150,,kg,150 kilogam
threshold_article_251_clause_4_tu_600_kilogam_den,crime_251,article_251,251,article_251_clause_4,Clause,từ 600 kilôgam đến,600,,kg,tu 600 kilogam den
threshold_article_251_clause_4_1_200_kilogam,crime_251,article_251,251,article_251_clause_4,Clause,1.200 kilôgam,1.200,,kg,1 200 kilogam
threshold_article_251_clause_4_tu_150_kilogam_den,crime_251,article_251,251,article_251_clause_4,Clause,từ 150 kilôgam đến,150,,kg,tu 150 kilogam den
threshold_article_251_clause_4_300_kilogam,crime_251,article_251,251,article_251_clause_4,Clause,300 kilôgam,300,,kg,300 kilogam
threshold_article_251_clause_4_tu_300_g,crime_251,article_251,251,article_251_clause_4,Clause,từ 300 g,300,,g,tu 300 g
threshold_article_251_clause_4_09_kilogam,crime_251,article_251,251,article_251_clause_4,Clause,09 kilôgam,09,,kg,09 kilogam
threshold_article_251_clause_5_30_kilogam_tro_len,crime_251,article_251,251,article_251_clause_5,Clause,30 kilôgam trở lên,30,,kg,30 kilogam tro len
threshold_article_251_clause_5_03_kilogam_tro_len,crime_251,article_251,251,article_251_clause_5,Clause,03 kilôgam trở lên,03,,kg,03 kilogam tro len
threshold_article_251_clause_5_150_kilogam_tro_len,crime_251,article_251,251,article_251_clause_5,Clause,150 kilôgam trở lên,150,,kg,150 kilogam tro len
threshold_article_251_clause_5_1_200_kilogam_tro_len,crime_251,article_251,251,article_251_clause_5,Clause,1.200 kilôgam trở lên,1.200,,kg,1 200 kilogam tro len
threshold_article_251_clause_5_300_kilogam_tro_len,crime_251,article_251,251,article_251_clause_5,Clause,300 kilôgam trở lên,300,,kg,300 kilogam tro len
threshold_article_251_clause_5_09_kilogam_tro_len,crime_251,article_251,251,article_251_clause_5,Clause,09 kilôgam trở lên,09,,kg,09 kilogam tro len
threshold_article_251_clause_6_000_000_dong_den_500_000,crime_251,article_251,251,article_251_clause_6,Clause,000.000 đồng đến 500.000,000.000,500.000,vnd,000 000 dong den 500 000
threshold_article_251_clause_6_000_dong,crime_251,article_251,251,article_251_clause_6,Clause,000 đồng,000,,vnd,000 dong
threshold_article_251_clause_2_point_h_tu_500_g,crime_251,article_251,251,article_251_clause_2_point_h,Point,từ 500 g,500,,g,tu 500 g
threshold_article_251_clause_2_point_h_01_kilogam,crime_251,article_251,251,article_251_clause_2_point_h,Point,01 kilôgam,01,,kg,01 kilogam
threshold_article_251_clause_2_point_i_tu_05_g,crime_251,article_251,251,article_251_clause_2_point_i,Point,từ 05 g,05,,g,tu 05 g
threshold_article_251_clause_2_point_i_30_g,crime_251,article_251,251,article_251_clause_2_point_i,Point,30 g,30,,g,30 g
threshold_article_251_clause_2_point_k_tu_10_kilogam_den,crime_251,article_251,251,article_251_clause_2_point_k,Point,từ 10 kilôgam đến,10,,kg,tu 10 kilogam den
threshold_article_251_clause_2_point_k_25_kilogam,crime_251,article_251,251,article_251_clause_2_point_k,Point,25 kilôgam,25,,kg,25 kilogam
threshold_article_251_clause_2_point_l_tu_50_kilogam_den,crime_251,article_251,251,article_251_clause_2_point_l,Point,từ 50 kilôgam đến,50,,kg,tu 50 kilogam den
threshold_article_251_clause_2_point_l_200_kilogam,crime_251,article_251,251,article_251_clause_2_point_l,Point,200 kilôgam,200,,kg,200 kilogam
threshold_article_251_clause_2_point_m_tu_10_kilogam_den,crime_251,article_251,251,article_251_clause_2_point_m,Point,từ 10 kilôgam đến,10,,kg,tu 10 kilogam den
threshold_article_251_clause_2_point_m_50_kilogam,crime_251,article_251,251,article_251_clause_2_point_m,Point,50 kilôgam,50,,kg,50 kilogam
threshold_article_251_clause_2_point_n_tu_20_g,crime_251,article_251,251,article_251_clause_2_point_n,Point,từ 20 g,20,,g,tu 20 g
threshold_article_251_clause_2_point_n_100_g,crime_251,article_251,251,article_251_clause_2_point_n,Point,100 g,100,,g,100 g
threshold_article_251_clause_3_point_a_tu_01_kilogam_den,crime_251,article_251,251,article_251_clause_3_point_a,Point,từ 01 kilôgam đến,01,,kg,tu 01 kilogam den
threshold_article_251_clause_3_point_a_05_kilogam,crime_251,article_251,251,article_251_clause_3_point_a,Point,05 kilôgam,05,,kg,05 kilogam
threshold_article_251_clause_3_point_b_tu_30_g,crime_251,article_251,251,article_251_clause_3_point_b,Point,từ 30 g,30,,g,tu 30 g
threshold_article_251_clause_3_point_b_100_g,crime_251,article_251,251,article_251_clause_3_point_b,Point,100 g,100,,g,100 g
threshold_article_251_clause_3_point_c_tu_25_kilogam_den,crime_251,article_251,251,article_251_clause_3_point_c,Point,từ 25 kilôgam đến,25,,kg,tu 25 kilogam den
threshold_article_251_clause_3_point_c_75_kilogam,crime_251,article_251,251,article_251_clause_3_point_c,Point,75 kilôgam,75,,kg,75 kilogam
threshold_article_251_clause_3_point_d_tu_200_kilogam_den,crime_251,article_251,251,article_251_clause_3_point_d,Point,từ 200 kilôgam đến,200,,kg,tu 200 kilogam den
threshold_article_251_clause_3_point_d_600_kilogam,crime_251,article_251,251,article_251_clause_3_point_d,Point,600 kilôgam,600,,kg,600 kilogam
threshold_article_251_clause_3_point_d_tu_50_kilogam_den,crime_251,article_251,251,article_251_clause_3_point_d,Point,từ 50 kilôgam đến,50,,kg,tu 50 kilogam den
threshold_article_251_clause_3_point_d_150_kilogam,crime_251,article_251,251,article_251_clause_3_point_d,Point,150 kilôgam,150,,kg,150 kilogam
threshold_article_251_clause_3_point_e_tu_100_g,crime_251,article_251,251,article_251_clause_3_point_e,Point,từ 100 g,100,,g,tu 100 g
threshold_article_251_clause_3_point_e_300_g,crime_251,article_251,251,article_251_clause_3_point_e,Point,300 g,300,,g,300 g
threshold_article_251_clause_4_point_a_tu_05_kilogam_den,crime_251,article_251,251,article_251_clause_4_point_a,Point,từ 05 kilôgam đến,05,,kg,tu 05 kilogam den
threshold_article_251_clause_4_point_a_30_kilogam,crime_251,article_251,251,article_251_clause_4_point_a,Point,30 kilôgam,30,,kg,30 kilogam
threshold_article_251_clause_4_point_b_tu_100_g,crime_251,article_251,251,article_251_clause_4_point_b,Point,từ 100 g,100,,g,tu 100 g
threshold_article_251_clause_4_point_b_03_kilogam,crime_251,article_251,251,article_251_clause_4_point_b,Point,03 kilôgam,03,,kg,03 kilogam
threshold_article_251_clause_4_point_c_tu_75_kilogam_den,crime_251,article_251,251,article_251_clause_4_point_c,Point,từ 75 kilôgam đến,75,,kg,tu 75 kilogam den
threshold_article_251_clause_4_point_c_150_kilogam,crime_251,article_251,251,article_251_clause_4_point_c,Point,150 kilôgam,150,,kg,150 kilogam
threshold_article_251_clause_4_point_d_tu_600_kilogam_den,crime_251,article_251,251,article_251_clause_4_point_d,Point,từ 600 kilôgam đến,600,,kg,tu 600 kilogam den
threshold_article_251_clause_4_point_d_1_200_kilogam,crime_251,article_251,251,article_251_clause_4_point_d,Point,1.200 kilôgam,1.200,,kg,1 200 kilogam
threshold_article_251_clause_4_point_d_tu_150_kilogam_den,crime_251,article_251,251,article_251_clause_4_point_d,Point,từ 150 kilôgam đến,150,,kg,tu 150 kilogam den
threshold_article_251_clause_4_point_d_300_kilogam,crime_251,article_251,251,article_251_clause_4_point_d,Point,300 kilôgam,300,,kg,300 kilogam
threshold_article_251_clause_4_point_e_tu_300_g,crime_251,article_251,251,article_251_clause_4_point_e,Point,từ 300 g,300,,g,tu 300 g
threshold_article_251_clause_4_point_e_09_kilogam,crime_251,article_251,251,article_251_clause_4_point_e,Point,09 kilôgam,09,,kg,09 kilogam
threshold_article_251_clause_5_point_a_30_kilogam_tro_len,crime_251,article_251,251,article_251_clause_5_point_a,Point,30 kilôgam trở lên,30,,kg,30 kilogam tro len
threshold_article_251_clause_5_point_b_03_kilogam_tro_len,crime_251,article_251,251,article_251_clause_5_point_b,Point,03 kilôgam trở lên,03,,kg,03 kilogam tro len
threshold_article_251_clause_5_point_c_150_kilogam_tro_len,crime_251,article_251,251,article_251_clause_5_point_c,Point,150 kilôgam trở lên,150,,kg,150 kilogam tro len
threshold_article_251_clause_5_point_d_1_200_kilogam_tro_len,crime_251,article_251,251,article_251_clause_5_point_d,Point,1.200 kilôgam trở lên,1.200,,kg,1 200 kilogam tro len
threshold_article_251_clause_5_point_d_300_kilogam_tro_len,crime_251,article_251,251,article_251_clause_5_point_d,Point,300 kilôgam trở lên,300,,kg,300 kilogam tro len
threshold_article_251_clause_5_point_e_09_kilogam_tro_len,crime_251,article_251,251,article_251_clause_5_point_e,Point,09 kilôgam trở lên,09,,kg,09 kilogam tro len
threshold_condition_article_252_clause_5_000_000_dong_den_500_000,crime_252,article_252,252,condition_article_252_clause_5,Condition,000.000 đồng đến 500.000,000.000,500.000,vnd,000 000 dong den 500 000
threshold_condition_article_252_clause_5_000_dong,crime_252,article_252,252,condition_article_252_clause_5,Condition,000 đồng,000,,vnd,000 dong
threshold_condition_article_252_clause_1_point_b_tu_01_g,crime_252,article_252,252,condition_article_252_clause_1_point_b,Condition,từ 01 g,01,,g,tu 01 g
threshold_condition_article_252_clause_1_point_b_500_g,crime_252,article_252,252,condition_article_252_clause_1_point_b,Condition,500 g,500,,g,500 g
threshold_condition_article_252_clause_1_point_c_tu_0_1_g,crime_252,article_252,252,condition_article_252_clause_1_point_c,Condition,"từ 0,1 g",0.1,,g,tu 0 1 g
threshold_condition_article_252_clause_1_point_c_05_g,crime_252,article_252,252,condition_article_252_clause_1_point_c,Condition,05 g,05,,g,05 g
threshold_condition_article_252_clause_1_point_d_tu_01_kilogam_den,crime_252,article_252,252,condition_article_252_clause_1_point_d,Condition,từ 01 kilôgam đến,01,,kg,tu 01 kilogam den
threshold_condition_article_252_clause_1_point_d_10_kilogam,crime_252,article_252,252,condition_article_252_clause_1_point_d,Condition,10 kilôgam,10,,kg,10 kilogam
threshold_condition_article_252_clause_1_point_d_tu_05_kilogam_den,crime_252,article_252,252,condition_article_252_clause_1_point_d,Condition,từ 05 kilôgam đến,05,,kg,tu 05 kilogam den
threshold_condition_article_252_clause_1_point_d_50_kilogam,crime_252,article_252,252,condition_article_252_clause_1_point_d,Condition,50 kilôgam,50,,kg,50 kilogam
threshold_condition_article_252_clause_1_point_e_tu_01_kilogam_den,crime_252,article_252,252,condition_article_252_clause_1_point_e,Condition,từ 01 kilôgam đến,01,,kg,tu 01 kilogam den
threshold_condition_article_252_clause_1_point_e_10_kilogam,crime_252,article_252,252,condition_article_252_clause_1_point_e,Condition,10 kilôgam,10,,kg,10 kilogam
threshold_condition_article_252_clause_1_point_g_tu_01_g,crime_252,article_252,252,condition_article_252_clause_1_point_g,Condition,từ 01 g,01,,g,tu 01 g
threshold_condition_article_252_clause_1_point_g_20_g,crime_252,article_252,252,condition_article_252_clause_1_point_g,Condition,20 g,20,,g,20 g
threshold_condition_article_252_clause_2_point_e_tu_500_g,crime_252,article_252,252,condition_article_252_clause_2_point_e,Condition,từ 500 g,500,,g,tu 500 g
threshold_condition_article_252_clause_2_point_e_01_kilogam,crime_252,article_252,252,condition_article_252_clause_2_point_e,Condition,01 kilôgam,01,,kg,01 kilogam
threshold_condition_article_252_clause_2_point_g_tu_05_g,crime_252,article_252,252,condition_article_252_clause_2_point_g,Condition,từ 05 g,05,,g,tu 05 g
threshold_condition_article_252_clause_2_point_g_30_g,crime_252,article_252,252,condition_article_252_clause_2_point_g,Condition,30 g,30,,g,30 g
threshold_condition_article_252_clause_2_point_h_tu_10_kilogam_den,crime_252,article_252,252,condition_article_252_clause_2_point_h,Condition,từ 10 kilôgam đến,10,,kg,tu 10 kilogam den
threshold_condition_article_252_clause_2_point_h_25_kilogam,crime_252,article_252,252,condition_article_252_clause_2_point_h,Condition,25 kilôgam,25,,kg,25 kilogam
threshold_condition_article_252_clause_2_point_i_tu_50_kilogam_den,crime_252,article_252,252,condition_article_252_clause_2_point_i,Condition,từ 50 kilôgam đến,50,,kg,tu 50 kilogam den
threshold_condition_article_252_clause_2_point_i_200_kilogam,crime_252,article_252,252,condition_article_252_clause_2_point_i,Condition,200 kilôgam,200,,kg,200 kilogam
threshold_condition_article_252_clause_2_point_k_tu_10_kilogam_den,crime_252,article_252,252,condition_article_252_clause_2_point_k,Condition,từ 10 kilôgam đến,10,,kg,tu 10 kilogam den
threshold_condition_article_252_clause_2_point_k_50_kilogam,crime_252,article_252,252,condition_article_252_clause_2_point_k,Condition,50 kilôgam,50,,kg,50 kilogam
threshold_condition_article_252_clause_2_point_l_tu_20_g,crime_252,article_252,252,condition_article_252_clause_2_point_l,Condition,từ 20 g,20,,g,tu 20 g
threshold_condition_article_252_clause_2_point_l_100_g,crime_252,article_252,252,condition_article_252_clause_2_point_l,Condition,100 g,100,,g,100 g
threshold_condition_article_252_clause_3_point_a_tu_01_kilogam_den,crime_252,article_252,252,condition_article_252_clause_3_point_a,Condition,từ 01 kilôgam đến,01,,kg,tu 01 kilogam den
threshold_condition_article_252_clause_3_point_a_05_kilogam,crime_252,article_252,252,condition_article_252_clause_3_point_a,Condition,05 kilôgam,05,,kg,05 kilogam
threshold_condition_article_252_clause_3_point_b_tu_30_g,crime_252,article_252,252,condition_article_252_clause_3_point_b,Condition,từ 30 g,30,,g,tu 30 g
threshold_condition_article_252_clause_3_point_b_100_g,crime_252,article_252,252,condition_article_252_clause_3_point_b,Condition,100 g,100,,g,100 g
threshold_condition_article_252_clause_3_point_c_tu_25_kilogam_den,crime_252,article_252,252,condition_article_252_clause_3_point_c,Condition,từ 25 kilôgam đến,25,,kg,tu 25 kilogam den
threshold_condition_article_252_clause_3_point_c_75_kilogam,crime_252,article_252,252,condition_article_252_clause_3_point_c,Condition,75 kilôgam,75,,kg,75 kilogam
threshold_condition_article_252_clause_3_point_d_tu_200_kilogam_den,crime_252,article_252,252,condition_article_252_clause_3_point_d,Condition,từ 200 kilôgam đến,200,,kg,tu 200 kilogam den
threshold_condition_article_252_clause_3_point_d_600_kilogam,crime_252,article_252,252,condition_article_252_clause_3_point_d,Condition,600 kilôgam,600,,kg,600 kilogam
threshold_condition_article_252_clause_3_point_d_tu_50_kilogam_den,crime_252,article_252,252,condition_article_252_clause_3_point_d,Condition,từ 50 kilôgam đến,50,,kg,tu 50 kilogam den
threshold_condition_article_252_clause_3_point_d_150_kilogam,crime_252,article_252,252,condition_article_252_clause_3_point_d,Condition,150 kilôgam,150,,kg,150 kilogam
threshold_condition_article_252_clause_3_point_e_tu_100_g,crime_252,article_252,252,condition_article_252_clause_3_point_e,Condition,từ 100 g,100,,g,tu 100 g
threshold_condition_article_252_clause_3_point_e_300_g,crime_252,article_252,252,condition_article_252_clause_3_point_e,Condition,300 g,300,,g,300 g
threshold_condition_article_252_clause_4_point_a_05_kilogam_tro_len,crime_252,article_252,252,condition_article_252_clause_4_point_a,Condition,05 kilôgam trở lên,05,,kg,05 kilogam tro len
threshold_condition_article_252_clause_4_point_b_100_g,crime_252,article_252,252,condition_article_252_clause_4_point_b,Condition,100 g,100,,g,100 g
threshold_condition_article_252_clause_4_point_c_75_kilogam_tro_len,crime_252,article_252,252,condition_article_252_clause_4_point_c,Condition,75 kilôgam trở lên,75,,kg,75 kilogam tro len
threshold_condition_article_252_clause_4_point_d_600_kilogam_tro_len,crime_252,article_252,252,condition_article_252_clause_4_point_d,Condition,600 kilôgam trở lên,600,,kg,600 kilogam tro len
threshold_condition_article_252_clause_4_point_d_150_kilogam_tro_len,crime_252,article_252,252,condition_article_252_clause_4_point_d,Condition,150 kilôgam trở lên,150,,kg,150 kilogam tro len
threshold_condition_article_252_clause_4_point_e_300_g,crime_252,article_252,252,condition_article_252_clause_4_point_e,Condition,300 g,300,,g,300 g
threshold_article_252_clause_1_tu_01_g,crime_252,article_252,252,article_252_clause_1,Clause,từ 01 g,01,,g,tu 01 g
threshold_article_252_clause_1_500_g,crime_252,article_252,252,article_252_clause_1,Clause,500 g,500,,g,500 g
threshold_article_252_clause_1_tu_0_1_g,crime_252,article_252,252,article_252_clause_1,Clause,"từ 0,1 g",0.1,,g,tu 0 1 g
threshold_article_252_clause_1_05_g,crime_252,article_252,252,article_252_clause_1,Clause,05 g,05,,g,05 g
threshold_article_252_clause_1_tu_01_kilogam_den,crime_252,article_252,252,article_252_clause_1,Clause,từ 01 kilôgam đến,01,,kg,tu 01 kilogam den
threshold_article_252_clause_1_10_kilogam,crime_252,article_252,252,article_252_clause_1,Clause,10 kilôgam,10,,kg,10 kilogam
threshold_article_252_clause_1_tu_05_kilogam_den,crime_252,article_252,252,article_252_clause_1,Clause,từ 05 kilôgam đến,05,,kg,tu 05 kilogam den
threshold_article_252_clause_1_50_kilogam,crime_252,article_252,252,article_252_clause_1,Clause,50 kilôgam,50,,kg,50 kilogam
threshold_article_252_clause_1_20_g,crime_252,article_252,252,article_252_clause_1,Clause,20 g,20,,g,20 g
threshold_article_252_clause_2_tu_500_g,crime_252,article_252,252,article_252_clause_2,Clause,từ 500 g,500,,g,tu 500 g
threshold_article_252_clause_2_01_kilogam,crime_252,article_252,252,article_252_clause_2,Clause,01 kilôgam,01,,kg,01 kilogam
threshold_article_252_clause_2_tu_05_g,crime_252,article_252,252,article_252_clause_2,Clause,từ 05 g,05,,g,tu 05 g
threshold_article_252_clause_2_30_g,crime_252,article_252,252,article_252_clause_2,Clause,30 g,30,,g,30 g
threshold_article_252_clause_2_tu_10_kilogam_den,crime_252,article_252,252,article_252_clause_2,Clause,từ 10 kilôgam đến,10,,kg,tu 10 kilogam den
threshold_article_252_clause_2_25_kilogam,crime_252,article_252,252,article_252_clause_2,Clause,25 kilôgam,25,,kg,25 kilogam
threshold_article_252_clause_2_tu_50_kilogam_den,crime_252,article_252,252,article_252_clause_2,Clause,từ 50 kilôgam đến,50,,kg,tu 50 kilogam den
threshold_article_252_clause_2_200_kilogam,crime_252,article_252,252,article_252_clause_2,Clause,200 kilôgam,200,,kg,200 kilogam
threshold_article_252_clause_2_50_kilogam,crime_252,article_252,252,article_252_clause_2,Clause,50 kilôgam,50,,kg,50 kilogam
threshold_article_252_clause_2_tu_20_g,crime_252,article_252,252,article_252_clause_2,Clause,từ 20 g,20,,g,tu 20 g
threshold_article_252_clause_2_100_g,crime_252,article_252,252,article_252_clause_2,Clause,100 g,100,,g,100 g
threshold_article_252_clause_3_tu_01_kilogam_den,crime_252,article_252,252,article_252_clause_3,Clause,từ 01 kilôgam đến,01,,kg,tu 01 kilogam den
threshold_article_252_clause_3_05_kilogam,crime_252,article_252,252,article_252_clause_3,Clause,05 kilôgam,05,,kg,05 kilogam
threshold_article_252_clause_3_tu_30_g,crime_252,article_252,252,article_252_clause_3,Clause,từ 30 g,30,,g,tu 30 g
threshold_article_252_clause_3_100_g,crime_252,article_252,252,article_252_clause_3,Clause,100 g,100,,g,100 g
threshold_article_252_clause_3_tu_25_kilogam_den,crime_252,article_252,252,article_252_clause_3,Clause,từ 25 kilôgam đến,25,,kg,tu 25 kilogam den
threshold_article_252_clause_3_75_kilogam,crime_252,article_252,252,article_252_clause_3,Clause,75 kilôgam,75,,kg,75 kilogam
threshold_article_252_clause_3_tu_200_kilogam_den,crime_252,article_252,252,article_252_clause_3,Clause,từ 200 kilôgam đến,200,,kg,tu 200 kilogam den
threshold_article_252_clause_3_600_kilogam,crime_252,article_252,252,article_252_clause_3,Clause,600 kilôgam,600,,kg,600 kilogam
threshold_article_252_clause_3_tu_50_kilogam_den,crime_252,article_252,252,article_252_clause_3,Clause,từ 50 kilôgam đến,50,,kg,tu 50 kilogam den
threshold_article_252_clause_3_150_kilogam,crime_252,article_252,252,article_252_clause_3,Clause,150 kilôgam,150,,kg,150 kilogam
threshold_article_252_clause_3_tu_100_g,crime_252,article_252,252,article_252_clause_3,Clause,từ 100 g,100,,g,tu 100 g
threshold_article_252_clause_3_300_g,crime_252,article_252,252,article_252_clause_3,Clause,300 g,300,,g,300 g
threshold_article_252_clause_4_05_kilogam_tro_len,crime_252,article_252,252,article_252_clause_4,Clause,05 kilôgam trở lên,05,,kg,05 kilogam tro len
threshold_article_252_clause_4_100_g,crime_252,article_252,252,article_252_clause_4,Clause,100 g,100,,g,100 g
threshold_article_252_clause_4_75_kilogam_tro_len,crime_252,article_252,252,article_252_clause_4,Clause,75 kilôgam trở lên,75,,kg,75 kilogam tro len
threshold_article_252_clause_4_600_kilogam_tro_len,crime_252,article_252,252,article_252_clause_4,Clause,600 kilôgam trở lên,600,,kg,600 kilogam tro len
threshold_article_252_clause_4_150_kilogam_tro_len,crime_252,article_252,252,article_252_clause_4,Clause,150 kilôgam trở lên,150,,kg,150 kilogam tro len
threshold_article_252_clause_4_300_g,crime_252,article_252,252,article_252_clause_4,Clause,300 g,300,,g,300 g
threshold_article_252_clause_5_000_000_dong_den_500_000,crime_252,article_252,252,article_252_clause_5,Clause,000.000 đồng đến 500.000,000.000,500.000,vnd,000 000 dong den 500 000
threshold_article_252_clause_5_000_dong,crime_252,article_252,252,article_252_clause_5,Clause,000 đồng,000,,vnd,000 dong
threshold_article_252_clause_1_point_b_tu_01_g,crime_252,article_252,252,article_252_clause_1_point_b,Point,từ 01 g,01,,g,tu 01 g
threshold_article_252_clause_1_point_b_500_g,crime_252,article_252,252,article_252_clause_1_point_b,Point,500 g,500,,g,500 g
threshold_article_252_clause_1_point_c_tu_0_1_g,crime_252,article_252,252,article_252_clause_1_point_c,Point,"từ 0,1 g",0.1,,g,tu 0 1 g
threshold_article_252_clause_1_point_c_05_g,crime_252,article_252,252,article_252_clause_1_point_c,Point,05 g,05,,g,05 g
threshold_article_252_clause_1_point_d_tu_01_kilogam_den,crime_252,article_252,252,article_252_clause_1_point_d,Point,từ 01 kilôgam đến,01,,kg,tu 01 kilogam den
threshold_article_252_clause_1_point_d_10_kilogam,crime_252,article_252,252,article_252_clause_1_point_d,Point,10 kilôgam,10,,kg,10 kilogam
threshold_article_252_clause_1_point_d_tu_05_kilogam_den,crime_252,article_252,252,article_252_clause_1_point_d,Point,từ 05 kilôgam đến,05,,kg,tu 05 kilogam den
threshold_article_252_clause_1_point_d_50_kilogam,crime_252,article_252,252,article_252_clause_1_point_d,Point,50 kilôgam,50,,kg,50 kilogam
threshold_article_252_clause_1_point_e_tu_01_kilogam_den,crime_252,article_252,252,article_252_clause_1_point_e,Point,từ 01 kilôgam đến,01,,kg,tu 01 kilogam den
threshold_article_252_clause_1_point_e_10_kilogam,crime_252,article_252,252,article_252_clause_1_point_e,Point,10 kilôgam,10,,kg,10 kilogam
threshold_article_252_clause_1_point_g_tu_01_g,crime_252,article_252,252,article_252_clause_1_point_g,Point,từ 01 g,01,,g,tu 01 g
threshold_article_252_clause_1_point_g_20_g,crime_252,article_252,252,article_252_clause_1_point_g,Point,20 g,20,,g,20 g
threshold_article_252_clause_2_point_e_tu_500_g,crime_252,article_252,252,article_252_clause_2_point_e,Point,từ 500 g,500,,g,tu 500 g
threshold_article_252_clause_2_point_e_01_kilogam,crime_252,article_252,252,article_252_clause_2_point_e,Point,01 kilôgam,01,,kg,01 kilogam
threshold_article_252_clause_2_point_g_tu_05_g,crime_252,article_252,252,article_252_clause_2_point_g,Point,từ 05 g,05,,g,tu 05 g
threshold_article_252_clause_2_point_g_30_g,crime_252,article_252,252,article_252_clause_2_point_g,Point,30 g,30,,g,30 g
threshold_article_252_clause_2_point_h_tu_10_kilogam_den,crime_252,article_252,252,article_252_clause_2_point_h,Point,từ 10 kilôgam đến,10,,kg,tu 10 kilogam den
threshold_article_252_clause_2_point_h_25_kilogam,crime_252,article_252,252,article_252_clause_2_point_h,Point,25 kilôgam,25,,kg,25 kilogam
threshold_article_252_clause_2_point_i_tu_50_kilogam_den,crime_252,article_252,252,article_252_clause_2_point_i,Point,từ 50 kilôgam đến,50,,kg,tu 50 kilogam den
threshold_article_252_clause_2_point_i_200_kilogam,crime_252,article_252,252,article_252_clause_2_point_i,Point,200 kilôgam,200,,kg,200 kilogam
threshold_article_252_clause_2_point_k_tu_10_kilogam_den,crime_252,article_252,252,article_252_clause_2_point_k,Point,từ 10 kilôgam đến,10,,kg,tu 10 kilogam den
threshold_article_252_clause_2_point_k_50_kilogam,crime_252,article_252,252,article_252_clause_2_point_k,Point,50 kilôgam,50,,kg,50 kilogam
threshold_article_252_clause_2_point_l_tu_20_g,crime_252,article_252,252,article_252_clause_2_point_l,Point,từ 20 g,20,,g,tu 20 g
threshold_article_252_clause_2_point_l_100_g,crime_252,article_252,252,article_252_clause_2_point_l,Point,100 g,100,,g,100 g
threshold_article_252_clause_3_point_a_tu_01_kilogam_den,crime_252,article_252,252,article_252_clause_3_point_a,Point,từ 01 kilôgam đến,01,,kg,tu 01 kilogam den
threshold_article_252_clause_3_point_a_05_kilogam,crime_252,article_252,252,article_252_clause_3_point_a,Point,05 kilôgam,05,,kg,05 kilogam
threshold_article_252_clause_3_point_b_tu_30_g,crime_252,article_252,252,article_252_clause_3_point_b,Point,từ 30 g,30,,g,tu 30 g
threshold_article_252_clause_3_point_b_100_g,crime_252,article_252,252,article_252_clause_3_point_b,Point,100 g,100,,g,100 g
threshold_article_252_clause_3_point_c_tu_25_kilogam_den,crime_252,article_252,252,article_252_clause_3_point_c,Point,từ 25 kilôgam đến,25,,kg,tu 25 kilogam den
threshold_article_252_clause_3_point_c_75_kilogam,crime_252,article_252,252,article_252_clause_3_point_c,Point,75 kilôgam,75,,kg,75 kilogam
threshold_article_252_clause_3_point_d_tu_200_kilogam_den,crime_252,article_252,252,article_252_clause_3_point_d,Point,từ 200 kilôgam đến,200,,kg,tu 200 kilogam den
threshold_article_252_clause_3_point_d_600_kilogam,crime_252,article_252,252,article_252_clause_3_point_d,Point,600 kilôgam,600,,kg,600 kilogam
threshold_article_252_clause_3_point_d_tu_50_kilogam_den,crime_252,article_252,252,article_252_clause_3_point_d,Point,từ 50 kilôgam đến,50,,kg,tu 50 kilogam den
threshold_article_252_clause_3_point_d_150_kilogam,crime_252,article_252,252,article_252_clause_3_point_d,Point,150 kilôgam,150,,kg,150 kilogam
threshold_article_252_clause_3_point_e_tu_100_g,crime_252,article_252,252,article_252_clause_3_point_e,Point,từ 100 g,100,,g,tu 100 g
threshold_article_252_clause_3_point_e_300_g,crime_252,article_252,252,article_252_clause_3_point_e,Point,300 g,300,,g,300 g
threshold_article_252_clause_4_point_a_05_kilogam_tro_len,crime_252,article_252,252,article_252_clause_4_point_a,Point,05 kilôgam trở lên,05,,kg,05 kilogam tro len
threshold_article_252_clause_4_point_b_100_g,crime_252,article_252,252,article_252_clause_4_point_b,Point,100 g,100,,g,100 g
threshold_article_252_clause_4_point_c_75_kilogam_tro_len,crime_252,article_252,252,article_252_clause_4_point_c,Point,75 kilôgam trở lên,75,,kg,75 kilogam tro len
threshold_article_252_clause_4_point_d_600_kilogam_tro_len,crime_252,article_252,252,article_252_clause_4_point_d,Point,600 kilôgam trở lên,600,,kg,600 kilogam tro len
threshold_article_252_clause_4_point_d_150_kilogam_tro_len,crime_252,article_252,252,article_252_clause_4_point_d,Point,150 kilôgam trở lên,150,,kg,150 kilogam tro len
threshold_article_252_clause_4_point_e_300_g,crime_252,article_252,252,article_252_clause_4_point_e,Point,300 g,300,,g,300 g
threshold_condition_article_253_clause_5_01_g,crime_253,article_253,253,condition_article_253_clause_5,Condition,01 g,01,,g,01 g
threshold_condition_article_253_clause_6_000_000_dong_den_50_000,crime_253,article_253,253,condition_article_253_clause_6,Condition,000.000 đồng đến 50.000,000.000,50.000,vnd,000 000 dong den 50 000
threshold_condition_article_253_clause_6_000_dong,crime_253,article_253,253,condition_article_253_clause_6,Condition,000 đồng,000,,vnd,000 dong
threshold_condition_article_253_clause_1_point_b_tu_50_g,crime_253,article_253,253,condition_article_253_clause_1_point_b,Condition,từ 50 g,50,,g,tu 50 g
threshold_condition_article_253_clause_1_point_b_200_g,crime_253,article_253,253,condition_article_253_clause_1_point_b,Condition,200 g,200,,g,200 g
threshold_condition_article_253_clause_2_point_d_tu_200_g,crime_253,article_253,253,condition_article_253_clause_2_point_d,Condition,từ 200 g,200,,g,tu 200 g
threshold_condition_article_253_clause_2_point_d_500_g,crime_253,article_253,253,condition_article_253_clause_2_point_d,Condition,500 g,500,,g,500 g
threshold_condition_article_253_clause_3_point_a_tu_500_g,crime_253,article_253,253,condition_article_253_clause_3_point_a,Condition,từ 500 g,500,,g,tu 500 g
threshold_condition_article_253_clause_3_point_a_1_200_g,crime_253,article_253,253,condition_article_253_clause_3_point_a,Condition,1.200 g,1.200,,g,1 200 g
threshold_condition_article_253_clause_4_point_a_1_200_g,crime_253,article_253,253,condition_article_253_clause_4_point_a,Condition,1.200 g,1.200,,g,1 200 g
threshold_article_253_clause_1_tu_50_g,crime_253,article_253,253,article_253_clause_1,Clause,từ 50 g,50,,g,tu 50 g
threshold_article_253_clause_1_200_g,crime_253,article_253,253,article_253_clause_1,Clause,200 g,200,,g,200 g
threshold_article_253_clause_2_tu_200_g,crime_253,article_253,253,article_253_clause_2,Clause,từ 200 g,200,,g,tu 200 g
threshold_article_253_clause_2_500_g,crime_253,article_253,253,article_253_clause_2,Clause,500 g,500,,g,500 g
threshold_article_253_clause_3_tu_500_g,crime_253,article_253,253,article_253_clause_3,Clause,từ 500 g,500,,g,tu 500 g
threshold_article_253_clause_3_1_200_g,crime_253,article_253,253,article_253_clause_3,Clause,1.200 g,1.200,,g,1 200 g
threshold_article_253_clause_4_1_200_g,crime_253,article_253,253,article_253_clause_4,Clause,1.200 g,1.200,,g,1 200 g
threshold_article_253_clause_5_01_g,crime_253,article_253,253,article_253_clause_5,Clause,01 g,01,,g,01 g
threshold_article_253_clause_6_000_000_dong_den_50_000,crime_253,article_253,253,article_253_clause_6,Clause,000.000 đồng đến 50.000,000.000,50.000,vnd,000 000 dong den 50 000
threshold_article_253_clause_6_000_dong,crime_253,article_253,253,article_253_clause_6,Clause,000 đồng,000,,vnd,000 dong
threshold_article_253_clause_1_point_b_tu_50_g,crime_253,article_253,253,article_253_clause_1_point_b,Point,từ 50 g,50,,g,tu 50 g
threshold_article_253_clause_1_point_b_200_g,crime_253,article_253,253,article_253_clause_1_point_b,Point,200 g,200,,g,200 g
threshold_article_253_clause_2_point_d_tu_200_g,crime_253,article_253,253,article_253_clause_2_point_d,Point,từ 200 g,200,,g,tu 200 g
threshold_article_253_clause_2_point_d_500_g,crime_253,article_253,253,article_253_clause_2_point_d,Point,500 g,500,,g,500 g
threshold_article_253_clause_3_point_a_tu_500_g,crime_253,article_253,253,article_253_clause_3_point_a,Point,từ 500 g,500,,g,tu 500 g
threshold_article_253_clause_3_point_a_1_200_g,crime_253,article_253,253,article_253_clause_3_point_a,Point,1.200 g,1.200,,g,1 200 g
threshold_article_253_clause_4_point_a_1_200_g,crime_253,article_253,253,article_253_clause_4_point_a,Point,1.200 g,1.200,,g,1 200 g
threshold_condition_article_254_clause_3_000_000_dong_den_500_000,crime_254,article_254,254,condition_article_254_clause_3,Condition,000.000 đồng đến 500.000,000.000,500.000,vnd,000 000 dong den 500 000
threshold_condition_article_254_clause_3_000_dong,crime_254,article_254,254,condition_article_254_clause_3,Condition,000 đồng,000,,vnd,000 dong
threshold_article_254_clause_3_000_000_dong_den_500_000,crime_254,article_254,254,article_254_clause_3,Clause,000.000 đồng đến 500.000,000.000,500.000,vnd,000 000 dong den 500 000
threshold_article_254_clause_3_000_dong,crime_254,article_254,254,article_254_clause_3,Clause,000 đồng,000,,vnd,000 dong
threshold_condition_article_255_clause_5_000_000_dong_den_500_000,crime_255,article_255,255,condition_article_255_clause_5,Condition,000.000 đồng đến 500.000,000.000,500.000,vnd,000 000 dong den 500 000
threshold_condition_article_255_clause_5_000_dong,crime_255,article_255,255,condition_article_255_clause_5,Condition,000 đồng,000,,vnd,000 dong
threshold_condition_article_255_clause_2_point_c_du_13_tuoi_den_duoi_18_tuoi,crime_255,article_255,255,condition_article_255_clause_2_point_c,Condition,đủ 13 tuổi đến dưới 18 tuổi,13,18,age,du 13 tuoi den duoi 18 tuoi
threshold_condition_article_255_clause_2_point_e_tu_31_den_60,crime_255,article_255,255,condition_article_255_clause_2_point_e,Condition,từ 31% đến 60%,31,60,percent,tu 31 den 60
threshold_condition_article_255_clause_3_point_a_tu_61_tro_len,crime_255,article_255,255,condition_article_255_clause_3_point_a,Condition,từ 61% trở lên,61,,percent,tu 61 tro len
threshold_condition_article_255_clause_3_point_b_tu_31_den_60,crime_255,article_255,255,condition_article_255_clause_3_point_b,Condition,từ 31% đến 60%,31,60,percent,tu 31 den 60
threshold_condition_article_255_clause_4_point_a_61_tro_len,crime_255,article_255,255,condition_article_255_clause_4_point_a,Condition,61% trở lên,61,,percent,61 tro len
threshold_article_255_clause_2_tu_31_den_60,crime_255,article_255,255,article_255_clause_2,Clause,từ 31% đến 60%,31,60,percent,tu 31 den 60
threshold_article_255_clause_2_du_13_tuoi_den_duoi_18_tuoi,crime_255,article_255,255,article_255_clause_2,Clause,đủ 13 tuổi đến dưới 18 tuổi,13,18,age,du 13 tuoi den duoi 18 tuoi
threshold_article_255_clause_3_tu_61_tro_len,crime_255,article_255,255,article_255_clause_3,Clause,từ 61% trở lên,61,,percent,tu 61 tro len
threshold_article_255_clause_3_tu_31_den_60,crime_255,article_255,255,article_255_clause_3,Clause,từ 31% đến 60%,31,60,percent,tu 31 den 60
threshold_article_255_clause_4_61_tro_len,crime_255,article_255,255,article_255_clause_4,Clause,61% trở lên,61,,percent,61 tro len
threshold_article_255_clause_5_000_000_dong_den_500_000,crime_255,article_255,255,article_255_clause_5,Clause,000.000 đồng đến 500.000,000.000,500.000,vnd,000 000 dong den 500 000
threshold_article_255_clause_5_000_dong,crime_255,article_255,255,article_255_clause_5,Clause,000 đồng,000,,vnd,000 dong
threshold_article_255_clause_2_point_c_du_13_tuoi_den_duoi_18_tuoi,crime_255,article_255,255,article_255_clause_2_point_c,Point,đủ 13 tuổi đến dưới 18 tuổi,13,18,age,du 13 tuoi den duoi 18 tuoi
threshold_article_255_clause_2_point_e_tu_31_den_60,crime_255,article_255,255,article_255_clause_2_point_e,Point,từ 31% đến 60%,31,60,percent,tu 31 den 60
threshold_article_255_clause_3_point_a_tu_61_tro_len,crime_255,article_255,255,article_255_clause_3_point_a,Point,từ 61% trở lên,61,,percent,tu 61 tro len
threshold_article_255_clause_3_point_b_tu_31_den_60,crime_255,article_255,255,article_255_clause_3_point_b,Point,từ 31% đến 60%,31,60,percent,tu 31 den 60
threshold_article_255_clause_4_point_a_61_tro_len,crime_255,article_255,255,article_255_clause_4_point_a,Point,61% trở lên,61,,percent,61 tro len
threshold_condition_article_256_clause_3_000_000_dong_den_200_000,crime_256,article_256,256,condition_article_256_clause_3,Condition,000.000 đồng đến 200.000,000.000,200.000,vnd,000 000 dong den 200 000
threshold_condition_article_256_clause_3_000_dong,crime_256,article_256,256,condition_article_256_clause_3,Condition,000 đồng,000,,vnd,000 dong
threshold_article_256_clause_3_000_000_dong_den_200_000,crime_256,article_256,256,article_256_clause_3,Clause,000.000 đồng đến 200.000,000.000,200.000,vnd,000 000 dong den 200 000
threshold_article_256_clause_3_000_dong,crime_256,article_256,256,article_256_clause_3,Clause,000 đồng,000,,vnd,000 dong
threshold_condition_article_257_clause_5_000_000_dong_den_100_000,crime_257,article_257,257,condition_article_257_clause_5,Condition,000.000 đồng đến 100.000,000.000,100.000,vnd,000 000 dong den 100 000
threshold_condition_article_257_clause_5_000_dong,crime_257,article_257,257,condition_article_257_clause_5,Condition,000 đồng,000,,vnd,000 dong
threshold_condition_article_257_clause_2_point_d_du_13_tuoi_den_duoi_18_tuoi,crime_257,article_257,257,condition_article_257_clause_2_point_d,Condition,đủ 13 tuổi đến dưới 18 tuổi,13,18,age,du 13 tuoi den duoi 18 tuoi
threshold_condition_article_257_clause_2_point_h_tu_31_den_60,crime_257,article_257,257,condition_article_257_clause_2_point_h,Condition,từ 31% đến 60%,31,60,percent,tu 31 den 60
threshold_condition_article_257_clause_3_point_a_tu_61_tro_len,crime_257,article_257,257,condition_article_257_clause_3_point_a,Condition,từ 61% trở lên,61,,percent,tu 61 tro len
threshold_article_257_clause_2_tu_31_den_60,crime_257,article_257,257,article_257_clause_2,Clause,từ 31% đến 60%,31,60,percent,tu 31 den 60
threshold_article_257_clause_2_du_13_tuoi_den_duoi_18_tuoi,crime_257,article_257,257,article_257_clause_2,Clause,đủ 13 tuổi đến dưới 18 tuổi,13,18,age,du 13 tuoi den duoi 18 tuoi
threshold_article_257_clause_3_tu_61_tro_len,crime_257,article_257,257,article_257_clause_3,Clause,từ 61% trở lên,61,,percent,tu 61 tro len
threshold_article_257_clause_5_000_000_dong_den_100_000,crime_257,article_257,257,article_257_clause_5,Clause,000.000 đồng đến 100.000,000.000,100.000,vnd,000 000 dong den 100 000
threshold_article_257_clause_5_000_dong,crime_257,article_257,257,article_257_clause_5,Clause,000 đồng,000,,vnd,000 dong
threshold_article_257_clause_2_point_d_du_13_tuoi_den_duoi_18_tuoi,crime_257,article_257,257,article_257_clause_2_point_d,Point,đủ 13 tuổi đến dưới 18 tuổi,13,18,age,du 13 tuoi den duoi 18 tuoi
threshold_article_257_clause_2_point_h_tu_31_den_60,crime_257,article_257,257,article_257_clause_2_point_h,Point,từ 31% đến 60%,31,60,percent,tu 31 den 60
threshold_article_257_clause_3_point_a_tu_61_tro_len,crime_257,article_257,257,article_257_clause_3_point_a,Point,từ 61% trở lên,61,,percent,tu 61 tro len
threshold_condition_article_258_clause_5_000_000_dong_den_100_000,crime_258,article_258,258,condition_article_258_clause_5,Condition,000.000 đồng đến 100.000,000.000,100.000,vnd,000 000 dong den 100 000
threshold_condition_article_258_clause_5_000_dong,crime_258,article_258,258,condition_article_258_clause_5,Condition,000 đồng,000,,vnd,000 dong
threshold_condition_article_258_clause_2_point_d_du_13_tuoi_den_duoi_18_tuoi,crime_258,article_258,258,condition_article_258_clause_2_point_d,Condition,đủ 13 tuổi đến dưới 18 tuổi,13,18,age,du 13 tuoi den duoi 18 tuoi
threshold_condition_article_258_clause_2_point_h_tu_31_den_60,crime_258,article_258,258,condition_article_258_clause_2_point_h,Condition,từ 31% đến 60%,31,60,percent,tu 31 den 60
threshold_condition_article_258_clause_3_point_a_61_tro_len,crime_258,article_258,258,condition_article_258_clause_3_point_a,Condition,61% trở lên,61,,percent,61 tro len
threshold_article_258_clause_2_tu_31_den_60,crime_258,article_258,258,article_258_clause_2,Clause,từ 31% đến 60%,31,60,percent,tu 31 den 60
threshold_article_258_clause_2_du_13_tuoi_den_duoi_18_tuoi,crime_258,article_258,258,article_258_clause_2,Clause,đủ 13 tuổi đến dưới 18 tuổi,13,18,age,du 13 tuoi den duoi 18 tuoi
threshold_article_258_clause_3_61_tro_len,crime_258,article_258,258,article_258_clause_3,Clause,61% trở lên,61,,percent,61 tro len
threshold_article_258_clause_5_000_000_dong_den_100_000,crime_258,article_258,258,article_258_clause_5,Clause,000.000 đồng đến 100.000,000.000,100.000,vnd,000 000 dong den 100 000
threshold_article_258_clause_5_000_dong,crime_258,article_258,258,article_258_clause_5,Clause,000 đồng,000,,vnd,000 dong
threshold_article_258_clause_2_point_d_du_13_tuoi_den_duoi_18_tuoi,crime_258,article_258,258,article_258_clause_2_point_d,Point,đủ 13 tuổi đến dưới 18 tuổi,13,18,age,du 13 tuoi den duoi 18 tuoi
threshold_article_258_clause_2_point_h_tu_31_den_60,crime_258,article_258,258,article_258_clause_2_point_h,Point,từ 31% đến 60%,31,60,percent,tu 31 den 60
threshold_article_258_clause_3_point_a_61_tro_len,crime_258,article_258,258,article_258_clause_3_point_a,Point,61% trở lên,61,,percent,61 tro len
threshold_condition_article_259_clause_3_000_000_dong_den_50_000,crime_259,article_259,259,condition_article_259_clause_3,Condition,000.000 đồng đến 50.000,000.000,50.000,vnd,000 000 dong den 50 000
threshold_condition_article_259_clause_3_000_dong,crime_259,article_259,259,condition_article_259_clause_3,Condition,000 đồng,000,,vnd,000 dong
threshold_article_259_clause_1_000_000_dong_den_100_000,crime_259,article_259,259,article_259_clause_1,Clause,000.000 đồng đến 100.000,000.000,100.000,vnd,000 000 dong den 100 000
threshold_article_259_clause_1_000_dong,crime_259,article_259,259,article_259_clause_1,Clause,000 đồng,000,,vnd,000 dong
threshold_article_259_clause_3_000_000_dong_den_50_000,crime_259,article_259,259,article_259_clause_3,Clause,000.000 đồng đến 50.000,000.000,50.000,vnd,000 000 dong den 50 000
threshold_article_259_clause_3_000_dong,crime_259,article_259,259,article_259_clause_3,Clause,000 đồng,000,,vnd,000 dong
threshold_condition_article_260_clause_1_point_b_61_tro_len,crime_260,article_260,260,condition_article_260_clause_1_point_b,Condition,61% trở lên,61,,percent,61 tro len
threshold_condition_article_260_clause_1_point_c_tu_61_den_121,crime_260,article_260,260,condition_article_260_clause_1_point_c,Condition,từ 61% đến 121%,61,121,percent,tu 61 den 121
threshold_condition_article_260_clause_1_point_d_000_000_dong_den,crime_260,article_260,260,condition_article_260_clause_1_point_d,Condition,000.000 đồng đến,000.000,,vnd,000 000 dong den
threshold_condition_article_260_clause_1_point_d_000_000_dong,crime_260,article_260,260,condition_article_260_clause_1_point_d,Condition,000.000 đồng,000.000,,vnd,000 000 dong
threshold_condition_article_260_clause_2_point_e_tu_122_den_200,crime_260,article_260,260,condition_article_260_clause_2_point_e,Condition,từ 122% đến 200%,122,200,percent,tu 122 den 200
threshold_condition_article_260_clause_2_point_g_000_000_dong_den,crime_260,article_260,260,condition_article_260_clause_2_point_g,Condition,000.000 đồng đến,000.000,,vnd,000 000 dong den
threshold_condition_article_260_clause_2_point_g_000_000_dong,crime_260,article_260,260,condition_article_260_clause_2_point_g,Condition,000.000 đồng,000.000,,vnd,000 000 dong
threshold_condition_article_260_clause_3_point_b_201_tro_len,crime_260,article_260,260,condition_article_260_clause_3_point_b,Condition,201% trở lên,201,,percent,201 tro len
threshold_condition_article_260_clause_3_point_c_000_000_dong_tro_len,crime_260,article_260,260,condition_article_260_clause_3_point_c,Condition,000.000 đồng trở lên,000.000,,vnd,000 000 dong tro len
threshold_article_260_clause_1_000_000_dong_den_100_000,crime_260,article_260,260,article_260_clause_1,Clause,000.000 đồng đến 100.000,000.000,100.000,vnd,000 000 dong den 100 000
threshold_article_260_clause_1_000_dong,crime_260,article_260,260,article_260_clause_1,Clause,000 đồng,000,,vnd,000 dong
threshold_article_260_clause_1_000_000_dong_den,crime_260,article_260,260,article_260_clause_1,Clause,000.000 đồng đến,000.000,,vnd,000 000 dong den
threshold_article_260_clause_1_000_000_dong,crime_260,article_260,260,article_260_clause_1,Clause,000.000 đồng,000.000,,vnd,000 000 dong
threshold_article_260_clause_1_61_tro_len,crime_260,article_260,260,article_260_clause_1,Clause,61% trở lên,61,,percent,61 tro len
threshold_article_260_clause_1_tu_61_den_121,crime_260,article_260,260,article_260_clause_1,Clause,từ 61% đến 121%,61,121,percent,tu 61 den 121
threshold_article_260_clause_2_000_000_dong_den,crime_260,article_260,260,article_260_clause_2,Clause,000.000 đồng đến,000.000,,vnd,000 000 dong den
threshold_article_260_clause_2_000_000_dong,crime_260,article_260,260,article_260_clause_2,Clause,000.000 đồng,000.000,,vnd,000 000 dong
threshold_article_260_clause_2_tu_122_den_200,crime_260,article_260,260,article_260_clause_2,Clause,từ 122% đến 200%,122,200,percent,tu 122 den 200
threshold_article_260_clause_3_000_000_dong_tro_len,crime_260,article_260,260,article_260_clause_3,Clause,000.000 đồng trở lên,000.000,,vnd,000 000 dong tro len
threshold_article_260_clause_3_201_tro_len,crime_260,article_260,260,article_260_clause_3,Clause,201% trở lên,201,,percent,201 tro len
threshold_article_260_clause_4_000_000_dong_den_50_000,crime_260,article_260,260,article_260_clause_4,Clause,000.000 đồng đến 50.000,000.000,50.000,vnd,000 000 dong den 50 000
threshold_article_260_clause_4_000_dong,crime_260,article_260,260,article_260_clause_4,Clause,000 đồng,000,,vnd,000 dong
threshold_article_260_clause_1_point_b_61_tro_len,crime_260,article_260,260,article_260_clause_1_point_b,Point,61% trở lên,61,,percent,61 tro len
threshold_article_260_clause_1_point_c_tu_61_den_121,crime_260,article_260,260,article_260_clause_1_point_c,Point,từ 61% đến 121%,61,121,percent,tu 61 den 121
threshold_article_260_clause_1_point_d_000_000_dong_den,crime_260,article_260,260,article_260_clause_1_point_d,Point,000.000 đồng đến,000.000,,vnd,000 000 dong den
threshold_article_260_clause_1_point_d_000_000_dong,crime_260,article_260,260,article_260_clause_1_point_d,Point,000.000 đồng,000.000,,vnd,000 000 dong
threshold_article_260_clause_2_point_e_tu_122_den_200,crime_260,article_260,260,article_260_clause_2_point_e,Point,từ 122% đến 200%,122,200,percent,tu 122 den 200
threshold_article_260_clause_2_point_g_000_000_dong_den,crime_260,article_260,260,article_260_clause_2_point_g,Point,000.000 đồng đến,000.000,,vnd,000 000 dong den
threshold_article_260_clause_2_point_g_000_000_dong,crime_260,article_260,260,article_260_clause_2_point_g,Point,000.000 đồng,000.000,,vnd,000 000 dong
threshold_article_260_clause_3_point_b_201_tro_len,crime_260,article_260,260,article_260_clause_3_point_b,Point,201% trở lên,201,,percent,201 tro len
threshold_article_260_clause_3_point_c_000_000_dong_tro_len,crime_260,article_260,260,article_260_clause_3_point_c,Point,000.000 đồng trở lên,000.000,,vnd,000 000 dong tro len
threshold_condition_article_261_clause_1_point_b_61_tro_len,crime_261,article_261,261,condition_article_261_clause_1_point_b,Condition,61% trở lên,61,,percent,61 tro len
threshold_condition_article_261_clause_1_point_c_tu_61_den_121,crime_261,article_261,261,condition_article_261_clause_1_point_c,Condition,từ 61% đến 121%,61,121,percent,tu 61 den 121
threshold_condition_article_261_clause_1_point_d_000_000_dong_den,crime_261,article_261,261,condition_article_261_clause_1_point_d,Condition,000.000 đồng đến,000.000,,vnd,000 000 dong den
threshold_condition_article_261_clause_1_point_d_000_000_dong,crime_261,article_261,261,condition_article_261_clause_1_point_d,Condition,000.000 đồng,000.000,,vnd,000 000 dong
threshold_condition_article_261_clause_2_point_c_tu_122_den_200,crime_261,article_261,261,condition_article_261_clause_2_point_c,Condition,từ 122% đến 200%,122,200,percent,tu 122 den 200
threshold_condition_article_261_clause_2_point_d_000_000_dong_den,crime_261,article_261,261,condition_article_261_clause_2_point_d,Condition,000.000 đồng đến,000.000,,vnd,000 000 dong den
threshold_condition_article_261_clause_2_point_d_000_000_dong,crime_261,article_261,261,condition_article_261_clause_2_point_d,Condition,000.000 đồng,000.000,,vnd,000 000 dong
threshold_condition_article_261_clause_3_point_b_201_tro_len,crime_261,article_261,261,condition_article_261_clause_3_point_b,Condition,201% trở lên,201,,percent,201 tro len
threshold_condition_article_261_clause_3_point_c_000_000_dong_tro_len,crime_261,article_261,261,condition_article_261_clause_3_point_c,Condition,000.000 đồng trở lên,000.000,,vnd,000 000 dong tro len
threshold_article_261_clause_1_000_000_dong_den_100_000,crime_261,article_261,261,article_261_clause_1,Clause,000.000 đồng đến 100.000,000.000,100.000,vnd,000 000 dong den 100 000
threshold_article_261_clause_1_000_dong,crime_261,article_261,261,article_261_clause_1,Clause,000 đồng,000,,vnd,000 dong
threshold_article_261_clause_1_000_000_dong_den,crime_261,article_261,261,article_261_clause_1,Clause,000.000 đồng đến,000.000,,vnd,000 000 dong den
threshold_article_261_clause_1_000_000_dong,crime_261,article_261,261,article_261_clause_1,Clause,000.000 đồng,000.000,,vnd,000 000 dong
threshold_article_261_clause_1_61_tro_len,crime_261,article_261,261,article_261_clause_1,Clause,61% trở lên,61,,percent,61 tro len
threshold_article_261_clause_1_tu_61_den_121,crime_261,article_261,261,article_261_clause_1,Clause,từ 61% đến 121%,61,121,percent,tu 61 den 121
threshold_article_261_clause_2_000_000_dong_den_300_000,crime_261,article_261,261,article_261_clause_2,Clause,000.000 đồng đến 300.000,000.000,300.000,vnd,000 000 dong den 300 000
threshold_article_261_clause_2_000_dong,crime_261,article_261,261,article_261_clause_2,Clause,000 đồng,000,,vnd,000 dong
threshold_article_261_clause_2_000_000_dong_den,crime_261,article_261,261,article_261_clause_2,Clause,000.000 đồng đến,000.000,,vnd,000 000 dong den
threshold_article_261_clause_2_000_000_dong,crime_261,article_261,261,article_261_clause_2,Clause,000.000 đồng,000.000,,vnd,000 000 dong
threshold_article_261_clause_2_tu_122_den_200,crime_261,article_261,261,article_261_clause_2,Clause,từ 122% đến 200%,122,200,percent,tu 122 den 200
threshold_article_261_clause_3_000_000_dong_tro_len,crime_261,article_261,261,article_261_clause_3,Clause,000.000 đồng trở lên,000.000,,vnd,000 000 dong tro len
threshold_article_261_clause_3_201_tro_len,crime_261,article_261,261,article_261_clause_3,Clause,201% trở lên,201,,percent,201 tro len
threshold_article_261_clause_4_000_000_dong_den_20_000,crime_261,article_261,261,article_261_clause_4,Clause,000.000 đồng đến 20.000,000.000,20.000,vnd,000 000 dong den 20 000
threshold_article_261_clause_4_000_dong,crime_261,article_261,261,article_261_clause_4,Clause,000 đồng,000,,vnd,000 dong
threshold_article_261_clause_1_point_b_61_tro_len,crime_261,article_261,261,article_261_clause_1_point_b,Point,61% trở lên,61,,percent,61 tro len
threshold_article_261_clause_1_point_c_tu_61_den_121,crime_261,article_261,261,article_261_clause_1_point_c,Point,từ 61% đến 121%,61,121,percent,tu 61 den 121
threshold_article_261_clause_1_point_d_000_000_dong_den,crime_261,article_261,261,article_261_clause_1_point_d,Point,000.000 đồng đến,000.000,,vnd,000 000 dong den
threshold_article_261_clause_1_point_d_000_000_dong,crime_261,article_261,261,article_261_clause_1_point_d,Point,000.000 đồng,000.000,,vnd,000 000 dong
threshold_article_261_clause_2_point_c_tu_122_den_200,crime_261,article_261,261,article_261_clause_2_point_c,Point,từ 122% đến 200%,122,200,percent,tu 122 den 200
threshold_article_261_clause_2_point_d_000_000_dong_den,crime_261,article_261,261,article_261_clause_2_point_d,Point,000.000 đồng đến,000.000,,vnd,000 000 dong den
threshold_article_261_clause_2_point_d_000_000_dong,crime_261,article_261,261,article_261_clause_2_point_d,Point,000.000 đồng,000.000,,vnd,000 000 dong
threshold_article_261_clause_3_point_b_201_tro_len,crime_261,article_261,261,article_261_clause_3_point_b,Point,201% trở lên,201,,percent,201 tro len
threshold_article_261_clause_3_point_c_000_000_dong_tro_len,crime_261,article_261,261,article_261_clause_3_point_c,Point,000.000 đồng trở lên,000.000,,vnd,000 000 dong tro len
threshold_condition_article_262_clause_1_point_b_61_tro_len,crime_262,article_262,262,condition_article_262_clause_1_point_b,Condition,61% trở lên,61,,percent,61 tro len
threshold_condition_article_262_clause_1_point_c_tu_61_den_121,crime_262,article_262,262,condition_article_262_clause_1_point_c,Condition,từ 61% đến 121%,61,121,percent,tu 61 den 121
threshold_condition_article_262_clause_1_point_d_000_000_dong_den,crime_262,article_262,262,condition_article_262_clause_1_point_d,Condition,000.000 đồng đến,000.000,,vnd,000 000 dong den
threshold_condition_article_262_clause_1_point_d_000_000_dong,crime_262,article_262,262,condition_article_262_clause_1_point_d,Condition,000.000 đồng,000.000,,vnd,000 000 dong
threshold_condition_article_262_clause_2_point_b_tu_122_den_200,crime_262,article_262,262,condition_article_262_clause_2_point_b,Condition,từ 122% đến 200%,122,200,percent,tu 122 den 200
threshold_condition_article_262_clause_2_point_c_000_000_dong_den,crime_262,article_262,262,condition_article_262_clause_2_point_c,Condition,000.000 đồng đến,000.000,,vnd,000 000 dong den
threshold_condition_article_262_clause_2_point_c_000_000_dong,crime_262,article_262,262,condition_article_262_clause_2_point_c,Condition,000.000 đồng,000.000,,vnd,000 000 dong
threshold_condition_article_262_clause_3_point_b_201_tro_len,crime_262,article_262,262,condition_article_262_clause_3_point_b,Condition,201% trở lên,201,,percent,201 tro len
threshold_condition_article_262_clause_3_point_c_000_000_dong_tro_len,crime_262,article_262,262,condition_article_262_clause_3_point_c,Condition,000.000 đồng trở lên,000.000,,vnd,000 000 dong tro len
threshold_article_262_clause_1_000_000_dong_den_100_000,crime_262,article_262,262,article_262_clause_1,Clause,000.000 đồng đến 100.000,000.000,100.000,vnd,000 000 dong den 100 000
threshold_article_262_clause_1_000_dong,crime_262,article_262,262,article_262_clause_1,Clause,000 đồng,000,,vnd,000 dong
threshold_article_262_clause_1_000_000_dong_den,crime_262,article_262,262,article_262_clause_1,Clause,000.000 đồng đến,000.000,,vnd,000 000 dong den
threshold_article_262_clause_1_000_000_dong,crime_262,article_262,262,article_262_clause_1,Clause,000.000 đồng,000.000,,vnd,000 000 dong
threshold_article_262_clause_1_61_tro_len,crime_262,article_262,262,article_262_clause_1,Clause,61% trở lên,61,,percent,61 tro len
threshold_article_262_clause_1_tu_61_den_121,crime_262,article_262,262,article_262_clause_1,Clause,từ 61% đến 121%,61,121,percent,tu 61 den 121
threshold_article_262_clause_2_000_000_dong_den,crime_262,article_262,262,article_262_clause_2,Clause,000.000 đồng đến,000.000,,vnd,000 000 dong den
threshold_article_262_clause_2_000_000_dong,crime_262,article_262,262,article_262_clause_2,Clause,000.000 đồng,000.000,,vnd,000 000 dong
threshold_article_262_clause_2_tu_122_den_200,crime_262,article_262,262,article_262_clause_2,Clause,từ 122% đến 200%,122,200,percent,tu 122 den 200
threshold_article_262_clause_3_000_000_dong_tro_len,crime_262,article_262,262,article_262_clause_3,Clause,000.000 đồng trở lên,000.000,,vnd,000 000 dong tro len
threshold_article_262_clause_3_201_tro_len,crime_262,article_262,262,article_262_clause_3,Clause,201% trở lên,201,,percent,201 tro len
threshold_article_262_clause_1_point_b_61_tro_len,crime_262,article_262,262,article_262_clause_1_point_b,Point,61% trở lên,61,,percent,61 tro len
threshold_article_262_clause_1_point_c_tu_61_den_121,crime_262,article_262,262,article_262_clause_1_point_c,Point,từ 61% đến 121%,61,121,percent,tu 61 den 121
threshold_article_262_clause_1_point_d_000_000_dong_den,crime_262,article_262,262,article_262_clause_1_point_d,Point,000.000 đồng đến,000.000,,vnd,000 000 dong den
threshold_article_262_clause_1_point_d_000_000_dong,crime_262,article_262,262,article_262_clause_1_point_d,Point,000.000 đồng,000.000,,vnd,000 000 dong
threshold_article_262_clause_2_point_b_tu_122_den_200,crime_262,article_262,262,article_262_clause_2_point_b,Point,từ 122% đến 200%,122,200,percent,tu 122 den 200
threshold_article_262_clause_2_point_c_000_000_dong_den,crime_262,article_262,262,article_262_clause_2_point_c,Point,000.000 đồng đến,000.000,,vnd,000 000 dong den
threshold_article_262_clause_2_point_c_000_000_dong,crime_262,article_262,262,article_262_clause_2_point_c,Point,000.000 đồng,000.000,,vnd,000 000 dong
threshold_article_262_clause_3_point_b_201_tro_len,crime_262,article_262,262,article_262_clause_3_point_b,Point,201% trở lên,201,,percent,201 tro len
threshold_article_262_clause_3_point_c_000_000_dong_tro_len,crime_262,article_262,262,article_262_clause_3_point_c,Point,000.000 đồng trở lên,000.000,,vnd,000 000 dong tro len
threshold_condition_article_263_clause_4_000_000_dong_den_30_000,crime_263,article_263,263,condition_article_263_clause_4,Condition,000.000 đồng đến 30.000,000.000,30.000,vnd,000 000 dong den 30 000
threshold_condition_article_263_clause_4_000_dong,crime_263,article_263,263,condition_article_263_clause_4,Condition,000 đồng,000,,vnd,000 dong
threshold_condition_article_263_clause_1_point_b_61_tro_len,crime_263,article_263,263,condition_article_263_clause_1_point_b,Condition,61% trở lên,61,,percent,61 tro len
threshold_condition_article_263_clause_1_point_c_tu_61_den_121,crime_263,article_263,263,condition_article_263_clause_1_point_c,Condition,từ 61% đến 121%,61,121,percent,tu 61 den 121
threshold_condition_article_263_clause_1_point_d_000_000_dong_den,crime_263,article_263,263,condition_article_263_clause_1_point_d,Condition,000.000 đồng đến,000.000,,vnd,000 000 dong den
threshold_condition_article_263_clause_1_point_d_000_000_dong,crime_263,article_263,263,condition_article_263_clause_1_point_d,Condition,000.000 đồng,000.000,,vnd,000 000 dong
threshold_condition_article_263_clause_2_point_b_tu_122_den_200,crime_263,article_263,263,condition_article_263_clause_2_point_b,Condition,từ 122% đến 200%,122,200,percent,tu 122 den 200
threshold_condition_article_263_clause_2_point_c_000_000_dong_den,crime_263,article_263,263,condition_article_263_clause_2_point_c,Condition,000.000 đồng đến,000.000,,vnd,000 000 dong den
threshold_condition_article_263_clause_2_point_c_000_000_dong,crime_263,article_263,263,condition_article_263_clause_2_point_c,Condition,000.000 đồng,000.000,,vnd,000 000 dong
threshold_condition_article_263_clause_3_point_b_201_tro_len,crime_263,article_263,263,condition_article_263_clause_3_point_b,Condition,201% trở lên,201,,percent,201 tro len
threshold_condition_article_263_clause_3_point_c_000_000_dong_tro_len,crime_263,article_263,263,condition_article_263_clause_3_point_c,Condition,000.000 đồng trở lên,000.000,,vnd,000 000 dong tro len
threshold_article_263_clause_1_000_000_dong_den_100_000,crime_263,article_263,263,article_263_clause_1,Clause,000.000 đồng đến 100.000,000.000,100.000,vnd,000 000 dong den 100 000
threshold_article_263_clause_1_000_dong,crime_263,article_263,263,article_263_clause_1,Clause,000 đồng,000,,vnd,000 dong
threshold_article_263_clause_1_000_000_dong_den,crime_263,article_263,263,article_263_clause_1,Clause,000.000 đồng đến,000.000,,vnd,000 000 dong den
threshold_article_263_clause_1_000_000_dong,crime_263,article_263,263,article_263_clause_1,Clause,000.000 đồng,000.000,,vnd,000 000 dong
threshold_article_263_clause_1_61_tro_len,crime_263,article_263,263,article_263_clause_1,Clause,61% trở lên,61,,percent,61 tro len
threshold_article_263_clause_1_tu_61_den_121,crime_263,article_263,263,article_263_clause_1,Clause,từ 61% đến 121%,61,121,percent,tu 61 den 121
threshold_article_263_clause_2_000_000_dong_den,crime_263,article_263,263,article_263_clause_2,Clause,000.000 đồng đến,000.000,,vnd,000 000 dong den
threshold_article_263_clause_2_000_000_dong,crime_263,article_263,263,article_263_clause_2,Clause,000.000 đồng,000.000,,vnd,000 000 dong
threshold_article_263_clause_2_tu_122_den_200,crime_263,article_263,263,article_263_clause_2,Clause,từ 122% đến 200%,122,200,percent,tu 122 den 200
threshold_article_263_clause_3_000_000_dong_tro_len,crime_263,article_263,263,article_263_clause_3,Clause,000.000 đồng trở lên,000.000,,vnd,000 000 dong tro len
threshold_article_263_clause_3_201_tro_len,crime_263,article_263,263,article_263_clause_3,Clause,201% trở lên,201,,percent,201 tro len
threshold_article_263_clause_4_000_000_dong_den_30_000,crime_263,article_263,263,article_263_clause_4,Clause,000.000 đồng đến 30.000,000.000,30.000,vnd,000 000 dong den 30 000
threshold_article_263_clause_4_000_dong,crime_263,article_263,263,article_263_clause_4,Clause,000 đồng,000,,vnd,000 dong
threshold_article_263_clause_1_point_b_61_tro_len,crime_263,article_263,263,article_263_clause_1_point_b,Point,61% trở lên,61,,percent,61 tro len
threshold_article_263_clause_1_point_c_tu_61_den_121,crime_263,article_263,263,article_263_clause_1_point_c,Point,từ 61% đến 121%,61,121,percent,tu 61 den 121
threshold_article_263_clause_1_point_d_000_000_dong_den,crime_263,article_263,263,article_263_clause_1_point_d,Point,000.000 đồng đến,000.000,,vnd,000 000 dong den
threshold_article_263_clause_1_point_d_000_000_dong,crime_263,article_263,263,article_263_clause_1_point_d,Point,000.000 đồng,000.000,,vnd,000 000 dong
threshold_article_263_clause_2_point_b_tu_122_den_200,crime_263,article_263,263,article_263_clause_2_point_b,Point,từ 122% đến 200%,122,200,percent,tu 122 den 200
threshold_article_263_clause_2_point_c_000_000_dong_den,crime_263,article_263,263,article_263_clause_2_point_c,Point,000.000 đồng đến,000.000,,vnd,000 000 dong den
threshold_article_263_clause_2_point_c_000_000_dong,crime_263,article_263,263,article_263_clause_2_point_c,Point,000.000 đồng,000.000,,vnd,000 000 dong
threshold_article_263_clause_3_point_b_201_tro_len,crime_263,article_263,263,article_263_clause_3_point_b,Point,201% trở lên,201,,percent,201 tro len
threshold_article_263_clause_3_point_c_000_000_dong_tro_len,crime_263,article_263,263,article_263_clause_3_point_c,Point,000.000 đồng trở lên,000.000,,vnd,000 000 dong tro len
threshold_condition_article_264_clause_4_000_000_dong_den_30_000,crime_264,article_264,264,condition_article_264_clause_4,Condition,000.000 đồng đến 30.000,000.000,30.000,vnd,000 000 dong den 30 000
threshold_condition_article_264_clause_4_000_dong,crime_264,article_264,264,condition_article_264_clause_4,Condition,000 đồng,000,,vnd,000 dong
threshold_condition_article_264_clause_1_point_b_61_tro_len,crime_264,article_264,264,condition_article_264_clause_1_point_b,Condition,61% trở lên,61,,percent,61 tro len
threshold_condition_article_264_clause_1_point_c_tu_61_den_121,crime_264,article_264,264,condition_article_264_clause_1_point_c,Condition,từ 61% đến 121%,61,121,percent,tu 61 den 121
threshold_condition_article_264_clause_1_point_d_000_000_dong_den,crime_264,article_264,264,condition_article_264_clause_1_point_d,Condition,000.000 đồng đến,000.000,,vnd,000 000 dong den
threshold_condition_article_264_clause_1_point_d_000_000_dong,crime_264,article_264,264,condition_article_264_clause_1_point_d,Condition,000.000 đồng,000.000,,vnd,000 000 dong
threshold_condition_article_264_clause_2_point_b_tu_122_den_200,crime_264,article_264,264,condition_article_264_clause_2_point_b,Condition,từ 122% đến 200%,122,200,percent,tu 122 den 200
threshold_condition_article_264_clause_2_point_c_000_000_dong_den,crime_264,article_264,264,condition_article_264_clause_2_point_c,Condition,000.000 đồng đến,000.000,,vnd,000 000 dong den
threshold_condition_article_264_clause_2_point_c_000_000_dong,crime_264,article_264,264,condition_article_264_clause_2_point_c,Condition,000.000 đồng,000.000,,vnd,000 000 dong
threshold_condition_article_264_clause_3_point_b_201_tro_len,crime_264,article_264,264,condition_article_264_clause_3_point_b,Condition,201% trở lên,201,,percent,201 tro len
threshold_condition_article_264_clause_3_point_c_000_000_dong_tro_len,crime_264,article_264,264,condition_article_264_clause_3_point_c,Condition,000.000 đồng trở lên,000.000,,vnd,000 000 dong tro len
threshold_article_264_clause_1_000_000_dong_den_50_000,crime_264,article_264,264,article_264_clause_1,Clause,000.000 đồng đến 50.000,000.000,50.000,vnd,000 000 dong den 50 000
threshold_article_264_clause_1_000_dong,crime_264,article_264,264,article_264_clause_1,Clause,000 đồng,000,,vnd,000 dong
threshold_article_264_clause_1_000_000_dong_den,crime_264,article_264,264,article_264_clause_1,Clause,000.000 đồng đến,000.000,,vnd,000 000 dong den
threshold_article_264_clause_1_000_000_dong,crime_264,article_264,264,article_264_clause_1,Clause,000.000 đồng,000.000,,vnd,000 000 dong
threshold_article_264_clause_1_61_tro_len,crime_264,article_264,264,article_264_clause_1,Clause,61% trở lên,61,,percent,61 tro len
threshold_article_264_clause_1_tu_61_den_121,crime_264,article_264,264,article_264_clause_1,Clause,từ 61% đến 121%,61,121,percent,tu 61 den 121
threshold_article_264_clause_2_000_000_dong_den_200_000,crime_264,article_264,264,article_264_clause_2,Clause,000.000 đồng đến 200.000,000.000,200.000,vnd,000 000 dong den 200 000
threshold_article_264_clause_2_000_dong,crime_264,article_264,264,article_264_clause_2,Clause,000 đồng,000,,vnd,000 dong
threshold_article_264_clause_2_000_000_dong_den,crime_264,article_264,264,article_264_clause_2,Clause,000.000 đồng đến,000.000,,vnd,000 000 dong den
threshold_article_264_clause_2_000_000_dong,crime_264,article_264,264,article_264_clause_2,Clause,000.000 đồng,000.000,,vnd,000 000 dong
threshold_article_264_clause_2_tu_122_den_200,crime_264,article_264,264,article_264_clause_2,Clause,từ 122% đến 200%,122,200,percent,tu 122 den 200
threshold_article_264_clause_3_000_000_dong_tro_len,crime_264,article_264,264,article_264_clause_3,Clause,000.000 đồng trở lên,000.000,,vnd,000 000 dong tro len
threshold_article_264_clause_3_201_tro_len,crime_264,article_264,264,article_264_clause_3,Clause,201% trở lên,201,,percent,201 tro len
threshold_article_264_clause_4_000_000_dong_den_30_000,crime_264,article_264,264,article_264_clause_4,Clause,000.000 đồng đến 30.000,000.000,30.000,vnd,000 000 dong den 30 000
threshold_article_264_clause_4_000_dong,crime_264,article_264,264,article_264_clause_4,Clause,000 đồng,000,,vnd,000 dong
threshold_article_264_clause_1_point_b_61_tro_len,crime_264,article_264,264,article_264_clause_1_point_b,Point,61% trở lên,61,,percent,61 tro len
threshold_article_264_clause_1_point_c_tu_61_den_121,crime_264,article_264,264,article_264_clause_1_point_c,Point,từ 61% đến 121%,61,121,percent,tu 61 den 121
threshold_article_264_clause_1_point_d_000_000_dong_den,crime_264,article_264,264,article_264_clause_1_point_d,Point,000.000 đồng đến,000.000,,vnd,000 000 dong den
threshold_article_264_clause_1_point_d_000_000_dong,crime_264,article_264,264,article_264_clause_1_point_d,Point,000.000 đồng,000.000,,vnd,000 000 dong
threshold_article_264_clause_2_point_b_tu_122_den_200,crime_264,article_264,264,article_264_clause_2_point_b,Point,từ 122% đến 200%,122,200,percent,tu 122 den 200
threshold_article_264_clause_2_point_c_000_000_dong_den,crime_264,article_264,264,article_264_clause_2_point_c,Point,000.000 đồng đến,000.000,,vnd,000 000 dong den
threshold_article_264_clause_2_point_c_000_000_dong,crime_264,article_264,264,article_264_clause_2_point_c,Point,000.000 đồng,000.000,,vnd,000 000 dong
threshold_article_264_clause_3_point_b_201_tro_len,crime_264,article_264,264,article_264_clause_3_point_b,Point,201% trở lên,201,,percent,201 tro len
threshold_article_264_clause_3_point_c_000_000_dong_tro_len,crime_264,article_264,264,article_264_clause_3_point_c,Point,000.000 đồng trở lên,000.000,,vnd,000 000 dong tro len
threshold_condition_article_265_clause_5_000_000_dong_den_50_000,crime_265,article_265,265,condition_article_265_clause_5,Condition,000.000 đồng đến 50.000,000.000,50.000,vnd,000 000 dong den 50 000
threshold_condition_article_265_clause_5_000_dong,crime_265,article_265,265,condition_article_265_clause_5,Condition,000 đồng,000,,vnd,000 dong
threshold_condition_article_265_clause_2_point_g_61_tro_len,crime_265,article_265,265,condition_article_265_clause_2_point_g,Condition,61% trở lên,61,,percent,61 tro len
threshold_condition_article_265_clause_2_point_h_tu_61_den_121,crime_265,article_265,265,condition_article_265_clause_2_point_h,Condition,từ 61% đến 121%,61,121,percent,tu 61 den 121
threshold_condition_article_265_clause_2_point_i_000_000_dong_den,crime_265,article_265,265,condition_article_265_clause_2_point_i,Condition,000.000 đồng đến,000.000,,vnd,000 000 dong den
threshold_condition_article_265_clause_2_point_i_000_000_dong,crime_265,article_265,265,condition_article_265_clause_2_point_i,Condition,000.000 đồng,000.000,,vnd,000 000 dong
threshold_condition_article_265_clause_3_point_b_tu_122_den_200,crime_265,article_265,265,condition_article_265_clause_3_point_b,Condition,từ 122% đến 200%,122,200,percent,tu 122 den 200
threshold_condition_article_265_clause_3_point_c_000_000_dong_den,crime_265,article_265,265,condition_article_265_clause_3_point_c,Condition,000.000 đồng đến,000.000,,vnd,000 000 dong den
threshold_condition_article_265_clause_3_point_c_000_000_dong,crime_265,article_265,265,condition_article_265_clause_3_point_c,Condition,000.000 đồng,000.000,,vnd,000 000 dong
threshold_condition_article_265_clause_4_point_b_201_tro_len,crime_265,article_265,265,condition_article_265_clause_4_point_b,Condition,201% trở lên,201,,percent,201 tro len
threshold_condition_article_265_clause_4_point_c_000_000_dong_tro_len,crime_265,article_265,265,condition_article_265_clause_4_point_c,Condition,000.000 đồng trở lên,000.000,,vnd,000 000 dong tro len
threshold_article_265_clause_1_000_000_dong_den_100_000,crime_265,article_265,265,article_265_clause_1,Clause,000.000 đồng đến 100.000,000.000,100.000,vnd,000 000 dong den 100 000
threshold_article_265_clause_1_000_dong,crime_265,article_265,265,article_265_clause_1,Clause,000 đồng,000,,vnd,000 dong
threshold_article_265_clause_2_000_000_dong_den_500_000,crime_265,article_265,265,article_265_clause_2,Clause,000.000 đồng đến 500.000,000.000,500.000,vnd,000 000 dong den 500 000
threshold_article_265_clause_2_000_dong,crime_265,article_265,265,article_265_clause_2,Clause,000 đồng,000,,vnd,000 dong
threshold_article_265_clause_2_000_000_dong_den,crime_265,article_265,265,article_265_clause_2,Clause,000.000 đồng đến,000.000,,vnd,000 000 dong den
threshold_article_265_clause_2_000_000_dong,crime_265,article_265,265,article_265_clause_2,Clause,000.000 đồng,000.000,,vnd,000 000 dong
threshold_article_265_clause_2_61_tro_len,crime_265,article_265,265,article_265_clause_2,Clause,61% trở lên,61,,percent,61 tro len
threshold_article_265_clause_2_tu_61_den_121,crime_265,article_265,265,article_265_clause_2,Clause,từ 61% đến 121%,61,121,percent,tu 61 den 121
threshold_article_265_clause_3_000_000_dong_den,crime_265,article_265,265,article_265_clause_3,Clause,000.000 đồng đến,000.000,,vnd,000 000 dong den
threshold_article_265_clause_3_000_000_dong,crime_265,article_265,265,article_265_clause_3,Clause,000.000 đồng,000.000,,vnd,000 000 dong
threshold_article_265_clause_3_tu_122_den_200,crime_265,article_265,265,article_265_clause_3,Clause,từ 122% đến 200%,122,200,percent,tu 122 den 200
threshold_article_265_clause_4_000_000_dong_tro_len,crime_265,article_265,265,article_265_clause_4,Clause,000.000 đồng trở lên,000.000,,vnd,000 000 dong tro len
threshold_article_265_clause_4_201_tro_len,crime_265,article_265,265,article_265_clause_4,Clause,201% trở lên,201,,percent,201 tro len
threshold_article_265_clause_5_000_000_dong_den_50_000,crime_265,article_265,265,article_265_clause_5,Clause,000.000 đồng đến 50.000,000.000,50.000,vnd,000 000 dong den 50 000
threshold_article_265_clause_5_000_dong,crime_265,article_265,265,article_265_clause_5,Clause,000 đồng,000,,vnd,000 dong
threshold_article_265_clause_2_point_g_61_tro_len,crime_265,article_265,265,article_265_clause_2_point_g,Point,61% trở lên,61,,percent,61 tro len
threshold_article_265_clause_2_point_h_tu_61_den_121,crime_265,article_265,265,article_265_clause_2_point_h,Point,từ 61% đến 121%,61,121,percent,tu 61 den 121
threshold_article_265_clause_2_point_i_000_000_dong_den,crime_265,article_265,265,article_265_clause_2_point_i,Point,000.000 đồng đến,000.000,,vnd,000 000 dong den
threshold_article_265_clause_2_point_i_000_000_dong,crime_265,article_265,265,article_265_clause_2_point_i,Point,000.000 đồng,000.000,,vnd,000 000 dong
threshold_article_265_clause_3_point_b_tu_122_den_200,crime_265,article_265,265,article_265_clause_3_point_b,Point,từ 122% đến 200%,122,200,percent,tu 122 den 200
threshold_article_265_clause_3_point_c_000_000_dong_den,crime_265,article_265,265,article_265_clause_3_point_c,Point,000.000 đồng đến,000.000,,vnd,000 000 dong den
threshold_article_265_clause_3_point_c_000_000_dong,crime_265,article_265,265,article_265_clause_3_point_c,Point,000.000 đồng,000.000,,vnd,000 000 dong
threshold_article_265_clause_4_point_b_201_tro_len,crime_265,article_265,265,article_265_clause_4_point_b,Point,201% trở lên,201,,percent,201 tro len
threshold_article_265_clause_4_point_c_000_000_dong_tro_len,crime_265,article_265,265,article_265_clause_4_point_c,Point,000.000 đồng trở lên,000.000,,vnd,000 000 dong tro len
threshold_condition_article_266_clause_5_000_000_dong_den_50_000,crime_266,article_266,266,condition_article_266_clause_5,Condition,000.000 đồng đến 50.000,000.000,50.000,vnd,000 000 dong den 50 000
threshold_condition_article_266_clause_5_000_dong,crime_266,article_266,266,condition_article_266_clause_5,Condition,000 đồng,000,,vnd,000 dong
threshold_condition_article_266_clause_1_point_a_tu_31_den_60,crime_266,article_266,266,condition_article_266_clause_1_point_a,Condition,từ 31% đến 60%,31,60,percent,tu 31 den 60
threshold_condition_article_266_clause_1_point_b_000_000_dong_den,crime_266,article_266,266,condition_article_266_clause_1_point_b,Condition,000.000 đồng đến,000.000,,vnd,000 000 dong den
threshold_condition_article_266_clause_1_point_b_000_000_dong,crime_266,article_266,266,condition_article_266_clause_1_point_b,Condition,000.000 đồng,000.000,,vnd,000 000 dong
threshold_condition_article_266_clause_2_point_b_61_tro_len,crime_266,article_266,266,condition_article_266_clause_2_point_b,Condition,61% trở lên,61,,percent,61 tro len
threshold_condition_article_266_clause_2_point_c_tu_61_den_121,crime_266,article_266,266,condition_article_266_clause_2_point_c,Condition,từ 61% đến 121%,61,121,percent,tu 61 den 121
threshold_condition_article_266_clause_2_point_d_000_000_dong_den,crime_266,article_266,266,condition_article_266_clause_2_point_d,Condition,000.000 đồng đến,000.000,,vnd,000 000 dong den
threshold_condition_article_266_clause_2_point_d_000_000_dong,crime_266,article_266,266,condition_article_266_clause_2_point_d,Condition,000.000 đồng,000.000,,vnd,000 000 dong
threshold_condition_article_266_clause_3_point_b_tu_122_den_200,crime_266,article_266,266,condition_article_266_clause_3_point_b,Condition,từ 122% đến 200%,122,200,percent,tu 122 den 200
threshold_condition_article_266_clause_3_point_c_000_000_dong_den,crime_266,article_266,266,condition_article_266_clause_3_point_c,Condition,000.000 đồng đến,000.000,,vnd,000 000 dong den
threshold_condition_article_266_clause_3_point_c_000_000_dong,crime_266,article_266,266,condition_article_266_clause_3_point_c,Condition,000.000 đồng,000.000,,vnd,000 000 dong
threshold_condition_article_266_clause_4_point_b_201_tro_len,crime_266,article_266,266,condition_article_266_clause_4_point_b,Condition,201% trở lên,201,,percent,201 tro len
threshold_condition_article_266_clause_4_point_c_000_000_dong_tro_len,crime_266,article_266,266,condition_article_266_clause_4_point_c,Condition,000.000 đồng trở lên,000.000,,vnd,000 000 dong tro len
threshold_article_266_clause_1_000_000_dong_den_50_000,crime_266,article_266,266,article_266_clause_1,Clause,000.000 đồng đến 50.000,000.000,50.000,vnd,000 000 dong den 50 000
threshold_article_266_clause_1_000_dong,crime_266,article_266,266,article_266_clause_1,Clause,000 đồng,000,,vnd,000 dong
threshold_article_266_clause_1_000_000_dong_den,crime_266,article_266,266,article_266_clause_1,Clause,000.000 đồng đến,000.000,,vnd,000 000 dong den
threshold_article_266_clause_1_000_000_dong,crime_266,article_266,266,article_266_clause_1,Clause,000.000 đồng,000.000,,vnd,000 000 dong
threshold_article_266_clause_1_tu_31_den_60,crime_266,article_266,266,article_266_clause_1,Clause,từ 31% đến 60%,31,60,percent,tu 31 den 60
threshold_article_266_clause_2_000_000_dong_den_150_000,crime_266,article_266,266,article_266_clause_2,Clause,000.000 đồng đến 150.000,000.000,150.000,vnd,000 000 dong den 150 000
threshold_article_266_clause_2_000_dong,crime_266,article_266,266,article_266_clause_2,Clause,000 đồng,000,,vnd,000 dong
threshold_article_266_clause_2_000_000_dong_den,crime_266,article_266,266,article_266_clause_2,Clause,000.000 đồng đến,000.000,,vnd,000 000 dong den
threshold_article_266_clause_2_000_000_dong,crime_266,article_266,266,article_266_clause_2,Clause,000.000 đồng,000.000,,vnd,000 000 dong
threshold_article_266_clause_2_61_tro_len,crime_266,article_266,266,article_266_clause_2,Clause,61% trở lên,61,,percent,61 tro len
threshold_article_266_clause_2_tu_61_den_121,crime_266,article_266,266,article_266_clause_2,Clause,từ 61% đến 121%,61,121,percent,tu 61 den 121
threshold_article_266_clause_3_000_000_dong_den,crime_266,article_266,266,article_266_clause_3,Clause,000.000 đồng đến,000.000,,vnd,000 000 dong den
threshold_article_266_clause_3_000_000_dong,crime_266,article_266,266,article_266_clause_3,Clause,000.000 đồng,000.000,,vnd,000 000 dong
threshold_article_266_clause_3_tu_122_den_200,crime_266,article_266,266,article_266_clause_3,Clause,từ 122% đến 200%,122,200,percent,tu 122 den 200
threshold_article_266_clause_4_000_000_dong_tro_len,crime_266,article_266,266,article_266_clause_4,Clause,000.000 đồng trở lên,000.000,,vnd,000 000 dong tro len
threshold_article_266_clause_4_201_tro_len,crime_266,article_266,266,article_266_clause_4,Clause,201% trở lên,201,,percent,201 tro len
threshold_article_266_clause_5_000_000_dong_den_50_000,crime_266,article_266,266,article_266_clause_5,Clause,000.000 đồng đến 50.000,000.000,50.000,vnd,000 000 dong den 50 000
threshold_article_266_clause_5_000_dong,crime_266,article_266,266,article_266_clause_5,Clause,000 đồng,000,,vnd,000 dong
threshold_article_266_clause_1_point_a_tu_31_den_60,crime_266,article_266,266,article_266_clause_1_point_a,Point,từ 31% đến 60%,31,60,percent,tu 31 den 60
threshold_article_266_clause_1_point_b_000_000_dong_den,crime_266,article_266,266,article_266_clause_1_point_b,Point,000.000 đồng đến,000.000,,vnd,000 000 dong den
threshold_article_266_clause_1_point_b_000_000_dong,crime_266,article_266,266,article_266_clause_1_point_b,Point,000.000 đồng,000.000,,vnd,000 000 dong
threshold_article_266_clause_2_point_b_61_tro_len,crime_266,article_266,266,article_266_clause_2_point_b,Point,61% trở lên,61,,percent,61 tro len
threshold_article_266_clause_2_point_c_tu_61_den_121,crime_266,article_266,266,article_266_clause_2_point_c,Point,từ 61% đến 121%,61,121,percent,tu 61 den 121
threshold_article_266_clause_2_point_d_000_000_dong_den,crime_266,article_266,266,article_266_clause_2_point_d,Point,000.000 đồng đến,000.000,,vnd,000 000 dong den
threshold_article_266_clause_2_point_d_000_000_dong,crime_266,article_266,266,article_266_clause_2_point_d,Point,000.000 đồng,000.000,,vnd,000 000 dong
threshold_article_266_clause_3_point_b_tu_122_den_200,crime_266,article_266,266,article_266_clause_3_point_b,Point,từ 122% đến 200%,122,200,percent,tu 122 den 200
threshold_article_266_clause_3_point_c_000_000_dong_den,crime_266,article_266,266,article_266_clause_3_point_c,Point,000.000 đồng đến,000.000,,vnd,000 000 dong den
threshold_article_266_clause_3_point_c_000_000_dong,crime_266,article_266,266,article_266_clause_3_point_c,Point,000.000 đồng,000.000,,vnd,000 000 dong
threshold_article_266_clause_4_point_b_201_tro_len,crime_266,article_266,266,article_266_clause_4_point_b,Point,201% trở lên,201,,percent,201 tro len
threshold_article_266_clause_4_point_c_000_000_dong_tro_len,crime_266,article_266,266,article_266_clause_4_point_c,Point,000.000 đồng trở lên,000.000,,vnd,000 000 dong tro len
threshold_condition_article_267_clause_1_point_b_61_tro_len,crime_267,article_267,267,condition_article_267_clause_1_point_b,Condition,61% trở lên,61,,percent,61 tro len
threshold_condition_article_267_clause_1_point_c_tu_61_den_121,crime_267,article_267,267,condition_article_267_clause_1_point_c,Condition,từ 61% đến 121%,61,121,percent,tu 61 den 121
threshold_condition_article_267_clause_1_point_d_000_000_dong_den,crime_267,article_267,267,condition_article_267_clause_1_point_d,Condition,000.000 đồng đến,000.000,,vnd,000 000 dong den
threshold_condition_article_267_clause_1_point_d_000_000_dong,crime_267,article_267,267,condition_article_267_clause_1_point_d,Condition,000.000 đồng,000.000,,vnd,000 000 dong
threshold_condition_article_267_clause_2_point_e_tu_122_den_200,crime_267,article_267,267,condition_article_267_clause_2_point_e,Condition,từ 122% đến 200%,122,200,percent,tu 122 den 200
threshold_condition_article_267_clause_2_point_g_000_000_dong_den,crime_267,article_267,267,condition_article_267_clause_2_point_g,Condition,000.000 đồng đến,000.000,,vnd,000 000 dong den
threshold_condition_article_267_clause_2_point_g_000_000_dong,crime_267,article_267,267,condition_article_267_clause_2_point_g,Condition,000.000 đồng,000.000,,vnd,000 000 dong
threshold_condition_article_267_clause_3_point_b_201_tro_len,crime_267,article_267,267,condition_article_267_clause_3_point_b,Condition,201% trở lên,201,,percent,201 tro len
threshold_condition_article_267_clause_3_point_c_000_000_dong_tro_len,crime_267,article_267,267,condition_article_267_clause_3_point_c,Condition,000.000 đồng trở lên,000.000,,vnd,000 000 dong tro len
threshold_article_267_clause_1_000_000_dong_den_200_000,crime_267,article_267,267,article_267_clause_1,Clause,000.000 đồng đến 200.000,000.000,200.000,vnd,000 000 dong den 200 000
threshold_article_267_clause_1_000_dong,crime_267,article_267,267,article_267_clause_1,Clause,000 đồng,000,,vnd,000 dong
threshold_article_267_clause_1_000_000_dong_den,crime_267,article_267,267,article_267_clause_1,Clause,000.000 đồng đến,000.000,,vnd,000 000 dong den
threshold_article_267_clause_1_000_000_dong,crime_267,article_267,267,article_267_clause_1,Clause,000.000 đồng,000.000,,vnd,000 000 dong
threshold_article_267_clause_1_61_tro_len,crime_267,article_267,267,article_267_clause_1,Clause,61% trở lên,61,,percent,61 tro len
threshold_article_267_clause_1_tu_61_den_121,crime_267,article_267,267,article_267_clause_1,Clause,từ 61% đến 121%,61,121,percent,tu 61 den 121
threshold_article_267_clause_2_000_000_dong_den,crime_267,article_267,267,article_267_clause_2,Clause,000.000 đồng đến,000.000,,vnd,000 000 dong den
threshold_article_267_clause_2_000_000_dong,crime_267,article_267,267,article_267_clause_2,Clause,000.000 đồng,000.000,,vnd,000 000 dong
threshold_article_267_clause_2_tu_122_den_200,crime_267,article_267,267,article_267_clause_2,Clause,từ 122% đến 200%,122,200,percent,tu 122 den 200
threshold_article_267_clause_3_000_000_dong_tro_len,crime_267,article_267,267,article_267_clause_3,Clause,000.000 đồng trở lên,000.000,,vnd,000 000 dong tro len
threshold_article_267_clause_3_201_tro_len,crime_267,article_267,267,article_267_clause_3,Clause,201% trở lên,201,,percent,201 tro len
threshold_article_267_clause_4_000_000_dong_den_50_000,crime_267,article_267,267,article_267_clause_4,Clause,000.000 đồng đến 50.000,000.000,50.000,vnd,000 000 dong den 50 000
threshold_article_267_clause_4_000_dong,crime_267,article_267,267,article_267_clause_4,Clause,000 đồng,000,,vnd,000 dong
threshold_article_267_clause_1_point_b_61_tro_len,crime_267,article_267,267,article_267_clause_1_point_b,Point,61% trở lên,61,,percent,61 tro len
threshold_article_267_clause_1_point_c_tu_61_den_121,crime_267,article_267,267,article_267_clause_1_point_c,Point,từ 61% đến 121%,61,121,percent,tu 61 den 121
threshold_article_267_clause_1_point_d_000_000_dong_den,crime_267,article_267,267,article_267_clause_1_point_d,Point,000.000 đồng đến,000.000,,vnd,000 000 dong den
threshold_article_267_clause_1_point_d_000_000_dong,crime_267,article_267,267,article_267_clause_1_point_d,Point,000.000 đồng,000.000,,vnd,000 000 dong
threshold_article_267_clause_2_point_e_tu_122_den_200,crime_267,article_267,267,article_267_clause_2_point_e,Point,từ 122% đến 200%,122,200,percent,tu 122 den 200
threshold_article_267_clause_2_point_g_000_000_dong_den,crime_267,article_267,267,article_267_clause_2_point_g,Point,000.000 đồng đến,000.000,,vnd,000 000 dong den
threshold_article_267_clause_2_point_g_000_000_dong,crime_267,article_267,267,article_267_clause_2_point_g,Point,000.000 đồng,000.000,,vnd,000 000 dong
threshold_article_267_clause_3_point_b_201_tro_len,crime_267,article_267,267,article_267_clause_3_point_b,Point,201% trở lên,201,,percent,201 tro len
threshold_article_267_clause_3_point_c_000_000_dong_tro_len,crime_267,article_267,267,article_267_clause_3_point_c,Point,000.000 đồng trở lên,000.000,,vnd,000 000 dong tro len
threshold_condition_article_268_clause_1_point_b_61_tro_len,crime_268,article_268,268,condition_article_268_clause_1_point_b,Condition,61% trở lên,61,,percent,61 tro len
threshold_condition_article_268_clause_1_point_c_tu_61_den_121,crime_268,article_268,268,condition_article_268_clause_1_point_c,Condition,từ 61% đến 121%,61,121,percent,tu 61 den 121
threshold_condition_article_268_clause_1_point_d_000_000_dong_den,crime_268,article_268,268,condition_article_268_clause_1_point_d,Condition,000.000 đồng đến,000.000,,vnd,000 000 dong den
threshold_condition_article_268_clause_1_point_d_000_000_dong,crime_268,article_268,268,condition_article_268_clause_1_point_d,Condition,000.000 đồng,000.000,,vnd,000 000 dong
threshold_condition_article_268_clause_2_point_b_tu_122_den_200,crime_268,article_268,268,condition_article_268_clause_2_point_b,Condition,từ 122% đến 200%,122,200,percent,tu 122 den 200
threshold_condition_article_268_clause_2_point_c_000_000_dong_den,crime_268,article_268,268,condition_article_268_clause_2_point_c,Condition,000.000 đồng đến,000.000,,vnd,000 000 dong den
threshold_condition_article_268_clause_2_point_c_000_000_dong,crime_268,article_268,268,condition_article_268_clause_2_point_c,Condition,000.000 đồng,000.000,,vnd,000 000 dong
threshold_condition_article_268_clause_3_point_b_201_tro_len,crime_268,article_268,268,condition_article_268_clause_3_point_b,Condition,201% trở lên,201,,percent,201 tro len
threshold_condition_article_268_clause_3_point_c_000_000_dong_tro_len,crime_268,article_268,268,condition_article_268_clause_3_point_c,Condition,000.000 đồng trở lên,000.000,,vnd,000 000 dong tro len
threshold_article_268_clause_1_000_000_dong_den_100_000,crime_268,article_268,268,article_268_clause_1,Clause,000.000 đồng đến 100.000,000.000,100.000,vnd,000 000 dong den 100 000
threshold_article_268_clause_1_000_dong,crime_268,article_268,268,article_268_clause_1,Clause,000 đồng,000,,vnd,000 dong
threshold_article_268_clause_1_000_000_dong_den,crime_268,article_268,268,article_268_clause_1,Clause,000.000 đồng đến,000.000,,vnd,000 000 dong den
threshold_article_268_clause_1_000_000_dong,crime_268,article_268,268,article_268_clause_1,Clause,000.000 đồng,000.000,,vnd,000 000 dong
threshold_article_268_clause_1_61_tro_len,crime_268,article_268,268,article_268_clause_1,Clause,61% trở lên,61,,percent,61 tro len
threshold_article_268_clause_1_tu_61_den_121,crime_268,article_268,268,article_268_clause_1,Clause,từ 61% đến 121%,61,121,percent,tu 61 den 121
threshold_article_268_clause_2_000_000_dong_den,crime_268,article_268,268,article_268_clause_2,Clause,000.000 đồng đến,000.000,,vnd,000 000 dong den
threshold_article_268_clause_2_000_000_dong,crime_268,article_268,268,article_268_clause_2,Clause,000.000 đồng,000.000,,vnd,000 000 dong
threshold_article_268_clause_2_tu_122_den_200,crime_268,article_268,268,article_268_clause_2,Clause,từ 122% đến 200%,122,200,percent,tu 122 den 200
threshold_article_268_clause_3_000_000_dong_tro_len,crime_268,article_268,268,article_268_clause_3,Clause,000.000 đồng trở lên,000.000,,vnd,000 000 dong tro len
threshold_article_268_clause_3_201_tro_len,crime_268,article_268,268,article_268_clause_3,Clause,201% trở lên,201,,percent,201 tro len
threshold_article_268_clause_4_000_000_dong_den_50_000,crime_268,article_268,268,article_268_clause_4,Clause,000.000 đồng đến 50.000,000.000,50.000,vnd,000 000 dong den 50 000
threshold_article_268_clause_4_000_dong,crime_268,article_268,268,article_268_clause_4,Clause,000 đồng,000,,vnd,000 dong
threshold_article_268_clause_1_point_b_61_tro_len,crime_268,article_268,268,article_268_clause_1_point_b,Point,61% trở lên,61,,percent,61 tro len
threshold_article_268_clause_1_point_c_tu_61_den_121,crime_268,article_268,268,article_268_clause_1_point_c,Point,từ 61% đến 121%,61,121,percent,tu 61 den 121
threshold_article_268_clause_1_point_d_000_000_dong_den,crime_268,article_268,268,article_268_clause_1_point_d,Point,000.000 đồng đến,000.000,,vnd,000 000 dong den
threshold_article_268_clause_1_point_d_000_000_dong,crime_268,article_268,268,article_268_clause_1_point_d,Point,000.000 đồng,000.000,,vnd,000 000 dong
threshold_article_268_clause_2_point_b_tu_122_den_200,crime_268,article_268,268,article_268_clause_2_point_b,Point,từ 122% đến 200%,122,200,percent,tu 122 den 200
threshold_article_268_clause_2_point_c_000_000_dong_den,crime_268,article_268,268,article_268_clause_2_point_c,Point,000.000 đồng đến,000.000,,vnd,000 000 dong den
threshold_article_268_clause_2_point_c_000_000_dong,crime_268,article_268,268,article_268_clause_2_point_c,Point,000.000 đồng,000.000,,vnd,000 000 dong
threshold_article_268_clause_3_point_b_201_tro_len,crime_268,article_268,268,article_268_clause_3_point_b,Point,201% trở lên,201,,percent,201 tro len
threshold_article_268_clause_3_point_c_000_000_dong_tro_len,crime_268,article_268,268,article_268_clause_3_point_c,Point,000.000 đồng trở lên,000.000,,vnd,000 000 dong tro len
threshold_condition_article_269_clause_1_point_b_61_tro_len,crime_269,article_269,269,condition_article_269_clause_1_point_b,Condition,61% trở lên,61,,percent,61 tro len
threshold_condition_article_269_clause_1_point_c_tu_61_den_121,crime_269,article_269,269,condition_article_269_clause_1_point_c,Condition,từ 61% đến 121%,61,121,percent,tu 61 den 121
threshold_condition_article_269_clause_1_point_d_000_000_dong_den,crime_269,article_269,269,condition_article_269_clause_1_point_d,Condition,000.000 đồng đến,000.000,,vnd,000 000 dong den
threshold_condition_article_269_clause_1_point_d_000_000_dong,crime_269,article_269,269,condition_article_269_clause_1_point_d,Condition,000.000 đồng,000.000,,vnd,000 000 dong
threshold_condition_article_269_clause_2_point_b_tu_122_den_200,crime_269,article_269,269,condition_article_269_clause_2_point_b,Condition,từ 122% đến 200%,122,200,percent,tu 122 den 200
threshold_condition_article_269_clause_2_point_c_000_000_dong_den,crime_269,article_269,269,condition_article_269_clause_2_point_c,Condition,000.000 đồng đến,000.000,,vnd,000 000 dong den
threshold_condition_article_269_clause_2_point_c_000_000_dong,crime_269,article_269,269,condition_article_269_clause_2_point_c,Condition,000.000 đồng,000.000,,vnd,000 000 dong
threshold_condition_article_269_clause_3_point_b_201_tro_len,crime_269,article_269,269,condition_article_269_clause_3_point_b,Condition,201% trở lên,201,,percent,201 tro len
threshold_condition_article_269_clause_3_point_c_000_000_dong_tro_len,crime_269,article_269,269,condition_article_269_clause_3_point_c,Condition,000.000 đồng trở lên,000.000,,vnd,000 000 dong tro len
threshold_article_269_clause_1_000_000_dong_den_100_000,crime_269,article_269,269,article_269_clause_1,Clause,000.000 đồng đến 100.000,000.000,100.000,vnd,000 000 dong den 100 000
threshold_article_269_clause_1_000_dong,crime_269,article_269,269,article_269_clause_1,Clause,000 đồng,000,,vnd,000 dong
threshold_article_269_clause_1_000_000_dong_den,crime_269,article_269,269,article_269_clause_1,Clause,000.000 đồng đến,000.000,,vnd,000 000 dong den
threshold_article_269_clause_1_000_000_dong,crime_269,article_269,269,article_269_clause_1,Clause,000.000 đồng,000.000,,vnd,000 000 dong
threshold_article_269_clause_1_61_tro_len,crime_269,article_269,269,article_269_clause_1,Clause,61% trở lên,61,,percent,61 tro len
threshold_article_269_clause_1_tu_61_den_121,crime_269,article_269,269,article_269_clause_1,Clause,từ 61% đến 121%,61,121,percent,tu 61 den 121
threshold_article_269_clause_2_000_000_dong_den,crime_269,article_269,269,article_269_clause_2,Clause,000.000 đồng đến,000.000,,vnd,000 000 dong den
threshold_article_269_clause_2_000_000_dong,crime_269,article_269,269,article_269_clause_2,Clause,000.000 đồng,000.000,,vnd,000 000 dong
threshold_article_269_clause_2_tu_122_den_200,crime_269,article_269,269,article_269_clause_2,Clause,từ 122% đến 200%,122,200,percent,tu 122 den 200
threshold_article_269_clause_3_000_000_dong_tro_len,crime_269,article_269,269,article_269_clause_3,Clause,000.000 đồng trở lên,000.000,,vnd,000 000 dong tro len
threshold_article_269_clause_3_201_tro_len,crime_269,article_269,269,article_269_clause_3,Clause,201% trở lên,201,,percent,201 tro len
threshold_article_269_clause_1_point_b_61_tro_len,crime_269,article_269,269,article_269_clause_1_point_b,Point,61% trở lên,61,,percent,61 tro len
threshold_article_269_clause_1_point_c_tu_61_den_121,crime_269,article_269,269,article_269_clause_1_point_c,Point,từ 61% đến 121%,61,121,percent,tu 61 den 121
threshold_article_269_clause_1_point_d_000_000_dong_den,crime_269,article_269,269,article_269_clause_1_point_d,Point,000.000 đồng đến,000.000,,vnd,000 000 dong den
threshold_article_269_clause_1_point_d_000_000_dong,crime_269,article_269,269,article_269_clause_1_point_d,Point,000.000 đồng,000.000,,vnd,000 000 dong
threshold_article_269_clause_2_point_b_tu_122_den_200,crime_269,article_269,269,article_269_clause_2_point_b,Point,từ 122% đến 200%,122,200,percent,tu 122 den 200
threshold_article_269_clause_2_point_c_000_000_dong_den,crime_269,article_269,269,article_269_clause_2_point_c,Point,000.000 đồng đến,000.000,,vnd,000 000 dong den
threshold_article_269_clause_2_point_c_000_000_dong,crime_269,article_269,269,article_269_clause_2_point_c,Point,000.000 đồng,000.000,,vnd,000 000 dong
threshold_article_269_clause_3_point_b_201_tro_len,crime_269,article_269,269,article_269_clause_3_point_b,Point,201% trở lên,201,,percent,201 tro len
threshold_article_269_clause_3_point_c_000_000_dong_tro_len,crime_269,article_269,269,article_269_clause_3_point_c,Point,000.000 đồng trở lên,000.000,,vnd,000 000 dong tro len
threshold_condition_article_270_clause_1_point_b_61_tro_len,crime_270,article_270,270,condition_article_270_clause_1_point_b,Condition,61% trở lên,61,,percent,61 tro len
threshold_condition_article_270_clause_1_point_c_tu_61_den_121,crime_270,article_270,270,condition_article_270_clause_1_point_c,Condition,từ 61% đến 121%,61,121,percent,tu 61 den 121
threshold_condition_article_270_clause_1_point_d_000_000_dong_den,crime_270,article_270,270,condition_article_270_clause_1_point_d,Condition,000.000 đồng đến,000.000,,vnd,000 000 dong den
threshold_condition_article_270_clause_1_point_d_000_000_dong,crime_270,article_270,270,condition_article_270_clause_1_point_d,Condition,000.000 đồng,000.000,,vnd,000 000 dong
threshold_condition_article_270_clause_2_point_b_tu_122_den_200,crime_270,article_270,270,condition_article_270_clause_2_point_b,Condition,từ 122% đến 200%,122,200,percent,tu 122 den 200
threshold_condition_article_270_clause_2_point_c_000_000_dong_den,crime_270,article_270,270,condition_article_270_clause_2_point_c,Condition,000.000 đồng đến,000.000,,vnd,000 000 dong den
threshold_condition_article_270_clause_2_point_c_000_000_dong,crime_270,article_270,270,condition_article_270_clause_2_point_c,Condition,000.000 đồng,000.000,,vnd,000 000 dong
threshold_condition_article_270_clause_3_point_b_201_tro_len,crime_270,article_270,270,condition_article_270_clause_3_point_b,Condition,201% trở lên,201,,percent,201 tro len
threshold_condition_article_270_clause_3_point_c_000_000_dong_tro_len,crime_270,article_270,270,condition_article_270_clause_3_point_c,Condition,000.000 đồng trở lên,000.000,,vnd,000 000 dong tro len
threshold_article_270_clause_1_000_000_dong_den_100_000,crime_270,article_270,270,article_270_clause_1,Clause,000.000 đồng đến 100.000,000.000,100.000,vnd,000 000 dong den 100 000
threshold_article_270_clause_1_000_dong,crime_270,article_270,270,article_270_clause_1,Clause,000 đồng,000,,vnd,000 dong
threshold_article_270_clause_1_000_000_dong_den,crime_270,article_270,270,article_270_clause_1,Clause,000.000 đồng đến,000.000,,vnd,000 000 dong den
threshold_article_270_clause_1_000_000_dong,crime_270,article_270,270,article_270_clause_1,Clause,000.000 đồng,000.000,,vnd,000 000 dong
threshold_article_270_clause_1_61_tro_len,crime_270,article_270,270,article_270_clause_1,Clause,61% trở lên,61,,percent,61 tro len
threshold_article_270_clause_1_tu_61_den_121,crime_270,article_270,270,article_270_clause_1,Clause,từ 61% đến 121%,61,121,percent,tu 61 den 121
threshold_article_270_clause_2_000_000_dong_den,crime_270,article_270,270,article_270_clause_2,Clause,000.000 đồng đến,000.000,,vnd,000 000 dong den
threshold_article_270_clause_2_000_000_dong,crime_270,article_270,270,article_270_clause_2,Clause,000.000 đồng,000.000,,vnd,000 000 dong
threshold_article_270_clause_2_tu_122_den_200,crime_270,article_270,270,article_270_clause_2,Clause,từ 122% đến 200%,122,200,percent,tu 122 den 200
threshold_article_270_clause_3_000_000_dong_tro_len,crime_270,article_270,270,article_270_clause_3,Clause,000.000 đồng trở lên,000.000,,vnd,000 000 dong tro len
threshold_article_270_clause_3_201_tro_len,crime_270,article_270,270,article_270_clause_3,Clause,201% trở lên,201,,percent,201 tro len
threshold_article_270_clause_1_point_b_61_tro_len,crime_270,article_270,270,article_270_clause_1_point_b,Point,61% trở lên,61,,percent,61 tro len
threshold_article_270_clause_1_point_c_tu_61_den_121,crime_270,article_270,270,article_270_clause_1_point_c,Point,từ 61% đến 121%,61,121,percent,tu 61 den 121
threshold_article_270_clause_1_point_d_000_000_dong_den,crime_270,article_270,270,article_270_clause_1_point_d,Point,000.000 đồng đến,000.000,,vnd,000 000 dong den
threshold_article_270_clause_1_point_d_000_000_dong,crime_270,article_270,270,article_270_clause_1_point_d,Point,000.000 đồng,000.000,,vnd,000 000 dong
threshold_article_270_clause_2_point_b_tu_122_den_200,crime_270,article_270,270,article_270_clause_2_point_b,Point,từ 122% đến 200%,122,200,percent,tu 122 den 200
threshold_article_270_clause_2_point_c_000_000_dong_den,crime_270,article_270,270,article_270_clause_2_point_c,Point,000.000 đồng đến,000.000,,vnd,000 000 dong den
threshold_article_270_clause_2_point_c_000_000_dong,crime_270,article_270,270,article_270_clause_2_point_c,Point,000.000 đồng,000.000,,vnd,000 000 dong
threshold_article_270_clause_3_point_b_201_tro_len,crime_270,article_270,270,article_270_clause_3_point_b,Point,201% trở lên,201,,percent,201 tro len
threshold_article_270_clause_3_point_c_000_000_dong_tro_len,crime_270,article_270,270,article_270_clause_3_point_c,Point,000.000 đồng trở lên,000.000,,vnd,000 000 dong tro len
threshold_condition_article_271_clause_1_point_b_61_tro_len,crime_271,article_271,271,condition_article_271_clause_1_point_b,Condition,61% trở lên,61,,percent,61 tro len
threshold_condition_article_271_clause_1_point_c_tu_61_den_121,crime_271,article_271,271,condition_article_271_clause_1_point_c,Condition,từ 61% đến 121%,61,121,percent,tu 61 den 121
threshold_condition_article_271_clause_1_point_d_000_000_dong_den,crime_271,article_271,271,condition_article_271_clause_1_point_d,Condition,000.000 đồng đến,000.000,,vnd,000 000 dong den
threshold_condition_article_271_clause_1_point_d_000_000_dong,crime_271,article_271,271,condition_article_271_clause_1_point_d,Condition,000.000 đồng,000.000,,vnd,000 000 dong
threshold_condition_article_271_clause_2_point_b_tu_122_den_200,crime_271,article_271,271,condition_article_271_clause_2_point_b,Condition,từ 122% đến 200%,122,200,percent,tu 122 den 200
threshold_condition_article_271_clause_2_point_c_000_000_dong_den,crime_271,article_271,271,condition_article_271_clause_2_point_c,Condition,000.000 đồng đến,000.000,,vnd,000 000 dong den
threshold_condition_article_271_clause_2_point_c_000_000_dong,crime_271,article_271,271,condition_article_271_clause_2_point_c,Condition,000.000 đồng,000.000,,vnd,000 000 dong
threshold_condition_article_271_clause_3_point_b_201_tro_len,crime_271,article_271,271,condition_article_271_clause_3_point_b,Condition,201% trở lên,201,,percent,201 tro len
threshold_condition_article_271_clause_3_point_c_000_000_dong_tro_len,crime_271,article_271,271,condition_article_271_clause_3_point_c,Condition,000.000 đồng trở lên,000.000,,vnd,000 000 dong tro len
threshold_article_271_clause_1_000_000_dong_den_100_000,crime_271,article_271,271,article_271_clause_1,Clause,000.000 đồng đến 100.000,000.000,100.000,vnd,000 000 dong den 100 000
threshold_article_271_clause_1_000_dong,crime_271,article_271,271,article_271_clause_1,Clause,000 đồng,000,,vnd,000 dong
threshold_article_271_clause_1_000_000_dong_den,crime_271,article_271,271,article_271_clause_1,Clause,000.000 đồng đến,000.000,,vnd,000 000 dong den
threshold_article_271_clause_1_000_000_dong,crime_271,article_271,271,article_271_clause_1,Clause,000.000 đồng,000.000,,vnd,000 000 dong
threshold_article_271_clause_1_61_tro_len,crime_271,article_271,271,article_271_clause_1,Clause,61% trở lên,61,,percent,61 tro len
threshold_article_271_clause_1_tu_61_den_121,crime_271,article_271,271,article_271_clause_1,Clause,từ 61% đến 121%,61,121,percent,tu 61 den 121
threshold_article_271_clause_2_000_000_dong_den,crime_271,article_271,271,article_271_clause_2,Clause,000.000 đồng đến,000.000,,vnd,000 000 dong den
threshold_article_271_clause_2_000_000_dong,crime_271,article_271,271,article_271_clause_2,Clause,000.000 đồng,000.000,,vnd,000 000 dong
threshold_article_271_clause_2_tu_122_den_200,crime_271,article_271,271,article_271_clause_2,Clause,từ 122% đến 200%,122,200,percent,tu 122 den 200
threshold_article_271_clause_3_000_000_dong_tro_len,crime_271,article_271,271,article_271_clause_3,Clause,000.000 đồng trở lên,000.000,,vnd,000 000 dong tro len
threshold_article_271_clause_3_201_tro_len,crime_271,article_271,271,article_271_clause_3,Clause,201% trở lên,201,,percent,201 tro len
threshold_article_271_clause_1_point_b_61_tro_len,crime_271,article_271,271,article_271_clause_1_point_b,Point,61% trở lên,61,,percent,61 tro len
threshold_article_271_clause_1_point_c_tu_61_den_121,crime_271,article_271,271,article_271_clause_1_point_c,Point,từ 61% đến 121%,61,121,percent,tu 61 den 121
threshold_article_271_clause_1_point_d_000_000_dong_den,crime_271,article_271,271,article_271_clause_1_point_d,Point,000.000 đồng đến,000.000,,vnd,000 000 dong den
threshold_article_271_clause_1_point_d_000_000_dong,crime_271,article_271,271,article_271_clause_1_point_d,Point,000.000 đồng,000.000,,vnd,000 000 dong
threshold_article_271_clause_2_point_b_tu_122_den_200,crime_271,article_271,271,article_271_clause_2_point_b,Point,từ 122% đến 200%,122,200,percent,tu 122 den 200
threshold_article_271_clause_2_point_c_000_000_dong_den,crime_271,article_271,271,article_271_clause_2_point_c,Point,000.000 đồng đến,000.000,,vnd,000 000 dong den
threshold_article_271_clause_2_point_c_000_000_dong,crime_271,article_271,271,article_271_clause_2_point_c,Point,000.000 đồng,000.000,,vnd,000 000 dong
threshold_article_271_clause_3_point_b_201_tro_len,crime_271,article_271,271,article_271_clause_3_point_b,Point,201% trở lên,201,,percent,201 tro len
threshold_article_271_clause_3_point_c_000_000_dong_tro_len,crime_271,article_271,271,article_271_clause_3_point_c,Point,000.000 đồng trở lên,000.000,,vnd,000 000 dong tro len
threshold_condition_article_272_clause_1_point_b_61_tro_len,crime_272,article_272,272,condition_article_272_clause_1_point_b,Condition,61% trở lên,61,,percent,61 tro len
threshold_condition_article_272_clause_1_point_c_tu_61_den_121,crime_272,article_272,272,condition_article_272_clause_1_point_c,Condition,từ 61% đến 121%,61,121,percent,tu 61 den 121
threshold_condition_article_272_clause_1_point_d_000_000_dong_den,crime_272,article_272,272,condition_article_272_clause_1_point_d,Condition,000.000 đồng đến,000.000,,vnd,000 000 dong den
threshold_condition_article_272_clause_1_point_d_000_000_dong,crime_272,article_272,272,condition_article_272_clause_1_point_d,Condition,000.000 đồng,000.000,,vnd,000 000 dong
threshold_condition_article_272_clause_2_point_e_tu_122_den_200,crime_272,article_272,272,condition_article_272_clause_2_point_e,Condition,từ 122% đến 200%,122,200,percent,tu 122 den 200
threshold_condition_article_272_clause_2_point_g_000_000_dong_den,crime_272,article_272,272,condition_article_272_clause_2_point_g,Condition,000.000 đồng đến,000.000,,vnd,000 000 dong den
threshold_condition_article_272_clause_2_point_g_000_000_dong,crime_272,article_272,272,condition_article_272_clause_2_point_g,Condition,000.000 đồng,000.000,,vnd,000 000 dong
threshold_condition_article_272_clause_3_point_b_201_tro_len,crime_272,article_272,272,condition_article_272_clause_3_point_b,Condition,201% trở lên,201,,percent,201 tro len
threshold_condition_article_272_clause_3_point_c_000_000_dong_tro_len,crime_272,article_272,272,condition_article_272_clause_3_point_c,Condition,000.000 đồng trở lên,000.000,,vnd,000 000 dong tro len
threshold_article_272_clause_1_000_000_dong_den_100_000,crime_272,article_272,272,article_272_clause_1,Clause,000.000 đồng đến 100.000,000.000,100.000,vnd,000 000 dong den 100 000
threshold_article_272_clause_1_000_dong,crime_272,article_272,272,article_272_clause_1,Clause,000 đồng,000,,vnd,000 dong
threshold_article_272_clause_1_000_000_dong_den,crime_272,article_272,272,article_272_clause_1,Clause,000.000 đồng đến,000.000,,vnd,000 000 dong den
threshold_article_272_clause_1_000_000_dong,crime_272,article_272,272,article_272_clause_1,Clause,000.000 đồng,000.000,,vnd,000 000 dong
threshold_article_272_clause_1_61_tro_len,crime_272,article_272,272,article_272_clause_1,Clause,61% trở lên,61,,percent,61 tro len
threshold_article_272_clause_1_tu_61_den_121,crime_272,article_272,272,article_272_clause_1,Clause,từ 61% đến 121%,61,121,percent,tu 61 den 121
threshold_article_272_clause_2_000_000_dong_den,crime_272,article_272,272,article_272_clause_2,Clause,000.000 đồng đến,000.000,,vnd,000 000 dong den
threshold_article_272_clause_2_000_000_dong,crime_272,article_272,272,article_272_clause_2,Clause,000.000 đồng,000.000,,vnd,000 000 dong
threshold_article_272_clause_2_tu_122_den_200,crime_272,article_272,272,article_272_clause_2,Clause,từ 122% đến 200%,122,200,percent,tu 122 den 200
threshold_article_272_clause_3_000_000_dong_tro_len,crime_272,article_272,272,article_272_clause_3,Clause,000.000 đồng trở lên,000.000,,vnd,000 000 dong tro len
threshold_article_272_clause_3_201_tro_len,crime_272,article_272,272,article_272_clause_3,Clause,201% trở lên,201,,percent,201 tro len
threshold_article_272_clause_4_000_000_dong_den_50_000,crime_272,article_272,272,article_272_clause_4,Clause,000.000 đồng đến 50.000,000.000,50.000,vnd,000 000 dong den 50 000
threshold_article_272_clause_4_000_dong,crime_272,article_272,272,article_272_clause_4,Clause,000 đồng,000,,vnd,000 dong
threshold_article_272_clause_1_point_b_61_tro_len,crime_272,article_272,272,article_272_clause_1_point_b,Point,61% trở lên,61,,percent,61 tro len
threshold_article_272_clause_1_point_c_tu_61_den_121,crime_272,article_272,272,article_272_clause_1_point_c,Point,từ 61% đến 121%,61,121,percent,tu 61 den 121
threshold_article_272_clause_1_point_d_000_000_dong_den,crime_272,article_272,272,article_272_clause_1_point_d,Point,000.000 đồng đến,000.000,,vnd,000 000 dong den
threshold_article_272_clause_1_point_d_000_000_dong,crime_272,article_272,272,article_272_clause_1_point_d,Point,000.000 đồng,000.000,,vnd,000 000 dong
threshold_article_272_clause_2_point_e_tu_122_den_200,crime_272,article_272,272,article_272_clause_2_point_e,Point,từ 122% đến 200%,122,200,percent,tu 122 den 200
threshold_article_272_clause_2_point_g_000_000_dong_den,crime_272,article_272,272,article_272_clause_2_point_g,Point,000.000 đồng đến,000.000,,vnd,000 000 dong den
threshold_article_272_clause_2_point_g_000_000_dong,crime_272,article_272,272,article_272_clause_2_point_g,Point,000.000 đồng,000.000,,vnd,000 000 dong
threshold_article_272_clause_3_point_b_201_tro_len,crime_272,article_272,272,article_272_clause_3_point_b,Point,201% trở lên,201,,percent,201 tro len
threshold_article_272_clause_3_point_c_000_000_dong_tro_len,crime_272,article_272,272,article_272_clause_3_point_c,Point,000.000 đồng trở lên,000.000,,vnd,000 000 dong tro len
threshold_condition_article_273_clause_1_point_b_61_tro_len,crime_273,article_273,273,condition_article_273_clause_1_point_b,Condition,61% trở lên,61,,percent,61 tro len
threshold_condition_article_273_clause_1_point_c_tu_61_den_121,crime_273,article_273,273,condition_article_273_clause_1_point_c,Condition,từ 61% đến 121%,61,121,percent,tu 61 den 121
threshold_condition_article_273_clause_1_point_d_000_000_dong_den,crime_273,article_273,273,condition_article_273_clause_1_point_d,Condition,000.000 đồng đến,000.000,,vnd,000 000 dong den
threshold_condition_article_273_clause_1_point_d_000_000_dong,crime_273,article_273,273,condition_article_273_clause_1_point_d,Condition,000.000 đồng,000.000,,vnd,000 000 dong
threshold_condition_article_273_clause_2_point_b_tu_122_den_200,crime_273,article_273,273,condition_article_273_clause_2_point_b,Condition,từ 122% đến 200%,122,200,percent,tu 122 den 200
threshold_condition_article_273_clause_2_point_c_000_000_dong_den,crime_273,article_273,273,condition_article_273_clause_2_point_c,Condition,000.000 đồng đến,000.000,,vnd,000 000 dong den
threshold_condition_article_273_clause_2_point_c_000_000_dong,crime_273,article_273,273,condition_article_273_clause_2_point_c,Condition,000.000 đồng,000.000,,vnd,000 000 dong
threshold_condition_article_273_clause_3_point_b_201_tro_len,crime_273,article_273,273,condition_article_273_clause_3_point_b,Condition,201% trở lên,201,,percent,201 tro len
threshold_condition_article_273_clause_3_point_c_000_000_dong_tro_len,crime_273,article_273,273,condition_article_273_clause_3_point_c,Condition,000.000 đồng trở lên,000.000,,vnd,000 000 dong tro len
threshold_article_273_clause_1_000_000_dong_den_100_000,crime_273,article_273,273,article_273_clause_1,Clause,000.000 đồng đến 100.000,000.000,100.000,vnd,000 000 dong den 100 000
threshold_article_273_clause_1_000_dong,crime_273,article_273,273,article_273_clause_1,Clause,000 đồng,000,,vnd,000 dong
threshold_article_273_clause_1_000_000_dong_den,crime_273,article_273,273,article_273_clause_1,Clause,000.000 đồng đến,000.000,,vnd,000 000 dong den
threshold_article_273_clause_1_000_000_dong,crime_273,article_273,273,article_273_clause_1,Clause,000.000 đồng,000.000,,vnd,000 000 dong
threshold_article_273_clause_1_61_tro_len,crime_273,article_273,273,article_273_clause_1,Clause,61% trở lên,61,,percent,61 tro len
threshold_article_273_clause_1_tu_61_den_121,crime_273,article_273,273,article_273_clause_1,Clause,từ 61% đến 121%,61,121,percent,tu 61 den 121
threshold_article_273_clause_2_000_000_dong_den,crime_273,article_273,273,article_273_clause_2,Clause,000.000 đồng đến,000.000,,vnd,000 000 dong den
threshold_article_273_clause_2_000_000_dong,crime_273,article_273,273,article_273_clause_2,Clause,000.000 đồng,000.000,,vnd,000 000 dong
threshold_article_273_clause_2_tu_122_den_200,crime_273,article_273,273,article_273_clause_2,Clause,từ 122% đến 200%,122,200,percent,tu 122 den 200
threshold_article_273_clause_3_000_000_dong_tro_len,crime_273,article_273,273,article_273_clause_3,Clause,000.000 đồng trở lên,000.000,,vnd,000 000 dong tro len
threshold_article_273_clause_3_201_tro_len,crime_273,article_273,273,article_273_clause_3,Clause,201% trở lên,201,,percent,201 tro len
threshold_article_273_clause_4_000_000_dong_den_30_000,crime_273,article_273,273,article_273_clause_4,Clause,000.000 đồng đến 30.000,000.000,30.000,vnd,000 000 dong den 30 000
threshold_article_273_clause_4_000_dong,crime_273,article_273,273,article_273_clause_4,Clause,000 đồng,000,,vnd,000 dong
threshold_article_273_clause_1_point_b_61_tro_len,crime_273,article_273,273,article_273_clause_1_point_b,Point,61% trở lên,61,,percent,61 tro len
threshold_article_273_clause_1_point_c_tu_61_den_121,crime_273,article_273,273,article_273_clause_1_point_c,Point,từ 61% đến 121%,61,121,percent,tu 61 den 121
threshold_article_273_clause_1_point_d_000_000_dong_den,crime_273,article_273,273,article_273_clause_1_point_d,Point,000.000 đồng đến,000.000,,vnd,000 000 dong den
threshold_article_273_clause_1_point_d_000_000_dong,crime_273,article_273,273,article_273_clause_1_point_d,Point,000.000 đồng,000.000,,vnd,000 000 dong
threshold_article_273_clause_2_point_b_tu_122_den_200,crime_273,article_273,273,article_273_clause_2_point_b,Point,từ 122% đến 200%,122,200,percent,tu 122 den 200
threshold_article_273_clause_2_point_c_000_000_dong_den,crime_273,article_273,273,article_273_clause_2_point_c,Point,000.000 đồng đến,000.000,,vnd,000 000 dong den
threshold_article_273_clause_2_point_c_000_000_dong,crime_273,article_273,273,article_273_clause_2_point_c,Point,000.000 đồng,000.000,,vnd,000 000 dong
threshold_article_273_clause_3_point_b_201_tro_len,crime_273,article_273,273,article_273_clause_3_point_b,Point,201% trở lên,201,,percent,201 tro len
threshold_article_273_clause_3_point_c_000_000_dong_tro_len,crime_273,article_273,273,article_273_clause_3_point_c,Point,000.000 đồng trở lên,000.000,,vnd,000 000 dong tro len
threshold_condition_article_274_clause_1_point_b_61_tro_len,crime_274,article_274,274,condition_article_274_clause_1_point_b,Condition,61% trở lên,61,,percent,61 tro len
threshold_condition_article_274_clause_1_point_c_tu_61_den_121,crime_274,article_274,274,condition_article_274_clause_1_point_c,Condition,từ 61% đến 121%,61,121,percent,tu 61 den 121
threshold_condition_article_274_clause_1_point_d_000_000_dong_den,crime_274,article_274,274,condition_article_274_clause_1_point_d,Condition,000.000 đồng đến,000.000,,vnd,000 000 dong den
threshold_condition_article_274_clause_1_point_d_000_000_dong,crime_274,article_274,274,condition_article_274_clause_1_point_d,Condition,000.000 đồng,000.000,,vnd,000 000 dong
threshold_condition_article_274_clause_2_point_b_tu_122_den_200,crime_274,article_274,274,condition_article_274_clause_2_point_b,Condition,từ 122% đến 200%,122,200,percent,tu 122 den 200
threshold_condition_article_274_clause_2_point_c_000_000_dong_den,crime_274,article_274,274,condition_article_274_clause_2_point_c,Condition,000.000 đồng đến,000.000,,vnd,000 000 dong den
threshold_condition_article_274_clause_2_point_c_000_000_dong,crime_274,article_274,274,condition_article_274_clause_2_point_c,Condition,000.000 đồng,000.000,,vnd,000 000 dong
threshold_condition_article_274_clause_3_point_b_201_tro_len,crime_274,article_274,274,condition_article_274_clause_3_point_b,Condition,201% trở lên,201,,percent,201 tro len
threshold_condition_article_274_clause_3_point_c_000_000_dong_tro_len,crime_274,article_274,274,condition_article_274_clause_3_point_c,Condition,000.000 đồng trở lên,000.000,,vnd,000 000 dong tro len
threshold_article_274_clause_1_000_000_dong_den_100_000,crime_274,article_274,274,article_274_clause_1,Clause,000.000 đồng đến 100.000,000.000,100.000,vnd,000 000 dong den 100 000
threshold_article_274_clause_1_000_dong,crime_274,article_274,274,article_274_clause_1,Clause,000 đồng,000,,vnd,000 dong
threshold_article_274_clause_1_000_000_dong_den,crime_274,article_274,274,article_274_clause_1,Clause,000.000 đồng đến,000.000,,vnd,000 000 dong den
threshold_article_274_clause_1_000_000_dong,crime_274,article_274,274,article_274_clause_1,Clause,000.000 đồng,000.000,,vnd,000 000 dong
threshold_article_274_clause_1_61_tro_len,crime_274,article_274,274,article_274_clause_1,Clause,61% trở lên,61,,percent,61 tro len
threshold_article_274_clause_1_tu_61_den_121,crime_274,article_274,274,article_274_clause_1,Clause,từ 61% đến 121%,61,121,percent,tu 61 den 121
threshold_article_274_clause_2_000_000_dong_den,crime_274,article_274,274,article_274_clause_2,Clause,000.000 đồng đến,000.000,,vnd,000 000 dong den
threshold_article_274_clause_2_000_000_dong,crime_274,article_274,274,article_274_clause_2,Clause,000.000 đồng,000.000,,vnd,000 000 dong
threshold_article_274_clause_2_tu_122_den_200,crime_274,article_274,274,article_274_clause_2,Clause,từ 122% đến 200%,122,200,percent,tu 122 den 200
threshold_article_274_clause_3_000_000_dong_tro_len,crime_274,article_274,274,article_274_clause_3,Clause,000.000 đồng trở lên,000.000,,vnd,000 000 dong tro len
threshold_article_274_clause_3_201_tro_len,crime_274,article_274,274,article_274_clause_3,Clause,201% trở lên,201,,percent,201 tro len
threshold_article_274_clause_1_point_b_61_tro_len,crime_274,article_274,274,article_274_clause_1_point_b,Point,61% trở lên,61,,percent,61 tro len
threshold_article_274_clause_1_point_c_tu_61_den_121,crime_274,article_274,274,article_274_clause_1_point_c,Point,từ 61% đến 121%,61,121,percent,tu 61 den 121
threshold_article_274_clause_1_point_d_000_000_dong_den,crime_274,article_274,274,article_274_clause_1_point_d,Point,000.000 đồng đến,000.000,,vnd,000 000 dong den
threshold_article_274_clause_1_point_d_000_000_dong,crime_274,article_274,274,article_274_clause_1_point_d,Point,000.000 đồng,000.000,,vnd,000 000 dong
threshold_article_274_clause_2_point_b_tu_122_den_200,crime_274,article_274,274,article_274_clause_2_point_b,Point,từ 122% đến 200%,122,200,percent,tu 122 den 200
threshold_article_274_clause_2_point_c_000_000_dong_den,crime_274,article_274,274,article_274_clause_2_point_c,Point,000.000 đồng đến,000.000,,vnd,000 000 dong den
threshold_article_274_clause_2_point_c_000_000_dong,crime_274,article_274,274,article_274_clause_2_point_c,Point,000.000 đồng,000.000,,vnd,000 000 dong
threshold_article_274_clause_3_point_b_201_tro_len,crime_274,article_274,274,article_274_clause_3_point_b,Point,201% trở lên,201,,percent,201 tro len
threshold_article_274_clause_3_point_c_000_000_dong_tro_len,crime_274,article_274,274,article_274_clause_3_point_c,Point,000.000 đồng trở lên,000.000,,vnd,000 000 dong tro len
threshold_condition_article_275_clause_1_point_b_61_tro_len,crime_275,article_275,275,condition_article_275_clause_1_point_b,Condition,61% trở lên,61,,percent,61 tro len
threshold_condition_article_275_clause_1_point_c_tu_61_den_121,crime_275,article_275,275,condition_article_275_clause_1_point_c,Condition,từ 61% đến 121%,61,121,percent,tu 61 den 121
threshold_condition_article_275_clause_1_point_d_000_000_dong_den,crime_275,article_275,275,condition_article_275_clause_1_point_d,Condition,000.000 đồng đến,000.000,,vnd,000 000 dong den
threshold_condition_article_275_clause_1_point_d_000_000_dong,crime_275,article_275,275,condition_article_275_clause_1_point_d,Condition,000.000 đồng,000.000,,vnd,000 000 dong
threshold_condition_article_275_clause_2_point_b_tu_122_den_200,crime_275,article_275,275,condition_article_275_clause_2_point_b,Condition,từ 122% đến 200%,122,200,percent,tu 122 den 200
threshold_condition_article_275_clause_2_point_c_000_000_dong_den,crime_275,article_275,275,condition_article_275_clause_2_point_c,Condition,000.000 đồng đến,000.000,,vnd,000 000 dong den
threshold_condition_article_275_clause_2_point_c_000_000_dong,crime_275,article_275,275,condition_article_275_clause_2_point_c,Condition,000.000 đồng,000.000,,vnd,000 000 dong
threshold_condition_article_275_clause_3_point_b_201_tro_len,crime_275,article_275,275,condition_article_275_clause_3_point_b,Condition,201% trở lên,201,,percent,201 tro len
threshold_condition_article_275_clause_3_point_c_000_000_dong_tro_len,crime_275,article_275,275,condition_article_275_clause_3_point_c,Condition,000.000 đồng trở lên,000.000,,vnd,000 000 dong tro len
threshold_article_275_clause_1_000_000_dong_den_100_000,crime_275,article_275,275,article_275_clause_1,Clause,000.000 đồng đến 100.000,000.000,100.000,vnd,000 000 dong den 100 000
threshold_article_275_clause_1_000_dong,crime_275,article_275,275,article_275_clause_1,Clause,000 đồng,000,,vnd,000 dong
threshold_article_275_clause_1_000_000_dong_den,crime_275,article_275,275,article_275_clause_1,Clause,000.000 đồng đến,000.000,,vnd,000 000 dong den
threshold_article_275_clause_1_000_000_dong,crime_275,article_275,275,article_275_clause_1,Clause,000.000 đồng,000.000,,vnd,000 000 dong
threshold_article_275_clause_1_61_tro_len,crime_275,article_275,275,article_275_clause_1,Clause,61% trở lên,61,,percent,61 tro len
threshold_article_275_clause_1_tu_61_den_121,crime_275,article_275,275,article_275_clause_1,Clause,từ 61% đến 121%,61,121,percent,tu 61 den 121
threshold_article_275_clause_2_000_000_dong_den,crime_275,article_275,275,article_275_clause_2,Clause,000.000 đồng đến,000.000,,vnd,000 000 dong den
threshold_article_275_clause_2_000_000_dong,crime_275,article_275,275,article_275_clause_2,Clause,000.000 đồng,000.000,,vnd,000 000 dong
threshold_article_275_clause_2_tu_122_den_200,crime_275,article_275,275,article_275_clause_2,Clause,từ 122% đến 200%,122,200,percent,tu 122 den 200
threshold_article_275_clause_3_000_000_dong_tro_len,crime_275,article_275,275,article_275_clause_3,Clause,000.000 đồng trở lên,000.000,,vnd,000 000 dong tro len
threshold_article_275_clause_3_201_tro_len,crime_275,article_275,275,article_275_clause_3,Clause,201% trở lên,201,,percent,201 tro len
threshold_article_275_clause_1_point_b_61_tro_len,crime_275,article_275,275,article_275_clause_1_point_b,Point,61% trở lên,61,,percent,61 tro len
threshold_article_275_clause_1_point_c_tu_61_den_121,crime_275,article_275,275,article_275_clause_1_point_c,Point,từ 61% đến 121%,61,121,percent,tu 61 den 121
threshold_article_275_clause_1_point_d_000_000_dong_den,crime_275,article_275,275,article_275_clause_1_point_d,Point,000.000 đồng đến,000.000,,vnd,000 000 dong den
threshold_article_275_clause_1_point_d_000_000_dong,crime_275,article_275,275,article_275_clause_1_point_d,Point,000.000 đồng,000.000,,vnd,000 000 dong
threshold_article_275_clause_2_point_b_tu_122_den_200,crime_275,article_275,275,article_275_clause_2_point_b,Point,từ 122% đến 200%,122,200,percent,tu 122 den 200
threshold_article_275_clause_2_point_c_000_000_dong_den,crime_275,article_275,275,article_275_clause_2_point_c,Point,000.000 đồng đến,000.000,,vnd,000 000 dong den
threshold_article_275_clause_2_point_c_000_000_dong,crime_275,article_275,275,article_275_clause_2_point_c,Point,000.000 đồng,000.000,,vnd,000 000 dong
threshold_article_275_clause_3_point_b_201_tro_len,crime_275,article_275,275,article_275_clause_3_point_b,Point,201% trở lên,201,,percent,201 tro len
threshold_article_275_clause_3_point_c_000_000_dong_tro_len,crime_275,article_275,275,article_275_clause_3_point_c,Point,000.000 đồng trở lên,000.000,,vnd,000 000 dong tro len
threshold_condition_article_276_clause_1_point_b_61_tro_len,crime_276,article_276,276,condition_article_276_clause_1_point_b,Condition,61% trở lên,61,,percent,61 tro len
threshold_condition_article_276_clause_1_point_c_tu_61_den_121,crime_276,article_276,276,condition_article_276_clause_1_point_c,Condition,từ 61% đến 121%,61,121,percent,tu 61 den 121
threshold_condition_article_276_clause_1_point_d_000_000_dong_den,crime_276,article_276,276,condition_article_276_clause_1_point_d,Condition,000.000 đồng đến,000.000,,vnd,000 000 dong den
threshold_condition_article_276_clause_1_point_d_000_000_dong,crime_276,article_276,276,condition_article_276_clause_1_point_d,Condition,000.000 đồng,000.000,,vnd,000 000 dong
threshold_condition_article_276_clause_2_point_b_tu_122_den_200,crime_276,article_276,276,condition_article_276_clause_2_point_b,Condition,từ 122% đến 200%,122,200,percent,tu 122 den 200
threshold_condition_article_276_clause_2_point_c_000_000_dong_den,crime_276,article_276,276,condition_article_276_clause_2_point_c,Condition,000.000 đồng đến,000.000,,vnd,000 000 dong den
threshold_condition_article_276_clause_2_point_c_000_000_dong,crime_276,article_276,276,condition_article_276_clause_2_point_c,Condition,000.000 đồng,000.000,,vnd,000 000 dong
threshold_condition_article_276_clause_3_point_b_201_tro_len,crime_276,article_276,276,condition_article_276_clause_3_point_b,Condition,201% trở lên,201,,percent,201 tro len
threshold_condition_article_276_clause_3_point_c_000_000_dong_tro_len,crime_276,article_276,276,condition_article_276_clause_3_point_c,Condition,000.000 đồng trở lên,000.000,,vnd,000 000 dong tro len
threshold_article_276_clause_1_000_000_dong_den_100_000,crime_276,article_276,276,article_276_clause_1,Clause,000.000 đồng đến 100.000,000.000,100.000,vnd,000 000 dong den 100 000
threshold_article_276_clause_1_000_dong,crime_276,article_276,276,article_276_clause_1,Clause,000 đồng,000,,vnd,000 dong
threshold_article_276_clause_1_000_000_dong_den,crime_276,article_276,276,article_276_clause_1,Clause,000.000 đồng đến,000.000,,vnd,000 000 dong den
threshold_article_276_clause_1_000_000_dong,crime_276,article_276,276,article_276_clause_1,Clause,000.000 đồng,000.000,,vnd,000 000 dong
threshold_article_276_clause_1_61_tro_len,crime_276,article_276,276,article_276_clause_1,Clause,61% trở lên,61,,percent,61 tro len
threshold_article_276_clause_1_tu_61_den_121,crime_276,article_276,276,article_276_clause_1,Clause,từ 61% đến 121%,61,121,percent,tu 61 den 121
threshold_article_276_clause_2_000_000_dong_den,crime_276,article_276,276,article_276_clause_2,Clause,000.000 đồng đến,000.000,,vnd,000 000 dong den
threshold_article_276_clause_2_000_000_dong,crime_276,article_276,276,article_276_clause_2,Clause,000.000 đồng,000.000,,vnd,000 000 dong
threshold_article_276_clause_2_tu_122_den_200,crime_276,article_276,276,article_276_clause_2,Clause,từ 122% đến 200%,122,200,percent,tu 122 den 200
threshold_article_276_clause_3_000_000_dong_tro_len,crime_276,article_276,276,article_276_clause_3,Clause,000.000 đồng trở lên,000.000,,vnd,000 000 dong tro len
threshold_article_276_clause_3_201_tro_len,crime_276,article_276,276,article_276_clause_3,Clause,201% trở lên,201,,percent,201 tro len
threshold_article_276_clause_1_point_b_61_tro_len,crime_276,article_276,276,article_276_clause_1_point_b,Point,61% trở lên,61,,percent,61 tro len
threshold_article_276_clause_1_point_c_tu_61_den_121,crime_276,article_276,276,article_276_clause_1_point_c,Point,từ 61% đến 121%,61,121,percent,tu 61 den 121
threshold_article_276_clause_1_point_d_000_000_dong_den,crime_276,article_276,276,article_276_clause_1_point_d,Point,000.000 đồng đến,000.000,,vnd,000 000 dong den
threshold_article_276_clause_1_point_d_000_000_dong,crime_276,article_276,276,article_276_clause_1_point_d,Point,000.000 đồng,000.000,,vnd,000 000 dong
threshold_article_276_clause_2_point_b_tu_122_den_200,crime_276,article_276,276,article_276_clause_2_point_b,Point,từ 122% đến 200%,122,200,percent,tu 122 den 200
threshold_article_276_clause_2_point_c_000_000_dong_den,crime_276,article_276,276,article_276_clause_2_point_c,Point,000.000 đồng đến,000.000,,vnd,000 000 dong den
threshold_article_276_clause_2_point_c_000_000_dong,crime_276,article_276,276,article_276_clause_2_point_c,Point,000.000 đồng,000.000,,vnd,000 000 dong
threshold_article_276_clause_3_point_b_201_tro_len,crime_276,article_276,276,article_276_clause_3_point_b,Point,201% trở lên,201,,percent,201 tro len
threshold_article_276_clause_3_point_c_000_000_dong_tro_len,crime_276,article_276,276,article_276_clause_3_point_c,Point,000.000 đồng trở lên,000.000,,vnd,000 000 dong tro len
threshold_condition_article_277_clause_2_point_b_61_tro_len,crime_277,article_277,277,condition_article_277_clause_2_point_b,Condition,61% trở lên,61,,percent,61 tro len
threshold_condition_article_277_clause_2_point_c_tu_61_den_121,crime_277,article_277,277,condition_article_277_clause_2_point_c,Condition,từ 61% đến 121%,61,121,percent,tu 61 den 121
threshold_condition_article_277_clause_2_point_d_000_000_dong_den,crime_277,article_277,277,condition_article_277_clause_2_point_d,Condition,000.000 đồng đến,000.000,,vnd,000 000 dong den
threshold_condition_article_277_clause_2_point_d_000_000_dong,crime_277,article_277,277,condition_article_277_clause_2_point_d,Condition,000.000 đồng,000.000,,vnd,000 000 dong
threshold_condition_article_277_clause_3_point_b_tu_122_den_200,crime_277,article_277,277,condition_article_277_clause_3_point_b,Condition,từ 122% đến 200%,122,200,percent,tu 122 den 200
threshold_condition_article_277_clause_3_point_c_000_000_dong_den,crime_277,article_277,277,condition_article_277_clause_3_point_c,Condition,000.000 đồng đến,000.000,,vnd,000 000 dong den
threshold_condition_article_277_clause_3_point_c_000_000_dong,crime_277,article_277,277,condition_article_277_clause_3_point_c,Condition,000.000 đồng,000.000,,vnd,000 000 dong
threshold_condition_article_277_clause_4_point_b_201_tro_len,crime_277,article_277,277,condition_article_277_clause_4_point_b,Condition,201% trở lên,201,,percent,201 tro len
threshold_condition_article_277_clause_4_point_c_000_000_dong_tro_len,crime_277,article_277,277,condition_article_277_clause_4_point_c,Condition,000.000 đồng trở lên,000.000,,vnd,000 000 dong tro len
threshold_article_277_clause_1_000_000_dong_den_100_000,crime_277,article_277,277,article_277_clause_1,Clause,000.000 đồng đến 100.000,000.000,100.000,vnd,000 000 dong den 100 000
threshold_article_277_clause_1_000_dong,crime_277,article_277,277,article_277_clause_1,Clause,000 đồng,000,,vnd,000 dong
threshold_article_277_clause_2_000_000_dong_den,crime_277,article_277,277,article_277_clause_2,Clause,000.000 đồng đến,000.000,,vnd,000 000 dong den
threshold_article_277_clause_2_000_000_dong,crime_277,article_277,277,article_277_clause_2,Clause,000.000 đồng,000.000,,vnd,000 000 dong
threshold_article_277_clause_2_61_tro_len,crime_277,article_277,277,article_277_clause_2,Clause,61% trở lên,61,,percent,61 tro len
threshold_article_277_clause_2_tu_61_den_121,crime_277,article_277,277,article_277_clause_2,Clause,từ 61% đến 121%,61,121,percent,tu 61 den 121
threshold_article_277_clause_3_000_000_dong_den,crime_277,article_277,277,article_277_clause_3,Clause,000.000 đồng đến,000.000,,vnd,000 000 dong den
threshold_article_277_clause_3_000_000_dong,crime_277,article_277,277,article_277_clause_3,Clause,000.000 đồng,000.000,,vnd,000 000 dong
threshold_article_277_clause_3_tu_122_den_200,crime_277,article_277,277,article_277_clause_3,Clause,từ 122% đến 200%,122,200,percent,tu 122 den 200
threshold_article_277_clause_4_000_000_dong_tro_len,crime_277,article_277,277,article_277_clause_4,Clause,000.000 đồng trở lên,000.000,,vnd,000 000 dong tro len
threshold_article_277_clause_4_201_tro_len,crime_277,article_277,277,article_277_clause_4,Clause,201% trở lên,201,,percent,201 tro len
threshold_article_277_clause_2_point_b_61_tro_len,crime_277,article_277,277,article_277_clause_2_point_b,Point,61% trở lên,61,,percent,61 tro len
threshold_article_277_clause_2_point_c_tu_61_den_121,crime_277,article_277,277,article_277_clause_2_point_c,Point,từ 61% đến 121%,61,121,percent,tu 61 den 121
threshold_article_277_clause_2_point_d_000_000_dong_den,crime_277,article_277,277,article_277_clause_2_point_d,Point,000.000 đồng đến,000.000,,vnd,000 000 dong den
threshold_article_277_clause_2_point_d_000_000_dong,crime_277,article_277,277,article_277_clause_2_point_d,Point,000.000 đồng,000.000,,vnd,000 000 dong
threshold_article_277_clause_3_point_b_tu_122_den_200,crime_277,article_277,277,article_277_clause_3_point_b,Point,từ 122% đến 200%,122,200,percent,tu 122 den 200
threshold_article_277_clause_3_point_c_000_000_dong_den,crime_277,article_277,277,article_277_clause_3_point_c,Point,000.000 đồng đến,000.000,,vnd,000 000 dong den
threshold_article_277_clause_3_point_c_000_000_dong,crime_277,article_277,277,article_277_clause_3_point_c,Point,000.000 đồng,000.000,,vnd,000 000 dong
threshold_article_277_clause_4_point_b_201_tro_len,crime_277,article_277,277,article_277_clause_4_point_b,Point,201% trở lên,201,,percent,201 tro len
threshold_article_277_clause_4_point_c_000_000_dong_tro_len,crime_277,article_277,277,article_277_clause_4_point_c,Point,000.000 đồng trở lên,000.000,,vnd,000 000 dong tro len
threshold_condition_article_278_clause_1_point_b_61_tro_len,crime_278,article_278,278,condition_article_278_clause_1_point_b,Condition,61% trở lên,61,,percent,61 tro len
threshold_condition_article_278_clause_1_point_c_tu_61_den_121,crime_278,article_278,278,condition_article_278_clause_1_point_c,Condition,từ 61% đến 121%,61,121,percent,tu 61 den 121
threshold_condition_article_278_clause_1_point_d_000_000_dong_den,crime_278,article_278,278,condition_article_278_clause_1_point_d,Condition,000.000 đồng đến,000.000,,vnd,000 000 dong den
threshold_condition_article_278_clause_1_point_d_000_000_dong,crime_278,article_278,278,condition_article_278_clause_1_point_d,Condition,000.000 đồng,000.000,,vnd,000 000 dong
threshold_condition_article_278_clause_2_point_b_tu_122_den_200,crime_278,article_278,278,condition_article_278_clause_2_point_b,Condition,từ 122% đến 200%,122,200,percent,tu 122 den 200
threshold_condition_article_278_clause_2_point_c_000_000_dong_den,crime_278,article_278,278,condition_article_278_clause_2_point_c,Condition,000.000 đồng đến,000.000,,vnd,000 000 dong den
threshold_condition_article_278_clause_2_point_c_000_000_dong,crime_278,article_278,278,condition_article_278_clause_2_point_c,Condition,000.000 đồng,000.000,,vnd,000 000 dong
threshold_condition_article_278_clause_3_point_b_201_tro_len,crime_278,article_278,278,condition_article_278_clause_3_point_b,Condition,201% trở lên,201,,percent,201 tro len
threshold_condition_article_278_clause_3_point_c_000_000_dong_tro_len,crime_278,article_278,278,condition_article_278_clause_3_point_c,Condition,000.000 đồng trở lên,000.000,,vnd,000 000 dong tro len
threshold_article_278_clause_1_000_000_dong_den_100_000,crime_278,article_278,278,article_278_clause_1,Clause,000.000 đồng đến 100.000,000.000,100.000,vnd,000 000 dong den 100 000
threshold_article_278_clause_1_000_dong,crime_278,article_278,278,article_278_clause_1,Clause,000 đồng,000,,vnd,000 dong
threshold_article_278_clause_1_000_000_dong_den,crime_278,article_278,278,article_278_clause_1,Clause,000.000 đồng đến,000.000,,vnd,000 000 dong den
threshold_article_278_clause_1_000_000_dong,crime_278,article_278,278,article_278_clause_1,Clause,000.000 đồng,000.000,,vnd,000 000 dong
threshold_article_278_clause_1_61_tro_len,crime_278,article_278,278,article_278_clause_1,Clause,61% trở lên,61,,percent,61 tro len
threshold_article_278_clause_1_tu_61_den_121,crime_278,article_278,278,article_278_clause_1,Clause,từ 61% đến 121%,61,121,percent,tu 61 den 121
threshold_article_278_clause_2_000_000_dong_den,crime_278,article_278,278,article_278_clause_2,Clause,000.000 đồng đến,000.000,,vnd,000 000 dong den
threshold_article_278_clause_2_000_000_dong,crime_278,article_278,278,article_278_clause_2,Clause,000.000 đồng,000.000,,vnd,000 000 dong
threshold_article_278_clause_2_tu_122_den_200,crime_278,article_278,278,article_278_clause_2,Clause,từ 122% đến 200%,122,200,percent,tu 122 den 200
threshold_article_278_clause_3_000_000_dong_tro_len,crime_278,article_278,278,article_278_clause_3,Clause,000.000 đồng trở lên,000.000,,vnd,000 000 dong tro len
threshold_article_278_clause_3_201_tro_len,crime_278,article_278,278,article_278_clause_3,Clause,201% trở lên,201,,percent,201 tro len
threshold_article_278_clause_4_000_000_dong_den_50_000,crime_278,article_278,278,article_278_clause_4,Clause,000.000 đồng đến 50.000,000.000,50.000,vnd,000 000 dong den 50 000
threshold_article_278_clause_4_000_dong,crime_278,article_278,278,article_278_clause_4,Clause,000 đồng,000,,vnd,000 dong
threshold_article_278_clause_1_point_b_61_tro_len,crime_278,article_278,278,article_278_clause_1_point_b,Point,61% trở lên,61,,percent,61 tro len
threshold_article_278_clause_1_point_c_tu_61_den_121,crime_278,article_278,278,article_278_clause_1_point_c,Point,từ 61% đến 121%,61,121,percent,tu 61 den 121
threshold_article_278_clause_1_point_d_000_000_dong_den,crime_278,article_278,278,article_278_clause_1_point_d,Point,000.000 đồng đến,000.000,,vnd,000 000 dong den
threshold_article_278_clause_1_point_d_000_000_dong,crime_278,article_278,278,article_278_clause_1_point_d,Point,000.000 đồng,000.000,,vnd,000 000 dong
threshold_article_278_clause_2_point_b_tu_122_den_200,crime_278,article_278,278,article_278_clause_2_point_b,Point,từ 122% đến 200%,122,200,percent,tu 122 den 200
threshold_article_278_clause_2_point_c_000_000_dong_den,crime_278,article_278,278,article_278_clause_2_point_c,Point,000.000 đồng đến,000.000,,vnd,000 000 dong den
threshold_article_278_clause_2_point_c_000_000_dong,crime_278,article_278,278,article_278_clause_2_point_c,Point,000.000 đồng,000.000,,vnd,000 000 dong
threshold_article_278_clause_3_point_b_201_tro_len,crime_278,article_278,278,article_278_clause_3_point_b,Point,201% trở lên,201,,percent,201 tro len
threshold_article_278_clause_3_point_c_000_000_dong_tro_len,crime_278,article_278,278,article_278_clause_3_point_c,Point,000.000 đồng trở lên,000.000,,vnd,000 000 dong tro len
threshold_condition_article_279_clause_2_point_b_61_tro_len,crime_279,article_279,279,condition_article_279_clause_2_point_b,Condition,61% trở lên,61,,percent,61 tro len
threshold_condition_article_279_clause_2_point_c_tu_61_den_121,crime_279,article_279,279,condition_article_279_clause_2_point_c,Condition,từ 61% đến 121%,61,121,percent,tu 61 den 121
threshold_condition_article_279_clause_2_point_d_000_000_dong_den,crime_279,article_279,279,condition_article_279_clause_2_point_d,Condition,000.000 đồng đến,000.000,,vnd,000 000 dong den
threshold_condition_article_279_clause_2_point_d_000_000_dong,crime_279,article_279,279,condition_article_279_clause_2_point_d,Condition,000.000 đồng,000.000,,vnd,000 000 dong
threshold_condition_article_279_clause_3_point_b_tu_122_den_200,crime_279,article_279,279,condition_article_279_clause_3_point_b,Condition,từ 122% đến 200%,122,200,percent,tu 122 den 200
threshold_condition_article_279_clause_3_point_c_000_000_dong_den,crime_279,article_279,279,condition_article_279_clause_3_point_c,Condition,000.000 đồng đến,000.000,,vnd,000 000 dong den
threshold_condition_article_279_clause_3_point_c_000_000_dong,crime_279,article_279,279,condition_article_279_clause_3_point_c,Condition,000.000 đồng,000.000,,vnd,000 000 dong
threshold_condition_article_279_clause_4_point_b_201_tro_len,crime_279,article_279,279,condition_article_279_clause_4_point_b,Condition,201% trở lên,201,,percent,201 tro len
threshold_condition_article_279_clause_4_point_c_000_000_dong_tro_len,crime_279,article_279,279,condition_article_279_clause_4_point_c,Condition,000.000 đồng trở lên,000.000,,vnd,000 000 dong tro len
threshold_article_279_clause_2_000_000_dong_den,crime_279,article_279,279,article_279_clause_2,Clause,000.000 đồng đến,000.000,,vnd,000 000 dong den
threshold_article_279_clause_2_000_000_dong,crime_279,article_279,279,article_279_clause_2,Clause,000.000 đồng,000.000,,vnd,000 000 dong
threshold_article_279_clause_2_61_tro_len,crime_279,article_279,279,article_279_clause_2,Clause,61% trở lên,61,,percent,61 tro len
threshold_article_279_clause_2_tu_61_den_121,crime_279,article_279,279,article_279_clause_2,Clause,từ 61% đến 121%,61,121,percent,tu 61 den 121
threshold_article_279_clause_3_000_000_dong_den,crime_279,article_279,279,article_279_clause_3,Clause,000.000 đồng đến,000.000,,vnd,000 000 dong den
threshold_article_279_clause_3_000_000_dong,crime_279,article_279,279,article_279_clause_3,Clause,000.000 đồng,000.000,,vnd,000 000 dong
threshold_article_279_clause_3_tu_122_den_200,crime_279,article_279,279,article_279_clause_3,Clause,từ 122% đến 200%,122,200,percent,tu 122 den 200
threshold_article_279_clause_4_000_000_dong_tro_len,crime_279,article_279,279,article_279_clause_4,Clause,000.000 đồng trở lên,000.000,,vnd,000 000 dong tro len
threshold_article_279_clause_4_201_tro_len,crime_279,article_279,279,article_279_clause_4,Clause,201% trở lên,201,,percent,201 tro len
threshold_article_279_clause_2_point_b_61_tro_len,crime_279,article_279,279,article_279_clause_2_point_b,Point,61% trở lên,61,,percent,61 tro len
threshold_article_279_clause_2_point_c_tu_61_den_121,crime_279,article_279,279,article_279_clause_2_point_c,Point,từ 61% đến 121%,61,121,percent,tu 61 den 121
threshold_article_279_clause_2_point_d_000_000_dong_den,crime_279,article_279,279,article_279_clause_2_point_d,Point,000.000 đồng đến,000.000,,vnd,000 000 dong den
threshold_article_279_clause_2_point_d_000_000_dong,crime_279,article_279,279,article_279_clause_2_point_d,Point,000.000 đồng,000.000,,vnd,000 000 dong
threshold_article_279_clause_3_point_b_tu_122_den_200,crime_279,article_279,279,article_279_clause_3_point_b,Point,từ 122% đến 200%,122,200,percent,tu 122 den 200
threshold_article_279_clause_3_point_c_000_000_dong_den,crime_279,article_279,279,article_279_clause_3_point_c,Point,000.000 đồng đến,000.000,,vnd,000 000 dong den
threshold_article_279_clause_3_point_c_000_000_dong,crime_279,article_279,279,article_279_clause_3_point_c,Point,000.000 đồng,000.000,,vnd,000 000 dong
threshold_article_279_clause_4_point_b_201_tro_len,crime_279,article_279,279,article_279_clause_4_point_b,Point,201% trở lên,201,,percent,201 tro len
threshold_article_279_clause_4_point_c_000_000_dong_tro_len,crime_279,article_279,279,article_279_clause_4_point_c,Point,000.000 đồng trở lên,000.000,,vnd,000 000 dong tro len
threshold_condition_article_280_clause_2_point_b_61_tro_len,crime_280,article_280,280,condition_article_280_clause_2_point_b,Condition,61% trở lên,61,,percent,61 tro len
threshold_condition_article_280_clause_2_point_c_tu_61_den_121,crime_280,article_280,280,condition_article_280_clause_2_point_c,Condition,từ 61% đến 121%,61,121,percent,tu 61 den 121
threshold_condition_article_280_clause_2_point_d_000_000_dong_den,crime_280,article_280,280,condition_article_280_clause_2_point_d,Condition,000.000 đồng đến,000.000,,vnd,000 000 dong den
threshold_condition_article_280_clause_2_point_d_000_000_dong,crime_280,article_280,280,condition_article_280_clause_2_point_d,Condition,000.000 đồng,000.000,,vnd,000 000 dong
threshold_condition_article_280_clause_3_point_b_tu_122_den_200,crime_280,article_280,280,condition_article_280_clause_3_point_b,Condition,từ 122% đến 200%,122,200,percent,tu 122 den 200
threshold_condition_article_280_clause_3_point_c_000_000_dong_den,crime_280,article_280,280,condition_article_280_clause_3_point_c,Condition,000.000 đồng đến,000.000,,vnd,000 000 dong den
threshold_condition_article_280_clause_3_point_c_000_000_dong,crime_280,article_280,280,condition_article_280_clause_3_point_c,Condition,000.000 đồng,000.000,,vnd,000 000 dong
threshold_condition_article_280_clause_4_point_b_201_tro_len,crime_280,article_280,280,condition_article_280_clause_4_point_b,Condition,201% trở lên,201,,percent,201 tro len
threshold_condition_article_280_clause_4_point_c_000_000_dong_tro_len,crime_280,article_280,280,condition_article_280_clause_4_point_c,Condition,000.000 đồng trở lên,000.000,,vnd,000 000 dong tro len
threshold_article_280_clause_2_000_000_dong_den,crime_280,article_280,280,article_280_clause_2,Clause,000.000 đồng đến,000.000,,vnd,000 000 dong den
threshold_article_280_clause_2_000_000_dong,crime_280,article_280,280,article_280_clause_2,Clause,000.000 đồng,000.000,,vnd,000 000 dong
threshold_article_280_clause_2_61_tro_len,crime_280,article_280,280,article_280_clause_2,Clause,61% trở lên,61,,percent,61 tro len
threshold_article_280_clause_2_tu_61_den_121,crime_280,article_280,280,article_280_clause_2,Clause,từ 61% đến 121%,61,121,percent,tu 61 den 121
threshold_article_280_clause_3_000_000_dong_den,crime_280,article_280,280,article_280_clause_3,Clause,000.000 đồng đến,000.000,,vnd,000 000 dong den
threshold_article_280_clause_3_000_000_dong,crime_280,article_280,280,article_280_clause_3,Clause,000.000 đồng,000.000,,vnd,000 000 dong
threshold_article_280_clause_3_tu_122_den_200,crime_280,article_280,280,article_280_clause_3,Clause,từ 122% đến 200%,122,200,percent,tu 122 den 200
threshold_article_280_clause_4_000_000_dong_tro_len,crime_280,article_280,280,article_280_clause_4,Clause,000.000 đồng trở lên,000.000,,vnd,000 000 dong tro len
threshold_article_280_clause_4_201_tro_len,crime_280,article_280,280,article_280_clause_4,Clause,201% trở lên,201,,percent,201 tro len
threshold_article_280_clause_2_point_b_61_tro_len,crime_280,article_280,280,article_280_clause_2_point_b,Point,61% trở lên,61,,percent,61 tro len
threshold_article_280_clause_2_point_c_tu_61_den_121,crime_280,article_280,280,article_280_clause_2_point_c,Point,từ 61% đến 121%,61,121,percent,tu 61 den 121
threshold_article_280_clause_2_point_d_000_000_dong_den,crime_280,article_280,280,article_280_clause_2_point_d,Point,000.000 đồng đến,000.000,,vnd,000 000 dong den
threshold_article_280_clause_2_point_d_000_000_dong,crime_280,article_280,280,article_280_clause_2_point_d,Point,000.000 đồng,000.000,,vnd,000 000 dong
threshold_article_280_clause_3_point_b_tu_122_den_200,crime_280,article_280,280,article_280_clause_3_point_b,Point,từ 122% đến 200%,122,200,percent,tu 122 den 200
threshold_article_280_clause_3_point_c_000_000_dong_den,crime_280,article_280,280,article_280_clause_3_point_c,Point,000.000 đồng đến,000.000,,vnd,000 000 dong den
threshold_article_280_clause_3_point_c_000_000_dong,crime_280,article_280,280,article_280_clause_3_point_c,Point,000.000 đồng,000.000,,vnd,000 000 dong
threshold_article_280_clause_4_point_b_201_tro_len,crime_280,article_280,280,article_280_clause_4_point_b,Point,201% trở lên,201,,percent,201 tro len
threshold_article_280_clause_4_point_c_000_000_dong_tro_len,crime_280,article_280,280,article_280_clause_4_point_c,Point,000.000 đồng trở lên,000.000,,vnd,000 000 dong tro len
threshold_condition_article_281_clause_1_000_000_dong_den,crime_281,article_281,281,condition_article_281_clause_1,Condition,000.000 đồng đến,000.000,,vnd,000 000 dong den
threshold_condition_article_281_clause_1_000_000_dong,crime_281,article_281,281,condition_article_281_clause_1,Condition,000.000 đồng,000.000,,vnd,000 000 dong
threshold_condition_article_281_clause_1_61_tro_len,crime_281,article_281,281,condition_article_281_clause_1,Condition,61% trở lên,61,,percent,61 tro len
threshold_condition_article_281_clause_1_tu_61_den_121,crime_281,article_281,281,condition_article_281_clause_1,Condition,từ 61% đến 121%,61,121,percent,tu 61 den 121
threshold_condition_article_281_clause_4_000_000_dong_den_50_000,crime_281,article_281,281,condition_article_281_clause_4,Condition,000.000 đồng đến 50.000,000.000,50.000,vnd,000 000 dong den 50 000
threshold_condition_article_281_clause_4_000_dong,crime_281,article_281,281,condition_article_281_clause_4,Condition,000 đồng,000,,vnd,000 dong
threshold_condition_article_281_clause_2_point_b_tu_122_den_200,crime_281,article_281,281,condition_article_281_clause_2_point_b,Condition,từ 122% đến 200%,122,200,percent,tu 122 den 200
threshold_condition_article_281_clause_2_point_c_000_000_dong_den,crime_281,article_281,281,condition_article_281_clause_2_point_c,Condition,000.000 đồng đến,000.000,,vnd,000 000 dong den
threshold_condition_article_281_clause_2_point_c_000_000_dong,crime_281,article_281,281,condition_article_281_clause_2_point_c,Condition,000.000 đồng,000.000,,vnd,000 000 dong
threshold_condition_article_281_clause_3_point_b_201_tro_len,crime_281,article_281,281,condition_article_281_clause_3_point_b,Condition,201% trở lên,201,,percent,201 tro len
threshold_condition_article_281_clause_3_point_c_000_000_dong_tro_len,crime_281,article_281,281,condition_article_281_clause_3_point_c,Condition,000.000 đồng trở lên,000.000,,vnd,000 000 dong tro len
threshold_article_281_clause_1_000_000_dong_den,crime_281,article_281,281,article_281_clause_1,Clause,000.000 đồng đến,000.000,,vnd,000 000 dong den
threshold_article_281_clause_1_000_000_dong,crime_281,article_281,281,article_281_clause_1,Clause,000.000 đồng,000.000,,vnd,000 000 dong
threshold_article_281_clause_1_61_tro_len,crime_281,article_281,281,article_281_clause_1,Clause,61% trở lên,61,,percent,61 tro len
threshold_article_281_clause_1_tu_61_den_121,crime_281,article_281,281,article_281_clause_1,Clause,từ 61% đến 121%,61,121,percent,tu 61 den 121
threshold_article_281_clause_2_000_000_dong_den,crime_281,article_281,281,article_281_clause_2,Clause,000.000 đồng đến,000.000,,vnd,000 000 dong den
threshold_article_281_clause_2_000_000_dong,crime_281,article_281,281,article_281_clause_2,Clause,000.000 đồng,000.000,,vnd,000 000 dong
threshold_article_281_clause_2_tu_122_den_200,crime_281,article_281,281,article_281_clause_2,Clause,từ 122% đến 200%,122,200,percent,tu 122 den 200
threshold_article_281_clause_3_000_000_dong_tro_len,crime_281,article_281,281,article_281_clause_3,Clause,000.000 đồng trở lên,000.000,,vnd,000 000 dong tro len
threshold_article_281_clause_3_201_tro_len,crime_281,article_281,281,article_281_clause_3,Clause,201% trở lên,201,,percent,201 tro len
threshold_article_281_clause_4_000_000_dong_den_50_000,crime_281,article_281,281,article_281_clause_4,Clause,000.000 đồng đến 50.000,000.000,50.000,vnd,000 000 dong den 50 000
threshold_article_281_clause_4_000_dong,crime_281,article_281,281,article_281_clause_4,Clause,000 đồng,000,,vnd,000 dong
threshold_article_281_clause_2_point_b_tu_122_den_200,crime_281,article_281,281,article_281_clause_2_point_b,Point,từ 122% đến 200%,122,200,percent,tu 122 den 200
threshold_article_281_clause_2_point_c_000_000_dong_den,crime_281,article_281,281,article_281_clause_2_point_c,Point,000.000 đồng đến,000.000,,vnd,000 000 dong den
threshold_article_281_clause_2_point_c_000_000_dong,crime_281,article_281,281,article_281_clause_2_point_c,Point,000.000 đồng,000.000,,vnd,000 000 dong
threshold_article_281_clause_3_point_b_201_tro_len,crime_281,article_281,281,article_281_clause_3_point_b,Point,201% trở lên,201,,percent,201 tro len
threshold_article_281_clause_3_point_c_000_000_dong_tro_len,crime_281,article_281,281,article_281_clause_3_point_c,Point,000.000 đồng trở lên,000.000,,vnd,000 000 dong tro len
threshold_condition_article_282_clause_4_000_000_dong_den_100_000,crime_282,article_282,282,condition_article_282_clause_4,Condition,000.000 đồng đến 100.000,000.000,100.000,vnd,000 000 dong den 100 000
threshold_condition_article_282_clause_4_000_dong,crime_282,article_282,282,condition_article_282_clause_4,Condition,000 đồng,000,,vnd,000 dong
threshold_condition_article_282_clause_2_point_c_tu_31_den_60,crime_282,article_282,282,condition_article_282_clause_2_point_c,Condition,từ 31% đến 60%,31,60,percent,tu 31 den 60
threshold_condition_article_282_clause_2_point_d_000_000_dong_den,crime_282,article_282,282,condition_article_282_clause_2_point_d,Condition,000.000 đồng đến,000.000,,vnd,000 000 dong den
threshold_condition_article_282_clause_2_point_d_000_000_dong,crime_282,article_282,282,condition_article_282_clause_2_point_d,Condition,000.000 đồng,000.000,,vnd,000 000 dong
threshold_condition_article_282_clause_3_point_b_61_tro_len,crime_282,article_282,282,condition_article_282_clause_3_point_b,Condition,61% trở lên,61,,percent,61 tro len
threshold_condition_article_282_clause_3_point_c_31_tro_len,crime_282,article_282,282,condition_article_282_clause_3_point_c,Condition,31% trở lên,31,,percent,31 tro len
threshold_condition_article_282_clause_3_point_d_000_000_dong_tro_len,crime_282,article_282,282,condition_article_282_clause_3_point_d,Condition,000.000 đồng trở lên,000.000,,vnd,000 000 dong tro len
threshold_article_282_clause_2_000_000_dong_den,crime_282,article_282,282,article_282_clause_2,Clause,000.000 đồng đến,000.000,,vnd,000 000 dong den
threshold_article_282_clause_2_000_000_dong,crime_282,article_282,282,article_282_clause_2,Clause,000.000 đồng,000.000,,vnd,000 000 dong
threshold_article_282_clause_2_tu_31_den_60,crime_282,article_282,282,article_282_clause_2,Clause,từ 31% đến 60%,31,60,percent,tu 31 den 60
threshold_article_282_clause_3_000_000_dong_tro_len,crime_282,article_282,282,article_282_clause_3,Clause,000.000 đồng trở lên,000.000,,vnd,000 000 dong tro len
threshold_article_282_clause_3_61_tro_len,crime_282,article_282,282,article_282_clause_3,Clause,61% trở lên,61,,percent,61 tro len
threshold_article_282_clause_3_31_tro_len,crime_282,article_282,282,article_282_clause_3,Clause,31% trở lên,31,,percent,31 tro len
threshold_article_282_clause_4_000_000_dong_den_100_000,crime_282,article_282,282,article_282_clause_4,Clause,000.000 đồng đến 100.000,000.000,100.000,vnd,000 000 dong den 100 000
threshold_article_282_clause_4_000_dong,crime_282,article_282,282,article_282_clause_4,Clause,000 đồng,000,,vnd,000 dong
threshold_article_282_clause_2_point_c_tu_31_den_60,crime_282,article_282,282,article_282_clause_2_point_c,Point,từ 31% đến 60%,31,60,percent,tu 31 den 60
threshold_article_282_clause_2_point_d_000_000_dong_den,crime_282,article_282,282,article_282_clause_2_point_d,Point,000.000 đồng đến,000.000,,vnd,000 000 dong den
threshold_article_282_clause_2_point_d_000_000_dong,crime_282,article_282,282,article_282_clause_2_point_d,Point,000.000 đồng,000.000,,vnd,000 000 dong
threshold_article_282_clause_3_point_b_61_tro_len,crime_282,article_282,282,article_282_clause_3_point_b,Point,61% trở lên,61,,percent,61 tro len
threshold_article_282_clause_3_point_c_31_tro_len,crime_282,article_282,282,article_282_clause_3_point_c,Point,31% trở lên,31,,percent,31 tro len
threshold_article_282_clause_3_point_d_000_000_dong_tro_len,crime_282,article_282,282,article_282_clause_3_point_d,Point,000.000 đồng trở lên,000.000,,vnd,000 000 dong tro len
threshold_article_283_clause_1_000_000_dong_den_300_000,crime_283,article_283,283,article_283_clause_1,Clause,000.000 đồng đến 300.000,000.000,300.000,vnd,000 000 dong den 300 000
threshold_article_283_clause_1_000_dong,crime_283,article_283,283,article_283_clause_1,Clause,000 đồng,000,,vnd,000 dong
threshold_article_283_clause_2_000_000_dong_den_1_000,crime_283,article_283,283,article_283_clause_2,Clause,000.000 đồng đến 1.000,000.000,1.000,vnd,000 000 dong den 1 000
threshold_article_283_clause_2_000_000_dong,crime_283,article_283,283,article_283_clause_2,Clause,000.000 đồng,000.000,,vnd,000 000 dong
threshold_article_283_clause_3_000_000_dong_den_3_000,crime_283,article_283,283,article_283_clause_3,Clause,000.000 đồng đến 3.000,000.000,3.000,vnd,000 000 dong den 3 000
threshold_article_283_clause_3_000_000_dong,crime_283,article_283,283,article_283_clause_3,Clause,000.000 đồng,000.000,,vnd,000 000 dong
threshold_article_284_clause_1_000_000_dong_den_200_000,crime_284,article_284,284,article_284_clause_1,Clause,000.000 đồng đến 200.000,000.000,200.000,vnd,000 000 dong den 200 000
threshold_article_284_clause_1_000_dong,crime_284,article_284,284,article_284_clause_1,Clause,000 đồng,000,,vnd,000 dong
threshold_article_284_clause_2_000_000_dong_den_500_000,crime_284,article_284,284,article_284_clause_2,Clause,000.000 đồng đến 500.000,000.000,500.000,vnd,000 000 dong den 500 000
threshold_article_284_clause_2_000_dong,crime_284,article_284,284,article_284_clause_2,Clause,000 đồng,000,,vnd,000 dong
threshold_article_284_clause_3_000_000_dong_den_1_500,crime_284,article_284,284,article_284_clause_3,Clause,000.000 đồng đến 1.500,000.000,1.500,vnd,000 000 dong den 1 500
threshold_article_284_clause_3_000_000_dong,crime_284,article_284,284,article_284_clause_3,Clause,000.000 đồng,000.000,,vnd,000 000 dong
threshold_condition_article_285_clause_4_000_000_dong_den_100_000,crime_285,article_285,285,condition_article_285_clause_4,Condition,000.000 đồng đến 100.000,000.000,100.000,vnd,000 000 dong den 100 000
threshold_condition_article_285_clause_4_000_dong,crime_285,article_285,285,condition_article_285_clause_4,Condition,000 đồng,000,,vnd,000 dong
threshold_condition_article_285_clause_2_point_d_000_000_dong_den,crime_285,article_285,285,condition_article_285_clause_2_point_d,Condition,000.000 đồng đến,000.000,,vnd,000 000 dong den
threshold_condition_article_285_clause_2_point_d_000_000_dong,crime_285,article_285,285,condition_article_285_clause_2_point_d,Condition,000.000 đồng,000.000,,vnd,000 000 dong
threshold_condition_article_285_clause_3_point_a_000_000_dong_tro_len,crime_285,article_285,285,condition_article_285_clause_3_point_a,Condition,000.000 đồng trở lên,000.000,,vnd,000 000 dong tro len
threshold_condition_article_285_clause_3_point_b_000_000_dong_tro_len,crime_285,article_285,285,condition_article_285_clause_3_point_b,Condition,000.000 đồng trở lên,000.000,,vnd,000 000 dong tro len
threshold_article_285_clause_1_000_000_dong_den_100_000,crime_285,article_285,285,article_285_clause_1,Clause,000.000 đồng đến 100.000,000.000,100.000,vnd,000 000 dong den 100 000
threshold_article_285_clause_1_000_dong,crime_285,article_285,285,article_285_clause_1,Clause,000 đồng,000,,vnd,000 dong
threshold_article_285_clause_2_000_000_dong_den_500_000,crime_285,article_285,285,article_285_clause_2,Clause,000.000 đồng đến 500.000,000.000,500.000,vnd,000 000 dong den 500 000
threshold_article_285_clause_2_000_dong,crime_285,article_285,285,article_285_clause_2,Clause,000 đồng,000,,vnd,000 dong
threshold_article_285_clause_2_000_000_dong_den,crime_285,article_285,285,article_285_clause_2,Clause,000.000 đồng đến,000.000,,vnd,000 000 dong den
threshold_article_285_clause_2_000_000_dong,crime_285,article_285,285,article_285_clause_2,Clause,000.000 đồng,000.000,,vnd,000 000 dong
threshold_article_285_clause_3_000_000_dong_den_1_000,crime_285,article_285,285,article_285_clause_3,Clause,000.000 đồng đến 1.000,000.000,1.000,vnd,000 000 dong den 1 000
threshold_article_285_clause_3_000_000_dong,crime_285,article_285,285,article_285_clause_3,Clause,000.000 đồng,000.000,,vnd,000 000 dong
threshold_article_285_clause_3_000_000_dong_tro_len,crime_285,article_285,285,article_285_clause_3,Clause,000.000 đồng trở lên,000.000,,vnd,000 000 dong tro len
threshold_article_285_clause_4_000_000_dong_den_100_000,crime_285,article_285,285,article_285_clause_4,Clause,000.000 đồng đến 100.000,000.000,100.000,vnd,000 000 dong den 100 000
threshold_article_285_clause_4_000_dong,crime_285,article_285,285,article_285_clause_4,Clause,000 đồng,000,,vnd,000 dong
threshold_article_285_clause_2_point_d_000_000_dong_den,crime_285,article_285,285,article_285_clause_2_point_d,Point,000.000 đồng đến,000.000,,vnd,000 000 dong den
threshold_article_285_clause_2_point_d_000_000_dong,crime_285,article_285,285,article_285_clause_2_point_d,Point,000.000 đồng,000.000,,vnd,000 000 dong
threshold_article_285_clause_3_point_a_000_000_dong_tro_len,crime_285,article_285,285,article_285_clause_3_point_a,Point,000.000 đồng trở lên,000.000,,vnd,000 000 dong tro len
threshold_article_285_clause_3_point_b_000_000_dong_tro_len,crime_285,article_285,285,article_285_clause_3_point_b,Point,000.000 đồng trở lên,000.000,,vnd,000 000 dong tro len
threshold_condition_article_286_clause_4_000_000_dong_den_200_000,crime_286,article_286,286,condition_article_286_clause_4,Condition,000.000 đồng đến 200.000,000.000,200.000,vnd,000 000 dong den 200 000
threshold_condition_article_286_clause_4_000_dong,crime_286,article_286,286,condition_article_286_clause_4,Condition,000 đồng,000,,vnd,000 dong
threshold_condition_article_286_clause_1_point_a_000_000_dong_den,crime_286,article_286,286,condition_article_286_clause_1_point_a,Condition,000.000 đồng đến,000.000,,vnd,000 000 dong den
threshold_condition_article_286_clause_1_point_a_000_000_dong,crime_286,article_286,286,condition_article_286_clause_1_point_a,Condition,000.000 đồng,000.000,,vnd,000 000 dong
threshold_condition_article_286_clause_1_point_b_000_000_dong_den,crime_286,article_286,286,condition_article_286_clause_1_point_b,Condition,000.000 đồng đến,000.000,,vnd,000 000 dong den
threshold_condition_article_286_clause_1_point_b_000_000_dong,crime_286,article_286,286,condition_article_286_clause_1_point_b,Condition,000.000 đồng,000.000,,vnd,000 000 dong
threshold_condition_article_286_clause_2_point_b_000_000_dong_den,crime_286,article_286,286,condition_article_286_clause_2_point_b,Condition,000.000 đồng đến,000.000,,vnd,000 000 dong den
threshold_condition_article_286_clause_2_point_b_000_000_dong,crime_286,article_286,286,condition_article_286_clause_2_point_b,Condition,000.000 đồng,000.000,,vnd,000 000 dong
threshold_condition_article_286_clause_2_point_c_000_000_dong_den,crime_286,article_286,286,condition_article_286_clause_2_point_c,Condition,000.000 đồng đến,000.000,,vnd,000 000 dong den
threshold_condition_article_286_clause_2_point_c_000_000_dong,crime_286,article_286,286,condition_article_286_clause_2_point_c,Condition,000.000 đồng,000.000,,vnd,000 000 dong
threshold_condition_article_286_clause_3_point_c_000_000_dong_tro_len,crime_286,article_286,286,condition_article_286_clause_3_point_c,Condition,000.000 đồng trở lên,000.000,,vnd,000 000 dong tro len
threshold_condition_article_286_clause_3_point_d_000_000_dong_tro_len,crime_286,article_286,286,condition_article_286_clause_3_point_d,Condition,000.000 đồng trở lên,000.000,,vnd,000 000 dong tro len
threshold_article_286_clause_1_000_000_dong_den_200_000,crime_286,article_286,286,article_286_clause_1,Clause,000.000 đồng đến 200.000,000.000,200.000,vnd,000 000 dong den 200 000
threshold_article_286_clause_1_000_dong,crime_286,article_286,286,article_286_clause_1,Clause,000 đồng,000,,vnd,000 dong
threshold_article_286_clause_1_000_000_dong_den,crime_286,article_286,286,article_286_clause_1,Clause,000.000 đồng đến,000.000,,vnd,000 000 dong den
threshold_article_286_clause_1_000_000_dong,crime_286,article_286,286,article_286_clause_1,Clause,000.000 đồng,000.000,,vnd,000 000 dong
threshold_article_286_clause_2_000_000_dong_den_500_000,crime_286,article_286,286,article_286_clause_2,Clause,000.000 đồng đến 500.000,000.000,500.000,vnd,000 000 dong den 500 000
threshold_article_286_clause_2_000_dong,crime_286,article_286,286,article_286_clause_2,Clause,000 đồng,000,,vnd,000 dong
threshold_article_286_clause_2_000_000_dong_den,crime_286,article_286,286,article_286_clause_2,Clause,000.000 đồng đến,000.000,,vnd,000 000 dong den
threshold_article_286_clause_2_000_000_dong,crime_286,article_286,286,article_286_clause_2,Clause,000.000 đồng,000.000,,vnd,000 000 dong
threshold_article_286_clause_3_000_000_dong_tro_len,crime_286,article_286,286,article_286_clause_3,Clause,000.000 đồng trở lên,000.000,,vnd,000 000 dong tro len
threshold_article_286_clause_4_000_000_dong_den_200_000,crime_286,article_286,286,article_286_clause_4,Clause,000.000 đồng đến 200.000,000.000,200.000,vnd,000 000 dong den 200 000
threshold_article_286_clause_4_000_dong,crime_286,article_286,286,article_286_clause_4,Clause,000 đồng,000,,vnd,000 dong
threshold_article_286_clause_1_point_a_000_000_dong_den,crime_286,article_286,286,article_286_clause_1_point_a,Point,000.000 đồng đến,000.000,,vnd,000 000 dong den
threshold_article_286_clause_1_point_a_000_000_dong,crime_286,article_286,286,article_286_clause_1_point_a,Point,000.000 đồng,000.000,,vnd,000 000 dong
threshold_article_286_clause_1_point_b_000_000_dong_den,crime_286,article_286,286,article_286_clause_1_point_b,Point,000.000 đồng đến,000.000,,vnd,000 000 dong den
threshold_article_286_clause_1_point_b_000_000_dong,crime_286,article_286,286,article_286_clause_1_point_b,Point,000.000 đồng,000.000,,vnd,000 000 dong
threshold_article_286_clause_2_point_b_000_000_dong_den,crime_286,article_286,286,article_286_clause_2_point_b,Point,000.000 đồng đến,000.000,,vnd,000 000 dong den
threshold_article_286_clause_2_point_b_000_000_dong,crime_286,article_286,286,article_286_clause_2_point_b,Point,000.000 đồng,000.000,,vnd,000 000 dong
threshold_article_286_clause_2_point_c_000_000_dong_den,crime_286,article_286,286,article_286_clause_2_point_c,Point,000.000 đồng đến,000.000,,vnd,000 000 dong den
threshold_article_286_clause_2_point_c_000_000_dong,crime_286,article_286,286,article_286_clause_2_point_c,Point,000.000 đồng,000.000,,vnd,000 000 dong
threshold_article_286_clause_3_point_c_000_000_dong_tro_len,crime_286,article_286,286,article_286_clause_3_point_c,Point,000.000 đồng trở lên,000.000,,vnd,000 000 dong tro len
threshold_article_286_clause_3_point_d_000_000_dong_tro_len,crime_286,article_286,286,article_286_clause_3_point_d,Point,000.000 đồng trở lên,000.000,,vnd,000 000 dong tro len
threshold_condition_article_287_clause_4_000_000_dong_den_200_000,crime_287,article_287,287,condition_article_287_clause_4,Condition,000.000 đồng đến 200.000,000.000,200.000,vnd,000 000 dong den 200 000
threshold_condition_article_287_clause_4_000_dong,crime_287,article_287,287,condition_article_287_clause_4,Condition,000 đồng,000,,vnd,000 dong
threshold_condition_article_287_clause_1_point_a_000_000_dong_den,crime_287,article_287,287,condition_article_287_clause_1_point_a,Condition,000.000 đồng đến,000.000,,vnd,000 000 dong den
threshold_condition_article_287_clause_1_point_a_000_000_dong,crime_287,article_287,287,condition_article_287_clause_1_point_a,Condition,000.000 đồng,000.000,,vnd,000 000 dong
threshold_condition_article_287_clause_1_point_b_000_000_dong_den,crime_287,article_287,287,condition_article_287_clause_1_point_b,Condition,000.000 đồng đến,000.000,,vnd,000 000 dong den
threshold_condition_article_287_clause_1_point_b_000_000_dong,crime_287,article_287,287,condition_article_287_clause_1_point_b,Condition,000.000 đồng,000.000,,vnd,000 000 dong
threshold_condition_article_287_clause_1_point_c_24_g,crime_287,article_287,287,condition_article_287_clause_1_point_c,Condition,24 g,24,,g,24 g
threshold_condition_article_287_clause_1_point_d_tu_24_g,crime_287,article_287,287,condition_article_287_clause_1_point_d,Condition,từ 24 g,24,,g,tu 24 g
threshold_condition_article_287_clause_1_point_d_72_g,crime_287,article_287,287,condition_article_287_clause_1_point_d,Condition,72 g,72,,g,72 g
threshold_condition_article_287_clause_2_point_d_000_000_dong_den,crime_287,article_287,287,condition_article_287_clause_2_point_d,Condition,000.000 đồng đến,000.000,,vnd,000 000 dong den
threshold_condition_article_287_clause_2_point_d_000_000_dong,crime_287,article_287,287,condition_article_287_clause_2_point_d,Condition,000.000 đồng,000.000,,vnd,000 000 dong
threshold_condition_article_287_clause_2_point_e_tu_24_g,crime_287,article_287,287,condition_article_287_clause_2_point_e,Condition,từ 24 g,24,,g,tu 24 g
threshold_condition_article_287_clause_2_point_e_168_g,crime_287,article_287,287,condition_article_287_clause_2_point_e,Condition,168 g,168,,g,168 g
threshold_condition_article_287_clause_2_point_e_24_g,crime_287,article_287,287,condition_article_287_clause_2_point_e,Condition,24 g,24,,g,24 g
threshold_condition_article_287_clause_2_point_g_tu_72_g,crime_287,article_287,287,condition_article_287_clause_2_point_g,Condition,từ 72 g,72,,g,tu 72 g
threshold_condition_article_287_clause_2_point_g_168_g,crime_287,article_287,287,condition_article_287_clause_2_point_g,Condition,168 g,168,,g,168 g
threshold_condition_article_287_clause_3_point_c_000_000_dong_tro_len,crime_287,article_287,287,condition_article_287_clause_3_point_c,Condition,000.000 đồng trở lên,000.000,,vnd,000 000 dong tro len
threshold_condition_article_287_clause_3_point_d_000_000_dong_tro_len,crime_287,article_287,287,condition_article_287_clause_3_point_d,Condition,000.000 đồng trở lên,000.000,,vnd,000 000 dong tro len
threshold_condition_article_287_clause_3_point_d_168_g,crime_287,article_287,287,condition_article_287_clause_3_point_d,Condition,168 g,168,,g,168 g
threshold_condition_article_287_clause_3_point_d_24_g,crime_287,article_287,287,condition_article_287_clause_3_point_d,Condition,24 g,24,,g,24 g
threshold_condition_article_287_clause_3_point_e_168_g,crime_287,article_287,287,condition_article_287_clause_3_point_e,Condition,168 g,168,,g,168 g
threshold_article_287_clause_1_24_g,crime_287,article_287,287,article_287_clause_1,Clause,24 g,24,,g,24 g
threshold_article_287_clause_1_tu_24_g,crime_287,article_287,287,article_287_clause_1,Clause,từ 24 g,24,,g,tu 24 g
threshold_article_287_clause_1_72_g,crime_287,article_287,287,article_287_clause_1,Clause,72 g,72,,g,72 g
threshold_article_287_clause_1_000_000_dong_den_200_000,crime_287,article_287,287,article_287_clause_1,Clause,000.000 đồng đến 200.000,000.000,200.000,vnd,000 000 dong den 200 000
threshold_article_287_clause_1_000_dong,crime_287,article_287,287,article_287_clause_1,Clause,000 đồng,000,,vnd,000 dong
threshold_article_287_clause_1_000_000_dong_den,crime_287,article_287,287,article_287_clause_1,Clause,000.000 đồng đến,000.000,,vnd,000 000 dong den
threshold_article_287_clause_1_000_000_dong,crime_287,article_287,287,article_287_clause_1,Clause,000.000 đồng,000.000,,vnd,000 000 dong
threshold_article_287_clause_2_tu_24_g,crime_287,article_287,287,article_287_clause_2,Clause,từ 24 g,24,,g,tu 24 g
threshold_article_287_clause_2_168_g,crime_287,article_287,287,article_287_clause_2,Clause,168 g,168,,g,168 g
threshold_article_287_clause_2_24_g,crime_287,article_287,287,article_287_clause_2,Clause,24 g,24,,g,24 g
threshold_article_287_clause_2_tu_72_g,crime_287,article_287,287,article_287_clause_2,Clause,từ 72 g,72,,g,tu 72 g
threshold_article_287_clause_2_000_000_dong_den_1_000,crime_287,article_287,287,article_287_clause_2,Clause,000.000 đồng đến 1.000,000.000,1.000,vnd,000 000 dong den 1 000
threshold_article_287_clause_2_000_000_dong,crime_287,article_287,287,article_287_clause_2,Clause,000.000 đồng,000.000,,vnd,000 000 dong
threshold_article_287_clause_2_000_000_dong_den,crime_287,article_287,287,article_287_clause_2,Clause,000.000 đồng đến,000.000,,vnd,000 000 dong den
threshold_article_287_clause_3_168_g,crime_287,article_287,287,article_287_clause_3,Clause,168 g,168,,g,168 g
threshold_article_287_clause_3_24_g,crime_287,article_287,287,article_287_clause_3,Clause,24 g,24,,g,24 g
threshold_article_287_clause_3_000_000_dong_tro_len,crime_287,article_287,287,article_287_clause_3,Clause,000.000 đồng trở lên,000.000,,vnd,000 000 dong tro len
threshold_article_287_clause_4_000_000_dong_den_200_000,crime_287,article_287,287,article_287_clause_4,Clause,000.000 đồng đến 200.000,000.000,200.000,vnd,000 000 dong den 200 000
threshold_article_287_clause_4_000_dong,crime_287,article_287,287,article_287_clause_4,Clause,000 đồng,000,,vnd,000 dong
threshold_article_287_clause_1_point_a_000_000_dong_den,crime_287,article_287,287,article_287_clause_1_point_a,Point,000.000 đồng đến,000.000,,vnd,000 000 dong den
threshold_article_287_clause_1_point_a_000_000_dong,crime_287,article_287,287,article_287_clause_1_point_a,Point,000.000 đồng,000.000,,vnd,000 000 dong
threshold_article_287_clause_1_point_b_000_000_dong_den,crime_287,article_287,287,article_287_clause_1_point_b,Point,000.000 đồng đến,000.000,,vnd,000 000 dong den
threshold_article_287_clause_1_point_b_000_000_dong,crime_287,article_287,287,article_287_clause_1_point_b,Point,000.000 đồng,000.000,,vnd,000 000 dong
threshold_article_287_clause_1_point_c_24_g,crime_287,article_287,287,article_287_clause_1_point_c,Point,24 g,24,,g,24 g
threshold_article_287_clause_1_point_d_tu_24_g,crime_287,article_287,287,article_287_clause_1_point_d,Point,từ 24 g,24,,g,tu 24 g
threshold_article_287_clause_1_point_d_72_g,crime_287,article_287,287,article_287_clause_1_point_d,Point,72 g,72,,g,72 g
threshold_article_287_clause_2_point_d_000_000_dong_den,crime_287,article_287,287,article_287_clause_2_point_d,Point,000.000 đồng đến,000.000,,vnd,000 000 dong den
threshold_article_287_clause_2_point_d_000_000_dong,crime_287,article_287,287,article_287_clause_2_point_d,Point,000.000 đồng,000.000,,vnd,000 000 dong
threshold_article_287_clause_2_point_e_tu_24_g,crime_287,article_287,287,article_287_clause_2_point_e,Point,từ 24 g,24,,g,tu 24 g
threshold_article_287_clause_2_point_e_168_g,crime_287,article_287,287,article_287_clause_2_point_e,Point,168 g,168,,g,168 g
threshold_article_287_clause_2_point_e_24_g,crime_287,article_287,287,article_287_clause_2_point_e,Point,24 g,24,,g,24 g
threshold_article_287_clause_2_point_g_tu_72_g,crime_287,article_287,287,article_287_clause_2_point_g,Point,từ 72 g,72,,g,tu 72 g
threshold_article_287_clause_2_point_g_168_g,crime_287,article_287,287,article_287_clause_2_point_g,Point,168 g,168,,g,168 g
threshold_article_287_clause_3_point_c_000_000_dong_tro_len,crime_287,article_287,287,article_287_clause_3_point_c,Point,000.000 đồng trở lên,000.000,,vnd,000 000 dong tro len
threshold_article_287_clause_3_point_d_000_000_dong_tro_len,crime_287,article_287,287,article_287_clause_3_point_d,Point,000.000 đồng trở lên,000.000,,vnd,000 000 dong tro len
threshold_article_287_clause_3_point_d_168_g,crime_287,article_287,287,article_287_clause_3_point_d,Point,168 g,168,,g,168 g
threshold_article_287_clause_3_point_d_24_g,crime_287,article_287,287,article_287_clause_3_point_d,Point,24 g,24,,g,24 g
threshold_article_287_clause_3_point_e_168_g,crime_287,article_287,287,article_287_clause_3_point_e,Point,168 g,168,,g,168 g
threshold_condition_article_288_clause_1_000_000_dong_den,crime_288,article_288,288,condition_article_288_clause_1,Condition,000.000 đồng đến,000.000,,vnd,000 000 dong den
threshold_condition_article_288_clause_1_000_000_dong,crime_288,article_288,288,condition_article_288_clause_1,Condition,000.000 đồng,000.000,,vnd,000 000 dong
threshold_condition_article_288_clause_3_000_000_dong_den_200_000,crime_288,article_288,288,condition_article_288_clause_3,Condition,000.000 đồng đến 200.000,000.000,200.000,vnd,000 000 dong den 200 000
threshold_condition_article_288_clause_3_000_dong,crime_288,article_288,288,condition_article_288_clause_3,Condition,000 đồng,000,,vnd,000 dong
threshold_condition_article_288_clause_2_point_c_000_000_dong_tro_len,crime_288,article_288,288,condition_article_288_clause_2_point_c,Condition,000.000 đồng trở lên,000.000,,vnd,000 000 dong tro len
threshold_condition_article_288_clause_2_point_d_000_000_dong_tro_len,crime_288,article_288,288,condition_article_288_clause_2_point_d,Condition,000.000 đồng trở lên,000.000,,vnd,000 000 dong tro len
threshold_article_288_clause_1_000_000_dong_den,crime_288,article_288,288,article_288_clause_1,Clause,000.000 đồng đến,000.000,,vnd,000 000 dong den
threshold_article_288_clause_1_000_000_dong,crime_288,article_288,288,article_288_clause_1,Clause,000.000 đồng,000.000,,vnd,000 000 dong
threshold_article_288_clause_1_000_000_dong_den_200_000,crime_288,article_288,288,article_288_clause_1,Clause,000.000 đồng đến 200.000,000.000,200.000,vnd,000 000 dong den 200 000
threshold_article_288_clause_1_000_dong,crime_288,article_288,288,article_288_clause_1,Clause,000 đồng,000,,vnd,000 dong
threshold_article_288_clause_2_000_000_dong_den_1_000,crime_288,article_288,288,article_288_clause_2,Clause,000.000 đồng đến 1.000,000.000,1.000,vnd,000 000 dong den 1 000
threshold_article_288_clause_2_000_000_dong,crime_288,article_288,288,article_288_clause_2,Clause,000.000 đồng,000.000,,vnd,000 000 dong
threshold_article_288_clause_2_000_000_dong_tro_len,crime_288,article_288,288,article_288_clause_2,Clause,000.000 đồng trở lên,000.000,,vnd,000 000 dong tro len
threshold_article_288_clause_3_000_000_dong_den_200_000,crime_288,article_288,288,article_288_clause_3,Clause,000.000 đồng đến 200.000,000.000,200.000,vnd,000 000 dong den 200 000
threshold_article_288_clause_3_000_dong,crime_288,article_288,288,article_288_clause_3,Clause,000 đồng,000,,vnd,000 dong
threshold_article_288_clause_2_point_c_000_000_dong_tro_len,crime_288,article_288,288,article_288_clause_2_point_c,Point,000.000 đồng trở lên,000.000,,vnd,000 000 dong tro len
threshold_article_288_clause_2_point_d_000_000_dong_tro_len,crime_288,article_288,288,article_288_clause_2_point_d,Point,000.000 đồng trở lên,000.000,,vnd,000 000 dong tro len
threshold_condition_article_289_clause_4_000_000_dong_den_50_000,crime_289,article_289,289,condition_article_289_clause_4,Condition,000.000 đồng đến 50.000,000.000,50.000,vnd,000 000 dong den 50 000
threshold_condition_article_289_clause_4_000_dong,crime_289,article_289,289,condition_article_289_clause_4,Condition,000 đồng,000,,vnd,000 dong
threshold_condition_article_289_clause_2_point_c_000_000_dong_den,crime_289,article_289,289,condition_article_289_clause_2_point_c,Condition,000.000 đồng đến,000.000,,vnd,000 000 dong den
threshold_condition_article_289_clause_2_point_c_000_000_dong,crime_289,article_289,289,condition_article_289_clause_2_point_c,Condition,000.000 đồng,000.000,,vnd,000 000 dong
threshold_condition_article_289_clause_2_point_d_000_000_dong_den,crime_289,article_289,289,condition_article_289_clause_2_point_d,Condition,000.000 đồng đến,000.000,,vnd,000 000 dong den
threshold_condition_article_289_clause_2_point_d_000_000_dong,crime_289,article_289,289,condition_article_289_clause_2_point_d,Condition,000.000 đồng,000.000,,vnd,000 000 dong
threshold_condition_article_289_clause_3_point_c_000_000_dong_tro_len,crime_289,article_289,289,condition_article_289_clause_3_point_c,Condition,000.000 đồng trở lên,000.000,,vnd,000 000 dong tro len
threshold_condition_article_289_clause_3_point_d_000_000_dong_tro_len,crime_289,article_289,289,condition_article_289_clause_3_point_d,Condition,000.000 đồng trở lên,000.000,,vnd,000 000 dong tro len
threshold_article_289_clause_1_000_000_dong_den_300_000,crime_289,article_289,289,article_289_clause_1,Clause,000.000 đồng đến 300.000,000.000,300.000,vnd,000 000 dong den 300 000
threshold_article_289_clause_1_000_dong,crime_289,article_289,289,article_289_clause_1,Clause,000 đồng,000,,vnd,000 dong
threshold_article_289_clause_2_000_000_dong_den_1_000,crime_289,article_289,289,article_289_clause_2,Clause,000.000 đồng đến 1.000,000.000,1.000,vnd,000 000 dong den 1 000
threshold_article_289_clause_2_000_000_dong,crime_289,article_289,289,article_289_clause_2,Clause,000.000 đồng,000.000,,vnd,000 000 dong
threshold_article_289_clause_2_000_000_dong_den,crime_289,article_289,289,article_289_clause_2,Clause,000.000 đồng đến,000.000,,vnd,000 000 dong den
threshold_article_289_clause_3_000_000_dong_tro_len,crime_289,article_289,289,article_289_clause_3,Clause,000.000 đồng trở lên,000.000,,vnd,000 000 dong tro len
threshold_article_289_clause_4_000_000_dong_den_50_000,crime_289,article_289,289,article_289_clause_4,Clause,000.000 đồng đến 50.000,000.000,50.000,vnd,000 000 dong den 50 000
threshold_article_289_clause_4_000_dong,crime_289,article_289,289,article_289_clause_4,Clause,000 đồng,000,,vnd,000 dong
threshold_article_289_clause_2_point_c_000_000_dong_den,crime_289,article_289,289,article_289_clause_2_point_c,Point,000.000 đồng đến,000.000,,vnd,000 000 dong den
threshold_article_289_clause_2_point_c_000_000_dong,crime_289,article_289,289,article_289_clause_2_point_c,Point,000.000 đồng,000.000,,vnd,000 000 dong
threshold_article_289_clause_2_point_d_000_000_dong_den,crime_289,article_289,289,article_289_clause_2_point_d,Point,000.000 đồng đến,000.000,,vnd,000 000 dong den
threshold_article_289_clause_2_point_d_000_000_dong,crime_289,article_289,289,article_289_clause_2_point_d,Point,000.000 đồng,000.000,,vnd,000 000 dong
threshold_article_289_clause_3_point_c_000_000_dong_tro_len,crime_289,article_289,289,article_289_clause_3_point_c,Point,000.000 đồng trở lên,000.000,,vnd,000 000 dong tro len
threshold_article_289_clause_3_point_d_000_000_dong_tro_len,crime_289,article_289,289,article_289_clause_3_point_d,Point,000.000 đồng trở lên,000.000,,vnd,000 000 dong tro len
threshold_condition_article_290_clause_5_000_000_dong_den_100_000,crime_290,article_290,290,condition_article_290_clause_5,Condition,000.000 đồng đến 100.000,000.000,100.000,vnd,000 000 dong den 100 000
threshold_condition_article_290_clause_5_000_dong,crime_290,article_290,290,condition_article_290_clause_5,Condition,000 đồng,000,,vnd,000 dong
threshold_condition_article_290_clause_2_point_d_000_000_dong_den,crime_290,article_290,290,condition_article_290_clause_2_point_d,Condition,000.000 đồng đến,000.000,,vnd,000 000 dong den
threshold_condition_article_290_clause_2_point_d_000_000_dong,crime_290,article_290,290,condition_article_290_clause_2_point_d,Condition,000.000 đồng,000.000,,vnd,000 000 dong
threshold_condition_article_290_clause_2_point_e_000_000_dong_den,crime_290,article_290,290,condition_article_290_clause_2_point_e,Condition,000.000 đồng đến,000.000,,vnd,000 000 dong den
threshold_condition_article_290_clause_2_point_e_000_000_dong,crime_290,article_290,290,condition_article_290_clause_2_point_e,Condition,000.000 đồng,000.000,,vnd,000 000 dong
threshold_condition_article_290_clause_3_point_a_000_000_dong_den,crime_290,article_290,290,condition_article_290_clause_3_point_a,Condition,000.000 đồng đến,000.000,,vnd,000 000 dong den
threshold_condition_article_290_clause_3_point_a_000_000_dong,crime_290,article_290,290,condition_article_290_clause_3_point_a,Condition,000.000 đồng,000.000,,vnd,000 000 dong
threshold_condition_article_290_clause_3_point_b_000_000_dong_den,crime_290,article_290,290,condition_article_290_clause_3_point_b,Condition,000.000 đồng đến,000.000,,vnd,000 000 dong den
threshold_condition_article_290_clause_3_point_b_000_000_dong,crime_290,article_290,290,condition_article_290_clause_3_point_b,Condition,000.000 đồng,000.000,,vnd,000 000 dong
threshold_condition_article_290_clause_4_point_a_000_000_dong_tro_len,crime_290,article_290,290,condition_article_290_clause_4_point_a,Condition,000.000 đồng trở lên,000.000,,vnd,000 000 dong tro len
threshold_condition_article_290_clause_4_point_b_000_000_dong_tro_len,crime_290,article_290,290,condition_article_290_clause_4_point_b,Condition,000.000 đồng trở lên,000.000,,vnd,000 000 dong tro len
threshold_article_290_clause_2_000_000_dong_den,crime_290,article_290,290,article_290_clause_2,Clause,000.000 đồng đến,000.000,,vnd,000 000 dong den
threshold_article_290_clause_2_000_000_dong,crime_290,article_290,290,article_290_clause_2,Clause,000.000 đồng,000.000,,vnd,000 000 dong
threshold_article_290_clause_3_000_000_dong_den,crime_290,article_290,290,article_290_clause_3,Clause,000.000 đồng đến,000.000,,vnd,000 000 dong den
threshold_article_290_clause_3_000_000_dong,crime_290,article_290,290,article_290_clause_3,Clause,000.000 đồng,000.000,,vnd,000 000 dong
threshold_article_290_clause_4_000_000_dong_tro_len,crime_290,article_290,290,article_290_clause_4,Clause,000.000 đồng trở lên,000.000,,vnd,000 000 dong tro len
threshold_article_290_clause_5_000_000_dong_den_100_000,crime_290,article_290,290,article_290_clause_5,Clause,000.000 đồng đến 100.000,000.000,100.000,vnd,000 000 dong den 100 000
threshold_article_290_clause_5_000_dong,crime_290,article_290,290,article_290_clause_5,Clause,000 đồng,000,,vnd,000 dong
threshold_article_290_clause_2_point_d_000_000_dong_den,crime_290,article_290,290,article_290_clause_2_point_d,Point,000.000 đồng đến,000.000,,vnd,000 000 dong den
threshold_article_290_clause_2_point_d_000_000_dong,crime_290,article_290,290,article_290_clause_2_point_d,Point,000.000 đồng,000.000,,vnd,000 000 dong
threshold_article_290_clause_2_point_e_000_000_dong_den,crime_290,article_290,290,article_290_clause_2_point_e,Point,000.000 đồng đến,000.000,,vnd,000 000 dong den
threshold_article_290_clause_2_point_e_000_000_dong,crime_290,article_290,290,article_290_clause_2_point_e,Point,000.000 đồng,000.000,,vnd,000 000 dong
threshold_article_290_clause_3_point_a_000_000_dong_den,crime_290,article_290,290,article_290_clause_3_point_a,Point,000.000 đồng đến,000.000,,vnd,000 000 dong den
threshold_article_290_clause_3_point_a_000_000_dong,crime_290,article_290,290,article_290_clause_3_point_a,Point,000.000 đồng,000.000,,vnd,000 000 dong
threshold_article_290_clause_3_point_b_000_000_dong_den,crime_290,article_290,290,article_290_clause_3_point_b,Point,000.000 đồng đến,000.000,,vnd,000 000 dong den
threshold_article_290_clause_3_point_b_000_000_dong,crime_290,article_290,290,article_290_clause_3_point_b,Point,000.000 đồng,000.000,,vnd,000 000 dong
threshold_article_290_clause_4_point_a_000_000_dong_tro_len,crime_290,article_290,290,article_290_clause_4_point_a,Point,000.000 đồng trở lên,000.000,,vnd,000 000 dong tro len
threshold_article_290_clause_4_point_b_000_000_dong_tro_len,crime_290,article_290,290,article_290_clause_4_point_b,Point,000.000 đồng trở lên,000.000,,vnd,000 000 dong tro len
threshold_condition_article_291_clause_1_000_000_dong_den,crime_291,article_291,291,condition_article_291_clause_1,Condition,000.000 đồng đến,000.000,,vnd,000 000 dong den
threshold_condition_article_291_clause_1_000_000_dong,crime_291,article_291,291,condition_article_291_clause_1,Condition,000.000 đồng,000.000,,vnd,000 000 dong
threshold_condition_article_291_clause_4_000_000_dong_den_50_000,crime_291,article_291,291,condition_article_291_clause_4,Condition,000.000 đồng đến 50.000,000.000,50.000,vnd,000 000 dong den 50 000
threshold_condition_article_291_clause_4_000_dong,crime_291,article_291,291,condition_article_291_clause_4,Condition,000 đồng,000,,vnd,000 dong
threshold_condition_article_291_clause_2_point_d_000_000_dong_den,crime_291,article_291,291,condition_article_291_clause_2_point_d,Condition,000.000 đồng đến,000.000,,vnd,000 000 dong den
threshold_condition_article_291_clause_2_point_d_000_000_dong,crime_291,article_291,291,condition_article_291_clause_2_point_d,Condition,000.000 đồng,000.000,,vnd,000 000 dong
threshold_condition_article_291_clause_3_point_b_000_000_dong_tro_len,crime_291,article_291,291,condition_article_291_clause_3_point_b,Condition,000.000 đồng trở lên,000.000,,vnd,000 000 dong tro len
threshold_article_291_clause_1_000_000_dong_den,crime_291,article_291,291,article_291_clause_1,Clause,000.000 đồng đến,000.000,,vnd,000 000 dong den
threshold_article_291_clause_1_000_000_dong,crime_291,article_291,291,article_291_clause_1,Clause,000.000 đồng,000.000,,vnd,000 000 dong
threshold_article_291_clause_1_000_000_dong_den_100_000,crime_291,article_291,291,article_291_clause_1,Clause,000.000 đồng đến 100.000,000.000,100.000,vnd,000 000 dong den 100 000
threshold_article_291_clause_1_000_dong,crime_291,article_291,291,article_291_clause_1,Clause,000 đồng,000,,vnd,000 dong
threshold_article_291_clause_2_000_000_dong_den_200_000,crime_291,article_291,291,article_291_clause_2,Clause,000.000 đồng đến 200.000,000.000,200.000,vnd,000 000 dong den 200 000
threshold_article_291_clause_2_000_dong,crime_291,article_291,291,article_291_clause_2,Clause,000 đồng,000,,vnd,000 dong
threshold_article_291_clause_2_000_000_dong_den,crime_291,article_291,291,article_291_clause_2,Clause,000.000 đồng đến,000.000,,vnd,000 000 dong den
threshold_article_291_clause_2_000_000_dong,crime_291,article_291,291,article_291_clause_2,Clause,000.000 đồng,000.000,,vnd,000 000 dong
threshold_article_291_clause_3_000_000_dong_den_500_000,crime_291,article_291,291,article_291_clause_3,Clause,000.000 đồng đến 500.000,000.000,500.000,vnd,000 000 dong den 500 000
threshold_article_291_clause_3_000_dong,crime_291,article_291,291,article_291_clause_3,Clause,000 đồng,000,,vnd,000 dong
threshold_article_291_clause_3_000_000_dong_tro_len,crime_291,article_291,291,article_291_clause_3,Clause,000.000 đồng trở lên,000.000,,vnd,000 000 dong tro len
threshold_article_291_clause_4_000_000_dong_den_50_000,crime_291,article_291,291,article_291_clause_4,Clause,000.000 đồng đến 50.000,000.000,50.000,vnd,000 000 dong den 50 000
threshold_article_291_clause_4_000_dong,crime_291,article_291,291,article_291_clause_4,Clause,000 đồng,000,,vnd,000 dong
threshold_article_291_clause_2_point_d_000_000_dong_den,crime_291,article_291,291,article_291_clause_2_point_d,Point,000.000 đồng đến,000.000,,vnd,000 000 dong den
threshold_article_291_clause_2_point_d_000_000_dong,crime_291,article_291,291,article_291_clause_2_point_d,Point,000.000 đồng,000.000,,vnd,000 000 dong
threshold_article_291_clause_3_point_b_000_000_dong_tro_len,crime_291,article_291,291,article_291_clause_3_point_b,Point,000.000 đồng trở lên,000.000,,vnd,000 000 dong tro len
threshold_condition_article_293_clause_1_000_000_dong_den,crime_293,article_293,293,condition_article_293_clause_1,Condition,000.000 đồng đến,000.000,,vnd,000 000 dong den
threshold_condition_article_293_clause_1_000_000_dong,crime_293,article_293,293,condition_article_293_clause_1,Condition,000.000 đồng,000.000,,vnd,000 000 dong
threshold_condition_article_293_clause_2_point_b_000_000_dong_tro_len,crime_293,article_293,293,condition_article_293_clause_2_point_b,Condition,000.000 đồng trở lên,000.000,,vnd,000 000 dong tro len
threshold_article_293_clause_1_000_000_dong_den,crime_293,article_293,293,article_293_clause_1,Clause,000.000 đồng đến,000.000,,vnd,000 000 dong den
threshold_article_293_clause_1_000_000_dong,crime_293,article_293,293,article_293_clause_1,Clause,000.000 đồng,000.000,,vnd,000 000 dong
threshold_article_293_clause_1_000_000_dong_den_100_000,crime_293,article_293,293,article_293_clause_1,Clause,000.000 đồng đến 100.000,000.000,100.000,vnd,000 000 dong den 100 000
threshold_article_293_clause_1_000_dong,crime_293,article_293,293,article_293_clause_1,Clause,000 đồng,000,,vnd,000 dong
threshold_article_293_clause_2_000_000_dong_tro_len,crime_293,article_293,293,article_293_clause_2,Clause,000.000 đồng trở lên,000.000,,vnd,000 000 dong tro len
threshold_article_293_clause_2_point_b_000_000_dong_tro_len,crime_293,article_293,293,article_293_clause_2_point_b,Point,000.000 đồng trở lên,000.000,,vnd,000 000 dong tro len
threshold_condition_article_294_clause_1_000_000_dong_den,crime_294,article_294,294,condition_article_294_clause_1,Condition,000.000 đồng đến,000.000,,vnd,000 000 dong den
threshold_condition_article_294_clause_1_000_000_dong,crime_294,article_294,294,condition_article_294_clause_1,Condition,000.000 đồng,000.000,,vnd,000 000 dong
threshold_condition_article_294_clause_2_point_b_000_000_dong_tro_len,crime_294,article_294,294,condition_article_294_clause_2_point_b,Condition,000.000 đồng trở lên,000.000,,vnd,000 000 dong tro len
threshold_article_294_clause_1_000_000_dong_den,crime_294,article_294,294,article_294_clause_1,Clause,000.000 đồng đến,000.000,,vnd,000 000 dong den
threshold_article_294_clause_1_000_000_dong,crime_294,article_294,294,article_294_clause_1,Clause,000.000 đồng,000.000,,vnd,000 000 dong
threshold_article_294_clause_1_000_000_dong_den_100_000,crime_294,article_294,294,article_294_clause_1,Clause,000.000 đồng đến 100.000,000.000,100.000,vnd,000 000 dong den 100 000
threshold_article_294_clause_1_000_dong,crime_294,article_294,294,article_294_clause_1,Clause,000 đồng,000,,vnd,000 dong
threshold_article_294_clause_2_000_000_dong_tro_len,crime_294,article_294,294,article_294_clause_2,Clause,000.000 đồng trở lên,000.000,,vnd,000 000 dong tro len
threshold_article_294_clause_2_point_b_000_000_dong_tro_len,crime_294,article_294,294,article_294_clause_2_point_b,Point,000.000 đồng trở lên,000.000,,vnd,000 000 dong tro len
threshold_condition_article_295_clause_5_000_000_dong_den_50_000,crime_295,article_295,295,condition_article_295_clause_5,Condition,000.000 đồng đến 50.000,000.000,50.000,vnd,000 000 dong den 50 000
threshold_condition_article_295_clause_5_000_dong,crime_295,article_295,295,condition_article_295_clause_5,Condition,000 đồng,000,,vnd,000 dong
threshold_condition_article_295_clause_1_point_b_61_tro_len,crime_295,article_295,295,condition_article_295_clause_1_point_b,Condition,61% trở lên,61,,percent,61 tro len
threshold_condition_article_295_clause_1_point_c_tu_61_den_121,crime_295,article_295,295,condition_article_295_clause_1_point_c,Condition,từ 61% đến 121%,61,121,percent,tu 61 den 121
threshold_condition_article_295_clause_1_point_d_000_000_dong_den,crime_295,article_295,295,condition_article_295_clause_1_point_d,Condition,000.000 đồng đến,000.000,,vnd,000 000 dong den
threshold_condition_article_295_clause_1_point_d_000_000_dong,crime_295,article_295,295,condition_article_295_clause_1_point_d,Condition,000.000 đồng,000.000,,vnd,000 000 dong
threshold_condition_article_295_clause_2_point_b_tu_122_den_200,crime_295,article_295,295,condition_article_295_clause_2_point_b,Condition,từ 122% đến 200%,122,200,percent,tu 122 den 200
threshold_condition_article_295_clause_2_point_c_000_000_dong_den,crime_295,article_295,295,condition_article_295_clause_2_point_c,Condition,000.000 đồng đến,000.000,,vnd,000 000 dong den
threshold_condition_article_295_clause_2_point_c_000_000_dong,crime_295,article_295,295,condition_article_295_clause_2_point_c,Condition,000.000 đồng,000.000,,vnd,000 000 dong
threshold_condition_article_295_clause_3_point_b_201_tro_len,crime_295,article_295,295,condition_article_295_clause_3_point_b,Condition,201% trở lên,201,,percent,201 tro len
threshold_condition_article_295_clause_3_point_c_000_000_dong_tro_len,crime_295,article_295,295,condition_article_295_clause_3_point_c,Condition,000.000 đồng trở lên,000.000,,vnd,000 000 dong tro len
threshold_article_295_clause_1_000_000_dong_den_100_000,crime_295,article_295,295,article_295_clause_1,Clause,000.000 đồng đến 100.000,000.000,100.000,vnd,000 000 dong den 100 000
threshold_article_295_clause_1_000_dong,crime_295,article_295,295,article_295_clause_1,Clause,000 đồng,000,,vnd,000 dong
threshold_article_295_clause_1_000_000_dong_den,crime_295,article_295,295,article_295_clause_1,Clause,000.000 đồng đến,000.000,,vnd,000 000 dong den
threshold_article_295_clause_1_000_000_dong,crime_295,article_295,295,article_295_clause_1,Clause,000.000 đồng,000.000,,vnd,000 000 dong
threshold_article_295_clause_1_61_tro_len,crime_295,article_295,295,article_295_clause_1,Clause,61% trở lên,61,,percent,61 tro len
threshold_article_295_clause_1_tu_61_den_121,crime_295,article_295,295,article_295_clause_1,Clause,từ 61% đến 121%,61,121,percent,tu 61 den 121
threshold_article_295_clause_2_000_000_dong_den,crime_295,article_295,295,article_295_clause_2,Clause,000.000 đồng đến,000.000,,vnd,000 000 dong den
threshold_article_295_clause_2_000_000_dong,crime_295,article_295,295,article_295_clause_2,Clause,000.000 đồng,000.000,,vnd,000 000 dong
threshold_article_295_clause_2_tu_122_den_200,crime_295,article_295,295,article_295_clause_2,Clause,từ 122% đến 200%,122,200,percent,tu 122 den 200
threshold_article_295_clause_3_000_000_dong_tro_len,crime_295,article_295,295,article_295_clause_3,Clause,000.000 đồng trở lên,000.000,,vnd,000 000 dong tro len
threshold_article_295_clause_3_201_tro_len,crime_295,article_295,295,article_295_clause_3,Clause,201% trở lên,201,,percent,201 tro len
threshold_article_295_clause_5_000_000_dong_den_50_000,crime_295,article_295,295,article_295_clause_5,Clause,000.000 đồng đến 50.000,000.000,50.000,vnd,000 000 dong den 50 000
threshold_article_295_clause_5_000_dong,crime_295,article_295,295,article_295_clause_5,Clause,000 đồng,000,,vnd,000 dong
threshold_article_295_clause_1_point_b_61_tro_len,crime_295,article_295,295,article_295_clause_1_point_b,Point,61% trở lên,61,,percent,61 tro len
threshold_article_295_clause_1_point_c_tu_61_den_121,crime_295,article_295,295,article_295_clause_1_point_c,Point,từ 61% đến 121%,61,121,percent,tu 61 den 121
threshold_article_295_clause_1_point_d_000_000_dong_den,crime_295,article_295,295,article_295_clause_1_point_d,Point,000.000 đồng đến,000.000,,vnd,000 000 dong den
threshold_article_295_clause_1_point_d_000_000_dong,crime_295,article_295,295,article_295_clause_1_point_d,Point,000.000 đồng,000.000,,vnd,000 000 dong
threshold_article_295_clause_2_point_b_tu_122_den_200,crime_295,article_295,295,article_295_clause_2_point_b,Point,từ 122% đến 200%,122,200,percent,tu 122 den 200
threshold_article_295_clause_2_point_c_000_000_dong_den,crime_295,article_295,295,article_295_clause_2_point_c,Point,000.000 đồng đến,000.000,,vnd,000 000 dong den
threshold_article_295_clause_2_point_c_000_000_dong,crime_295,article_295,295,article_295_clause_2_point_c,Point,000.000 đồng,000.000,,vnd,000 000 dong
threshold_article_295_clause_3_point_b_201_tro_len,crime_295,article_295,295,article_295_clause_3_point_b,Point,201% trở lên,201,,percent,201 tro len
threshold_article_295_clause_3_point_c_000_000_dong_tro_len,crime_295,article_295,295,article_295_clause_3_point_c,Point,000.000 đồng trở lên,000.000,,vnd,000 000 dong tro len
threshold_condition_article_296_clause_4_000_000_dong_den_50_000,crime_296,article_296,296,condition_article_296_clause_4,Condition,000.000 đồng đến 50.000,000.000,50.000,vnd,000 000 dong den 50 000
threshold_condition_article_296_clause_4_000_dong,crime_296,article_296,296,condition_article_296_clause_4,Condition,000 đồng,000,,vnd,000 dong
threshold_condition_article_296_clause_1_point_b_tu_31_den_60,crime_296,article_296,296,condition_article_296_clause_1_point_b,Condition,từ 31% đến 60%,31,60,percent,tu 31 den 60
threshold_condition_article_296_clause_1_point_c_tu_31_den_60,crime_296,article_296,296,condition_article_296_clause_1_point_c,Condition,từ 31% đến 60%,31,60,percent,tu 31 den 60
threshold_condition_article_296_clause_2_point_c_61_tro_len,crime_296,article_296,296,condition_article_296_clause_2_point_c,Condition,61% trở lên,61,,percent,61 tro len
threshold_condition_article_296_clause_2_point_d_tu_61_den_121,crime_296,article_296,296,condition_article_296_clause_2_point_d,Condition,từ 61% đến 121%,61,121,percent,tu 61 den 121
threshold_condition_article_296_clause_3_point_b_122_tro_len,crime_296,article_296,296,condition_article_296_clause_3_point_b,Condition,122% trở lên,122,,percent,122 tro len
threshold_article_296_clause_1_000_000_dong_den_200_000,crime_296,article_296,296,article_296_clause_1,Clause,000.000 đồng đến 200.000,000.000,200.000,vnd,000 000 dong den 200 000
threshold_article_296_clause_1_000_dong,crime_296,article_296,296,article_296_clause_1,Clause,000 đồng,000,,vnd,000 dong
threshold_article_296_clause_1_tu_31_den_60,crime_296,article_296,296,article_296_clause_1,Clause,từ 31% đến 60%,31,60,percent,tu 31 den 60
threshold_article_296_clause_2_61_tro_len,crime_296,article_296,296,article_296_clause_2,Clause,61% trở lên,61,,percent,61 tro len
threshold_article_296_clause_2_tu_61_den_121,crime_296,article_296,296,article_296_clause_2,Clause,từ 61% đến 121%,61,121,percent,tu 61 den 121
threshold_article_296_clause_3_122_tro_len,crime_296,article_296,296,article_296_clause_3,Clause,122% trở lên,122,,percent,122 tro len
threshold_article_296_clause_4_000_000_dong_den_50_000,crime_296,article_296,296,article_296_clause_4,Clause,000.000 đồng đến 50.000,000.000,50.000,vnd,000 000 dong den 50 000
threshold_article_296_clause_4_000_dong,crime_296,article_296,296,article_296_clause_4,Clause,000 đồng,000,,vnd,000 dong
threshold_article_296_clause_1_point_b_tu_31_den_60,crime_296,article_296,296,article_296_clause_1_point_b,Point,từ 31% đến 60%,31,60,percent,tu 31 den 60
threshold_article_296_clause_1_point_c_tu_31_den_60,crime_296,article_296,296,article_296_clause_1_point_c,Point,từ 31% đến 60%,31,60,percent,tu 31 den 60
threshold_article_296_clause_2_point_c_61_tro_len,crime_296,article_296,296,article_296_clause_2_point_c,Point,61% trở lên,61,,percent,61 tro len
threshold_article_296_clause_2_point_d_tu_61_den_121,crime_296,article_296,296,article_296_clause_2_point_d,Point,từ 61% đến 121%,61,121,percent,tu 61 den 121
threshold_article_296_clause_3_point_b_122_tro_len,crime_296,article_296,296,article_296_clause_3_point_b,Point,122% trở lên,122,,percent,122 tro len
threshold_condition_article_297_clause_4_000_000_dong_den_100_000,crime_297,article_297,297,condition_article_297_clause_4,Condition,000.000 đồng đến 100.000,000.000,100.000,vnd,000 000 dong den 100 000
threshold_condition_article_297_clause_4_000_dong,crime_297,article_297,297,condition_article_297_clause_4,Condition,000 đồng,000,,vnd,000 dong
threshold_condition_article_297_clause_1_point_b_tu_31_den_60,crime_297,article_297,297,condition_article_297_clause_1_point_b,Condition,từ 31% đến 60%,31,60,percent,tu 31 den 60
threshold_condition_article_297_clause_1_point_c_tu_31_den_60,crime_297,article_297,297,condition_article_297_clause_1_point_c,Condition,từ 31% đến 60%,31,60,percent,tu 31 den 60
threshold_condition_article_297_clause_2_point_d_61_tro_len,crime_297,article_297,297,condition_article_297_clause_2_point_d,Condition,61% trở lên,61,,percent,61 tro len
threshold_condition_article_297_clause_2_point_d_tu_61_den_121,crime_297,article_297,297,condition_article_297_clause_2_point_d,Condition,từ 61% đến 121%,61,121,percent,tu 61 den 121
threshold_condition_article_297_clause_3_point_b_122_tro_len,crime_297,article_297,297,condition_article_297_clause_3_point_b,Condition,122% trở lên,122,,percent,122 tro len
threshold_article_297_clause_1_000_000_dong_den_200_000,crime_297,article_297,297,article_297_clause_1,Clause,000.000 đồng đến 200.000,000.000,200.000,vnd,000 000 dong den 200 000
threshold_article_297_clause_1_000_dong,crime_297,article_297,297,article_297_clause_1,Clause,000 đồng,000,,vnd,000 dong
threshold_article_297_clause_1_tu_31_den_60,crime_297,article_297,297,article_297_clause_1,Clause,từ 31% đến 60%,31,60,percent,tu 31 den 60
threshold_article_297_clause_2_61_tro_len,crime_297,article_297,297,article_297_clause_2,Clause,61% trở lên,61,,percent,61 tro len
threshold_article_297_clause_2_tu_61_den_121,crime_297,article_297,297,article_297_clause_2,Clause,từ 61% đến 121%,61,121,percent,tu 61 den 121
threshold_article_297_clause_3_122_tro_len,crime_297,article_297,297,article_297_clause_3,Clause,122% trở lên,122,,percent,122 tro len
threshold_article_297_clause_4_000_000_dong_den_100_000,crime_297,article_297,297,article_297_clause_4,Clause,000.000 đồng đến 100.000,000.000,100.000,vnd,000 000 dong den 100 000
threshold_article_297_clause_4_000_dong,crime_297,article_297,297,article_297_clause_4,Clause,000 đồng,000,,vnd,000 dong
threshold_article_297_clause_1_point_b_tu_31_den_60,crime_297,article_297,297,article_297_clause_1_point_b,Point,từ 31% đến 60%,31,60,percent,tu 31 den 60
threshold_article_297_clause_1_point_c_tu_31_den_60,crime_297,article_297,297,article_297_clause_1_point_c,Point,từ 31% đến 60%,31,60,percent,tu 31 den 60
threshold_article_297_clause_2_point_d_61_tro_len,crime_297,article_297,297,article_297_clause_2_point_d,Point,61% trở lên,61,,percent,61 tro len
threshold_article_297_clause_2_point_d_tu_61_den_121,crime_297,article_297,297,article_297_clause_2_point_d,Point,từ 61% đến 121%,61,121,percent,tu 61 den 121
threshold_article_297_clause_3_point_b_122_tro_len,crime_297,article_297,297,article_297_clause_3_point_b,Point,122% trở lên,122,,percent,122 tro len
threshold_condition_article_298_clause_4_000_000_dong_den_100_000,crime_298,article_298,298,condition_article_298_clause_4,Condition,000.000 đồng đến 100.000,000.000,100.000,vnd,000 000 dong den 100 000
threshold_condition_article_298_clause_4_000_dong,crime_298,article_298,298,condition_article_298_clause_4,Condition,000 đồng,000,,vnd,000 dong
threshold_condition_article_298_clause_1_point_b_61_tro_len,crime_298,article_298,298,condition_article_298_clause_1_point_b,Condition,61% trở lên,61,,percent,61 tro len
threshold_condition_article_298_clause_1_point_c_tu_61_den_121,crime_298,article_298,298,condition_article_298_clause_1_point_c,Condition,từ 61% đến 121%,61,121,percent,tu 61 den 121
threshold_condition_article_298_clause_1_point_d_000_000_dong_den,crime_298,article_298,298,condition_article_298_clause_1_point_d,Condition,000.000 đồng đến,000.000,,vnd,000 000 dong den
threshold_condition_article_298_clause_1_point_d_000_000_dong,crime_298,article_298,298,condition_article_298_clause_1_point_d,Condition,000.000 đồng,000.000,,vnd,000 000 dong
threshold_condition_article_298_clause_2_point_b_tu_122_den_200,crime_298,article_298,298,condition_article_298_clause_2_point_b,Condition,từ 122% đến 200%,122,200,percent,tu 122 den 200
threshold_condition_article_298_clause_2_point_c_000_000_dong_den,crime_298,article_298,298,condition_article_298_clause_2_point_c,Condition,000.000 đồng đến,000.000,,vnd,000 000 dong den
threshold_condition_article_298_clause_2_point_c_000_000_dong,crime_298,article_298,298,condition_article_298_clause_2_point_c,Condition,000.000 đồng,000.000,,vnd,000 000 dong
threshold_condition_article_298_clause_3_point_b_201_tro_len,crime_298,article_298,298,condition_article_298_clause_3_point_b,Condition,201% trở lên,201,,percent,201 tro len
threshold_condition_article_298_clause_3_point_c_000_000_dong_tro_len,crime_298,article_298,298,condition_article_298_clause_3_point_c,Condition,000.000 đồng trở lên,000.000,,vnd,000 000 dong tro len
threshold_article_298_clause_1_000_000_dong_den_500_000,crime_298,article_298,298,article_298_clause_1,Clause,000.000 đồng đến 500.000,000.000,500.000,vnd,000 000 dong den 500 000
threshold_article_298_clause_1_000_dong,crime_298,article_298,298,article_298_clause_1,Clause,000 đồng,000,,vnd,000 dong
threshold_article_298_clause_1_000_000_dong_den,crime_298,article_298,298,article_298_clause_1,Clause,000.000 đồng đến,000.000,,vnd,000 000 dong den
threshold_article_298_clause_1_000_000_dong,crime_298,article_298,298,article_298_clause_1,Clause,000.000 đồng,000.000,,vnd,000 000 dong
threshold_article_298_clause_1_61_tro_len,crime_298,article_298,298,article_298_clause_1,Clause,61% trở lên,61,,percent,61 tro len
threshold_article_298_clause_1_tu_61_den_121,crime_298,article_298,298,article_298_clause_1,Clause,từ 61% đến 121%,61,121,percent,tu 61 den 121
threshold_article_298_clause_2_000_000_dong_den,crime_298,article_298,298,article_298_clause_2,Clause,000.000 đồng đến,000.000,,vnd,000 000 dong den
threshold_article_298_clause_2_000_000_dong,crime_298,article_298,298,article_298_clause_2,Clause,000.000 đồng,000.000,,vnd,000 000 dong
threshold_article_298_clause_2_tu_122_den_200,crime_298,article_298,298,article_298_clause_2,Clause,từ 122% đến 200%,122,200,percent,tu 122 den 200
threshold_article_298_clause_3_000_000_dong_tro_len,crime_298,article_298,298,article_298_clause_3,Clause,000.000 đồng trở lên,000.000,,vnd,000 000 dong tro len
threshold_article_298_clause_3_201_tro_len,crime_298,article_298,298,article_298_clause_3,Clause,201% trở lên,201,,percent,201 tro len
threshold_article_298_clause_4_000_000_dong_den_100_000,crime_298,article_298,298,article_298_clause_4,Clause,000.000 đồng đến 100.000,000.000,100.000,vnd,000 000 dong den 100 000
threshold_article_298_clause_4_000_dong,crime_298,article_298,298,article_298_clause_4,Clause,000 đồng,000,,vnd,000 dong
threshold_article_298_clause_1_point_b_61_tro_len,crime_298,article_298,298,article_298_clause_1_point_b,Point,61% trở lên,61,,percent,61 tro len
threshold_article_298_clause_1_point_c_tu_61_den_121,crime_298,article_298,298,article_298_clause_1_point_c,Point,từ 61% đến 121%,61,121,percent,tu 61 den 121
threshold_article_298_clause_1_point_d_000_000_dong_den,crime_298,article_298,298,article_298_clause_1_point_d,Point,000.000 đồng đến,000.000,,vnd,000 000 dong den
threshold_article_298_clause_1_point_d_000_000_dong,crime_298,article_298,298,article_298_clause_1_point_d,Point,000.000 đồng,000.000,,vnd,000 000 dong
threshold_article_298_clause_2_point_b_tu_122_den_200,crime_298,article_298,298,article_298_clause_2_point_b,Point,từ 122% đến 200%,122,200,percent,tu 122 den 200
threshold_article_298_clause_2_point_c_000_000_dong_den,crime_298,article_298,298,article_298_clause_2_point_c,Point,000.000 đồng đến,000.000,,vnd,000 000 dong den
threshold_article_298_clause_2_point_c_000_000_dong,crime_298,article_298,298,article_298_clause_2_point_c,Point,000.000 đồng,000.000,,vnd,000 000 dong
threshold_article_298_clause_3_point_b_201_tro_len,crime_298,article_298,298,article_298_clause_3_point_b,Point,201% trở lên,201,,percent,201 tro len
threshold_article_298_clause_3_point_c_000_000_dong_tro_len,crime_298,article_298,298,article_298_clause_3_point_c,Point,000.000 đồng trở lên,000.000,,vnd,000 000 dong tro len
threshold_condition_article_300_clause_4_point_c_000_000_dong_den_5_000,crime_300,article_300,300,condition_article_300_clause_4_point_c,Condition,000.000 đồng đến 5.000,000.000,5.000,vnd,000 000 dong den 5 000
threshold_condition_article_300_clause_4_point_c_000_000_dong,crime_300,article_300,300,condition_article_300_clause_4_point_c,Condition,000.000 đồng,000.000,,vnd,000 000 dong
threshold_article_300_clause_4_000_000_dong_den_15_000,crime_300,article_300,300,article_300_clause_4,Clause,000.000 đồng đến 15.000,000.000,15.000,vnd,000 000 dong den 15 000
threshold_article_300_clause_4_000_000_dong,crime_300,article_300,300,article_300_clause_4,Clause,000.000 đồng,000.000,,vnd,000 000 dong
threshold_article_300_clause_4_000_000_dong_den_5_000,crime_300,article_300,300,article_300_clause_4,Clause,000.000 đồng đến 5.000,000.000,5.000,vnd,000 000 dong den 5 000
threshold_article_300_clause_4_point_a_000_000_dong_den_15_000,crime_300,article_300,300,article_300_clause_4_point_a,Point,000.000 đồng đến 15.000,000.000,15.000,vnd,000 000 dong den 15 000
threshold_article_300_clause_4_point_a_000_000_dong,crime_300,article_300,300,article_300_clause_4_point_a,Point,000.000 đồng,000.000,,vnd,000 000 dong
threshold_article_300_clause_4_point_c_000_000_dong_den_5_000,crime_300,article_300,300,article_300_clause_4_point_c,Point,000.000 đồng đến 5.000,000.000,5.000,vnd,000 000 dong den 5 000
threshold_article_300_clause_4_point_c_000_000_dong,crime_300,article_300,300,article_300_clause_4_point_c,Point,000.000 đồng,000.000,,vnd,000 000 dong
threshold_condition_article_302_clause_2_point_b_tu_11_den_30,crime_302,article_302,302,condition_article_302_clause_2_point_b,Condition,từ 11% đến 30%,11,30,percent,tu 11 den 30
threshold_condition_article_302_clause_2_point_c_000_000_dong_den,crime_302,article_302,302,condition_article_302_clause_2_point_c,Condition,000.000 đồng đến,000.000,,vnd,000 000 dong den
threshold_condition_article_302_clause_2_point_c_000_000_dong,crime_302,article_302,302,condition_article_302_clause_2_point_c,Condition,000.000 đồng,000.000,,vnd,000 000 dong
threshold_condition_article_302_clause_2_point_d_000_000_dong_den,crime_302,article_302,302,condition_article_302_clause_2_point_d,Condition,000.000 đồng đến,000.000,,vnd,000 000 dong den
threshold_condition_article_302_clause_2_point_d_000_000_dong,crime_302,article_302,302,condition_article_302_clause_2_point_d,Condition,000.000 đồng,000.000,,vnd,000 000 dong
threshold_condition_article_302_clause_3_point_a_tu_31_den_60,crime_302,article_302,302,condition_article_302_clause_3_point_a,Condition,từ 31% đến 60%,31,60,percent,tu 31 den 60
threshold_condition_article_302_clause_3_point_b_000_000_dong_den,crime_302,article_302,302,condition_article_302_clause_3_point_b,Condition,000.000 đồng đến,000.000,,vnd,000 000 dong den
threshold_condition_article_302_clause_3_point_b_000_000_dong,crime_302,article_302,302,condition_article_302_clause_3_point_b,Condition,000.000 đồng,000.000,,vnd,000 000 dong
threshold_condition_article_302_clause_3_point_c_000_000_dong_den,crime_302,article_302,302,condition_article_302_clause_3_point_c,Condition,000.000 đồng đến,000.000,,vnd,000 000 dong den
threshold_condition_article_302_clause_3_point_c_000_000_dong,crime_302,article_302,302,condition_article_302_clause_3_point_c,Condition,000.000 đồng,000.000,,vnd,000 000 dong
threshold_condition_article_302_clause_4_point_b_61_tro_len,crime_302,article_302,302,condition_article_302_clause_4_point_b,Condition,61% trở lên,61,,percent,61 tro len
threshold_condition_article_302_clause_4_point_c_31_tro_len,crime_302,article_302,302,condition_article_302_clause_4_point_c,Condition,31% trở lên,31,,percent,31 tro len
threshold_condition_article_302_clause_4_point_d_000_000_dong_tro_len,crime_302,article_302,302,condition_article_302_clause_4_point_d,Condition,000.000 đồng trở lên,000.000,,vnd,000 000 dong tro len
threshold_article_302_clause_2_000_000_dong_den,crime_302,article_302,302,article_302_clause_2,Clause,000.000 đồng đến,000.000,,vnd,000 000 dong den
threshold_article_302_clause_2_000_000_dong,crime_302,article_302,302,article_302_clause_2,Clause,000.000 đồng,000.000,,vnd,000 000 dong
threshold_article_302_clause_2_tu_11_den_30,crime_302,article_302,302,article_302_clause_2,Clause,từ 11% đến 30%,11,30,percent,tu 11 den 30
threshold_article_302_clause_3_000_000_dong_den,crime_302,article_302,302,article_302_clause_3,Clause,000.000 đồng đến,000.000,,vnd,000 000 dong den
threshold_article_302_clause_3_000_000_dong,crime_302,article_302,302,article_302_clause_3,Clause,000.000 đồng,000.000,,vnd,000 000 dong
threshold_article_302_clause_3_tu_31_den_60,crime_302,article_302,302,article_302_clause_3,Clause,từ 31% đến 60%,31,60,percent,tu 31 den 60
threshold_article_302_clause_4_000_000_dong_tro_len,crime_302,article_302,302,article_302_clause_4,Clause,000.000 đồng trở lên,000.000,,vnd,000 000 dong tro len
threshold_article_302_clause_4_61_tro_len,crime_302,article_302,302,article_302_clause_4,Clause,61% trở lên,61,,percent,61 tro len
threshold_article_302_clause_4_31_tro_len,crime_302,article_302,302,article_302_clause_4,Clause,31% trở lên,31,,percent,31 tro len
threshold_article_302_clause_2_point_b_tu_11_den_30,crime_302,article_302,302,article_302_clause_2_point_b,Point,từ 11% đến 30%,11,30,percent,tu 11 den 30
threshold_article_302_clause_2_point_c_000_000_dong_den,crime_302,article_302,302,article_302_clause_2_point_c,Point,000.000 đồng đến,000.000,,vnd,000 000 dong den
threshold_article_302_clause_2_point_c_000_000_dong,crime_302,article_302,302,article_302_clause_2_point_c,Point,000.000 đồng,000.000,,vnd,000 000 dong
threshold_article_302_clause_2_point_d_000_000_dong_den,crime_302,article_302,302,article_302_clause_2_point_d,Point,000.000 đồng đến,000.000,,vnd,000 000 dong den
threshold_article_302_clause_2_point_d_000_000_dong,crime_302,article_302,302,article_302_clause_2_point_d,Point,000.000 đồng,000.000,,vnd,000 000 dong
threshold_article_302_clause_3_point_a_tu_31_den_60,crime_302,article_302,302,article_302_clause_3_point_a,Point,từ 31% đến 60%,31,60,percent,tu 31 den 60
threshold_article_302_clause_3_point_b_000_000_dong_den,crime_302,article_302,302,article_302_clause_3_point_b,Point,000.000 đồng đến,000.000,,vnd,000 000 dong den
threshold_article_302_clause_3_point_b_000_000_dong,crime_302,article_302,302,article_302_clause_3_point_b,Point,000.000 đồng,000.000,,vnd,000 000 dong
threshold_article_302_clause_3_point_c_000_000_dong_den,crime_302,article_302,302,article_302_clause_3_point_c,Point,000.000 đồng đến,000.000,,vnd,000 000 dong den
threshold_article_302_clause_3_point_c_000_000_dong,crime_302,article_302,302,article_302_clause_3_point_c,Point,000.000 đồng,000.000,,vnd,000 000 dong
threshold_article_302_clause_4_point_b_61_tro_len,crime_302,article_302,302,article_302_clause_4_point_b,Point,61% trở lên,61,,percent,61 tro len
threshold_article_302_clause_4_point_c_31_tro_len,crime_302,article_302,302,article_302_clause_4_point_c,Point,31% trở lên,31,,percent,31 tro len
threshold_article_302_clause_4_point_d_000_000_dong_tro_len,crime_302,article_302,302,article_302_clause_4_point_d,Point,000.000 đồng trở lên,000.000,,vnd,000 000 dong tro len
threshold_condition_article_303_clause_2_point_d_201_tro_len,crime_303,article_303,303,condition_article_303_clause_2_point_d,Condition,201% trở lên,201,,percent,201 tro len
threshold_condition_article_303_clause_2_point_d_000_000_dong_tro_len,crime_303,article_303,303,condition_article_303_clause_2_point_d,Condition,000.000 đồng trở lên,000.000,,vnd,000 000 dong tro len
threshold_article_303_clause_2_000_000_dong_tro_len,crime_303,article_303,303,article_303_clause_2,Clause,000.000 đồng trở lên,000.000,,vnd,000 000 dong tro len
threshold_article_303_clause_2_201_tro_len,crime_303,article_303,303,article_303_clause_2,Clause,201% trở lên,201,,percent,201 tro len
threshold_article_303_clause_2_point_d_201_tro_len,crime_303,article_303,303,article_303_clause_2_point_d,Point,201% trở lên,201,,percent,201 tro len
threshold_article_303_clause_2_point_d_000_000_dong_tro_len,crime_303,article_303,303,article_303_clause_2_point_d,Point,000.000 đồng trở lên,000.000,,vnd,000 000 dong tro len
threshold_condition_article_304_clause_5_000_000_dong_den_50_000,crime_304,article_304,304,condition_article_304_clause_5,Condition,000.000 đồng đến 50.000,000.000,50.000,vnd,000 000 dong den 50 000
threshold_condition_article_304_clause_5_000_dong,crime_304,article_304,304,condition_article_304_clause_5,Condition,000 đồng,000,,vnd,000 dong
threshold_condition_article_304_clause_2_point_d_61_tro_len,crime_304,article_304,304,condition_article_304_clause_2_point_d,Condition,61% trở lên,61,,percent,61 tro len
threshold_condition_article_304_clause_2_point_d_tu_61_den_121,crime_304,article_304,304,condition_article_304_clause_2_point_d,Condition,từ 61% đến 121%,61,121,percent,tu 61 den 121
threshold_condition_article_304_clause_2_point_e_000_000_dong_den,crime_304,article_304,304,condition_article_304_clause_2_point_e,Condition,000.000 đồng đến,000.000,,vnd,000 000 dong den
threshold_condition_article_304_clause_2_point_e_000_000_dong,crime_304,article_304,304,condition_article_304_clause_2_point_e,Condition,000.000 đồng,000.000,,vnd,000 000 dong
threshold_condition_article_304_clause_3_point_b_tu_122_den_200,crime_304,article_304,304,condition_article_304_clause_3_point_b,Condition,từ 122% đến 200%,122,200,percent,tu 122 den 200
threshold_condition_article_304_clause_3_point_c_000_000_dong_den,crime_304,article_304,304,condition_article_304_clause_3_point_c,Condition,000.000 đồng đến,000.000,,vnd,000 000 dong den
threshold_condition_article_304_clause_3_point_c_000_000_dong,crime_304,article_304,304,condition_article_304_clause_3_point_c,Condition,000.000 đồng,000.000,,vnd,000 000 dong
threshold_condition_article_304_clause_4_point_b_201_tro_len,crime_304,article_304,304,condition_article_304_clause_4_point_b,Condition,201% trở lên,201,,percent,201 tro len
threshold_condition_article_304_clause_4_point_c_000_000_dong_tro_len,crime_304,article_304,304,condition_article_304_clause_4_point_c,Condition,000.000 đồng trở lên,000.000,,vnd,000 000 dong tro len
threshold_article_304_clause_2_000_000_dong_den,crime_304,article_304,304,article_304_clause_2,Clause,000.000 đồng đến,000.000,,vnd,000 000 dong den
threshold_article_304_clause_2_000_000_dong,crime_304,article_304,304,article_304_clause_2,Clause,000.000 đồng,000.000,,vnd,000 000 dong
threshold_article_304_clause_2_61_tro_len,crime_304,article_304,304,article_304_clause_2,Clause,61% trở lên,61,,percent,61 tro len
threshold_article_304_clause_2_tu_61_den_121,crime_304,article_304,304,article_304_clause_2,Clause,từ 61% đến 121%,61,121,percent,tu 61 den 121
threshold_article_304_clause_3_000_000_dong_den,crime_304,article_304,304,article_304_clause_3,Clause,000.000 đồng đến,000.000,,vnd,000 000 dong den
threshold_article_304_clause_3_000_000_dong,crime_304,article_304,304,article_304_clause_3,Clause,000.000 đồng,000.000,,vnd,000 000 dong
threshold_article_304_clause_3_tu_122_den_200,crime_304,article_304,304,article_304_clause_3,Clause,từ 122% đến 200%,122,200,percent,tu 122 den 200
threshold_article_304_clause_4_000_000_dong_tro_len,crime_304,article_304,304,article_304_clause_4,Clause,000.000 đồng trở lên,000.000,,vnd,000 000 dong tro len
threshold_article_304_clause_4_201_tro_len,crime_304,article_304,304,article_304_clause_4,Clause,201% trở lên,201,,percent,201 tro len
threshold_article_304_clause_5_000_000_dong_den_50_000,crime_304,article_304,304,article_304_clause_5,Clause,000.000 đồng đến 50.000,000.000,50.000,vnd,000 000 dong den 50 000
threshold_article_304_clause_5_000_dong,crime_304,article_304,304,article_304_clause_5,Clause,000 đồng,000,,vnd,000 dong
threshold_article_304_clause_2_point_d_61_tro_len,crime_304,article_304,304,article_304_clause_2_point_d,Point,61% trở lên,61,,percent,61 tro len
threshold_article_304_clause_2_point_d_tu_61_den_121,crime_304,article_304,304,article_304_clause_2_point_d,Point,từ 61% đến 121%,61,121,percent,tu 61 den 121
threshold_article_304_clause_2_point_e_000_000_dong_den,crime_304,article_304,304,article_304_clause_2_point_e,Point,000.000 đồng đến,000.000,,vnd,000 000 dong den
threshold_article_304_clause_2_point_e_000_000_dong,crime_304,article_304,304,article_304_clause_2_point_e,Point,000.000 đồng,000.000,,vnd,000 000 dong
threshold_article_304_clause_3_point_b_tu_122_den_200,crime_304,article_304,304,article_304_clause_3_point_b,Point,từ 122% đến 200%,122,200,percent,tu 122 den 200
threshold_article_304_clause_3_point_c_000_000_dong_den,crime_304,article_304,304,article_304_clause_3_point_c,Point,000.000 đồng đến,000.000,,vnd,000 000 dong den
threshold_article_304_clause_3_point_c_000_000_dong,crime_304,article_304,304,article_304_clause_3_point_c,Point,000.000 đồng,000.000,,vnd,000 000 dong
threshold_article_304_clause_4_point_b_201_tro_len,crime_304,article_304,304,article_304_clause_4_point_b,Point,201% trở lên,201,,percent,201 tro len
threshold_article_304_clause_4_point_c_000_000_dong_tro_len,crime_304,article_304,304,article_304_clause_4_point_c,Point,000.000 đồng trở lên,000.000,,vnd,000 000 dong tro len
threshold_condition_article_305_clause_5_000_000_dong_den_50_000,crime_305,article_305,305,condition_article_305_clause_5,Condition,000.000 đồng đến 50.000,000.000,50.000,vnd,000 000 dong den 50 000
threshold_condition_article_305_clause_5_000_dong,crime_305,article_305,305,condition_article_305_clause_5,Condition,000 đồng,000,,vnd,000 dong
threshold_condition_article_305_clause_2_point_b_tu_10_kilogam_den,crime_305,article_305,305,condition_article_305_clause_2_point_b,Condition,từ 10 kilôgam đến,10,,kg,tu 10 kilogam den
threshold_condition_article_305_clause_2_point_b_30_kilogam,crime_305,article_305,305,condition_article_305_clause_2_point_b,Condition,30 kilôgam,30,,kg,30 kilogam
threshold_condition_article_305_clause_2_point_e_61_tro_len,crime_305,article_305,305,condition_article_305_clause_2_point_e,Condition,61% trở lên,61,,percent,61 tro len
threshold_condition_article_305_clause_2_point_g_tu_61_den_121,crime_305,article_305,305,condition_article_305_clause_2_point_g,Condition,từ 61% đến 121%,61,121,percent,tu 61 den 121
threshold_condition_article_305_clause_2_point_h_000_000_dong_den,crime_305,article_305,305,condition_article_305_clause_2_point_h,Condition,000.000 đồng đến,000.000,,vnd,000 000 dong den
threshold_condition_article_305_clause_2_point_h_000_000_dong,crime_305,article_305,305,condition_article_305_clause_2_point_h,Condition,000.000 đồng,000.000,,vnd,000 000 dong
threshold_condition_article_305_clause_3_point_a_tu_30_kilogam_den,crime_305,article_305,305,condition_article_305_clause_3_point_a,Condition,từ 30 kilôgam đến,30,,kg,tu 30 kilogam den
threshold_condition_article_305_clause_3_point_a_100_kilogam,crime_305,article_305,305,condition_article_305_clause_3_point_a,Condition,100 kilôgam,100,,kg,100 kilogam
threshold_condition_article_305_clause_3_point_d_tu_122_den_200,crime_305,article_305,305,condition_article_305_clause_3_point_d,Condition,từ 122% đến 200%,122,200,percent,tu 122 den 200
threshold_condition_article_305_clause_3_point_d_000_000_dong_den,crime_305,article_305,305,condition_article_305_clause_3_point_d,Condition,000.000 đồng đến,000.000,,vnd,000 000 dong den
threshold_condition_article_305_clause_3_point_d_000_000_dong,crime_305,article_305,305,condition_article_305_clause_3_point_d,Condition,000.000 đồng,000.000,,vnd,000 000 dong
threshold_condition_article_305_clause_4_point_a_100_kilogam_tro_len,crime_305,article_305,305,condition_article_305_clause_4_point_a,Condition,100 kilôgam trở lên,100,,kg,100 kilogam tro len
threshold_condition_article_305_clause_4_point_d_201_tro_len,crime_305,article_305,305,condition_article_305_clause_4_point_d,Condition,201% trở lên,201,,percent,201 tro len
threshold_condition_article_305_clause_4_point_d_000_000_dong_tro_len,crime_305,article_305,305,condition_article_305_clause_4_point_d,Condition,000.000 đồng trở lên,000.000,,vnd,000 000 dong tro len
threshold_article_305_clause_2_tu_10_kilogam_den,crime_305,article_305,305,article_305_clause_2,Clause,từ 10 kilôgam đến,10,,kg,tu 10 kilogam den
threshold_article_305_clause_2_30_kilogam,crime_305,article_305,305,article_305_clause_2,Clause,30 kilôgam,30,,kg,30 kilogam
threshold_article_305_clause_2_000_000_dong_den,crime_305,article_305,305,article_305_clause_2,Clause,000.000 đồng đến,000.000,,vnd,000 000 dong den
threshold_article_305_clause_2_000_000_dong,crime_305,article_305,305,article_305_clause_2,Clause,000.000 đồng,000.000,,vnd,000 000 dong
threshold_article_305_clause_2_61_tro_len,crime_305,article_305,305,article_305_clause_2,Clause,61% trở lên,61,,percent,61 tro len
threshold_article_305_clause_2_tu_61_den_121,crime_305,article_305,305,article_305_clause_2,Clause,từ 61% đến 121%,61,121,percent,tu 61 den 121
threshold_article_305_clause_3_tu_30_kilogam_den,crime_305,article_305,305,article_305_clause_3,Clause,từ 30 kilôgam đến,30,,kg,tu 30 kilogam den
threshold_article_305_clause_3_100_kilogam,crime_305,article_305,305,article_305_clause_3,Clause,100 kilôgam,100,,kg,100 kilogam
threshold_article_305_clause_3_000_000_dong_den,crime_305,article_305,305,article_305_clause_3,Clause,000.000 đồng đến,000.000,,vnd,000 000 dong den
threshold_article_305_clause_3_000_000_dong,crime_305,article_305,305,article_305_clause_3,Clause,000.000 đồng,000.000,,vnd,000 000 dong
threshold_article_305_clause_3_tu_122_den_200,crime_305,article_305,305,article_305_clause_3,Clause,từ 122% đến 200%,122,200,percent,tu 122 den 200
threshold_article_305_clause_4_100_kilogam_tro_len,crime_305,article_305,305,article_305_clause_4,Clause,100 kilôgam trở lên,100,,kg,100 kilogam tro len
threshold_article_305_clause_4_000_000_dong_tro_len,crime_305,article_305,305,article_305_clause_4,Clause,000.000 đồng trở lên,000.000,,vnd,000 000 dong tro len
threshold_article_305_clause_4_201_tro_len,crime_305,article_305,305,article_305_clause_4,Clause,201% trở lên,201,,percent,201 tro len
threshold_article_305_clause_5_000_000_dong_den_50_000,crime_305,article_305,305,article_305_clause_5,Clause,000.000 đồng đến 50.000,000.000,50.000,vnd,000 000 dong den 50 000
threshold_article_305_clause_5_000_dong,crime_305,article_305,305,article_305_clause_5,Clause,000 đồng,000,,vnd,000 dong
threshold_article_305_clause_2_point_b_tu_10_kilogam_den,crime_305,article_305,305,article_305_clause_2_point_b,Point,từ 10 kilôgam đến,10,,kg,tu 10 kilogam den
threshold_article_305_clause_2_point_b_30_kilogam,crime_305,article_305,305,article_305_clause_2_point_b,Point,30 kilôgam,30,,kg,30 kilogam
threshold_article_305_clause_2_point_e_61_tro_len,crime_305,article_305,305,article_305_clause_2_point_e,Point,61% trở lên,61,,percent,61 tro len
threshold_article_305_clause_2_point_g_tu_61_den_121,crime_305,article_305,305,article_305_clause_2_point_g,Point,từ 61% đến 121%,61,121,percent,tu 61 den 121
threshold_article_305_clause_2_point_h_000_000_dong_den,crime_305,article_305,305,article_305_clause_2_point_h,Point,000.000 đồng đến,000.000,,vnd,000 000 dong den
threshold_article_305_clause_2_point_h_000_000_dong,crime_305,article_305,305,article_305_clause_2_point_h,Point,000.000 đồng,000.000,,vnd,000 000 dong
threshold_article_305_clause_3_point_a_tu_30_kilogam_den,crime_305,article_305,305,article_305_clause_3_point_a,Point,từ 30 kilôgam đến,30,,kg,tu 30 kilogam den
threshold_article_305_clause_3_point_a_100_kilogam,crime_305,article_305,305,article_305_clause_3_point_a,Point,100 kilôgam,100,,kg,100 kilogam
threshold_article_305_clause_3_point_d_tu_122_den_200,crime_305,article_305,305,article_305_clause_3_point_d,Point,từ 122% đến 200%,122,200,percent,tu 122 den 200
threshold_article_305_clause_3_point_d_000_000_dong_den,crime_305,article_305,305,article_305_clause_3_point_d,Point,000.000 đồng đến,000.000,,vnd,000 000 dong den
threshold_article_305_clause_3_point_d_000_000_dong,crime_305,article_305,305,article_305_clause_3_point_d,Point,000.000 đồng,000.000,,vnd,000 000 dong
threshold_article_305_clause_4_point_a_100_kilogam_tro_len,crime_305,article_305,305,article_305_clause_4_point_a,Point,100 kilôgam trở lên,100,,kg,100 kilogam tro len
threshold_article_305_clause_4_point_d_201_tro_len,crime_305,article_305,305,article_305_clause_4_point_d,Point,201% trở lên,201,,percent,201 tro len
threshold_article_305_clause_4_point_d_000_000_dong_tro_len,crime_305,article_305,305,article_305_clause_4_point_d,Point,000.000 đồng trở lên,000.000,,vnd,000 000 dong tro len
threshold_condition_article_306_clause_4_000_000_dong_den_50_000,crime_306,article_306,306,condition_article_306_clause_4,Condition,000.000 đồng đến 50.000,000.000,50.000,vnd,000 000 dong den 50 000
threshold_condition_article_306_clause_4_000_dong,crime_306,article_306,306,condition_article_306_clause_4,Condition,000 đồng,000,,vnd,000 dong
threshold_condition_article_306_clause_2_point_d_61_tro_len,crime_306,article_306,306,condition_article_306_clause_2_point_d,Condition,61% trở lên,61,,percent,61 tro len
threshold_condition_article_306_clause_2_point_e_tu_61_den_121,crime_306,article_306,306,condition_article_306_clause_2_point_e,Condition,từ 61% đến 121%,61,121,percent,tu 61 den 121
threshold_condition_article_306_clause_2_point_g_000_000_dong_den,crime_306,article_306,306,condition_article_306_clause_2_point_g,Condition,000.000 đồng đến,000.000,,vnd,000 000 dong den
threshold_condition_article_306_clause_2_point_g_000_000_dong,crime_306,article_306,306,condition_article_306_clause_2_point_g,Condition,000.000 đồng,000.000,,vnd,000 000 dong
threshold_condition_article_306_clause_3_point_c_122_tro_len,crime_306,article_306,306,condition_article_306_clause_3_point_c,Condition,122% trở lên,122,,percent,122 tro len
threshold_condition_article_306_clause_3_point_d_000_000_dong_tro_len,crime_306,article_306,306,condition_article_306_clause_3_point_d,Condition,000.000 đồng trở lên,000.000,,vnd,000 000 dong tro len
threshold_article_306_clause_2_000_000_dong_den,crime_306,article_306,306,article_306_clause_2,Clause,000.000 đồng đến,000.000,,vnd,000 000 dong den
threshold_article_306_clause_2_000_000_dong,crime_306,article_306,306,article_306_clause_2,Clause,000.000 đồng,000.000,,vnd,000 000 dong
threshold_article_306_clause_2_61_tro_len,crime_306,article_306,306,article_306_clause_2,Clause,61% trở lên,61,,percent,61 tro len
threshold_article_306_clause_2_tu_61_den_121,crime_306,article_306,306,article_306_clause_2,Clause,từ 61% đến 121%,61,121,percent,tu 61 den 121
threshold_article_306_clause_3_000_000_dong_tro_len,crime_306,article_306,306,article_306_clause_3,Clause,000.000 đồng trở lên,000.000,,vnd,000 000 dong tro len
threshold_article_306_clause_3_122_tro_len,crime_306,article_306,306,article_306_clause_3,Clause,122% trở lên,122,,percent,122 tro len
threshold_article_306_clause_4_000_000_dong_den_50_000,crime_306,article_306,306,article_306_clause_4,Clause,000.000 đồng đến 50.000,000.000,50.000,vnd,000 000 dong den 50 000
threshold_article_306_clause_4_000_dong,crime_306,article_306,306,article_306_clause_4,Clause,000 đồng,000,,vnd,000 dong
threshold_article_306_clause_2_point_d_61_tro_len,crime_306,article_306,306,article_306_clause_2_point_d,Point,61% trở lên,61,,percent,61 tro len
threshold_article_306_clause_2_point_e_tu_61_den_121,crime_306,article_306,306,article_306_clause_2_point_e,Point,từ 61% đến 121%,61,121,percent,tu 61 den 121
threshold_article_306_clause_2_point_g_000_000_dong_den,crime_306,article_306,306,article_306_clause_2_point_g,Point,000.000 đồng đến,000.000,,vnd,000 000 dong den
threshold_article_306_clause_2_point_g_000_000_dong,crime_306,article_306,306,article_306_clause_2_point_g,Point,000.000 đồng,000.000,,vnd,000 000 dong
threshold_article_306_clause_3_point_c_122_tro_len,crime_306,article_306,306,article_306_clause_3_point_c,Point,122% trở lên,122,,percent,122 tro len
threshold_article_306_clause_3_point_d_000_000_dong_tro_len,crime_306,article_306,306,article_306_clause_3_point_d,Point,000.000 đồng trở lên,000.000,,vnd,000 000 dong tro len
threshold_condition_article_307_clause_1_point_b_61_tro_len,crime_307,article_307,307,condition_article_307_clause_1_point_b,Condition,61% trở lên,61,,percent,61 tro len
threshold_condition_article_307_clause_1_point_c_tu_61_den_121,crime_307,article_307,307,condition_article_307_clause_1_point_c,Condition,từ 61% đến 121%,61,121,percent,tu 61 den 121
threshold_condition_article_307_clause_1_point_d_000_000_dong_den,crime_307,article_307,307,condition_article_307_clause_1_point_d,Condition,000.000 đồng đến,000.000,,vnd,000 000 dong den
threshold_condition_article_307_clause_1_point_d_000_000_dong,crime_307,article_307,307,condition_article_307_clause_1_point_d,Condition,000.000 đồng,000.000,,vnd,000 000 dong
threshold_condition_article_307_clause_2_point_b_tu_122_den_200,crime_307,article_307,307,condition_article_307_clause_2_point_b,Condition,từ 122% đến 200%,122,200,percent,tu 122 den 200
threshold_condition_article_307_clause_2_point_c_000_000_dong_den,crime_307,article_307,307,condition_article_307_clause_2_point_c,Condition,000.000 đồng đến,000.000,,vnd,000 000 dong den
threshold_condition_article_307_clause_2_point_c_000_000_dong,crime_307,article_307,307,condition_article_307_clause_2_point_c,Condition,000.000 đồng,000.000,,vnd,000 000 dong
threshold_condition_article_307_clause_3_point_b_201_tro_len,crime_307,article_307,307,condition_article_307_clause_3_point_b,Condition,201% trở lên,201,,percent,201 tro len
threshold_condition_article_307_clause_3_point_c_000_000_dong_tro_len,crime_307,article_307,307,condition_article_307_clause_3_point_c,Condition,000.000 đồng trở lên,000.000,,vnd,000 000 dong tro len
threshold_article_307_clause_1_000_000_dong_den,crime_307,article_307,307,article_307_clause_1,Clause,000.000 đồng đến,000.000,,vnd,000 000 dong den
threshold_article_307_clause_1_000_000_dong,crime_307,article_307,307,article_307_clause_1,Clause,000.000 đồng,000.000,,vnd,000 000 dong
threshold_article_307_clause_1_61_tro_len,crime_307,article_307,307,article_307_clause_1,Clause,61% trở lên,61,,percent,61 tro len
threshold_article_307_clause_1_tu_61_den_121,crime_307,article_307,307,article_307_clause_1,Clause,từ 61% đến 121%,61,121,percent,tu 61 den 121
threshold_article_307_clause_2_000_000_dong_den,crime_307,article_307,307,article_307_clause_2,Clause,000.000 đồng đến,000.000,,vnd,000 000 dong den
threshold_article_307_clause_2_000_000_dong,crime_307,article_307,307,article_307_clause_2,Clause,000.000 đồng,000.000,,vnd,000 000 dong
threshold_article_307_clause_2_tu_122_den_200,crime_307,article_307,307,article_307_clause_2,Clause,từ 122% đến 200%,122,200,percent,tu 122 den 200
threshold_article_307_clause_3_000_000_dong_tro_len,crime_307,article_307,307,article_307_clause_3,Clause,000.000 đồng trở lên,000.000,,vnd,000 000 dong tro len
threshold_article_307_clause_3_201_tro_len,crime_307,article_307,307,article_307_clause_3,Clause,201% trở lên,201,,percent,201 tro len
threshold_article_307_clause_4_000_000_dong_den_50_000,crime_307,article_307,307,article_307_clause_4,Clause,000.000 đồng đến 50.000,000.000,50.000,vnd,000 000 dong den 50 000
threshold_article_307_clause_4_000_dong,crime_307,article_307,307,article_307_clause_4,Clause,000 đồng,000,,vnd,000 dong
threshold_article_307_clause_1_point_b_61_tro_len,crime_307,article_307,307,article_307_clause_1_point_b,Point,61% trở lên,61,,percent,61 tro len
threshold_article_307_clause_1_point_c_tu_61_den_121,crime_307,article_307,307,article_307_clause_1_point_c,Point,từ 61% đến 121%,61,121,percent,tu 61 den 121
threshold_article_307_clause_1_point_d_000_000_dong_den,crime_307,article_307,307,article_307_clause_1_point_d,Point,000.000 đồng đến,000.000,,vnd,000 000 dong den
threshold_article_307_clause_1_point_d_000_000_dong,crime_307,article_307,307,article_307_clause_1_point_d,Point,000.000 đồng,000.000,,vnd,000 000 dong
threshold_article_307_clause_2_point_b_tu_122_den_200,crime_307,article_307,307,article_307_clause_2_point_b,Point,từ 122% đến 200%,122,200,percent,tu 122 den 200
threshold_article_307_clause_2_point_c_000_000_dong_den,crime_307,article_307,307,article_307_clause_2_point_c,Point,000.000 đồng đến,000.000,,vnd,000 000 dong den
threshold_article_307_clause_2_point_c_000_000_dong,crime_307,article_307,307,article_307_clause_2_point_c,Point,000.000 đồng,000.000,,vnd,000 000 dong
threshold_article_307_clause_3_point_b_201_tro_len,crime_307,article_307,307,article_307_clause_3_point_b,Point,201% trở lên,201,,percent,201 tro len
threshold_article_307_clause_3_point_c_000_000_dong_tro_len,crime_307,article_307,307,article_307_clause_3_point_c,Point,000.000 đồng trở lên,000.000,,vnd,000 000 dong tro len
threshold_condition_article_308_clause_1_point_b_61_tro_len,crime_308,article_308,308,condition_article_308_clause_1_point_b,Condition,61% trở lên,61,,percent,61 tro len
threshold_condition_article_308_clause_1_point_c_tu_61_den_121,crime_308,article_308,308,condition_article_308_clause_1_point_c,Condition,từ 61% đến 121%,61,121,percent,tu 61 den 121
threshold_condition_article_308_clause_1_point_d_000_000_dong_den,crime_308,article_308,308,condition_article_308_clause_1_point_d,Condition,000.000 đồng đến,000.000,,vnd,000 000 dong den
threshold_condition_article_308_clause_1_point_d_000_000_dong,crime_308,article_308,308,condition_article_308_clause_1_point_d,Condition,000.000 đồng,000.000,,vnd,000 000 dong
threshold_condition_article_308_clause_2_point_b_tu_122_den_200,crime_308,article_308,308,condition_article_308_clause_2_point_b,Condition,từ 122% đến 200%,122,200,percent,tu 122 den 200
threshold_condition_article_308_clause_2_point_c_000_000_dong_den,crime_308,article_308,308,condition_article_308_clause_2_point_c,Condition,000.000 đồng đến,000.000,,vnd,000 000 dong den
threshold_condition_article_308_clause_2_point_c_000_000_dong,crime_308,article_308,308,condition_article_308_clause_2_point_c,Condition,000.000 đồng,000.000,,vnd,000 000 dong
threshold_condition_article_308_clause_3_point_b_201_tro_len,crime_308,article_308,308,condition_article_308_clause_3_point_b,Condition,201% trở lên,201,,percent,201 tro len
threshold_condition_article_308_clause_3_point_c_000_000_dong_tro_len,crime_308,article_308,308,condition_article_308_clause_3_point_c,Condition,000.000 đồng trở lên,000.000,,vnd,000 000 dong tro len
threshold_article_308_clause_1_000_000_dong_den,crime_308,article_308,308,article_308_clause_1,Clause,000.000 đồng đến,000.000,,vnd,000 000 dong den
threshold_article_308_clause_1_000_000_dong,crime_308,article_308,308,article_308_clause_1,Clause,000.000 đồng,000.000,,vnd,000 000 dong
threshold_article_308_clause_1_61_tro_len,crime_308,article_308,308,article_308_clause_1,Clause,61% trở lên,61,,percent,61 tro len
threshold_article_308_clause_1_tu_61_den_121,crime_308,article_308,308,article_308_clause_1,Clause,từ 61% đến 121%,61,121,percent,tu 61 den 121
threshold_article_308_clause_2_000_000_dong_den,crime_308,article_308,308,article_308_clause_2,Clause,000.000 đồng đến,000.000,,vnd,000 000 dong den
threshold_article_308_clause_2_000_000_dong,crime_308,article_308,308,article_308_clause_2,Clause,000.000 đồng,000.000,,vnd,000 000 dong
threshold_article_308_clause_2_tu_122_den_200,crime_308,article_308,308,article_308_clause_2,Clause,từ 122% đến 200%,122,200,percent,tu 122 den 200
threshold_article_308_clause_3_000_000_dong_tro_len,crime_308,article_308,308,article_308_clause_3,Clause,000.000 đồng trở lên,000.000,,vnd,000 000 dong tro len
threshold_article_308_clause_3_201_tro_len,crime_308,article_308,308,article_308_clause_3,Clause,201% trở lên,201,,percent,201 tro len
threshold_article_308_clause_1_point_b_61_tro_len,crime_308,article_308,308,article_308_clause_1_point_b,Point,61% trở lên,61,,percent,61 tro len
threshold_article_308_clause_1_point_c_tu_61_den_121,crime_308,article_308,308,article_308_clause_1_point_c,Point,từ 61% đến 121%,61,121,percent,tu 61 den 121
threshold_article_308_clause_1_point_d_000_000_dong_den,crime_308,article_308,308,article_308_clause_1_point_d,Point,000.000 đồng đến,000.000,,vnd,000 000 dong den
threshold_article_308_clause_1_point_d_000_000_dong,crime_308,article_308,308,article_308_clause_1_point_d,Point,000.000 đồng,000.000,,vnd,000 000 dong
threshold_article_308_clause_2_point_b_tu_122_den_200,crime_308,article_308,308,article_308_clause_2_point_b,Point,từ 122% đến 200%,122,200,percent,tu 122 den 200
threshold_article_308_clause_2_point_c_000_000_dong_den,crime_308,article_308,308,article_308_clause_2_point_c,Point,000.000 đồng đến,000.000,,vnd,000 000 dong den
threshold_article_308_clause_2_point_c_000_000_dong,crime_308,article_308,308,article_308_clause_2_point_c,Point,000.000 đồng,000.000,,vnd,000 000 dong
threshold_article_308_clause_3_point_b_201_tro_len,crime_308,article_308,308,article_308_clause_3_point_b,Point,201% trở lên,201,,percent,201 tro len
threshold_article_308_clause_3_point_c_000_000_dong_tro_len,crime_308,article_308,308,article_308_clause_3_point_c,Point,000.000 đồng trở lên,000.000,,vnd,000 000 dong tro len
threshold_condition_article_309_clause_5_000_000_dong_den_50_000,crime_309,article_309,309,condition_article_309_clause_5,Condition,000.000 đồng đến 50.000,000.000,50.000,vnd,000 000 dong den 50 000
threshold_condition_article_309_clause_5_000_dong,crime_309,article_309,309,condition_article_309_clause_5,Condition,000 đồng,000,,vnd,000 dong
threshold_condition_article_309_clause_2_point_d_61_tro_len,crime_309,article_309,309,condition_article_309_clause_2_point_d,Condition,61% trở lên,61,,percent,61 tro len
threshold_condition_article_309_clause_2_point_d_tu_61_den_121,crime_309,article_309,309,condition_article_309_clause_2_point_d,Condition,từ 61% đến 121%,61,121,percent,tu 61 den 121
threshold_condition_article_309_clause_2_point_e_000_000_dong_den,crime_309,article_309,309,condition_article_309_clause_2_point_e,Condition,000.000 đồng đến,000.000,,vnd,000 000 dong den
threshold_condition_article_309_clause_2_point_e_000_000_dong,crime_309,article_309,309,condition_article_309_clause_2_point_e,Condition,000.000 đồng,000.000,,vnd,000 000 dong
threshold_condition_article_309_clause_3_point_b_tu_122_den_200,crime_309,article_309,309,condition_article_309_clause_3_point_b,Condition,từ 122% đến 200%,122,200,percent,tu 122 den 200
threshold_condition_article_309_clause_3_point_c_000_000_dong_den,crime_309,article_309,309,condition_article_309_clause_3_point_c,Condition,000.000 đồng đến,000.000,,vnd,000 000 dong den
threshold_condition_article_309_clause_3_point_c_000_000_dong,crime_309,article_309,309,condition_article_309_clause_3_point_c,Condition,000.000 đồng,000.000,,vnd,000 000 dong
threshold_condition_article_309_clause_4_point_b_201_tro_len,crime_309,article_309,309,condition_article_309_clause_4_point_b,Condition,201% trở lên,201,,percent,201 tro len
threshold_condition_article_309_clause_4_point_c_000_000_dong_tro_len,crime_309,article_309,309,condition_article_309_clause_4_point_c,Condition,000.000 đồng trở lên,000.000,,vnd,000 000 dong tro len
threshold_article_309_clause_2_000_000_dong_den,crime_309,article_309,309,article_309_clause_2,Clause,000.000 đồng đến,000.000,,vnd,000 000 dong den
threshold_article_309_clause_2_000_000_dong,crime_309,article_309,309,article_309_clause_2,Clause,000.000 đồng,000.000,,vnd,000 000 dong
threshold_article_309_clause_2_61_tro_len,crime_309,article_309,309,article_309_clause_2,Clause,61% trở lên,61,,percent,61 tro len
threshold_article_309_clause_2_tu_61_den_121,crime_309,article_309,309,article_309_clause_2,Clause,từ 61% đến 121%,61,121,percent,tu 61 den 121
threshold_article_309_clause_3_000_000_dong_den,crime_309,article_309,309,article_309_clause_3,Clause,000.000 đồng đến,000.000,,vnd,000 000 dong den
threshold_article_309_clause_3_000_000_dong,crime_309,article_309,309,article_309_clause_3,Clause,000.000 đồng,000.000,,vnd,000 000 dong
threshold_article_309_clause_3_tu_122_den_200,crime_309,article_309,309,article_309_clause_3,Clause,từ 122% đến 200%,122,200,percent,tu 122 den 200
threshold_article_309_clause_4_000_000_dong_tro_len,crime_309,article_309,309,article_309_clause_4,Clause,000.000 đồng trở lên,000.000,,vnd,000 000 dong tro len
threshold_article_309_clause_4_201_tro_len,crime_309,article_309,309,article_309_clause_4,Clause,201% trở lên,201,,percent,201 tro len
threshold_article_309_clause_5_000_000_dong_den_50_000,crime_309,article_309,309,article_309_clause_5,Clause,000.000 đồng đến 50.000,000.000,50.000,vnd,000 000 dong den 50 000
threshold_article_309_clause_5_000_dong,crime_309,article_309,309,article_309_clause_5,Clause,000 đồng,000,,vnd,000 dong
threshold_article_309_clause_2_point_d_61_tro_len,crime_309,article_309,309,article_309_clause_2_point_d,Point,61% trở lên,61,,percent,61 tro len
threshold_article_309_clause_2_point_d_tu_61_den_121,crime_309,article_309,309,article_309_clause_2_point_d,Point,từ 61% đến 121%,61,121,percent,tu 61 den 121
threshold_article_309_clause_2_point_e_000_000_dong_den,crime_309,article_309,309,article_309_clause_2_point_e,Point,000.000 đồng đến,000.000,,vnd,000 000 dong den
threshold_article_309_clause_2_point_e_000_000_dong,crime_309,article_309,309,article_309_clause_2_point_e,Point,000.000 đồng,000.000,,vnd,000 000 dong
threshold_article_309_clause_3_point_b_tu_122_den_200,crime_309,article_309,309,article_309_clause_3_point_b,Point,từ 122% đến 200%,122,200,percent,tu 122 den 200
threshold_article_309_clause_3_point_c_000_000_dong_den,crime_309,article_309,309,article_309_clause_3_point_c,Point,000.000 đồng đến,000.000,,vnd,000 000 dong den
threshold_article_309_clause_3_point_c_000_000_dong,crime_309,article_309,309,article_309_clause_3_point_c,Point,000.000 đồng,000.000,,vnd,000 000 dong
threshold_article_309_clause_4_point_b_201_tro_len,crime_309,article_309,309,article_309_clause_4_point_b,Point,201% trở lên,201,,percent,201 tro len
threshold_article_309_clause_4_point_c_000_000_dong_tro_len,crime_309,article_309,309,article_309_clause_4_point_c,Point,000.000 đồng trở lên,000.000,,vnd,000 000 dong tro len
threshold_condition_article_310_clause_1_point_b_61_tro_len,crime_310,article_310,310,condition_article_310_clause_1_point_b,Condition,61% trở lên,61,,percent,61 tro len
threshold_condition_article_310_clause_1_point_c_tu_61_den_121,crime_310,article_310,310,condition_article_310_clause_1_point_c,Condition,từ 61% đến 121%,61,121,percent,tu 61 den 121
threshold_condition_article_310_clause_1_point_d_000_000_dong_den,crime_310,article_310,310,condition_article_310_clause_1_point_d,Condition,000.000 đồng đến,000.000,,vnd,000 000 dong den
threshold_condition_article_310_clause_1_point_d_000_000_dong,crime_310,article_310,310,condition_article_310_clause_1_point_d,Condition,000.000 đồng,000.000,,vnd,000 000 dong
threshold_condition_article_310_clause_2_point_b_tu_122_den_200,crime_310,article_310,310,condition_article_310_clause_2_point_b,Condition,từ 122% đến 200%,122,200,percent,tu 122 den 200
threshold_condition_article_310_clause_2_point_c_000_000_dong_den,crime_310,article_310,310,condition_article_310_clause_2_point_c,Condition,000.000 đồng đến,000.000,,vnd,000 000 dong den
threshold_condition_article_310_clause_2_point_c_000_000_dong,crime_310,article_310,310,condition_article_310_clause_2_point_c,Condition,000.000 đồng,000.000,,vnd,000 000 dong
threshold_condition_article_310_clause_3_point_b_201_tro_len,crime_310,article_310,310,condition_article_310_clause_3_point_b,Condition,201% trở lên,201,,percent,201 tro len
threshold_condition_article_310_clause_3_point_c_000_000_dong_tro_len,crime_310,article_310,310,condition_article_310_clause_3_point_c,Condition,000.000 đồng trở lên,000.000,,vnd,000 000 dong tro len
threshold_article_310_clause_1_000_000_dong_den,crime_310,article_310,310,article_310_clause_1,Clause,000.000 đồng đến,000.000,,vnd,000 000 dong den
threshold_article_310_clause_1_000_000_dong,crime_310,article_310,310,article_310_clause_1,Clause,000.000 đồng,000.000,,vnd,000 000 dong
threshold_article_310_clause_1_61_tro_len,crime_310,article_310,310,article_310_clause_1,Clause,61% trở lên,61,,percent,61 tro len
threshold_article_310_clause_1_tu_61_den_121,crime_310,article_310,310,article_310_clause_1,Clause,từ 61% đến 121%,61,121,percent,tu 61 den 121
threshold_article_310_clause_2_000_000_dong_den,crime_310,article_310,310,article_310_clause_2,Clause,000.000 đồng đến,000.000,,vnd,000 000 dong den
threshold_article_310_clause_2_000_000_dong,crime_310,article_310,310,article_310_clause_2,Clause,000.000 đồng,000.000,,vnd,000 000 dong
threshold_article_310_clause_2_tu_122_den_200,crime_310,article_310,310,article_310_clause_2,Clause,từ 122% đến 200%,122,200,percent,tu 122 den 200
threshold_article_310_clause_3_000_000_dong_tro_len,crime_310,article_310,310,article_310_clause_3,Clause,000.000 đồng trở lên,000.000,,vnd,000 000 dong tro len
threshold_article_310_clause_3_201_tro_len,crime_310,article_310,310,article_310_clause_3,Clause,201% trở lên,201,,percent,201 tro len
threshold_article_310_clause_1_point_b_61_tro_len,crime_310,article_310,310,article_310_clause_1_point_b,Point,61% trở lên,61,,percent,61 tro len
threshold_article_310_clause_1_point_c_tu_61_den_121,crime_310,article_310,310,article_310_clause_1_point_c,Point,từ 61% đến 121%,61,121,percent,tu 61 den 121
threshold_article_310_clause_1_point_d_000_000_dong_den,crime_310,article_310,310,article_310_clause_1_point_d,Point,000.000 đồng đến,000.000,,vnd,000 000 dong den
threshold_article_310_clause_1_point_d_000_000_dong,crime_310,article_310,310,article_310_clause_1_point_d,Point,000.000 đồng,000.000,,vnd,000 000 dong
threshold_article_310_clause_2_point_b_tu_122_den_200,crime_310,article_310,310,article_310_clause_2_point_b,Point,từ 122% đến 200%,122,200,percent,tu 122 den 200
threshold_article_310_clause_2_point_c_000_000_dong_den,crime_310,article_310,310,article_310_clause_2_point_c,Point,000.000 đồng đến,000.000,,vnd,000 000 dong den
threshold_article_310_clause_2_point_c_000_000_dong,crime_310,article_310,310,article_310_clause_2_point_c,Point,000.000 đồng,000.000,,vnd,000 000 dong
threshold_article_310_clause_3_point_b_201_tro_len,crime_310,article_310,310,article_310_clause_3_point_b,Point,201% trở lên,201,,percent,201 tro len
threshold_article_310_clause_3_point_c_000_000_dong_tro_len,crime_310,article_310,310,article_310_clause_3_point_c,Point,000.000 đồng trở lên,000.000,,vnd,000 000 dong tro len
threshold_condition_article_311_clause_5_000_000_dong_den_50_000,crime_311,article_311,311,condition_article_311_clause_5,Condition,000.000 đồng đến 50.000,000.000,50.000,vnd,000 000 dong den 50 000
threshold_condition_article_311_clause_5_000_dong,crime_311,article_311,311,condition_article_311_clause_5,Condition,000 đồng,000,,vnd,000 dong
threshold_condition_article_311_clause_2_point_d_61_tro_len,crime_311,article_311,311,condition_article_311_clause_2_point_d,Condition,61% trở lên,61,,percent,61 tro len
threshold_condition_article_311_clause_2_point_d_tu_61_den_121,crime_311,article_311,311,condition_article_311_clause_2_point_d,Condition,từ 61% đến 121%,61,121,percent,tu 61 den 121
threshold_condition_article_311_clause_2_point_e_000_000_dong_den,crime_311,article_311,311,condition_article_311_clause_2_point_e,Condition,000.000 đồng đến,000.000,,vnd,000 000 dong den
threshold_condition_article_311_clause_2_point_e_000_000_dong,crime_311,article_311,311,condition_article_311_clause_2_point_e,Condition,000.000 đồng,000.000,,vnd,000 000 dong
threshold_condition_article_311_clause_3_point_c_tu_122_den_200,crime_311,article_311,311,condition_article_311_clause_3_point_c,Condition,từ 122% đến 200%,122,200,percent,tu 122 den 200
threshold_condition_article_311_clause_3_point_d_000_000_dong_den,crime_311,article_311,311,condition_article_311_clause_3_point_d,Condition,000.000 đồng đến,000.000,,vnd,000 000 dong den
threshold_condition_article_311_clause_3_point_d_000_000_dong,crime_311,article_311,311,condition_article_311_clause_3_point_d,Condition,000.000 đồng,000.000,,vnd,000 000 dong
threshold_condition_article_311_clause_4_point_c_201_tro_len,crime_311,article_311,311,condition_article_311_clause_4_point_c,Condition,201% trở lên,201,,percent,201 tro len
threshold_condition_article_311_clause_4_point_d_000_000_dong_tro_len,crime_311,article_311,311,condition_article_311_clause_4_point_d,Condition,000.000 đồng trở lên,000.000,,vnd,000 000 dong tro len
threshold_article_311_clause_2_000_000_dong_den,crime_311,article_311,311,article_311_clause_2,Clause,000.000 đồng đến,000.000,,vnd,000 000 dong den
threshold_article_311_clause_2_000_000_dong,crime_311,article_311,311,article_311_clause_2,Clause,000.000 đồng,000.000,,vnd,000 000 dong
threshold_article_311_clause_2_61_tro_len,crime_311,article_311,311,article_311_clause_2,Clause,61% trở lên,61,,percent,61 tro len
threshold_article_311_clause_2_tu_61_den_121,crime_311,article_311,311,article_311_clause_2,Clause,từ 61% đến 121%,61,121,percent,tu 61 den 121
threshold_article_311_clause_3_000_000_dong_den,crime_311,article_311,311,article_311_clause_3,Clause,000.000 đồng đến,000.000,,vnd,000 000 dong den
threshold_article_311_clause_3_000_000_dong,crime_311,article_311,311,article_311_clause_3,Clause,000.000 đồng,000.000,,vnd,000 000 dong
threshold_article_311_clause_3_tu_122_den_200,crime_311,article_311,311,article_311_clause_3,Clause,từ 122% đến 200%,122,200,percent,tu 122 den 200
threshold_article_311_clause_4_000_000_dong_tro_len,crime_311,article_311,311,article_311_clause_4,Clause,000.000 đồng trở lên,000.000,,vnd,000 000 dong tro len
threshold_article_311_clause_4_201_tro_len,crime_311,article_311,311,article_311_clause_4,Clause,201% trở lên,201,,percent,201 tro len
threshold_article_311_clause_5_000_000_dong_den_50_000,crime_311,article_311,311,article_311_clause_5,Clause,000.000 đồng đến 50.000,000.000,50.000,vnd,000 000 dong den 50 000
threshold_article_311_clause_5_000_dong,crime_311,article_311,311,article_311_clause_5,Clause,000 đồng,000,,vnd,000 dong
threshold_article_311_clause_2_point_d_61_tro_len,crime_311,article_311,311,article_311_clause_2_point_d,Point,61% trở lên,61,,percent,61 tro len
threshold_article_311_clause_2_point_d_tu_61_den_121,crime_311,article_311,311,article_311_clause_2_point_d,Point,từ 61% đến 121%,61,121,percent,tu 61 den 121
threshold_article_311_clause_2_point_e_000_000_dong_den,crime_311,article_311,311,article_311_clause_2_point_e,Point,000.000 đồng đến,000.000,,vnd,000 000 dong den
threshold_article_311_clause_2_point_e_000_000_dong,crime_311,article_311,311,article_311_clause_2_point_e,Point,000.000 đồng,000.000,,vnd,000 000 dong
threshold_article_311_clause_3_point_c_tu_122_den_200,crime_311,article_311,311,article_311_clause_3_point_c,Point,từ 122% đến 200%,122,200,percent,tu 122 den 200
threshold_article_311_clause_3_point_d_000_000_dong_den,crime_311,article_311,311,article_311_clause_3_point_d,Point,000.000 đồng đến,000.000,,vnd,000 000 dong den
threshold_article_311_clause_3_point_d_000_000_dong,crime_311,article_311,311,article_311_clause_3_point_d,Point,000.000 đồng,000.000,,vnd,000 000 dong
threshold_article_311_clause_4_point_c_201_tro_len,crime_311,article_311,311,article_311_clause_4_point_c,Point,201% trở lên,201,,percent,201 tro len
threshold_article_311_clause_4_point_d_000_000_dong_tro_len,crime_311,article_311,311,article_311_clause_4_point_d,Point,000.000 đồng trở lên,000.000,,vnd,000 000 dong tro len
threshold_condition_article_312_clause_1_point_b_61_tro_len,crime_312,article_312,312,condition_article_312_clause_1_point_b,Condition,61% trở lên,61,,percent,61 tro len
threshold_condition_article_312_clause_1_point_c_tu_61_den_121,crime_312,article_312,312,condition_article_312_clause_1_point_c,Condition,từ 61% đến 121%,61,121,percent,tu 61 den 121
threshold_condition_article_312_clause_1_point_d_000_000_dong_den,crime_312,article_312,312,condition_article_312_clause_1_point_d,Condition,000.000 đồng đến,000.000,,vnd,000 000 dong den
threshold_condition_article_312_clause_1_point_d_000_000_dong,crime_312,article_312,312,condition_article_312_clause_1_point_d,Condition,000.000 đồng,000.000,,vnd,000 000 dong
threshold_condition_article_312_clause_2_point_b_tu_122_den_200,crime_312,article_312,312,condition_article_312_clause_2_point_b,Condition,từ 122% đến 200%,122,200,percent,tu 122 den 200
threshold_condition_article_312_clause_2_point_c_000_000_dong_den,crime_312,article_312,312,condition_article_312_clause_2_point_c,Condition,000.000 đồng đến,000.000,,vnd,000 000 dong den
threshold_condition_article_312_clause_2_point_c_000_000_dong,crime_312,article_312,312,condition_article_312_clause_2_point_c,Condition,000.000 đồng,000.000,,vnd,000 000 dong
threshold_condition_article_312_clause_3_point_b_201_tro_len,crime_312,article_312,312,condition_article_312_clause_3_point_b,Condition,201% trở lên,201,,percent,201 tro len
threshold_condition_article_312_clause_3_point_c_000_000_dong_tro_len,crime_312,article_312,312,condition_article_312_clause_3_point_c,Condition,000.000 đồng trở lên,000.000,,vnd,000 000 dong tro len
threshold_article_312_clause_1_000_000_dong_den,crime_312,article_312,312,article_312_clause_1,Clause,000.000 đồng đến,000.000,,vnd,000 000 dong den
threshold_article_312_clause_1_000_000_dong,crime_312,article_312,312,article_312_clause_1,Clause,000.000 đồng,000.000,,vnd,000 000 dong
threshold_article_312_clause_1_61_tro_len,crime_312,article_312,312,article_312_clause_1,Clause,61% trở lên,61,,percent,61 tro len
threshold_article_312_clause_1_tu_61_den_121,crime_312,article_312,312,article_312_clause_1,Clause,từ 61% đến 121%,61,121,percent,tu 61 den 121
threshold_article_312_clause_2_000_000_dong_den,crime_312,article_312,312,article_312_clause_2,Clause,000.000 đồng đến,000.000,,vnd,000 000 dong den
threshold_article_312_clause_2_000_000_dong,crime_312,article_312,312,article_312_clause_2,Clause,000.000 đồng,000.000,,vnd,000 000 dong
threshold_article_312_clause_2_tu_122_den_200,crime_312,article_312,312,article_312_clause_2,Clause,từ 122% đến 200%,122,200,percent,tu 122 den 200
threshold_article_312_clause_3_000_000_dong_tro_len,crime_312,article_312,312,article_312_clause_3,Clause,000.000 đồng trở lên,000.000,,vnd,000 000 dong tro len
threshold_article_312_clause_3_201_tro_len,crime_312,article_312,312,article_312_clause_3,Clause,201% trở lên,201,,percent,201 tro len
threshold_article_312_clause_1_point_b_61_tro_len,crime_312,article_312,312,article_312_clause_1_point_b,Point,61% trở lên,61,,percent,61 tro len
threshold_article_312_clause_1_point_c_tu_61_den_121,crime_312,article_312,312,article_312_clause_1_point_c,Point,từ 61% đến 121%,61,121,percent,tu 61 den 121
threshold_article_312_clause_1_point_d_000_000_dong_den,crime_312,article_312,312,article_312_clause_1_point_d,Point,000.000 đồng đến,000.000,,vnd,000 000 dong den
threshold_article_312_clause_1_point_d_000_000_dong,crime_312,article_312,312,article_312_clause_1_point_d,Point,000.000 đồng,000.000,,vnd,000 000 dong
threshold_article_312_clause_2_point_b_tu_122_den_200,crime_312,article_312,312,article_312_clause_2_point_b,Point,từ 122% đến 200%,122,200,percent,tu 122 den 200
threshold_article_312_clause_2_point_c_000_000_dong_den,crime_312,article_312,312,article_312_clause_2_point_c,Point,000.000 đồng đến,000.000,,vnd,000 000 dong den
threshold_article_312_clause_2_point_c_000_000_dong,crime_312,article_312,312,article_312_clause_2_point_c,Point,000.000 đồng,000.000,,vnd,000 000 dong
threshold_article_312_clause_3_point_b_201_tro_len,crime_312,article_312,312,article_312_clause_3_point_b,Point,201% trở lên,201,,percent,201 tro len
threshold_article_312_clause_3_point_c_000_000_dong_tro_len,crime_312,article_312,312,article_312_clause_3_point_c,Point,000.000 đồng trở lên,000.000,,vnd,000 000 dong tro len
threshold_condition_article_313_clause_5_000_000_dong_den_50_000,crime_313,article_313,313,condition_article_313_clause_5,Condition,000.000 đồng đến 50.000,000.000,50.000,vnd,000 000 dong den 50 000
threshold_condition_article_313_clause_5_000_dong,crime_313,article_313,313,condition_article_313_clause_5,Condition,000 đồng,000,,vnd,000 dong
threshold_condition_article_313_clause_1_point_b_61_tro_len,crime_313,article_313,313,condition_article_313_clause_1_point_b,Condition,61% trở lên,61,,percent,61 tro len
threshold_condition_article_313_clause_1_point_c_tu_61_den_121,crime_313,article_313,313,condition_article_313_clause_1_point_c,Condition,từ 61% đến 121%,61,121,percent,tu 61 den 121
threshold_condition_article_313_clause_1_point_d_000_000_dong_den,crime_313,article_313,313,condition_article_313_clause_1_point_d,Condition,000.000 đồng đến,000.000,,vnd,000 000 dong den
threshold_condition_article_313_clause_1_point_d_000_000_dong,crime_313,article_313,313,condition_article_313_clause_1_point_d,Condition,000.000 đồng,000.000,,vnd,000 000 dong
threshold_condition_article_313_clause_2_point_b_tu_122_den_200,crime_313,article_313,313,condition_article_313_clause_2_point_b,Condition,từ 122% đến 200%,122,200,percent,tu 122 den 200
threshold_condition_article_313_clause_2_point_c_000_000_dong_den,crime_313,article_313,313,condition_article_313_clause_2_point_c,Condition,000.000 đồng đến,000.000,,vnd,000 000 dong den
threshold_condition_article_313_clause_2_point_c_000_000_dong,crime_313,article_313,313,condition_article_313_clause_2_point_c,Condition,000.000 đồng,000.000,,vnd,000 000 dong
threshold_condition_article_313_clause_3_point_b_201_tro_len,crime_313,article_313,313,condition_article_313_clause_3_point_b,Condition,201% trở lên,201,,percent,201 tro len
threshold_condition_article_313_clause_3_point_c_000_000_dong_tro_len,crime_313,article_313,313,condition_article_313_clause_3_point_c,Condition,000.000 đồng trở lên,000.000,,vnd,000 000 dong tro len
threshold_article_313_clause_1_000_000_dong_den,crime_313,article_313,313,article_313_clause_1,Clause,000.000 đồng đến,000.000,,vnd,000 000 dong den
threshold_article_313_clause_1_000_000_dong,crime_313,article_313,313,article_313_clause_1,Clause,000.000 đồng,000.000,,vnd,000 000 dong
threshold_article_313_clause_1_61_tro_len,crime_313,article_313,313,article_313_clause_1,Clause,61% trở lên,61,,percent,61 tro len
threshold_article_313_clause_1_tu_61_den_121,crime_313,article_313,313,article_313_clause_1,Clause,từ 61% đến 121%,61,121,percent,tu 61 den 121
threshold_article_313_clause_2_000_000_dong_den,crime_313,article_313,313,article_313_clause_2,Clause,000.000 đồng đến,000.000,,vnd,000 000 dong den
threshold_article_313_clause_2_000_000_dong,crime_313,article_313,313,article_313_clause_2,Clause,000.000 đồng,000.000,,vnd,000 000 dong
threshold_article_313_clause_2_tu_122_den_200,crime_313,article_313,313,article_313_clause_2,Clause,từ 122% đến 200%,122,200,percent,tu 122 den 200
threshold_article_313_clause_3_000_000_dong_tro_len,crime_313,article_313,313,article_313_clause_3,Clause,000.000 đồng trở lên,000.000,,vnd,000 000 dong tro len
threshold_article_313_clause_3_201_tro_len,crime_313,article_313,313,article_313_clause_3,Clause,201% trở lên,201,,percent,201 tro len
threshold_article_313_clause_5_000_000_dong_den_50_000,crime_313,article_313,313,article_313_clause_5,Clause,000.000 đồng đến 50.000,000.000,50.000,vnd,000 000 dong den 50 000
threshold_article_313_clause_5_000_dong,crime_313,article_313,313,article_313_clause_5,Clause,000 đồng,000,,vnd,000 dong
threshold_article_313_clause_1_point_b_61_tro_len,crime_313,article_313,313,article_313_clause_1_point_b,Point,61% trở lên,61,,percent,61 tro len
threshold_article_313_clause_1_point_c_tu_61_den_121,crime_313,article_313,313,article_313_clause_1_point_c,Point,từ 61% đến 121%,61,121,percent,tu 61 den 121
threshold_article_313_clause_1_point_d_000_000_dong_den,crime_313,article_313,313,article_313_clause_1_point_d,Point,000.000 đồng đến,000.000,,vnd,000 000 dong den
threshold_article_313_clause_1_point_d_000_000_dong,crime_313,article_313,313,article_313_clause_1_point_d,Point,000.000 đồng,000.000,,vnd,000 000 dong
threshold_article_313_clause_2_point_b_tu_122_den_200,crime_313,article_313,313,article_313_clause_2_point_b,Point,từ 122% đến 200%,122,200,percent,tu 122 den 200
threshold_article_313_clause_2_point_c_000_000_dong_den,crime_313,article_313,313,article_313_clause_2_point_c,Point,000.000 đồng đến,000.000,,vnd,000 000 dong den
threshold_article_313_clause_2_point_c_000_000_dong,crime_313,article_313,313,article_313_clause_2_point_c,Point,000.000 đồng,000.000,,vnd,000 000 dong
threshold_article_313_clause_3_point_b_201_tro_len,crime_313,article_313,313,article_313_clause_3_point_b,Point,201% trở lên,201,,percent,201 tro len
threshold_article_313_clause_3_point_c_000_000_dong_tro_len,crime_313,article_313,313,article_313_clause_3_point_c,Point,000.000 đồng trở lên,000.000,,vnd,000 000 dong tro len
threshold_condition_article_314_clause_1_point_b_61_tro_len,crime_314,article_314,314,condition_article_314_clause_1_point_b,Condition,61% trở lên,61,,percent,61 tro len
threshold_condition_article_314_clause_1_point_c_tu_61_den_121,crime_314,article_314,314,condition_article_314_clause_1_point_c,Condition,từ 61% đến 121%,61,121,percent,tu 61 den 121
threshold_condition_article_314_clause_1_point_d_000_000_dong_den,crime_314,article_314,314,condition_article_314_clause_1_point_d,Condition,000.000 đồng đến,000.000,,vnd,000 000 dong den
threshold_condition_article_314_clause_1_point_d_000_000_dong,crime_314,article_314,314,condition_article_314_clause_1_point_d,Condition,000.000 đồng,000.000,,vnd,000 000 dong
threshold_condition_article_314_clause_2_point_b_tu_122_den_200,crime_314,article_314,314,condition_article_314_clause_2_point_b,Condition,từ 122% đến 200%,122,200,percent,tu 122 den 200
threshold_condition_article_314_clause_2_point_c_000_000_dong_den,crime_314,article_314,314,condition_article_314_clause_2_point_c,Condition,000.000 đồng đến,000.000,,vnd,000 000 dong den
threshold_condition_article_314_clause_2_point_c_000_000_dong,crime_314,article_314,314,condition_article_314_clause_2_point_c,Condition,000.000 đồng,000.000,,vnd,000 000 dong
threshold_condition_article_314_clause_3_point_b_201_tro_len,crime_314,article_314,314,condition_article_314_clause_3_point_b,Condition,201% trở lên,201,,percent,201 tro len
threshold_condition_article_314_clause_3_point_c_000_000_dong_tro_len,crime_314,article_314,314,condition_article_314_clause_3_point_c,Condition,000.000 đồng trở lên,000.000,,vnd,000 000 dong tro len
threshold_article_314_clause_1_000_000_dong_den_100_000,crime_314,article_314,314,article_314_clause_1,Clause,000.000 đồng đến 100.000,000.000,100.000,vnd,000 000 dong den 100 000
threshold_article_314_clause_1_000_dong,crime_314,article_314,314,article_314_clause_1,Clause,000 đồng,000,,vnd,000 dong
threshold_article_314_clause_1_000_000_dong_den,crime_314,article_314,314,article_314_clause_1,Clause,000.000 đồng đến,000.000,,vnd,000 000 dong den
threshold_article_314_clause_1_000_000_dong,crime_314,article_314,314,article_314_clause_1,Clause,000.000 đồng,000.000,,vnd,000 000 dong
threshold_article_314_clause_1_61_tro_len,crime_314,article_314,314,article_314_clause_1,Clause,61% trở lên,61,,percent,61 tro len
threshold_article_314_clause_1_tu_61_den_121,crime_314,article_314,314,article_314_clause_1,Clause,từ 61% đến 121%,61,121,percent,tu 61 den 121
threshold_article_314_clause_2_000_000_dong_den_300_000,crime_314,article_314,314,article_314_clause_2,Clause,000.000 đồng đến 300.000,000.000,300.000,vnd,000 000 dong den 300 000
threshold_article_314_clause_2_000_dong,crime_314,article_314,314,article_314_clause_2,Clause,000 đồng,000,,vnd,000 dong
threshold_article_314_clause_2_000_000_dong_den,crime_314,article_314,314,article_314_clause_2,Clause,000.000 đồng đến,000.000,,vnd,000 000 dong den
threshold_article_314_clause_2_000_000_dong,crime_314,article_314,314,article_314_clause_2,Clause,000.000 đồng,000.000,,vnd,000 000 dong
threshold_article_314_clause_2_tu_122_den_200,crime_314,article_314,314,article_314_clause_2,Clause,từ 122% đến 200%,122,200,percent,tu 122 den 200
threshold_article_314_clause_3_000_000_dong_tro_len,crime_314,article_314,314,article_314_clause_3,Clause,000.000 đồng trở lên,000.000,,vnd,000 000 dong tro len
threshold_article_314_clause_3_201_tro_len,crime_314,article_314,314,article_314_clause_3,Clause,201% trở lên,201,,percent,201 tro len
threshold_article_314_clause_4_000_000_dong_den_100_000,crime_314,article_314,314,article_314_clause_4,Clause,000.000 đồng đến 100.000,000.000,100.000,vnd,000 000 dong den 100 000
threshold_article_314_clause_4_000_dong,crime_314,article_314,314,article_314_clause_4,Clause,000 đồng,000,,vnd,000 dong
threshold_article_314_clause_1_point_b_61_tro_len,crime_314,article_314,314,article_314_clause_1_point_b,Point,61% trở lên,61,,percent,61 tro len
threshold_article_314_clause_1_point_c_tu_61_den_121,crime_314,article_314,314,article_314_clause_1_point_c,Point,từ 61% đến 121%,61,121,percent,tu 61 den 121
threshold_article_314_clause_1_point_d_000_000_dong_den,crime_314,article_314,314,article_314_clause_1_point_d,Point,000.000 đồng đến,000.000,,vnd,000 000 dong den
threshold_article_314_clause_1_point_d_000_000_dong,crime_314,article_314,314,article_314_clause_1_point_d,Point,000.000 đồng,000.000,,vnd,000 000 dong
threshold_article_314_clause_2_point_b_tu_122_den_200,crime_314,article_314,314,article_314_clause_2_point_b,Point,từ 122% đến 200%,122,200,percent,tu 122 den 200
threshold_article_314_clause_2_point_c_000_000_dong_den,crime_314,article_314,314,article_314_clause_2_point_c,Point,000.000 đồng đến,000.000,,vnd,000 000 dong den
threshold_article_314_clause_2_point_c_000_000_dong,crime_314,article_314,314,article_314_clause_2_point_c,Point,000.000 đồng,000.000,,vnd,000 000 dong
threshold_article_314_clause_3_point_b_201_tro_len,crime_314,article_314,314,article_314_clause_3_point_b,Point,201% trở lên,201,,percent,201 tro len
threshold_article_314_clause_3_point_c_000_000_dong_tro_len,crime_314,article_314,314,article_314_clause_3_point_c,Point,000.000 đồng trở lên,000.000,,vnd,000 000 dong tro len
threshold_condition_article_315_clause_4_000_000_dong_den_50_000,crime_315,article_315,315,condition_article_315_clause_4,Condition,000.000 đồng đến 50.000,000.000,50.000,vnd,000 000 dong den 50 000
threshold_condition_article_315_clause_4_000_dong,crime_315,article_315,315,condition_article_315_clause_4,Condition,000 đồng,000,,vnd,000 dong
threshold_condition_article_315_clause_1_point_b_61_tro_len,crime_315,article_315,315,condition_article_315_clause_1_point_b,Condition,61% trở lên,61,,percent,61 tro len
threshold_condition_article_315_clause_1_point_c_tu_61_den_121,crime_315,article_315,315,condition_article_315_clause_1_point_c,Condition,từ 61% đến 121%,61,121,percent,tu 61 den 121
threshold_condition_article_315_clause_1_point_d_000_000_dong_den,crime_315,article_315,315,condition_article_315_clause_1_point_d,Condition,000.000 đồng đến,000.000,,vnd,000 000 dong den
threshold_condition_article_315_clause_1_point_d_000_000_dong,crime_315,article_315,315,condition_article_315_clause_1_point_d,Condition,000.000 đồng,000.000,,vnd,000 000 dong
threshold_condition_article_315_clause_2_point_b_tu_122_den_200,crime_315,article_315,315,condition_article_315_clause_2_point_b,Condition,từ 122% đến 200%,122,200,percent,tu 122 den 200
threshold_condition_article_315_clause_2_point_c_000_000_dong_den,crime_315,article_315,315,condition_article_315_clause_2_point_c,Condition,000.000 đồng đến,000.000,,vnd,000 000 dong den
threshold_condition_article_315_clause_2_point_c_000_000_dong,crime_315,article_315,315,condition_article_315_clause_2_point_c,Condition,000.000 đồng,000.000,,vnd,000 000 dong
threshold_condition_article_315_clause_3_point_b_201_tro_len,crime_315,article_315,315,condition_article_315_clause_3_point_b,Condition,201% trở lên,201,,percent,201 tro len
threshold_condition_article_315_clause_3_point_c_000_000_dong_tro_len,crime_315,article_315,315,condition_article_315_clause_3_point_c,Condition,000.000 đồng trở lên,000.000,,vnd,000 000 dong tro len
threshold_article_315_clause_1_000_000_dong_den,crime_315,article_315,315,article_315_clause_1,Clause,000.000 đồng đến,000.000,,vnd,000 000 dong den
threshold_article_315_clause_1_000_000_dong,crime_315,article_315,315,article_315_clause_1,Clause,000.000 đồng,000.000,,vnd,000 000 dong
threshold_article_315_clause_1_61_tro_len,crime_315,article_315,315,article_315_clause_1,Clause,61% trở lên,61,,percent,61 tro len
threshold_article_315_clause_1_tu_61_den_121,crime_315,article_315,315,article_315_clause_1,Clause,từ 61% đến 121%,61,121,percent,tu 61 den 121
threshold_article_315_clause_2_000_000_dong_den,crime_315,article_315,315,article_315_clause_2,Clause,000.000 đồng đến,000.000,,vnd,000 000 dong den
threshold_article_315_clause_2_000_000_dong,crime_315,article_315,315,article_315_clause_2,Clause,000.000 đồng,000.000,,vnd,000 000 dong
threshold_article_315_clause_2_tu_122_den_200,crime_315,article_315,315,article_315_clause_2,Clause,từ 122% đến 200%,122,200,percent,tu 122 den 200
threshold_article_315_clause_3_000_000_dong_tro_len,crime_315,article_315,315,article_315_clause_3,Clause,000.000 đồng trở lên,000.000,,vnd,000 000 dong tro len
threshold_article_315_clause_3_201_tro_len,crime_315,article_315,315,article_315_clause_3,Clause,201% trở lên,201,,percent,201 tro len
threshold_article_315_clause_4_000_000_dong_den_50_000,crime_315,article_315,315,article_315_clause_4,Clause,000.000 đồng đến 50.000,000.000,50.000,vnd,000 000 dong den 50 000
threshold_article_315_clause_4_000_dong,crime_315,article_315,315,article_315_clause_4,Clause,000 đồng,000,,vnd,000 dong
threshold_article_315_clause_1_point_b_61_tro_len,crime_315,article_315,315,article_315_clause_1_point_b,Point,61% trở lên,61,,percent,61 tro len
threshold_article_315_clause_1_point_c_tu_61_den_121,crime_315,article_315,315,article_315_clause_1_point_c,Point,từ 61% đến 121%,61,121,percent,tu 61 den 121
threshold_article_315_clause_1_point_d_000_000_dong_den,crime_315,article_315,315,article_315_clause_1_point_d,Point,000.000 đồng đến,000.000,,vnd,000 000 dong den
threshold_article_315_clause_1_point_d_000_000_dong,crime_315,article_315,315,article_315_clause_1_point_d,Point,000.000 đồng,000.000,,vnd,000 000 dong
threshold_article_315_clause_2_point_b_tu_122_den_200,crime_315,article_315,315,article_315_clause_2_point_b,Point,từ 122% đến 200%,122,200,percent,tu 122 den 200
threshold_article_315_clause_2_point_c_000_000_dong_den,crime_315,article_315,315,article_315_clause_2_point_c,Point,000.000 đồng đến,000.000,,vnd,000 000 dong den
threshold_article_315_clause_2_point_c_000_000_dong,crime_315,article_315,315,article_315_clause_2_point_c,Point,000.000 đồng,000.000,,vnd,000 000 dong
threshold_article_315_clause_3_point_b_201_tro_len,crime_315,article_315,315,article_315_clause_3_point_b,Point,201% trở lên,201,,percent,201 tro len
threshold_article_315_clause_3_point_c_000_000_dong_tro_len,crime_315,article_315,315,article_315_clause_3_point_c,Point,000.000 đồng trở lên,000.000,,vnd,000 000 dong tro len
threshold_condition_article_316_clause_4_000_000_dong_den_50_000,crime_316,article_316,316,condition_article_316_clause_4,Condition,000.000 đồng đến 50.000,000.000,50.000,vnd,000 000 dong den 50 000
threshold_condition_article_316_clause_4_000_dong,crime_316,article_316,316,condition_article_316_clause_4,Condition,000 đồng,000,,vnd,000 dong
threshold_condition_article_316_clause_5_000_000_dong_den_200_000,crime_316,article_316,316,condition_article_316_clause_5,Condition,000.000 đồng đến 200.000,000.000,200.000,vnd,000 000 dong den 200 000
threshold_condition_article_316_clause_5_000_dong,crime_316,article_316,316,condition_article_316_clause_5,Condition,000 đồng,000,,vnd,000 dong
threshold_condition_article_316_clause_1_point_b_61_tro_len,crime_316,article_316,316,condition_article_316_clause_1_point_b,Condition,61% trở lên,61,,percent,61 tro len
threshold_condition_article_316_clause_1_point_c_tu_61_den_121,crime_316,article_316,316,condition_article_316_clause_1_point_c,Condition,từ 61% đến 121%,61,121,percent,tu 61 den 121
threshold_condition_article_316_clause_2_point_b_tu_122_den_200,crime_316,article_316,316,condition_article_316_clause_2_point_b,Condition,từ 122% đến 200%,122,200,percent,tu 122 den 200
threshold_condition_article_316_clause_3_point_b_201_tro_len,crime_316,article_316,316,condition_article_316_clause_3_point_b,Condition,201% trở lên,201,,percent,201 tro len
threshold_condition_article_316_clause_1_point_a_000_000_dong_den,crime_316,article_316,316,condition_article_316_clause_1_point_a,Condition,000.000 đồng đến,000.000,,vnd,000 000 dong den
threshold_condition_article_316_clause_1_point_a_000_000_dong,crime_316,article_316,316,condition_article_316_clause_1_point_a,Condition,000.000 đồng,000.000,,vnd,000 000 dong
threshold_condition_article_316_clause_1_point_b_000_000_dong_den,crime_316,article_316,316,condition_article_316_clause_1_point_b,Condition,000.000 đồng đến,000.000,,vnd,000 000 dong den
threshold_condition_article_316_clause_1_point_b_000_000_dong,crime_316,article_316,316,condition_article_316_clause_1_point_b,Condition,000.000 đồng,000.000,,vnd,000 000 dong
threshold_condition_article_316_clause_1_point_c_000_000_dong_den,crime_316,article_316,316,condition_article_316_clause_1_point_c,Condition,000.000 đồng đến,000.000,,vnd,000 000 dong den
threshold_condition_article_316_clause_1_point_c_000_000_dong,crime_316,article_316,316,condition_article_316_clause_1_point_c,Condition,000.000 đồng,000.000,,vnd,000 000 dong
threshold_condition_article_316_clause_1_point_d_000_000_dong_den,crime_316,article_316,316,condition_article_316_clause_1_point_d,Condition,000.000 đồng đến,000.000,,vnd,000 000 dong den
threshold_condition_article_316_clause_1_point_d_000_000_dong,crime_316,article_316,316,condition_article_316_clause_1_point_d,Condition,000.000 đồng,000.000,,vnd,000 000 dong
threshold_condition_article_316_clause_1_point_e_tu_31_den_60,crime_316,article_316,316,condition_article_316_clause_1_point_e,Condition,từ 31% đến 60%,31,60,percent,tu 31 den 60
threshold_condition_article_316_clause_2_point_d_61_tro_len,crime_316,article_316,316,condition_article_316_clause_2_point_d,Condition,61% trở lên,61,,percent,61 tro len
threshold_condition_article_316_clause_2_point_d_tu_61_den_121,crime_316,article_316,316,condition_article_316_clause_2_point_d,Condition,từ 61 % đến 121 %,61,121,percent,tu 61 den 121
threshold_condition_article_316_clause_2_point_e_000_000_dong_den,crime_316,article_316,316,condition_article_316_clause_2_point_e,Condition,000.000 đồng đến,000.000,,vnd,000 000 dong den
threshold_condition_article_316_clause_2_point_e_000_000_dong,crime_316,article_316,316,condition_article_316_clause_2_point_e,Condition,000.000 đồng,000.000,,vnd,000 000 dong
threshold_condition_article_316_clause_2_point_g_000_000_dong_den,crime_316,article_316,316,condition_article_316_clause_2_point_g,Condition,000.000 đồng đến,000.000,,vnd,000 000 dong den
threshold_condition_article_316_clause_2_point_g_000_000_dong,crime_316,article_316,316,condition_article_316_clause_2_point_g,Condition,000.000 đồng,000.000,,vnd,000 000 dong
threshold_condition_article_316_clause_2_point_h_000_000_dong_den,crime_316,article_316,316,condition_article_316_clause_2_point_h,Condition,000.000 đồng đến,000.000,,vnd,000 000 dong den
threshold_condition_article_316_clause_2_point_h_000_000_dong,crime_316,article_316,316,condition_article_316_clause_2_point_h,Condition,000.000 đồng,000.000,,vnd,000 000 dong
threshold_condition_article_316_clause_3_point_c_tu_122_den_200,crime_316,article_316,316,condition_article_316_clause_3_point_c,Condition,từ 122% đến 200%,122,200,percent,tu 122 den 200
threshold_condition_article_316_clause_3_point_d_000_000_dong_den,crime_316,article_316,316,condition_article_316_clause_3_point_d,Condition,000.000 đồng đến,000.000,,vnd,000 000 dong den
threshold_condition_article_316_clause_3_point_d_000_000_dong,crime_316,article_316,316,condition_article_316_clause_3_point_d,Condition,000.000 đồng,000.000,,vnd,000 000 dong
threshold_condition_article_316_clause_3_point_e_000_000_dong_den,crime_316,article_316,316,condition_article_316_clause_3_point_e,Condition,000.000 đồng đến,000.000,,vnd,000 000 dong den
threshold_condition_article_316_clause_3_point_e_000_000_dong,crime_316,article_316,316,condition_article_316_clause_3_point_e,Condition,000.000 đồng,000.000,,vnd,000 000 dong
threshold_condition_article_316_clause_4_point_c_201_tro_len,crime_316,article_316,316,condition_article_316_clause_4_point_c,Condition,201% trở lên,201,,percent,201 tro len
threshold_condition_article_316_clause_4_point_d_000_000_dong_tro_len,crime_316,article_316,316,condition_article_316_clause_4_point_d,Condition,000.000 đồng trở lên,000.000,,vnd,000 000 dong tro len
threshold_condition_article_316_clause_4_point_e_000_000_dong_tro_len,crime_316,article_316,316,condition_article_316_clause_4_point_e,Condition,000.000 đồng trở lên,000.000,,vnd,000 000 dong tro len
threshold_article_316_clause_1_61_tro_len,crime_316,article_316,316,article_316_clause_1,Clause,61% trở lên,61,,percent,61 tro len
threshold_article_316_clause_1_tu_61_den_121,crime_316,article_316,316,article_316_clause_1,Clause,từ 61% đến 121%,61,121,percent,tu 61 den 121
threshold_article_316_clause_2_tu_122_den_200,crime_316,article_316,316,article_316_clause_2,Clause,từ 122% đến 200%,122,200,percent,tu 122 den 200
threshold_article_316_clause_3_201_tro_len,crime_316,article_316,316,article_316_clause_3,Clause,201% trở lên,201,,percent,201 tro len
threshold_article_316_clause_4_000_000_dong_den_50_000,crime_316,article_316,316,article_316_clause_4,Clause,000.000 đồng đến 50.000,000.000,50.000,vnd,000 000 dong den 50 000
threshold_article_316_clause_4_000_dong,crime_316,article_316,316,article_316_clause_4,Clause,000 đồng,000,,vnd,000 dong
threshold_article_316_clause_1_000_000_dong_den_400_000,crime_316,article_316,316,article_316_clause_1,Clause,000.000 đồng đến 400.000,000.000,400.000,vnd,000 000 dong den 400 000
threshold_article_316_clause_1_000_dong,crime_316,article_316,316,article_316_clause_1,Clause,000 đồng,000,,vnd,000 dong
threshold_article_316_clause_1_000_000_dong_den,crime_316,article_316,316,article_316_clause_1,Clause,000.000 đồng đến,000.000,,vnd,000 000 dong den
threshold_article_316_clause_1_000_000_dong,crime_316,article_316,316,article_316_clause_1,Clause,000.000 đồng,000.000,,vnd,000 000 dong
threshold_article_316_clause_1_tu_31_den_60,crime_316,article_316,316,article_316_clause_1,Clause,từ 31% đến 60%,31,60,percent,tu 31 den 60
threshold_article_316_clause_2_000_000_dong_den_1_000,crime_316,article_316,316,article_316_clause_2,Clause,000.000 đồng đến 1.000,000.000,1.000,vnd,000 000 dong den 1 000
threshold_article_316_clause_2_000_000_dong,crime_316,article_316,316,article_316_clause_2,Clause,000.000 đồng,000.000,,vnd,000 000 dong
threshold_article_316_clause_2_000_000_dong_den,crime_316,article_316,316,article_316_clause_2,Clause,000.000 đồng đến,000.000,,vnd,000 000 dong den
threshold_article_316_clause_2_61_tro_len,crime_316,article_316,316,article_316_clause_2,Clause,61% trở lên,61,,percent,61 tro len
threshold_article_316_clause_2_tu_61_den_121,crime_316,article_316,316,article_316_clause_2,Clause,từ 61 % đến 121 %,61,121,percent,tu 61 den 121
threshold_article_316_clause_3_000_000_dong_den,crime_316,article_316,316,article_316_clause_3,Clause,000.000 đồng đến,000.000,,vnd,000 000 dong den
threshold_article_316_clause_3_000_000_dong,crime_316,article_316,316,article_316_clause_3,Clause,000.000 đồng,000.000,,vnd,000 000 dong
threshold_article_316_clause_3_tu_122_den_200,crime_316,article_316,316,article_316_clause_3,Clause,từ 122% đến 200%,122,200,percent,tu 122 den 200
threshold_article_316_clause_4_000_000_dong_tro_len,crime_316,article_316,316,article_316_clause_4,Clause,000.000 đồng trở lên,000.000,,vnd,000 000 dong tro len
threshold_article_316_clause_4_201_tro_len,crime_316,article_316,316,article_316_clause_4,Clause,201% trở lên,201,,percent,201 tro len
threshold_article_316_clause_5_000_000_dong_den_200_000,crime_316,article_316,316,article_316_clause_5,Clause,000.000 đồng đến 200.000,000.000,200.000,vnd,000 000 dong den 200 000
threshold_article_316_clause_5_000_dong,crime_316,article_316,316,article_316_clause_5,Clause,000 đồng,000,,vnd,000 dong
threshold_article_316_clause_1_point_b_61_tro_len,crime_316,article_316,316,article_316_clause_1_point_b,Point,61% trở lên,61,,percent,61 tro len
threshold_article_316_clause_1_point_c_tu_61_den_121,crime_316,article_316,316,article_316_clause_1_point_c,Point,từ 61% đến 121%,61,121,percent,tu 61 den 121
threshold_article_316_clause_2_point_b_tu_122_den_200,crime_316,article_316,316,article_316_clause_2_point_b,Point,từ 122% đến 200%,122,200,percent,tu 122 den 200
threshold_article_316_clause_3_point_b_201_tro_len,crime_316,article_316,316,article_316_clause_3_point_b,Point,201% trở lên,201,,percent,201 tro len
threshold_article_316_clause_1_point_a_000_000_dong_den,crime_316,article_316,316,article_316_clause_1_point_a,Point,000.000 đồng đến,000.000,,vnd,000 000 dong den
threshold_article_316_clause_1_point_a_000_000_dong,crime_316,article_316,316,article_316_clause_1_point_a,Point,000.000 đồng,000.000,,vnd,000 000 dong
threshold_article_316_clause_1_point_b_000_000_dong_den,crime_316,article_316,316,article_316_clause_1_point_b,Point,000.000 đồng đến,000.000,,vnd,000 000 dong den
threshold_article_316_clause_1_point_b_000_000_dong,crime_316,article_316,316,article_316_clause_1_point_b,Point,000.000 đồng,000.000,,vnd,000 000 dong
threshold_article_316_clause_1_point_c_000_000_dong_den,crime_316,article_316,316,article_316_clause_1_point_c,Point,000.000 đồng đến,000.000,,vnd,000 000 dong den
threshold_article_316_clause_1_point_c_000_000_dong,crime_316,article_316,316,article_316_clause_1_point_c,Point,000.000 đồng,000.000,,vnd,000 000 dong
threshold_article_316_clause_1_point_d_000_000_dong_den,crime_316,article_316,316,article_316_clause_1_point_d,Point,000.000 đồng đến,000.000,,vnd,000 000 dong den
threshold_article_316_clause_1_point_d_000_000_dong,crime_316,article_316,316,article_316_clause_1_point_d,Point,000.000 đồng,000.000,,vnd,000 000 dong
threshold_article_316_clause_1_point_e_tu_31_den_60,crime_316,article_316,316,article_316_clause_1_point_e,Point,từ 31% đến 60%,31,60,percent,tu 31 den 60
threshold_article_316_clause_2_point_d_61_tro_len,crime_316,article_316,316,article_316_clause_2_point_d,Point,61% trở lên,61,,percent,61 tro len
threshold_article_316_clause_2_point_d_tu_61_den_121,crime_316,article_316,316,article_316_clause_2_point_d,Point,từ 61 % đến 121 %,61,121,percent,tu 61 den 121
threshold_article_316_clause_2_point_e_000_000_dong_den,crime_316,article_316,316,article_316_clause_2_point_e,Point,000.000 đồng đến,000.000,,vnd,000 000 dong den
threshold_article_316_clause_2_point_e_000_000_dong,crime_316,article_316,316,article_316_clause_2_point_e,Point,000.000 đồng,000.000,,vnd,000 000 dong
threshold_article_316_clause_2_point_g_000_000_dong_den,crime_316,article_316,316,article_316_clause_2_point_g,Point,000.000 đồng đến,000.000,,vnd,000 000 dong den
threshold_article_316_clause_2_point_g_000_000_dong,crime_316,article_316,316,article_316_clause_2_point_g,Point,000.000 đồng,000.000,,vnd,000 000 dong
threshold_article_316_clause_2_point_h_000_000_dong_den,crime_316,article_316,316,article_316_clause_2_point_h,Point,000.000 đồng đến,000.000,,vnd,000 000 dong den
threshold_article_316_clause_2_point_h_000_000_dong,crime_316,article_316,316,article_316_clause_2_point_h,Point,000.000 đồng,000.000,,vnd,000 000 dong
threshold_article_316_clause_3_point_c_tu_122_den_200,crime_316,article_316,316,article_316_clause_3_point_c,Point,từ 122% đến 200%,122,200,percent,tu 122 den 200
threshold_article_316_clause_3_point_d_000_000_dong_den,crime_316,article_316,316,article_316_clause_3_point_d,Point,000.000 đồng đến,000.000,,vnd,000 000 dong den
threshold_article_316_clause_3_point_d_000_000_dong,crime_316,article_316,316,article_316_clause_3_point_d,Point,000.000 đồng,000.000,,vnd,000 000 dong
threshold_article_316_clause_3_point_e_000_000_dong_den,crime_316,article_316,316,article_316_clause_3_point_e,Point,000.000 đồng đến,000.000,,vnd,000 000 dong den
threshold_article_316_clause_3_point_e_000_000_dong,crime_316,article_316,316,article_316_clause_3_point_e,Point,000.000 đồng,000.000,,vnd,000 000 dong
threshold_article_316_clause_4_point_c_201_tro_len,crime_316,article_316,316,article_316_clause_4_point_c,Point,201% trở lên,201,,percent,201 tro len
threshold_article_316_clause_4_point_d_000_000_dong_tro_len,crime_316,article_316,316,article_316_clause_4_point_d,Point,000.000 đồng trở lên,000.000,,vnd,000 000 dong tro len
threshold_article_316_clause_4_point_e_000_000_dong_tro_len,crime_316,article_316,316,article_316_clause_4_point_e,Point,000.000 đồng trở lên,000.000,,vnd,000 000 dong tro len
threshold_article_318_clause_1_000_000_dong_den_50_000,crime_318,article_318,318,article_318_clause_1,Clause,000.000 đồng đến 50.000,000.000,50.000,vnd,000 000 dong den 50 000
threshold_article_318_clause_1_000_dong,crime_318,article_318,318,article_318_clause_1,Clause,000 đồng,000,,vnd,000 dong
threshold_condition_article_320_clause_3_000_000_dong_den_50_000,crime_320,article_320,320,condition_article_320_clause_3,Condition,000.000 đồng đến 50.000,000.000,50.000,vnd,000 000 dong den 50 000
threshold_condition_article_320_clause_3_000_dong,crime_320,article_320,320,condition_article_320_clause_3,Condition,000 đồng,000,,vnd,000 dong
threshold_condition_article_320_clause_2_point_b_000_000_dong_tro_len,crime_320,article_320,320,condition_article_320_clause_2_point_b,Condition,000.000 đồng trở lên,000.000,,vnd,000 000 dong tro len
threshold_article_320_clause_1_000_000_dong_den_100_000,crime_320,article_320,320,article_320_clause_1,Clause,000.000 đồng đến 100.000,000.000,100.000,vnd,000 000 dong den 100 000
threshold_article_320_clause_1_000_dong,crime_320,article_320,320,article_320_clause_1,Clause,000 đồng,000,,vnd,000 dong
threshold_article_320_clause_2_000_000_dong_tro_len,crime_320,article_320,320,article_320_clause_2,Clause,000.000 đồng trở lên,000.000,,vnd,000 000 dong tro len
threshold_article_320_clause_3_000_000_dong_den_50_000,crime_320,article_320,320,article_320_clause_3,Clause,000.000 đồng đến 50.000,000.000,50.000,vnd,000 000 dong den 50 000
threshold_article_320_clause_3_000_dong,crime_320,article_320,320,article_320_clause_3,Clause,000 đồng,000,,vnd,000 dong
threshold_article_320_clause_2_point_b_000_000_dong_tro_len,crime_320,article_320,320,article_320_clause_2_point_b,Point,000.000 đồng trở lên,000.000,,vnd,000 000 dong tro len
threshold_condition_article_321_clause_1_000_000_dong_den,crime_321,article_321,321,condition_article_321_clause_1,Condition,000.000 đồng đến,000.000,,vnd,000 000 dong den
threshold_condition_article_321_clause_1_000_000_dong,crime_321,article_321,321,condition_article_321_clause_1,Condition,000.000 đồng,000.000,,vnd,000 000 dong
threshold_condition_article_321_clause_3_000_000_dong_den_50_000,crime_321,article_321,321,condition_article_321_clause_3,Condition,000.000 đồng đến 50.000,000.000,50.000,vnd,000 000 dong den 50 000
threshold_condition_article_321_clause_3_000_dong,crime_321,article_321,321,condition_article_321_clause_3,Condition,000 đồng,000,,vnd,000 dong
threshold_condition_article_321_clause_2_point_b_000_000_dong_tro_len,crime_321,article_321,321,condition_article_321_clause_2_point_b,Condition,000.000 đồng trở lên,000.000,,vnd,000 000 dong tro len
threshold_article_321_clause_1_000_000_dong_den,crime_321,article_321,321,article_321_clause_1,Clause,000.000 đồng đến,000.000,,vnd,000 000 dong den
threshold_article_321_clause_1_000_000_dong,crime_321,article_321,321,article_321_clause_1,Clause,000.000 đồng,000.000,,vnd,000 000 dong
threshold_article_321_clause_1_000_000_dong_den_100_000,crime_321,article_321,321,article_321_clause_1,Clause,000.000 đồng đến 100.000,000.000,100.000,vnd,000 000 dong den 100 000
threshold_article_321_clause_1_000_dong,crime_321,article_321,321,article_321_clause_1,Clause,000 đồng,000,,vnd,000 dong
threshold_article_321_clause_2_000_000_dong_tro_len,crime_321,article_321,321,article_321_clause_2,Clause,000.000 đồng trở lên,000.000,,vnd,000 000 dong tro len
threshold_article_321_clause_3_000_000_dong_den_50_000,crime_321,article_321,321,article_321_clause_3,Clause,000.000 đồng đến 50.000,000.000,50.000,vnd,000 000 dong den 50 000
threshold_article_321_clause_3_000_dong,crime_321,article_321,321,article_321_clause_3,Clause,000 đồng,000,,vnd,000 dong
threshold_article_321_clause_2_point_b_000_000_dong_tro_len,crime_321,article_321,321,article_321_clause_2_point_b,Point,000.000 đồng trở lên,000.000,,vnd,000 000 dong tro len
threshold_condition_article_322_clause_3_000_000_dong_den_100_000,crime_322,article_322,322,condition_article_322_clause_3,Condition,000.000 đồng đến 100.000,000.000,100.000,vnd,000 000 dong den 100 000
threshold_condition_article_322_clause_3_000_dong,crime_322,article_322,322,condition_article_322_clause_3,Condition,000 đồng,000,,vnd,000 dong
threshold_condition_article_322_clause_1_point_a_000_000_dong_tro_len,crime_322,article_322,322,condition_article_322_clause_1_point_a,Condition,000.000 đồng trở lên,000.000,,vnd,000 000 dong tro len
threshold_condition_article_322_clause_1_point_b_000_000_dong_tro_len,crime_322,article_322,322,condition_article_322_clause_1_point_b,Condition,000.000 đồng trở lên,000.000,,vnd,000 000 dong tro len
threshold_condition_article_322_clause_1_point_c_000_000_dong_tro_len,crime_322,article_322,322,condition_article_322_clause_1_point_c,Condition,000.000 đồng trở lên,000.000,,vnd,000 000 dong tro len
threshold_condition_article_322_clause_2_point_b_000_000_dong_tro_len,crime_322,article_322,322,condition_article_322_clause_2_point_b,Condition,000.000 đồng trở lên,000.000,,vnd,000 000 dong tro len
threshold_article_322_clause_1_000_000_dong_den_300_000,crime_322,article_322,322,article_322_clause_1,Clause,000.000 đồng đến 300.000,000.000,300.000,vnd,000 000 dong den 300 000
threshold_article_322_clause_1_000_dong,crime_322,article_322,322,article_322_clause_1,Clause,000 đồng,000,,vnd,000 dong
threshold_article_322_clause_1_000_000_dong_tro_len,crime_322,article_322,322,article_322_clause_1,Clause,000.000 đồng trở lên,000.000,,vnd,000 000 dong tro len
threshold_article_322_clause_2_000_000_dong_tro_len,crime_322,article_322,322,article_322_clause_2,Clause,000.000 đồng trở lên,000.000,,vnd,000 000 dong tro len
threshold_article_322_clause_3_000_000_dong_den_100_000,crime_322,article_322,322,article_322_clause_3,Clause,000.000 đồng đến 100.000,000.000,100.000,vnd,000 000 dong den 100 000
threshold_article_322_clause_3_000_dong,crime_322,article_322,322,article_322_clause_3,Clause,000 đồng,000,,vnd,000 dong
threshold_article_322_clause_1_point_a_000_000_dong_tro_len,crime_322,article_322,322,article_322_clause_1_point_a,Point,000.000 đồng trở lên,000.000,,vnd,000 000 dong tro len
threshold_article_322_clause_1_point_b_000_000_dong_tro_len,crime_322,article_322,322,article_322_clause_1_point_b,Point,000.000 đồng trở lên,000.000,,vnd,000 000 dong tro len
threshold_article_322_clause_1_point_c_000_000_dong_tro_len,crime_322,article_322,322,article_322_clause_1_point_c,Point,000.000 đồng trở lên,000.000,,vnd,000 000 dong tro len
threshold_article_322_clause_2_point_b_000_000_dong_tro_len,crime_322,article_322,322,article_322_clause_2_point_b,Point,000.000 đồng trở lên,000.000,,vnd,000 000 dong tro len
threshold_condition_article_323_clause_5_000_000_dong_den_50_000,crime_323,article_323,323,condition_article_323_clause_5,Condition,000.000 đồng đến 50.000,000.000,50.000,vnd,000 000 dong den 50 000
threshold_condition_article_323_clause_5_000_dong,crime_323,article_323,323,condition_article_323_clause_5,Condition,000 đồng,000,,vnd,000 dong
threshold_condition_article_323_clause_2_point_c_000_000_dong_den,crime_323,article_323,323,condition_article_323_clause_2_point_c,Condition,000.000 đồng đến,000.000,,vnd,000 000 dong den
threshold_condition_article_323_clause_2_point_c_000_000_dong,crime_323,article_323,323,condition_article_323_clause_2_point_c,Condition,000.000 đồng,000.000,,vnd,000 000 dong
threshold_condition_article_323_clause_2_point_d_000_000_dong_den,crime_323,article_323,323,condition_article_323_clause_2_point_d,Condition,000.000 đồng đến,000.000,,vnd,000 000 dong den
threshold_condition_article_323_clause_2_point_d_000_000_dong,crime_323,article_323,323,condition_article_323_clause_2_point_d,Condition,000.000 đồng,000.000,,vnd,000 000 dong
threshold_condition_article_323_clause_3_point_a_000_000_dong_den,crime_323,article_323,323,condition_article_323_clause_3_point_a,Condition,000.000 đồng đến,000.000,,vnd,000 000 dong den
threshold_condition_article_323_clause_3_point_a_000_000_dong,crime_323,article_323,323,condition_article_323_clause_3_point_a,Condition,000.000 đồng,000.000,,vnd,000 000 dong
threshold_condition_article_323_clause_3_point_b_000_000_dong_den,crime_323,article_323,323,condition_article_323_clause_3_point_b,Condition,000.000 đồng đến,000.000,,vnd,000 000 dong den
threshold_condition_article_323_clause_3_point_b_000_000_dong,crime_323,article_323,323,condition_article_323_clause_3_point_b,Condition,000.000 đồng,000.000,,vnd,000 000 dong
threshold_condition_article_323_clause_4_point_a_000_000_dong_tro_len,crime_323,article_323,323,condition_article_323_clause_4_point_a,Condition,000.000 đồng trở lên,000.000,,vnd,000 000 dong tro len
threshold_condition_article_323_clause_4_point_b_000_000_dong_tro_len,crime_323,article_323,323,condition_article_323_clause_4_point_b,Condition,000.000 đồng trở lên,000.000,,vnd,000 000 dong tro len
threshold_article_323_clause_1_000_000_dong_den_100_000,crime_323,article_323,323,article_323_clause_1,Clause,000.000 đồng đến 100.000,000.000,100.000,vnd,000 000 dong den 100 000
threshold_article_323_clause_1_000_dong,crime_323,article_323,323,article_323_clause_1,Clause,000 đồng,000,,vnd,000 dong
threshold_article_323_clause_2_000_000_dong_den,crime_323,article_323,323,article_323_clause_2,Clause,000.000 đồng đến,000.000,,vnd,000 000 dong den
threshold_article_323_clause_2_000_000_dong,crime_323,article_323,323,article_323_clause_2,Clause,000.000 đồng,000.000,,vnd,000 000 dong
threshold_article_323_clause_3_000_000_dong_den,crime_323,article_323,323,article_323_clause_3,Clause,000.000 đồng đến,000.000,,vnd,000 000 dong den
threshold_article_323_clause_3_000_000_dong,crime_323,article_323,323,article_323_clause_3,Clause,000.000 đồng,000.000,,vnd,000 000 dong
threshold_article_323_clause_4_000_000_dong_tro_len,crime_323,article_323,323,article_323_clause_4,Clause,000.000 đồng trở lên,000.000,,vnd,000 000 dong tro len
threshold_article_323_clause_5_000_000_dong_den_50_000,crime_323,article_323,323,article_323_clause_5,Clause,000.000 đồng đến 50.000,000.000,50.000,vnd,000 000 dong den 50 000
threshold_article_323_clause_5_000_dong,crime_323,article_323,323,article_323_clause_5,Clause,000 đồng,000,,vnd,000 dong
threshold_article_323_clause_2_point_c_000_000_dong_den,crime_323,article_323,323,article_323_clause_2_point_c,Point,000.000 đồng đến,000.000,,vnd,000 000 dong den
threshold_article_323_clause_2_point_c_000_000_dong,crime_323,article_323,323,article_323_clause_2_point_c,Point,000.000 đồng,000.000,,vnd,000 000 dong
threshold_article_323_clause_2_point_d_000_000_dong_den,crime_323,article_323,323,article_323_clause_2_point_d,Point,000.000 đồng đến,000.000,,vnd,000 000 dong den
threshold_article_323_clause_2_point_d_000_000_dong,crime_323,article_323,323,article_323_clause_2_point_d,Point,000.000 đồng,000.000,,vnd,000 000 dong
threshold_article_323_clause_3_point_a_000_000_dong_den,crime_323,article_323,323,article_323_clause_3_point_a,Point,000.000 đồng đến,000.000,,vnd,000 000 dong den
threshold_article_323_clause_3_point_a_000_000_dong,crime_323,article_323,323,article_323_clause_3_point_a,Point,000.000 đồng,000.000,,vnd,000 000 dong
threshold_article_323_clause_3_point_b_000_000_dong_den,crime_323,article_323,323,article_323_clause_3_point_b,Point,000.000 đồng đến,000.000,,vnd,000 000 dong den
threshold_article_323_clause_3_point_b_000_000_dong,crime_323,article_323,323,article_323_clause_3_point_b,Point,000.000 đồng,000.000,,vnd,000 000 dong
threshold_article_323_clause_4_point_a_000_000_dong_tro_len,crime_323,article_323,323,article_323_clause_4_point_a,Point,000.000 đồng trở lên,000.000,,vnd,000 000 dong tro len
threshold_article_323_clause_4_point_b_000_000_dong_tro_len,crime_323,article_323,323,article_323_clause_4_point_b,Point,000.000 đồng trở lên,000.000,,vnd,000 000 dong tro len
threshold_condition_article_324_clause_5_000_000_dong_den_100_000,crime_324,article_324,324,condition_article_324_clause_5,Condition,000.000 đồng đến 100.000,000.000,100.000,vnd,000 000 dong den 100 000
threshold_condition_article_324_clause_5_000_dong,crime_324,article_324,324,condition_article_324_clause_5,Condition,000 đồng,000,,vnd,000 dong
threshold_condition_article_324_clause_2_point_e_000_000_dong_den,crime_324,article_324,324,condition_article_324_clause_2_point_e,Condition,000.000 đồng đến,000.000,,vnd,000 000 dong den
threshold_condition_article_324_clause_2_point_e_000_000_dong,crime_324,article_324,324,condition_article_324_clause_2_point_e,Condition,000.000 đồng,000.000,,vnd,000 000 dong
threshold_condition_article_324_clause_2_point_g_000_000_dong_den,crime_324,article_324,324,condition_article_324_clause_2_point_g,Condition,000.000 đồng đến,000.000,,vnd,000 000 dong den
threshold_condition_article_324_clause_2_point_g_000_000_dong,crime_324,article_324,324,condition_article_324_clause_2_point_g,Condition,000.000 đồng,000.000,,vnd,000 000 dong
threshold_condition_article_324_clause_3_point_a_000_000_dong_tro_len,crime_324,article_324,324,condition_article_324_clause_3_point_a,Condition,000.000 đồng trở lên,000.000,,vnd,000 000 dong tro len
threshold_condition_article_324_clause_3_point_b_000_000_dong_tro_len,crime_324,article_324,324,condition_article_324_clause_3_point_b,Condition,000.000 đồng trở lên,000.000,,vnd,000 000 dong tro len
threshold_condition_article_324_clause_6_point_d_000_000_dong_den_5_000,crime_324,article_324,324,condition_article_324_clause_6_point_d,Condition,000.000 đồng đến 5.000,000.000,5.000,vnd,000 000 dong den 5 000
threshold_condition_article_324_clause_6_point_d_000_000_dong,crime_324,article_324,324,condition_article_324_clause_6_point_d,Condition,000.000 đồng,000.000,,vnd,000 000 dong
threshold_article_324_clause_2_000_000_dong_den,crime_324,article_324,324,article_324_clause_2,Clause,000.000 đồng đến,000.000,,vnd,000 000 dong den
threshold_article_324_clause_2_000_000_dong,crime_324,article_324,324,article_324_clause_2,Clause,000.000 đồng,000.000,,vnd,000 000 dong
threshold_article_324_clause_3_000_000_dong_tro_len,crime_324,article_324,324,article_324_clause_3,Clause,000.000 đồng trở lên,000.000,,vnd,000 000 dong tro len
threshold_article_324_clause_5_000_000_dong_den_100_000,crime_324,article_324,324,article_324_clause_5,Clause,000.000 đồng đến 100.000,000.000,100.000,vnd,000 000 dong den 100 000
threshold_article_324_clause_5_000_dong,crime_324,article_324,324,article_324_clause_5,Clause,000 đồng,000,,vnd,000 dong
threshold_article_324_clause_6_000_000_dong_den_5_000,crime_324,article_324,324,article_324_clause_6,Clause,000.000 đồng đến 5.000,000.000,5.000,vnd,000 000 dong den 5 000
threshold_article_324_clause_6_000_000_dong,crime_324,article_324,324,article_324_clause_6,Clause,000.000 đồng,000.000,,vnd,000 000 dong
threshold_article_324_clause_6_000_000_dong_den_10_000,crime_324,article_324,324,article_324_clause_6,Clause,000.000 đồng đến 10.000,000.000,10.000,vnd,000 000 dong den 10 000
threshold_article_324_clause_6_000_000_dong_den_20_000,crime_324,article_324,324,article_324_clause_6,Clause,000.000 đồng đến 20.000,000.000,20.000,vnd,000 000 dong den 20 000
threshold_article_324_clause_2_point_e_000_000_dong_den,crime_324,article_324,324,article_324_clause_2_point_e,Point,000.000 đồng đến,000.000,,vnd,000 000 dong den
threshold_article_324_clause_2_point_e_000_000_dong,crime_324,article_324,324,article_324_clause_2_point_e,Point,000.000 đồng,000.000,,vnd,000 000 dong
threshold_article_324_clause_2_point_g_000_000_dong_den,crime_324,article_324,324,article_324_clause_2_point_g,Point,000.000 đồng đến,000.000,,vnd,000 000 dong den
threshold_article_324_clause_2_point_g_000_000_dong,crime_324,article_324,324,article_324_clause_2_point_g,Point,000.000 đồng,000.000,,vnd,000 000 dong
threshold_article_324_clause_3_point_a_000_000_dong_tro_len,crime_324,article_324,324,article_324_clause_3_point_a,Point,000.000 đồng trở lên,000.000,,vnd,000 000 dong tro len
threshold_article_324_clause_3_point_b_000_000_dong_tro_len,crime_324,article_324,324,article_324_clause_3_point_b,Point,000.000 đồng trở lên,000.000,,vnd,000 000 dong tro len
threshold_article_324_clause_6_point_a_000_000_dong_den_5_000,crime_324,article_324,324,article_324_clause_6_point_a,Point,000.000 đồng đến 5.000,000.000,5.000,vnd,000 000 dong den 5 000
threshold_article_324_clause_6_point_a_000_000_dong,crime_324,article_324,324,article_324_clause_6_point_a,Point,000.000 đồng,000.000,,vnd,000 000 dong
threshold_article_324_clause_6_point_b_000_000_dong_den_10_000,crime_324,article_324,324,article_324_clause_6_point_b,Point,000.000 đồng đến 10.000,000.000,10.000,vnd,000 000 dong den 10 000
threshold_article_324_clause_6_point_b_000_000_dong,crime_324,article_324,324,article_324_clause_6_point_b,Point,000.000 đồng,000.000,,vnd,000 000 dong
threshold_article_324_clause_6_point_c_000_000_dong_den_20_000,crime_324,article_324,324,article_324_clause_6_point_c,Point,000.000 đồng đến 20.000,000.000,20.000,vnd,000 000 dong den 20 000
threshold_article_324_clause_6_point_c_000_000_dong,crime_324,article_324,324,article_324_clause_6_point_c,Point,000.000 đồng,000.000,,vnd,000 000 dong
threshold_article_324_clause_6_point_d_000_000_dong_den_5_000,crime_324,article_324,324,article_324_clause_6_point_d,Point,000.000 đồng đến 5.000,000.000,5.000,vnd,000 000 dong den 5 000
threshold_article_324_clause_6_point_d_000_000_dong,crime_324,article_324,324,article_324_clause_6_point_d,Point,000.000 đồng,000.000,,vnd,000 000 dong
threshold_condition_article_325_clause_3_000_000_dong_den_100_000,crime_325,article_325,325,condition_article_325_clause_3,Condition,000.000 đồng đến 100.000,000.000,100.000,vnd,000 000 dong den 100 000
threshold_condition_article_325_clause_3_000_dong,crime_325,article_325,325,condition_article_325_clause_3,Condition,000 đồng,000,,vnd,000 dong
threshold_article_325_clause_3_000_000_dong_den_100_000,crime_325,article_325,325,article_325_clause_3,Clause,000.000 đồng đến 100.000,000.000,100.000,vnd,000 000 dong den 100 000
threshold_article_325_clause_3_000_dong,crime_325,article_325,325,article_325_clause_3,Clause,000 đồng,000,,vnd,000 dong
threshold_condition_article_326_clause_4_000_000_dong_den_30_000,crime_326,article_326,326,condition_article_326_clause_4,Condition,000.000 đồng đến 30.000,000.000,30.000,vnd,000 000 dong den 30 000
threshold_condition_article_326_clause_4_000_dong,crime_326,article_326,326,condition_article_326_clause_4,Condition,000 đồng,000,,vnd,000 dong
threshold_condition_article_326_clause_1_point_a_tu_01_g,crime_326,article_326,326,condition_article_326_clause_1_point_a,Condition,từ 01 g,01,,g,tu 01 g
threshold_condition_article_326_clause_1_point_a_05_g,crime_326,article_326,326,condition_article_326_clause_1_point_a,Condition,05 g,05,,g,05 g
threshold_condition_article_326_clause_2_point_b_tu_05_g,crime_326,article_326,326,condition_article_326_clause_2_point_b,Condition,từ 05 g,05,,g,tu 05 g
threshold_condition_article_326_clause_2_point_b_10_g,crime_326,article_326,326,condition_article_326_clause_2_point_b,Condition,10 g,10,,g,10 g
threshold_condition_article_326_clause_3_point_a_10_g,crime_326,article_326,326,condition_article_326_clause_3_point_a,Condition,10 g,10,,g,10 g
threshold_article_326_clause_1_tu_01_g,crime_326,article_326,326,article_326_clause_1,Clause,từ 01 g,01,,g,tu 01 g
threshold_article_326_clause_1_05_g,crime_326,article_326,326,article_326_clause_1,Clause,05 g,05,,g,05 g
threshold_article_326_clause_1_000_000_dong_den_100_000,crime_326,article_326,326,article_326_clause_1,Clause,000.000 đồng đến 100.000,000.000,100.000,vnd,000 000 dong den 100 000
threshold_article_326_clause_1_000_dong,crime_326,article_326,326,article_326_clause_1,Clause,000 đồng,000,,vnd,000 dong
threshold_article_326_clause_2_tu_05_g,crime_326,article_326,326,article_326_clause_2,Clause,từ 05 g,05,,g,tu 05 g
threshold_article_326_clause_2_10_g,crime_326,article_326,326,article_326_clause_2,Clause,10 g,10,,g,10 g
threshold_article_326_clause_3_10_g,crime_326,article_326,326,article_326_clause_3,Clause,10 g,10,,g,10 g
threshold_article_326_clause_4_000_000_dong_den_30_000,crime_326,article_326,326,article_326_clause_4,Clause,000.000 đồng đến 30.000,000.000,30.000,vnd,000 000 dong den 30 000
threshold_article_326_clause_4_000_dong,crime_326,article_326,326,article_326_clause_4,Clause,000 đồng,000,,vnd,000 dong
threshold_article_326_clause_1_point_a_tu_01_g,crime_326,article_326,326,article_326_clause_1_point_a,Point,từ 01 g,01,,g,tu 01 g
threshold_article_326_clause_1_point_a_05_g,crime_326,article_326,326,article_326_clause_1_point_a,Point,05 g,05,,g,05 g
threshold_article_326_clause_2_point_b_tu_05_g,crime_326,article_326,326,article_326_clause_2_point_b,Point,từ 05 g,05,,g,tu 05 g
threshold_article_326_clause_2_point_b_10_g,crime_326,article_326,326,article_326_clause_2_point_b,Point,10 g,10,,g,10 g
threshold_article_326_clause_3_point_a_10_g,crime_326,article_326,326,article_326_clause_3_point_a,Point,10 g,10,,g,10 g
threshold_condition_article_327_clause_5_000_000_dong_den_100_000,crime_327,article_327,327,condition_article_327_clause_5,Condition,000.000 đồng đến 100.000,000.000,100.000,vnd,000 000 dong den 100 000
threshold_condition_article_327_clause_5_000_dong,crime_327,article_327,327,condition_article_327_clause_5,Condition,000 đồng,000,,vnd,000 dong
threshold_condition_article_327_clause_2_point_d_du_16_tuoi_den_duoi_18_tuoi,crime_327,article_327,327,condition_article_327_clause_2_point_d,Condition,đủ 16 tuổi đến dưới 18 tuổi,16,18,age,du 16 tuoi den duoi 18 tuoi
threshold_condition_article_327_clause_2_point_e_tu_31_den_60,crime_327,article_327,327,condition_article_327_clause_2_point_e,Condition,từ 31% đến 60%,31,60,percent,tu 31 den 60
threshold_condition_article_327_clause_2_point_g_000_000_dong_den,crime_327,article_327,327,condition_article_327_clause_2_point_g,Condition,000.000 đồng đến,000.000,,vnd,000 000 dong den
threshold_condition_article_327_clause_2_point_g_000_000_dong,crime_327,article_327,327,condition_article_327_clause_2_point_g,Condition,000.000 đồng,000.000,,vnd,000 000 dong
threshold_condition_article_327_clause_3_point_a_du_13_tuoi_den_duoi_16_tuoi,crime_327,article_327,327,condition_article_327_clause_3_point_a,Condition,đủ 13 tuổi đến dưới 16 tuổi,13,16,age,du 13 tuoi den duoi 16 tuoi
threshold_condition_article_327_clause_3_point_b_000_000_dong_den,crime_327,article_327,327,condition_article_327_clause_3_point_b,Condition,000.000 đồng đến,000.000,,vnd,000 000 dong den
threshold_condition_article_327_clause_3_point_b_000_000_dong,crime_327,article_327,327,condition_article_327_clause_3_point_b,Condition,000.000 đồng,000.000,,vnd,000 000 dong
threshold_condition_article_327_clause_3_point_c_61_tro_len,crime_327,article_327,327,condition_article_327_clause_3_point_c,Condition,61% trở lên,61,,percent,61 tro len
threshold_condition_article_327_clause_4_point_a_du_13_tuoi_den_duoi_16_tuoi,crime_327,article_327,327,condition_article_327_clause_4_point_a,Condition,đủ 13 tuổi đến dưới 16 tuổi,13,16,age,du 13 tuoi den duoi 16 tuoi
threshold_condition_article_327_clause_4_point_b_000_000_dong_tro_len,crime_327,article_327,327,condition_article_327_clause_4_point_b,Condition,000.000 đồng trở lên,000.000,,vnd,000 000 dong tro len
threshold_article_327_clause_2_000_000_dong_den,crime_327,article_327,327,article_327_clause_2,Clause,000.000 đồng đến,000.000,,vnd,000 000 dong den
threshold_article_327_clause_2_000_000_dong,crime_327,article_327,327,article_327_clause_2,Clause,000.000 đồng,000.000,,vnd,000 000 dong
threshold_article_327_clause_2_tu_31_den_60,crime_327,article_327,327,article_327_clause_2,Clause,từ 31% đến 60%,31,60,percent,tu 31 den 60
threshold_article_327_clause_2_du_16_tuoi_den_duoi_18_tuoi,crime_327,article_327,327,article_327_clause_2,Clause,đủ 16 tuổi đến dưới 18 tuổi,16,18,age,du 16 tuoi den duoi 18 tuoi
threshold_article_327_clause_3_000_000_dong_den,crime_327,article_327,327,article_327_clause_3,Clause,000.000 đồng đến,000.000,,vnd,000 000 dong den
threshold_article_327_clause_3_000_000_dong,crime_327,article_327,327,article_327_clause_3,Clause,000.000 đồng,000.000,,vnd,000 000 dong
threshold_article_327_clause_3_61_tro_len,crime_327,article_327,327,article_327_clause_3,Clause,61% trở lên,61,,percent,61 tro len
threshold_article_327_clause_3_du_13_tuoi_den_duoi_16_tuoi,crime_327,article_327,327,article_327_clause_3,Clause,đủ 13 tuổi đến dưới 16 tuổi,13,16,age,du 13 tuoi den duoi 16 tuoi
threshold_article_327_clause_4_000_000_dong_tro_len,crime_327,article_327,327,article_327_clause_4,Clause,000.000 đồng trở lên,000.000,,vnd,000 000 dong tro len
threshold_article_327_clause_4_du_13_tuoi_den_duoi_16_tuoi,crime_327,article_327,327,article_327_clause_4,Clause,đủ 13 tuổi đến dưới 16 tuổi,13,16,age,du 13 tuoi den duoi 16 tuoi
threshold_article_327_clause_5_000_000_dong_den_100_000,crime_327,article_327,327,article_327_clause_5,Clause,000.000 đồng đến 100.000,000.000,100.000,vnd,000 000 dong den 100 000
threshold_article_327_clause_5_000_dong,crime_327,article_327,327,article_327_clause_5,Clause,000 đồng,000,,vnd,000 dong
threshold_article_327_clause_2_point_d_du_16_tuoi_den_duoi_18_tuoi,crime_327,article_327,327,article_327_clause_2_point_d,Point,đủ 16 tuổi đến dưới 18 tuổi,16,18,age,du 16 tuoi den duoi 18 tuoi
threshold_article_327_clause_2_point_e_tu_31_den_60,crime_327,article_327,327,article_327_clause_2_point_e,Point,từ 31% đến 60%,31,60,percent,tu 31 den 60
threshold_article_327_clause_2_point_g_000_000_dong_den,crime_327,article_327,327,article_327_clause_2_point_g,Point,000.000 đồng đến,000.000,,vnd,000 000 dong den
threshold_article_327_clause_2_point_g_000_000_dong,crime_327,article_327,327,article_327_clause_2_point_g,Point,000.000 đồng,000.000,,vnd,000 000 dong
threshold_article_327_clause_3_point_a_du_13_tuoi_den_duoi_16_tuoi,crime_327,article_327,327,article_327_clause_3_point_a,Point,đủ 13 tuổi đến dưới 16 tuổi,13,16,age,du 13 tuoi den duoi 16 tuoi
threshold_article_327_clause_3_point_b_000_000_dong_den,crime_327,article_327,327,article_327_clause_3_point_b,Point,000.000 đồng đến,000.000,,vnd,000 000 dong den
threshold_article_327_clause_3_point_b_000_000_dong,crime_327,article_327,327,article_327_clause_3_point_b,Point,000.000 đồng,000.000,,vnd,000 000 dong
threshold_article_327_clause_3_point_c_61_tro_len,crime_327,article_327,327,article_327_clause_3_point_c,Point,61% trở lên,61,,percent,61 tro len
threshold_article_327_clause_4_point_a_du_13_tuoi_den_duoi_16_tuoi,crime_327,article_327,327,article_327_clause_4_point_a,Point,đủ 13 tuổi đến dưới 16 tuổi,13,16,age,du 13 tuoi den duoi 16 tuoi
threshold_article_327_clause_4_point_b_000_000_dong_tro_len,crime_327,article_327,327,article_327_clause_4_point_b,Point,000.000 đồng trở lên,000.000,,vnd,000 000 dong tro len
threshold_condition_article_328_clause_4_000_000_dong_den_50_000,crime_328,article_328,328,condition_article_328_clause_4,Condition,000.000 đồng đến 50.000,000.000,50.000,vnd,000 000 dong den 50 000
threshold_condition_article_328_clause_4_000_dong,crime_328,article_328,328,condition_article_328_clause_4,Condition,000 đồng,000,,vnd,000 dong
threshold_condition_article_328_clause_2_point_a_du_16_tuoi_den_duoi_18_tuoi,crime_328,article_328,328,condition_article_328_clause_2_point_a,Condition,đủ 16 tuổi đến dưới 18 tuổi,16,18,age,du 16 tuoi den duoi 18 tuoi
threshold_condition_article_328_clause_2_point_e_000_000_dong_den,crime_328,article_328,328,condition_article_328_clause_2_point_e,Condition,000.000 đồng đến,000.000,,vnd,000 000 dong den
threshold_condition_article_328_clause_2_point_e_000_000_dong,crime_328,article_328,328,condition_article_328_clause_2_point_e,Condition,000.000 đồng,000.000,,vnd,000 000 dong
threshold_condition_article_328_clause_3_point_a_du_13_tuoi_den_duoi_16_tuoi,crime_328,article_328,328,condition_article_328_clause_3_point_a,Condition,đủ 13 tuổi đến dưới 16 tuổi,13,16,age,du 13 tuoi den duoi 16 tuoi
threshold_condition_article_328_clause_3_point_b_000_000_dong_tro_len,crime_328,article_328,328,condition_article_328_clause_3_point_b,Condition,000.000 đồng trở lên,000.000,,vnd,000 000 dong tro len
threshold_article_328_clause_2_000_000_dong_den,crime_328,article_328,328,article_328_clause_2,Clause,000.000 đồng đến,000.000,,vnd,000 000 dong den
threshold_article_328_clause_2_000_000_dong,crime_328,article_328,328,article_328_clause_2,Clause,000.000 đồng,000.000,,vnd,000 000 dong
threshold_article_328_clause_2_du_16_tuoi_den_duoi_18_tuoi,crime_328,article_328,328,article_328_clause_2,Clause,đủ 16 tuổi đến dưới 18 tuổi,16,18,age,du 16 tuoi den duoi 18 tuoi
threshold_article_328_clause_3_000_000_dong_tro_len,crime_328,article_328,328,article_328_clause_3,Clause,000.000 đồng trở lên,000.000,,vnd,000 000 dong tro len
threshold_article_328_clause_3_du_13_tuoi_den_duoi_16_tuoi,crime_328,article_328,328,article_328_clause_3,Clause,đủ 13 tuổi đến dưới 16 tuổi,13,16,age,du 13 tuoi den duoi 16 tuoi
threshold_article_328_clause_4_000_000_dong_den_50_000,crime_328,article_328,328,article_328_clause_4,Clause,000.000 đồng đến 50.000,000.000,50.000,vnd,000 000 dong den 50 000
threshold_article_328_clause_4_000_dong,crime_328,article_328,328,article_328_clause_4,Clause,000 đồng,000,,vnd,000 dong
threshold_article_328_clause_2_point_a_du_16_tuoi_den_duoi_18_tuoi,crime_328,article_328,328,article_328_clause_2_point_a,Point,đủ 16 tuổi đến dưới 18 tuổi,16,18,age,du 16 tuoi den duoi 18 tuoi
threshold_article_328_clause_2_point_e_000_000_dong_den,crime_328,article_328,328,article_328_clause_2_point_e,Point,000.000 đồng đến,000.000,,vnd,000 000 dong den
threshold_article_328_clause_2_point_e_000_000_dong,crime_328,article_328,328,article_328_clause_2_point_e,Point,000.000 đồng,000.000,,vnd,000 000 dong
threshold_article_328_clause_3_point_a_du_13_tuoi_den_duoi_16_tuoi,crime_328,article_328,328,article_328_clause_3_point_a,Point,đủ 13 tuổi đến dưới 16 tuổi,13,16,age,du 13 tuoi den duoi 16 tuoi
threshold_article_328_clause_3_point_b_000_000_dong_tro_len,crime_328,article_328,328,article_328_clause_3_point_b,Point,000.000 đồng trở lên,000.000,,vnd,000 000 dong tro len
threshold_condition_article_329_clause_4_000_000_dong_den_50_000,crime_329,article_329,329,condition_article_329_clause_4,Condition,000.000 đồng đến 50.000,000.000,50.000,vnd,000 000 dong den 50 000
threshold_condition_article_329_clause_4_000_dong,crime_329,article_329,329,condition_article_329_clause_4,Condition,000 đồng,000,,vnd,000 dong
threshold_condition_article_329_clause_2_point_b_du_13_tuoi_den_duoi_16_tuoi,crime_329,article_329,329,condition_article_329_clause_2_point_b,Condition,đủ 13 tuổi đến dưới 16 tuổi,13,16,age,du 13 tuoi den duoi 16 tuoi
threshold_condition_article_329_clause_2_point_c_tu_31_den_60,crime_329,article_329,329,condition_article_329_clause_2_point_c,Condition,từ 31% đến 60%,31,60,percent,tu 31 den 60
threshold_condition_article_329_clause_3_point_a_du_13_tuoi_den_duoi_16_tuoi,crime_329,article_329,329,condition_article_329_clause_3_point_a,Condition,đủ 13 tuổi đến dưới 16 tuổi,13,16,age,du 13 tuoi den duoi 16 tuoi
threshold_condition_article_329_clause_3_point_b_61_tro_len,crime_329,article_329,329,condition_article_329_clause_3_point_b,Condition,61% trở lên,61,,percent,61 tro len
threshold_article_329_clause_2_tu_31_den_60,crime_329,article_329,329,article_329_clause_2,Clause,từ 31% đến 60%,31,60,percent,tu 31 den 60
threshold_article_329_clause_2_du_13_tuoi_den_duoi_16_tuoi,crime_329,article_329,329,article_329_clause_2,Clause,đủ 13 tuổi đến dưới 16 tuổi,13,16,age,du 13 tuoi den duoi 16 tuoi
threshold_article_329_clause_3_61_tro_len,crime_329,article_329,329,article_329_clause_3,Clause,61% trở lên,61,,percent,61 tro len
threshold_article_329_clause_3_du_13_tuoi_den_duoi_16_tuoi,crime_329,article_329,329,article_329_clause_3,Clause,đủ 13 tuổi đến dưới 16 tuổi,13,16,age,du 13 tuoi den duoi 16 tuoi
threshold_article_329_clause_4_000_000_dong_den_50_000,crime_329,article_329,329,article_329_clause_4,Clause,000.000 đồng đến 50.000,000.000,50.000,vnd,000 000 dong den 50 000
threshold_article_329_clause_4_000_dong,crime_329,article_329,329,article_329_clause_4,Clause,000 đồng,000,,vnd,000 dong
threshold_article_329_clause_2_point_b_du_13_tuoi_den_duoi_16_tuoi,crime_329,article_329,329,article_329_clause_2_point_b,Point,đủ 13 tuổi đến dưới 16 tuổi,13,16,age,du 13 tuoi den duoi 16 tuoi
threshold_article_329_clause_2_point_c_tu_31_den_60,crime_329,article_329,329,article_329_clause_2_point_c,Point,từ 31% đến 60%,31,60,percent,tu 31 den 60
threshold_article_329_clause_3_point_a_du_13_tuoi_den_duoi_16_tuoi,crime_329,article_329,329,article_329_clause_3_point_a,Point,đủ 13 tuổi đến dưới 16 tuổi,13,16,age,du 13 tuoi den duoi 16 tuoi
threshold_article_329_clause_3_point_b_61_tro_len,crime_329,article_329,329,article_329_clause_3_point_b,Point,61% trở lên,61,,percent,61 tro len
threshold_condition_article_330_clause_2_point_d_000_000_dong_tro_len,crime_330,article_330,330,condition_article_330_clause_2_point_d,Condition,000.000 đồng trở lên,000.000,,vnd,000 000 dong tro len
threshold_article_330_clause_2_000_000_dong_tro_len,crime_330,article_330,330,article_330_clause_2,Clause,000.000 đồng trở lên,000.000,,vnd,000 000 dong tro len
threshold_article_330_clause_2_point_d_000_000_dong_tro_len,crime_330,article_330,330,article_330_clause_2_point_d,Point,000.000 đồng trở lên,000.000,,vnd,000 000 dong tro len
threshold_condition_article_337_clause_4_000_000_dong_den_100_000,crime_337,article_337,337,condition_article_337_clause_4,Condition,000.000 đồng đến 100.000,000.000,100.000,vnd,000 000 dong den 100 000
threshold_condition_article_337_clause_4_000_dong,crime_337,article_337,337,condition_article_337_clause_4,Condition,000 đồng,000,,vnd,000 dong
threshold_article_337_clause_4_000_000_dong_den_100_000,crime_337,article_337,337,article_337_clause_4,Clause,000.000 đồng đến 100.000,000.000,100.000,vnd,000 000 dong den 100 000
threshold_article_337_clause_4_000_dong,crime_337,article_337,337,article_337_clause_4,Clause,000 đồng,000,,vnd,000 dong
threshold_condition_article_340_clause_3_000_000_dong_den_20_000,crime_340,article_340,340,condition_article_340_clause_3,Condition,000.000 đồng đến 20.000,000.000,20.000,vnd,000 000 dong den 20 000
threshold_condition_article_340_clause_3_000_dong,crime_340,article_340,340,condition_article_340_clause_3,Condition,000 đồng,000,,vnd,000 dong
threshold_article_340_clause_1_000_000_dong_den_50_000,crime_340,article_340,340,article_340_clause_1,Clause,000.000 đồng đến 50.000,000.000,50.000,vnd,000 000 dong den 50 000
threshold_article_340_clause_1_000_dong,crime_340,article_340,340,article_340_clause_1,Clause,000 đồng,000,,vnd,000 dong
threshold_article_340_clause_3_000_000_dong_den_20_000,crime_340,article_340,340,article_340_clause_3,Clause,000.000 đồng đến 20.000,000.000,20.000,vnd,000 000 dong den 20 000
threshold_article_340_clause_3_000_dong,crime_340,article_340,340,article_340_clause_3,Clause,000 đồng,000,,vnd,000 dong
threshold_condition_article_341_clause_4_000_000_dong_den_50_000,crime_341,article_341,341,condition_article_341_clause_4,Condition,000.000 đồng đến 50.000,000.000,50.000,vnd,000 000 dong den 50 000
threshold_condition_article_341_clause_4_000_dong,crime_341,article_341,341,condition_article_341_clause_4,Condition,000 đồng,000,,vnd,000 dong
threshold_condition_article_341_clause_2_point_d_000_000_dong_den,crime_341,article_341,341,condition_article_341_clause_2_point_d,Condition,000.000 đồng đến,000.000,,vnd,000 000 dong den
threshold_condition_article_341_clause_2_point_d_000_000_dong,crime_341,article_341,341,condition_article_341_clause_2_point_d,Condition,000.000 đồng,000.000,,vnd,000 000 dong
threshold_condition_article_341_clause_3_point_c_000_000_dong_tro_len,crime_341,article_341,341,condition_article_341_clause_3_point_c,Condition,000.000 đồng trở lên,000.000,,vnd,000 000 dong tro len
threshold_article_341_clause_1_000_000_dong_den_100_000,crime_341,article_341,341,article_341_clause_1,Clause,000.000 đồng đến 100.000,000.000,100.000,vnd,000 000 dong den 100 000
threshold_article_341_clause_1_000_dong,crime_341,article_341,341,article_341_clause_1,Clause,000 đồng,000,,vnd,000 dong
threshold_article_341_clause_2_000_000_dong_den,crime_341,article_341,341,article_341_clause_2,Clause,000.000 đồng đến,000.000,,vnd,000 000 dong den
threshold_article_341_clause_2_000_000_dong,crime_341,article_341,341,article_341_clause_2,Clause,000.000 đồng,000.000,,vnd,000 000 dong
threshold_article_341_clause_3_000_000_dong_tro_len,crime_341,article_341,341,article_341_clause_3,Clause,000.000 đồng trở lên,000.000,,vnd,000 000 dong tro len
threshold_article_341_clause_4_000_000_dong_den_50_000,crime_341,article_341,341,article_341_clause_4,Clause,000.000 đồng đến 50.000,000.000,50.000,vnd,000 000 dong den 50 000
threshold_article_341_clause_4_000_dong,crime_341,article_341,341,article_341_clause_4,Clause,000 đồng,000,,vnd,000 dong
threshold_article_341_clause_2_point_d_000_000_dong_den,crime_341,article_341,341,article_341_clause_2_point_d,Point,000.000 đồng đến,000.000,,vnd,000 000 dong den
threshold_article_341_clause_2_point_d_000_000_dong,crime_341,article_341,341,article_341_clause_2_point_d,Point,000.000 đồng,000.000,,vnd,000 000 dong
threshold_article_341_clause_3_point_c_000_000_dong_tro_len,crime_341,article_341,341,article_341_clause_3_point_c,Point,000.000 đồng trở lên,000.000,,vnd,000 000 dong tro len
threshold_condition_article_342_clause_3_000_000_dong_den_20_000,crime_342,article_342,342,condition_article_342_clause_3,Condition,000.000 đồng đến 20.000,000.000,20.000,vnd,000 000 dong den 20 000
threshold_condition_article_342_clause_3_000_dong,crime_342,article_342,342,condition_article_342_clause_3,Condition,000 đồng,000,,vnd,000 dong
threshold_condition_article_342_clause_2_point_b_000_000_dong_tro_len,crime_342,article_342,342,condition_article_342_clause_2_point_b,Condition,000.000 đồng trở lên,000.000,,vnd,000 000 dong tro len
threshold_article_342_clause_1_000_000_dong_den_50_000,crime_342,article_342,342,article_342_clause_1,Clause,000.000 đồng đến 50.000,000.000,50.000,vnd,000 000 dong den 50 000
threshold_article_342_clause_1_000_dong,crime_342,article_342,342,article_342_clause_1,Clause,000 đồng,000,,vnd,000 dong
threshold_article_342_clause_2_000_000_dong_tro_len,crime_342,article_342,342,article_342_clause_2,Clause,000.000 đồng trở lên,000.000,,vnd,000 000 dong tro len
threshold_article_342_clause_3_000_000_dong_den_20_000,crime_342,article_342,342,article_342_clause_3,Clause,000.000 đồng đến 20.000,000.000,20.000,vnd,000 000 dong den 20 000
threshold_article_342_clause_3_000_dong,crime_342,article_342,342,article_342_clause_3,Clause,000 đồng,000,,vnd,000 dong
threshold_article_342_clause_2_point_b_000_000_dong_tro_len,crime_342,article_342,342,article_342_clause_2_point_b,Point,000.000 đồng trở lên,000.000,,vnd,000 000 dong tro len
threshold_condition_article_343_clause_2_000_000_dong_den_50_000,crime_343,article_343,343,condition_article_343_clause_2,Condition,000.000 đồng đến 50.000,000.000,50.000,vnd,000 000 dong den 50 000
threshold_condition_article_343_clause_2_000_dong,crime_343,article_343,343,condition_article_343_clause_2,Condition,000 đồng,000,,vnd,000 dong
threshold_article_343_clause_2_000_000_dong_den_50_000,crime_343,article_343,343,article_343_clause_2,Clause,000.000 đồng đến 50.000,000.000,50.000,vnd,000 000 dong den 50 000
threshold_article_343_clause_2_000_dong,crime_343,article_343,343,article_343_clause_2,Clause,000 đồng,000,,vnd,000 dong
threshold_condition_article_344_clause_3_000_000_dong_den_100_000,crime_344,article_344,344,condition_article_344_clause_3,Condition,000.000 đồng đến 100.000,000.000,100.000,vnd,000 000 dong den 100 000
threshold_condition_article_344_clause_3_000_dong,crime_344,article_344,344,condition_article_344_clause_3,Condition,000 đồng,000,,vnd,000 dong
threshold_article_344_clause_1_000_000_dong_den_200_000,crime_344,article_344,344,article_344_clause_1,Clause,000.000 đồng đến 200.000,000.000,200.000,vnd,000 000 dong den 200 000
threshold_article_344_clause_1_000_dong,crime_344,article_344,344,article_344_clause_1,Clause,000 đồng,000,,vnd,000 dong
threshold_article_344_clause_3_000_000_dong_den_100_000,crime_344,article_344,344,article_344_clause_3,Clause,000.000 đồng đến 100.000,000.000,100.000,vnd,000 000 dong den 100 000
threshold_article_344_clause_3_000_dong,crime_344,article_344,344,article_344_clause_3,Clause,000 đồng,000,,vnd,000 dong
threshold_condition_article_345_clause_1_000_000_dong_den,crime_345,article_345,345,condition_article_345_clause_1,Condition,000.000 đồng đến,000.000,,vnd,000 000 dong den
threshold_condition_article_345_clause_1_000_000_dong,crime_345,article_345,345,condition_article_345_clause_1,Condition,000.000 đồng,000.000,,vnd,000 000 dong
threshold_condition_article_345_clause_2_000_000_dong_tro_len,crime_345,article_345,345,condition_article_345_clause_2,Condition,000.000 đồng trở lên,000.000,,vnd,000 000 dong tro len
threshold_article_345_clause_1_000_000_dong_den,crime_345,article_345,345,article_345_clause_1,Clause,000.000 đồng đến,000.000,,vnd,000 000 dong den
threshold_article_345_clause_1_000_000_dong,crime_345,article_345,345,article_345_clause_1,Clause,000.000 đồng,000.000,,vnd,000 000 dong
threshold_article_345_clause_1_000_000_dong_den_100_000,crime_345,article_345,345,article_345_clause_1,Clause,000.000 đồng đến 100.000,000.000,100.000,vnd,000 000 dong den 100 000
threshold_article_345_clause_1_000_dong,crime_345,article_345,345,article_345_clause_1,Clause,000 đồng,000,,vnd,000 dong
threshold_article_345_clause_2_000_000_dong_tro_len,crime_345,article_345,345,article_345_clause_2,Clause,000.000 đồng trở lên,000.000,,vnd,000 000 dong tro len
threshold_condition_article_346_clause_3_000_000_dong_den_50_000,crime_346,article_346,346,condition_article_346_clause_3,Condition,000.000 đồng đến 50.000,000.000,50.000,vnd,000 000 dong den 50 000
threshold_condition_article_346_clause_3_000_dong,crime_346,article_346,346,condition_article_346_clause_3,Condition,000 đồng,000,,vnd,000 dong
threshold_article_346_clause_1_000_000_dong_den_100_000,crime_346,article_346,346,article_346_clause_1,Clause,000.000 đồng đến 100.000,000.000,100.000,vnd,000 000 dong den 100 000
threshold_article_346_clause_1_000_dong,crime_346,article_346,346,article_346_clause_1,Clause,000 đồng,000,,vnd,000 dong
threshold_article_346_clause_3_000_000_dong_den_50_000,crime_346,article_346,346,article_346_clause_3,Clause,000.000 đồng đến 50.000,000.000,50.000,vnd,000 000 dong den 50 000
threshold_article_346_clause_3_000_dong,crime_346,article_346,346,article_346_clause_3,Clause,000 đồng,000,,vnd,000 dong
threshold_article_347_clause_0_000_000_dong_den_50_000,crime_347,article_347,347,article_347_clause_0,Clause,000.000 đồng đến 50.000,000.000,50.000,vnd,000 000 dong den 50 000
threshold_article_347_clause_0_000_dong,crime_347,article_347,347,article_347_clause_0,Clause,000 đồng,000,,vnd,000 dong
threshold_condition_article_348_clause_4_000_000_dong_den_50_000,crime_348,article_348,348,condition_article_348_clause_4,Condition,000.000 đồng đến 50.000,000.000,50.000,vnd,000 000 dong den 50 000
threshold_condition_article_348_clause_4_000_dong,crime_348,article_348,348,condition_article_348_clause_4,Condition,000 đồng,000,,vnd,000 dong
threshold_condition_article_348_clause_2_point_d_000_000_dong_den,crime_348,article_348,348,condition_article_348_clause_2_point_d,Condition,000.000 đồng đến,000.000,,vnd,000 000 dong den
threshold_condition_article_348_clause_2_point_d_000_000_dong,crime_348,article_348,348,condition_article_348_clause_2_point_d,Condition,000.000 đồng,000.000,,vnd,000 000 dong
threshold_condition_article_348_clause_3_point_b_000_000_dong_tro_len,crime_348,article_348,348,condition_article_348_clause_3_point_b,Condition,000.000 đồng trở lên,000.000,,vnd,000 000 dong tro len
threshold_article_348_clause_2_000_000_dong_den,crime_348,article_348,348,article_348_clause_2,Clause,000.000 đồng đến,000.000,,vnd,000 000 dong den
threshold_article_348_clause_2_000_000_dong,crime_348,article_348,348,article_348_clause_2,Clause,000.000 đồng,000.000,,vnd,000 000 dong
threshold_article_348_clause_3_000_000_dong_tro_len,crime_348,article_348,348,article_348_clause_3,Clause,000.000 đồng trở lên,000.000,,vnd,000 000 dong tro len
threshold_article_348_clause_4_000_000_dong_den_50_000,crime_348,article_348,348,article_348_clause_4,Clause,000.000 đồng đến 50.000,000.000,50.000,vnd,000 000 dong den 50 000
threshold_article_348_clause_4_000_dong,crime_348,article_348,348,article_348_clause_4,Clause,000 đồng,000,,vnd,000 dong
threshold_article_348_clause_2_point_d_000_000_dong_den,crime_348,article_348,348,article_348_clause_2_point_d,Point,000.000 đồng đến,000.000,,vnd,000 000 dong den
threshold_article_348_clause_2_point_d_000_000_dong,crime_348,article_348,348,article_348_clause_2_point_d,Point,000.000 đồng,000.000,,vnd,000 000 dong
threshold_article_348_clause_3_point_b_000_000_dong_tro_len,crime_348,article_348,348,article_348_clause_3_point_b,Point,000.000 đồng trở lên,000.000,,vnd,000 000 dong tro len
threshold_condition_article_349_clause_4_000_000_dong_den_50_000,crime_349,article_349,349,condition_article_349_clause_4,Condition,000.000 đồng đến 50.000,000.000,50.000,vnd,000 000 dong den 50 000
threshold_condition_article_349_clause_4_000_dong,crime_349,article_349,349,condition_article_349_clause_4,Condition,000 đồng,000,,vnd,000 dong
threshold_condition_article_349_clause_2_point_d_000_000_dong_den,crime_349,article_349,349,condition_article_349_clause_2_point_d,Condition,000.000 đồng đến,000.000,,vnd,000 000 dong den
threshold_condition_article_349_clause_2_point_d_000_000_dong,crime_349,article_349,349,condition_article_349_clause_2_point_d,Condition,000.000 đồng,000.000,,vnd,000 000 dong
threshold_condition_article_349_clause_3_point_b_000_000_dong_tro_len,crime_349,article_349,349,condition_article_349_clause_3_point_b,Condition,000.000 đồng trở lên,000.000,,vnd,000 000 dong tro len
threshold_article_349_clause_2_000_000_dong_den,crime_349,article_349,349,article_349_clause_2,Clause,000.000 đồng đến,000.000,,vnd,000 000 dong den
threshold_article_349_clause_2_000_000_dong,crime_349,article_349,349,article_349_clause_2,Clause,000.000 đồng,000.000,,vnd,000 000 dong
threshold_article_349_clause_3_000_000_dong_tro_len,crime_349,article_349,349,article_349_clause_3,Clause,000.000 đồng trở lên,000.000,,vnd,000 000 dong tro len
threshold_article_349_clause_4_000_000_dong_den_50_000,crime_349,article_349,349,article_349_clause_4,Clause,000.000 đồng đến 50.000,000.000,50.000,vnd,000 000 dong den 50 000
threshold_article_349_clause_4_000_dong,crime_349,article_349,349,article_349_clause_4,Clause,000 đồng,000,,vnd,000 dong
threshold_article_349_clause_2_point_d_000_000_dong_den,crime_349,article_349,349,article_349_clause_2_point_d,Point,000.000 đồng đến,000.000,,vnd,000 000 dong den
threshold_article_349_clause_2_point_d_000_000_dong,crime_349,article_349,349,article_349_clause_2_point_d,Point,000.000 đồng,000.000,,vnd,000 000 dong
threshold_article_349_clause_3_point_b_000_000_dong_tro_len,crime_349,article_349,349,article_349_clause_3_point_b,Point,000.000 đồng trở lên,000.000,,vnd,000 000 dong tro len
threshold_condition_article_353_clause_1_000_000_dong_den,crime_353,article_353,353,condition_article_353_clause_1,Condition,000.000 đồng đến,000.000,,vnd,000 000 dong den
threshold_condition_article_353_clause_1_000_000_dong,crime_353,article_353,353,condition_article_353_clause_1,Condition,000.000 đồng,000.000,,vnd,000 000 dong
threshold_condition_article_353_clause_5_000_000_dong_den_200_000,crime_353,article_353,353,condition_article_353_clause_5,Condition,000.000 đồng đến 200.000,000.000,200.000,vnd,000 000 dong den 200 000
threshold_condition_article_353_clause_5_000_dong,crime_353,article_353,353,condition_article_353_clause_5,Condition,000 đồng,000,,vnd,000 dong
threshold_condition_article_353_clause_2_point_d_000_000_dong_den,crime_353,article_353,353,condition_article_353_clause_2_point_d,Condition,000.000 đồng đến,000.000,,vnd,000 000 dong den
threshold_condition_article_353_clause_2_point_d_000_000_dong,crime_353,article_353,353,condition_article_353_clause_2_point_d,Condition,000.000 đồng,000.000,,vnd,000 000 dong
threshold_condition_article_353_clause_2_point_e_000_000_dong_den,crime_353,article_353,353,condition_article_353_clause_2_point_e,Condition,000.000 đồng đến,000.000,,vnd,000 000 dong den
threshold_condition_article_353_clause_2_point_e_000_000_dong,crime_353,article_353,353,condition_article_353_clause_2_point_e,Condition,000.000 đồng,000.000,,vnd,000 000 dong
threshold_condition_article_353_clause_3_point_a_000_000_dong_den,crime_353,article_353,353,condition_article_353_clause_3_point_a,Condition,000.000 đồng đến,000.000,,vnd,000 000 dong den
threshold_condition_article_353_clause_3_point_a_000_000_dong,crime_353,article_353,353,condition_article_353_clause_3_point_a,Condition,000.000 đồng,000.000,,vnd,000 000 dong
threshold_condition_article_353_clause_3_point_b_000_000_dong_den,crime_353,article_353,353,condition_article_353_clause_3_point_b,Condition,000.000 đồng đến,000.000,,vnd,000 000 dong den
threshold_condition_article_353_clause_3_point_b_000_000_dong,crime_353,article_353,353,condition_article_353_clause_3_point_b,Condition,000.000 đồng,000.000,,vnd,000 000 dong
threshold_condition_article_353_clause_4_point_a_000_000_dong_tro_len,crime_353,article_353,353,condition_article_353_clause_4_point_a,Condition,000.000 đồng trở lên,000.000,,vnd,000 000 dong tro len
threshold_condition_article_353_clause_4_point_b_000_000_dong_tro_len,crime_353,article_353,353,condition_article_353_clause_4_point_b,Condition,000.000 đồng trở lên,000.000,,vnd,000 000 dong tro len
threshold_article_353_clause_1_000_000_dong_den,crime_353,article_353,353,article_353_clause_1,Clause,000.000 đồng đến,000.000,,vnd,000 000 dong den
threshold_article_353_clause_1_000_000_dong,crime_353,article_353,353,article_353_clause_1,Clause,000.000 đồng,000.000,,vnd,000 000 dong
threshold_article_353_clause_2_000_000_dong_den,crime_353,article_353,353,article_353_clause_2,Clause,000.000 đồng đến,000.000,,vnd,000 000 dong den
threshold_article_353_clause_2_000_000_dong,crime_353,article_353,353,article_353_clause_2,Clause,000.000 đồng,000.000,,vnd,000 000 dong
threshold_article_353_clause_3_000_000_dong_den,crime_353,article_353,353,article_353_clause_3,Clause,000.000 đồng đến,000.000,,vnd,000 000 dong den
threshold_article_353_clause_3_000_000_dong,crime_353,article_353,353,article_353_clause_3,Clause,000.000 đồng,000.000,,vnd,000 000 dong
threshold_article_353_clause_4_000_000_dong_tro_len,crime_353,article_353,353,article_353_clause_4,Clause,000.000 đồng trở lên,000.000,,vnd,000 000 dong tro len
threshold_article_353_clause_5_000_000_dong_den_200_000,crime_353,article_353,353,article_353_clause_5,Clause,000.000 đồng đến 200.000,000.000,200.000,vnd,000 000 dong den 200 000
threshold_article_353_clause_5_000_dong,crime_353,article_353,353,article_353_clause_5,Clause,000 đồng,000,,vnd,000 dong
threshold_article_353_clause_2_point_d_000_000_dong_den,crime_353,article_353,353,article_353_clause_2_point_d,Point,000.000 đồng đến,000.000,,vnd,000 000 dong den
threshold_article_353_clause_2_point_d_000_000_dong,crime_353,article_353,353,article_353_clause_2_point_d,Point,000.000 đồng,000.000,,vnd,000 000 dong
threshold_article_353_clause_2_point_e_000_000_dong_den,crime_353,article_353,353,article_353_clause_2_point_e,Point,000.000 đồng đến,000.000,,vnd,000 000 dong den
threshold_article_353_clause_2_point_e_000_000_dong,crime_353,article_353,353,article_353_clause_2_point_e,Point,000.000 đồng,000.000,,vnd,000 000 dong
threshold_article_353_clause_3_point_a_000_000_dong_den,crime_353,article_353,353,article_353_clause_3_point_a,Point,000.000 đồng đến,000.000,,vnd,000 000 dong den
threshold_article_353_clause_3_point_a_000_000_dong,crime_353,article_353,353,article_353_clause_3_point_a,Point,000.000 đồng,000.000,,vnd,000 000 dong
threshold_article_353_clause_3_point_b_000_000_dong_den,crime_353,article_353,353,article_353_clause_3_point_b,Point,000.000 đồng đến,000.000,,vnd,000 000 dong den
threshold_article_353_clause_3_point_b_000_000_dong,crime_353,article_353,353,article_353_clause_3_point_b,Point,000.000 đồng,000.000,,vnd,000 000 dong
threshold_article_353_clause_4_point_a_000_000_dong_tro_len,crime_353,article_353,353,article_353_clause_4_point_a,Point,000.000 đồng trở lên,000.000,,vnd,000 000 dong tro len
threshold_article_353_clause_4_point_b_000_000_dong_tro_len,crime_353,article_353,353,article_353_clause_4_point_b,Point,000.000 đồng trở lên,000.000,,vnd,000 000 dong tro len
threshold_condition_article_354_clause_5_000_000_dong_den_200_000,crime_354,article_354,354,condition_article_354_clause_5,Condition,000.000 đồng đến 200.000,000.000,200.000,vnd,000 000 dong den 200 000
threshold_condition_article_354_clause_5_000_dong,crime_354,article_354,354,condition_article_354_clause_5,Condition,000 đồng,000,,vnd,000 dong
threshold_condition_article_354_clause_1_point_a_000_000_dong_den,crime_354,article_354,354,condition_article_354_clause_1_point_a,Condition,000.000 đồng đến,000.000,,vnd,000 000 dong den
threshold_condition_article_354_clause_1_point_a_000_000_dong,crime_354,article_354,354,condition_article_354_clause_1_point_a,Condition,000.000 đồng,000.000,,vnd,000 000 dong
threshold_condition_article_354_clause_2_point_c_000_000_dong_den,crime_354,article_354,354,condition_article_354_clause_2_point_c,Condition,000.000 đồng đến,000.000,,vnd,000 000 dong den
threshold_condition_article_354_clause_2_point_c_000_000_dong,crime_354,article_354,354,condition_article_354_clause_2_point_c,Condition,000.000 đồng,000.000,,vnd,000 000 dong
threshold_condition_article_354_clause_2_point_d_000_000_dong_den,crime_354,article_354,354,condition_article_354_clause_2_point_d,Condition,000.000 đồng đến,000.000,,vnd,000 000 dong den
threshold_condition_article_354_clause_2_point_d_000_000_dong,crime_354,article_354,354,condition_article_354_clause_2_point_d,Condition,000.000 đồng,000.000,,vnd,000 000 dong
threshold_condition_article_354_clause_3_point_a_000_000_dong_den,crime_354,article_354,354,condition_article_354_clause_3_point_a,Condition,000.000 đồng đến,000.000,,vnd,000 000 dong den
threshold_condition_article_354_clause_3_point_a_000_000_dong,crime_354,article_354,354,condition_article_354_clause_3_point_a,Condition,000.000 đồng,000.000,,vnd,000 000 dong
threshold_condition_article_354_clause_3_point_b_000_000_dong_den,crime_354,article_354,354,condition_article_354_clause_3_point_b,Condition,000.000 đồng đến,000.000,,vnd,000 000 dong den
threshold_condition_article_354_clause_3_point_b_000_000_dong,crime_354,article_354,354,condition_article_354_clause_3_point_b,Condition,000.000 đồng,000.000,,vnd,000 000 dong
threshold_condition_article_354_clause_4_point_a_000_000_dong_tro_len,crime_354,article_354,354,condition_article_354_clause_4_point_a,Condition,000.000 đồng trở lên,000.000,,vnd,000 000 dong tro len
threshold_condition_article_354_clause_4_point_b_000_000_dong_tro_len,crime_354,article_354,354,condition_article_354_clause_4_point_b,Condition,000.000 đồng trở lên,000.000,,vnd,000 000 dong tro len
threshold_article_354_clause_1_000_000_dong_den,crime_354,article_354,354,article_354_clause_1,Clause,000.000 đồng đến,000.000,,vnd,000 000 dong den
threshold_article_354_clause_1_000_000_dong,crime_354,article_354,354,article_354_clause_1,Clause,000.000 đồng,000.000,,vnd,000 000 dong
threshold_article_354_clause_2_000_000_dong_den,crime_354,article_354,354,article_354_clause_2,Clause,000.000 đồng đến,000.000,,vnd,000 000 dong den
threshold_article_354_clause_2_000_000_dong,crime_354,article_354,354,article_354_clause_2,Clause,000.000 đồng,000.000,,vnd,000 000 dong
threshold_article_354_clause_3_000_000_dong_den,crime_354,article_354,354,article_354_clause_3,Clause,000.000 đồng đến,000.000,,vnd,000 000 dong den
threshold_article_354_clause_3_000_000_dong,crime_354,article_354,354,article_354_clause_3,Clause,000.000 đồng,000.000,,vnd,000 000 dong
threshold_article_354_clause_4_000_000_dong_tro_len,crime_354,article_354,354,article_354_clause_4,Clause,000.000 đồng trở lên,000.000,,vnd,000 000 dong tro len
threshold_article_354_clause_5_000_000_dong_den_200_000,crime_354,article_354,354,article_354_clause_5,Clause,000.000 đồng đến 200.000,000.000,200.000,vnd,000 000 dong den 200 000
threshold_article_354_clause_5_000_dong,crime_354,article_354,354,article_354_clause_5,Clause,000 đồng,000,,vnd,000 dong
threshold_article_354_clause_1_point_a_000_000_dong_den,crime_354,article_354,354,article_354_clause_1_point_a,Point,000.000 đồng đến,000.000,,vnd,000 000 dong den
threshold_article_354_clause_1_point_a_000_000_dong,crime_354,article_354,354,article_354_clause_1_point_a,Point,000.000 đồng,000.000,,vnd,000 000 dong
threshold_article_354_clause_2_point_c_000_000_dong_den,crime_354,article_354,354,article_354_clause_2_point_c,Point,000.000 đồng đến,000.000,,vnd,000 000 dong den
threshold_article_354_clause_2_point_c_000_000_dong,crime_354,article_354,354,article_354_clause_2_point_c,Point,000.000 đồng,000.000,,vnd,000 000 dong
threshold_article_354_clause_2_point_d_000_000_dong_den,crime_354,article_354,354,article_354_clause_2_point_d,Point,000.000 đồng đến,000.000,,vnd,000 000 dong den
threshold_article_354_clause_2_point_d_000_000_dong,crime_354,article_354,354,article_354_clause_2_point_d,Point,000.000 đồng,000.000,,vnd,000 000 dong
threshold_article_354_clause_3_point_a_000_000_dong_den,crime_354,article_354,354,article_354_clause_3_point_a,Point,000.000 đồng đến,000.000,,vnd,000 000 dong den
threshold_article_354_clause_3_point_a_000_000_dong,crime_354,article_354,354,article_354_clause_3_point_a,Point,000.000 đồng,000.000,,vnd,000 000 dong
threshold_article_354_clause_3_point_b_000_000_dong_den,crime_354,article_354,354,article_354_clause_3_point_b,Point,000.000 đồng đến,000.000,,vnd,000 000 dong den
threshold_article_354_clause_3_point_b_000_000_dong,crime_354,article_354,354,article_354_clause_3_point_b,Point,000.000 đồng,000.000,,vnd,000 000 dong
threshold_article_354_clause_4_point_a_000_000_dong_tro_len,crime_354,article_354,354,article_354_clause_4_point_a,Point,000.000 đồng trở lên,000.000,,vnd,000 000 dong tro len
threshold_article_354_clause_4_point_b_000_000_dong_tro_len,crime_354,article_354,354,article_354_clause_4_point_b,Point,000.000 đồng trở lên,000.000,,vnd,000 000 dong tro len
threshold_condition_article_355_clause_1_000_000_dong_den,crime_355,article_355,355,condition_article_355_clause_1,Condition,000.000 đồng đến,000.000,,vnd,000 000 dong den
threshold_condition_article_355_clause_1_000_000_dong,crime_355,article_355,355,condition_article_355_clause_1,Condition,000.000 đồng,000.000,,vnd,000 000 dong
threshold_condition_article_355_clause_5_000_000_dong_den_200_000,crime_355,article_355,355,condition_article_355_clause_5,Condition,000.000 đồng đến 200.000,000.000,200.000,vnd,000 000 dong den 200 000
threshold_condition_article_355_clause_5_000_dong,crime_355,article_355,355,condition_article_355_clause_5,Condition,000 đồng,000,,vnd,000 dong
threshold_condition_article_355_clause_2_point_d_000_000_dong_den,crime_355,article_355,355,condition_article_355_clause_2_point_d,Condition,000.000 đồng đến,000.000,,vnd,000 000 dong den
threshold_condition_article_355_clause_2_point_d_000_000_dong,crime_355,article_355,355,condition_article_355_clause_2_point_d,Condition,000.000 đồng,000.000,,vnd,000 000 dong
threshold_condition_article_355_clause_3_point_a_000_000_dong_den,crime_355,article_355,355,condition_article_355_clause_3_point_a,Condition,000.000 đồng đến,000.000,,vnd,000 000 dong den
threshold_condition_article_355_clause_3_point_a_000_000_dong,crime_355,article_355,355,condition_article_355_clause_3_point_a,Condition,000.000 đồng,000.000,,vnd,000 000 dong
threshold_condition_article_355_clause_3_point_b_000_000_dong_den,crime_355,article_355,355,condition_article_355_clause_3_point_b,Condition,000.000 đồng đến,000.000,,vnd,000 000 dong den
threshold_condition_article_355_clause_3_point_b_000_000_dong,crime_355,article_355,355,condition_article_355_clause_3_point_b,Condition,000.000 đồng,000.000,,vnd,000 000 dong
threshold_condition_article_355_clause_4_point_a_000_000_dong_tro_len,crime_355,article_355,355,condition_article_355_clause_4_point_a,Condition,000.000 đồng trở lên,000.000,,vnd,000 000 dong tro len
threshold_condition_article_355_clause_4_point_b_000_000_dong_tro_len,crime_355,article_355,355,condition_article_355_clause_4_point_b,Condition,000.000 đồng trở lên,000.000,,vnd,000 000 dong tro len
threshold_article_355_clause_1_000_000_dong_den,crime_355,article_355,355,article_355_clause_1,Clause,000.000 đồng đến,000.000,,vnd,000 000 dong den
threshold_article_355_clause_1_000_000_dong,crime_355,article_355,355,article_355_clause_1,Clause,000.000 đồng,000.000,,vnd,000 000 dong
threshold_article_355_clause_2_000_000_dong_den,crime_355,article_355,355,article_355_clause_2,Clause,000.000 đồng đến,000.000,,vnd,000 000 dong den
threshold_article_355_clause_2_000_000_dong,crime_355,article_355,355,article_355_clause_2,Clause,000.000 đồng,000.000,,vnd,000 000 dong
threshold_article_355_clause_3_000_000_dong_den,crime_355,article_355,355,article_355_clause_3,Clause,000.000 đồng đến,000.000,,vnd,000 000 dong den
threshold_article_355_clause_3_000_000_dong,crime_355,article_355,355,article_355_clause_3,Clause,000.000 đồng,000.000,,vnd,000 000 dong
threshold_article_355_clause_4_000_000_dong_tro_len,crime_355,article_355,355,article_355_clause_4,Clause,000.000 đồng trở lên,000.000,,vnd,000 000 dong tro len
threshold_article_355_clause_5_000_000_dong_den_200_000,crime_355,article_355,355,article_355_clause_5,Clause,000.000 đồng đến 200.000,000.000,200.000,vnd,000 000 dong den 200 000
threshold_article_355_clause_5_000_dong,crime_355,article_355,355,article_355_clause_5,Clause,000 đồng,000,,vnd,000 dong
threshold_article_355_clause_2_point_d_000_000_dong_den,crime_355,article_355,355,article_355_clause_2_point_d,Point,000.000 đồng đến,000.000,,vnd,000 000 dong den
threshold_article_355_clause_2_point_d_000_000_dong,crime_355,article_355,355,article_355_clause_2_point_d,Point,000.000 đồng,000.000,,vnd,000 000 dong
threshold_article_355_clause_3_point_a_000_000_dong_den,crime_355,article_355,355,article_355_clause_3_point_a,Point,000.000 đồng đến,000.000,,vnd,000 000 dong den
threshold_article_355_clause_3_point_a_000_000_dong,crime_355,article_355,355,article_355_clause_3_point_a,Point,000.000 đồng,000.000,,vnd,000 000 dong
threshold_article_355_clause_3_point_b_000_000_dong_den,crime_355,article_355,355,article_355_clause_3_point_b,Point,000.000 đồng đến,000.000,,vnd,000 000 dong den
threshold_article_355_clause_3_point_b_000_000_dong,crime_355,article_355,355,article_355_clause_3_point_b,Point,000.000 đồng,000.000,,vnd,000 000 dong
threshold_article_355_clause_4_point_a_000_000_dong_tro_len,crime_355,article_355,355,article_355_clause_4_point_a,Point,000.000 đồng trở lên,000.000,,vnd,000 000 dong tro len
threshold_article_355_clause_4_point_b_000_000_dong_tro_len,crime_355,article_355,355,article_355_clause_4_point_b,Point,000.000 đồng trở lên,000.000,,vnd,000 000 dong tro len
threshold_condition_article_356_clause_1_000_000_dong_den,crime_356,article_356,356,condition_article_356_clause_1,Condition,000.000 đồng đến,000.000,,vnd,000 000 dong den
threshold_condition_article_356_clause_1_000_000_dong,crime_356,article_356,356,condition_article_356_clause_1,Condition,000.000 đồng,000.000,,vnd,000 000 dong
threshold_condition_article_356_clause_3_000_000_dong_tro_len,crime_356,article_356,356,condition_article_356_clause_3,Condition,000.000 đồng trở lên,000.000,,vnd,000 000 dong tro len
threshold_condition_article_356_clause_4_000_000_dong_den_200_000,crime_356,article_356,356,condition_article_356_clause_4,Condition,000.000 đồng đến 200.000,000.000,200.000,vnd,000 000 dong den 200 000
threshold_condition_article_356_clause_4_000_dong,crime_356,article_356,356,condition_article_356_clause_4,Condition,000 đồng,000,,vnd,000 dong
threshold_condition_article_356_clause_2_point_c_000_000_dong_den,crime_356,article_356,356,condition_article_356_clause_2_point_c,Condition,000.000 đồng đến,000.000,,vnd,000 000 dong den
threshold_condition_article_356_clause_2_point_c_000_000_dong,crime_356,article_356,356,condition_article_356_clause_2_point_c,Condition,000.000 đồng,000.000,,vnd,000 000 dong
threshold_article_356_clause_1_000_000_dong_den,crime_356,article_356,356,article_356_clause_1,Clause,000.000 đồng đến,000.000,,vnd,000 000 dong den
threshold_article_356_clause_1_000_000_dong,crime_356,article_356,356,article_356_clause_1,Clause,000.000 đồng,000.000,,vnd,000 000 dong
threshold_article_356_clause_2_000_000_dong_den,crime_356,article_356,356,article_356_clause_2,Clause,000.000 đồng đến,000.000,,vnd,000 000 dong den
threshold_article_356_clause_2_000_000_dong,crime_356,article_356,356,article_356_clause_2,Clause,000.000 đồng,000.000,,vnd,000 000 dong
threshold_article_356_clause_3_000_000_dong_tro_len,crime_356,article_356,356,article_356_clause_3,Clause,000.000 đồng trở lên,000.000,,vnd,000 000 dong tro len
threshold_article_356_clause_4_000_000_dong_den_200_000,crime_356,article_356,356,article_356_clause_4,Clause,000.000 đồng đến 200.000,000.000,200.000,vnd,000 000 dong den 200 000
threshold_article_356_clause_4_000_dong,crime_356,article_356,356,article_356_clause_4,Clause,000 đồng,000,,vnd,000 dong
threshold_article_356_clause_2_point_c_000_000_dong_den,crime_356,article_356,356,article_356_clause_2_point_c,Point,000.000 đồng đến,000.000,,vnd,000 000 dong den
threshold_article_356_clause_2_point_c_000_000_dong,crime_356,article_356,356,article_356_clause_2_point_c,Point,000.000 đồng,000.000,,vnd,000 000 dong
threshold_condition_article_357_clause_1_000_000_dong_den,crime_357,article_357,357,condition_article_357_clause_1,Condition,000.000 đồng đến,000.000,,vnd,000 000 dong den
threshold_condition_article_357_clause_1_000_000_dong,crime_357,article_357,357,condition_article_357_clause_1,Condition,000.000 đồng,000.000,,vnd,000 000 dong
threshold_condition_article_357_clause_3_000_000_dong_den,crime_357,article_357,357,condition_article_357_clause_3,Condition,000.000 đồng đến,000.000,,vnd,000 000 dong den
threshold_condition_article_357_clause_3_000_000_dong,crime_357,article_357,357,condition_article_357_clause_3,Condition,000.000 đồng,000.000,,vnd,000 000 dong
threshold_condition_article_357_clause_4_000_000_dong_tro_len,crime_357,article_357,357,condition_article_357_clause_4,Condition,000.000 đồng trở lên,000.000,,vnd,000 000 dong tro len
threshold_condition_article_357_clause_5_000_000_dong_den_200_000,crime_357,article_357,357,condition_article_357_clause_5,Condition,000.000 đồng đến 200.000,000.000,200.000,vnd,000 000 dong den 200 000
threshold_condition_article_357_clause_5_000_dong,crime_357,article_357,357,condition_article_357_clause_5,Condition,000 đồng,000,,vnd,000 dong
threshold_condition_article_357_clause_2_point_c_000_000_dong_den,crime_357,article_357,357,condition_article_357_clause_2_point_c,Condition,000.000 đồng đến,000.000,,vnd,000 000 dong den
threshold_condition_article_357_clause_2_point_c_000_000_dong,crime_357,article_357,357,condition_article_357_clause_2_point_c,Condition,000.000 đồng,000.000,,vnd,000 000 dong
threshold_article_357_clause_1_000_000_dong_den,crime_357,article_357,357,article_357_clause_1,Clause,000.000 đồng đến,000.000,,vnd,000 000 dong den
threshold_article_357_clause_1_000_000_dong,crime_357,article_357,357,article_357_clause_1,Clause,000.000 đồng,000.000,,vnd,000 000 dong
threshold_article_357_clause_2_000_000_dong_den,crime_357,article_357,357,article_357_clause_2,Clause,000.000 đồng đến,000.000,,vnd,000 000 dong den
threshold_article_357_clause_2_000_000_dong,crime_357,article_357,357,article_357_clause_2,Clause,000.000 đồng,000.000,,vnd,000 000 dong
threshold_article_357_clause_3_000_000_dong_den,crime_357,article_357,357,article_357_clause_3,Clause,000.000 đồng đến,000.000,,vnd,000 000 dong den
threshold_article_357_clause_3_000_000_dong,crime_357,article_357,357,article_357_clause_3,Clause,000.000 đồng,000.000,,vnd,000 000 dong
threshold_article_357_clause_4_000_000_dong_tro_len,crime_357,article_357,357,article_357_clause_4,Clause,000.000 đồng trở lên,000.000,,vnd,000 000 dong tro len
threshold_article_357_clause_5_000_000_dong_den_200_000,crime_357,article_357,357,article_357_clause_5,Clause,000.000 đồng đến 200.000,000.000,200.000,vnd,000 000 dong den 200 000
threshold_article_357_clause_5_000_dong,crime_357,article_357,357,article_357_clause_5,Clause,000 đồng,000,,vnd,000 dong
threshold_article_357_clause_2_point_c_000_000_dong_den,crime_357,article_357,357,article_357_clause_2_point_c,Point,000.000 đồng đến,000.000,,vnd,000 000 dong den
threshold_article_357_clause_2_point_c_000_000_dong,crime_357,article_357,357,article_357_clause_2_point_c,Point,000.000 đồng,000.000,,vnd,000 000 dong
threshold_condition_article_358_clause_5_000_000_dong_den_200_000,crime_358,article_358,358,condition_article_358_clause_5,Condition,000.000 đồng đến 200.000,000.000,200.000,vnd,000 000 dong den 200 000
threshold_condition_article_358_clause_5_000_dong,crime_358,article_358,358,condition_article_358_clause_5,Condition,000 đồng,000,,vnd,000 dong
threshold_condition_article_358_clause_1_point_a_000_000_dong_den,crime_358,article_358,358,condition_article_358_clause_1_point_a,Condition,000.000 đồng đến,000.000,,vnd,000 000 dong den
threshold_condition_article_358_clause_1_point_a_000_000_dong,crime_358,article_358,358,condition_article_358_clause_1_point_a,Condition,000.000 đồng,000.000,,vnd,000 000 dong
threshold_condition_article_358_clause_2_point_c_000_000_dong_den,crime_358,article_358,358,condition_article_358_clause_2_point_c,Condition,000.000 đồng đến,000.000,,vnd,000 000 dong den
threshold_condition_article_358_clause_2_point_c_000_000_dong,crime_358,article_358,358,condition_article_358_clause_2_point_c,Condition,000.000 đồng,000.000,,vnd,000 000 dong
threshold_condition_article_358_clause_2_point_d_000_000_dong_den,crime_358,article_358,358,condition_article_358_clause_2_point_d,Condition,000.000 đồng đến,000.000,,vnd,000 000 dong den
threshold_condition_article_358_clause_2_point_d_000_000_dong,crime_358,article_358,358,condition_article_358_clause_2_point_d,Condition,000.000 đồng,000.000,,vnd,000 000 dong
threshold_condition_article_358_clause_3_point_a_000_000_dong_den,crime_358,article_358,358,condition_article_358_clause_3_point_a,Condition,000.000 đồng đến,000.000,,vnd,000 000 dong den
threshold_condition_article_358_clause_3_point_a_000_000_dong,crime_358,article_358,358,condition_article_358_clause_3_point_a,Condition,000.000 đồng,000.000,,vnd,000 000 dong
threshold_condition_article_358_clause_3_point_b_000_000_dong_den,crime_358,article_358,358,condition_article_358_clause_3_point_b,Condition,000.000 đồng đến,000.000,,vnd,000 000 dong den
threshold_condition_article_358_clause_3_point_b_000_000_dong,crime_358,article_358,358,condition_article_358_clause_3_point_b,Condition,000.000 đồng,000.000,,vnd,000 000 dong
threshold_condition_article_358_clause_4_point_a_000_000_dong_tro_len,crime_358,article_358,358,condition_article_358_clause_4_point_a,Condition,000.000 đồng trở lên,000.000,,vnd,000 000 dong tro len
threshold_condition_article_358_clause_4_point_b_000_000_dong_tro_len,crime_358,article_358,358,condition_article_358_clause_4_point_b,Condition,000.000 đồng trở lên,000.000,,vnd,000 000 dong tro len
threshold_article_358_clause_1_000_000_dong_den,crime_358,article_358,358,article_358_clause_1,Clause,000.000 đồng đến,000.000,,vnd,000 000 dong den
threshold_article_358_clause_1_000_000_dong,crime_358,article_358,358,article_358_clause_1,Clause,000.000 đồng,000.000,,vnd,000 000 dong
threshold_article_358_clause_2_000_000_dong_den,crime_358,article_358,358,article_358_clause_2,Clause,000.000 đồng đến,000.000,,vnd,000 000 dong den
threshold_article_358_clause_2_000_000_dong,crime_358,article_358,358,article_358_clause_2,Clause,000.000 đồng,000.000,,vnd,000 000 dong
threshold_article_358_clause_3_000_000_dong_den,crime_358,article_358,358,article_358_clause_3,Clause,000.000 đồng đến,000.000,,vnd,000 000 dong den
threshold_article_358_clause_3_000_000_dong,crime_358,article_358,358,article_358_clause_3,Clause,000.000 đồng,000.000,,vnd,000 000 dong
threshold_article_358_clause_4_000_000_dong_tro_len,crime_358,article_358,358,article_358_clause_4,Clause,000.000 đồng trở lên,000.000,,vnd,000 000 dong tro len
threshold_article_358_clause_5_000_000_dong_den_200_000,crime_358,article_358,358,article_358_clause_5,Clause,000.000 đồng đến 200.000,000.000,200.000,vnd,000 000 dong den 200 000
threshold_article_358_clause_5_000_dong,crime_358,article_358,358,article_358_clause_5,Clause,000 đồng,000,,vnd,000 dong
threshold_article_358_clause_1_point_a_000_000_dong_den,crime_358,article_358,358,article_358_clause_1_point_a,Point,000.000 đồng đến,000.000,,vnd,000 000 dong den
threshold_article_358_clause_1_point_a_000_000_dong,crime_358,article_358,358,article_358_clause_1_point_a,Point,000.000 đồng,000.000,,vnd,000 000 dong
threshold_article_358_clause_2_point_c_000_000_dong_den,crime_358,article_358,358,article_358_clause_2_point_c,Point,000.000 đồng đến,000.000,,vnd,000 000 dong den
threshold_article_358_clause_2_point_c_000_000_dong,crime_358,article_358,358,article_358_clause_2_point_c,Point,000.000 đồng,000.000,,vnd,000 000 dong
threshold_article_358_clause_2_point_d_000_000_dong_den,crime_358,article_358,358,article_358_clause_2_point_d,Point,000.000 đồng đến,000.000,,vnd,000 000 dong den
threshold_article_358_clause_2_point_d_000_000_dong,crime_358,article_358,358,article_358_clause_2_point_d,Point,000.000 đồng,000.000,,vnd,000 000 dong
threshold_article_358_clause_3_point_a_000_000_dong_den,crime_358,article_358,358,article_358_clause_3_point_a,Point,000.000 đồng đến,000.000,,vnd,000 000 dong den
threshold_article_358_clause_3_point_a_000_000_dong,crime_358,article_358,358,article_358_clause_3_point_a,Point,000.000 đồng,000.000,,vnd,000 000 dong
threshold_article_358_clause_3_point_b_000_000_dong_den,crime_358,article_358,358,article_358_clause_3_point_b,Point,000.000 đồng đến,000.000,,vnd,000 000 dong den
threshold_article_358_clause_3_point_b_000_000_dong,crime_358,article_358,358,article_358_clause_3_point_b,Point,000.000 đồng,000.000,,vnd,000 000 dong
threshold_article_358_clause_4_point_a_000_000_dong_tro_len,crime_358,article_358,358,article_358_clause_4_point_a,Point,000.000 đồng trở lên,000.000,,vnd,000 000 dong tro len
threshold_article_358_clause_4_point_b_000_000_dong_tro_len,crime_358,article_358,358,article_358_clause_4_point_b,Point,000.000 đồng trở lên,000.000,,vnd,000 000 dong tro len
threshold_condition_article_359_clause_5_000_000_dong_den_200_000,crime_359,article_359,359,condition_article_359_clause_5,Condition,000.000 đồng đến 200.000,000.000,200.000,vnd,000 000 dong den 200 000
threshold_condition_article_359_clause_5_000_dong,crime_359,article_359,359,condition_article_359_clause_5,Condition,000 đồng,000,,vnd,000 dong
threshold_condition_article_359_clause_2_point_c_tu_02_g,crime_359,article_359,359,condition_article_359_clause_2_point_c,Condition,từ 02 g,02,,g,tu 02 g
threshold_condition_article_359_clause_2_point_c_05_g,crime_359,article_359,359,condition_article_359_clause_2_point_c,Condition,05 g,05,,g,05 g
threshold_condition_article_359_clause_3_point_a_tu_06_g,crime_359,article_359,359,condition_article_359_clause_3_point_a,Condition,từ 06 g,06,,g,tu 06 g
threshold_condition_article_359_clause_3_point_a_10_g,crime_359,article_359,359,condition_article_359_clause_3_point_a,Condition,10 g,10,,g,10 g
threshold_condition_article_359_clause_4_point_a_11_g,crime_359,article_359,359,condition_article_359_clause_4_point_a,Condition,11 g,11,,g,11 g
threshold_article_359_clause_2_tu_02_g,crime_359,article_359,359,article_359_clause_2,Clause,từ 02 g,02,,g,tu 02 g
threshold_article_359_clause_2_05_g,crime_359,article_359,359,article_359_clause_2,Clause,05 g,05,,g,05 g
threshold_article_359_clause_3_tu_06_g,crime_359,article_359,359,article_359_clause_3,Clause,từ 06 g,06,,g,tu 06 g
threshold_article_359_clause_3_10_g,crime_359,article_359,359,article_359_clause_3,Clause,10 g,10,,g,10 g
threshold_article_359_clause_4_11_g,crime_359,article_359,359,article_359_clause_4,Clause,11 g,11,,g,11 g
threshold_article_359_clause_5_000_000_dong_den_200_000,crime_359,article_359,359,article_359_clause_5,Clause,000.000 đồng đến 200.000,000.000,200.000,vnd,000 000 dong den 200 000
threshold_article_359_clause_5_000_dong,crime_359,article_359,359,article_359_clause_5,Clause,000 đồng,000,,vnd,000 dong
threshold_article_359_clause_2_point_c_tu_02_g,crime_359,article_359,359,article_359_clause_2_point_c,Point,từ 02 g,02,,g,tu 02 g
threshold_article_359_clause_2_point_c_05_g,crime_359,article_359,359,article_359_clause_2_point_c,Point,05 g,05,,g,05 g
threshold_article_359_clause_3_point_a_tu_06_g,crime_359,article_359,359,article_359_clause_3_point_a,Point,từ 06 g,06,,g,tu 06 g
threshold_article_359_clause_3_point_a_10_g,crime_359,article_359,359,article_359_clause_3_point_a,Point,10 g,10,,g,10 g
threshold_article_359_clause_4_point_a_11_g,crime_359,article_359,359,article_359_clause_4_point_a,Point,11 g,11,,g,11 g
threshold_condition_article_360_clause_1_point_b_61_tro_len,crime_360,article_360,360,condition_article_360_clause_1_point_b,Condition,61% trở lên,61,,percent,61 tro len
threshold_condition_article_360_clause_1_point_c_tu_61_den_121,crime_360,article_360,360,condition_article_360_clause_1_point_c,Condition,từ 61% đến 121%,61,121,percent,tu 61 den 121
threshold_condition_article_360_clause_1_point_d_000_000_dong_den,crime_360,article_360,360,condition_article_360_clause_1_point_d,Condition,000.000 đồng đến,000.000,,vnd,000 000 dong den
threshold_condition_article_360_clause_1_point_d_000_000_dong,crime_360,article_360,360,condition_article_360_clause_1_point_d,Condition,000.000 đồng,000.000,,vnd,000 000 dong
threshold_condition_article_360_clause_2_point_b_tu_122_den_200,crime_360,article_360,360,condition_article_360_clause_2_point_b,Condition,từ 122% đến 200%,122,200,percent,tu 122 den 200
threshold_condition_article_360_clause_2_point_c_000_000_dong_den,crime_360,article_360,360,condition_article_360_clause_2_point_c,Condition,000.000 đồng đến,000.000,,vnd,000 000 dong den
threshold_condition_article_360_clause_2_point_c_000_000_dong,crime_360,article_360,360,condition_article_360_clause_2_point_c,Condition,000.000 đồng,000.000,,vnd,000 000 dong
threshold_condition_article_360_clause_3_point_b_201_tro_len,crime_360,article_360,360,condition_article_360_clause_3_point_b,Condition,201% trở lên,201,,percent,201 tro len
threshold_condition_article_360_clause_3_point_c_000_000_dong_tro_len,crime_360,article_360,360,condition_article_360_clause_3_point_c,Condition,000.000 đồng trở lên,000.000,,vnd,000 000 dong tro len
threshold_article_360_clause_1_000_000_dong_den,crime_360,article_360,360,article_360_clause_1,Clause,000.000 đồng đến,000.000,,vnd,000 000 dong den
threshold_article_360_clause_1_000_000_dong,crime_360,article_360,360,article_360_clause_1,Clause,000.000 đồng,000.000,,vnd,000 000 dong
threshold_article_360_clause_1_61_tro_len,crime_360,article_360,360,article_360_clause_1,Clause,61% trở lên,61,,percent,61 tro len
threshold_article_360_clause_1_tu_61_den_121,crime_360,article_360,360,article_360_clause_1,Clause,từ 61% đến 121%,61,121,percent,tu 61 den 121
threshold_article_360_clause_2_000_000_dong_den,crime_360,article_360,360,article_360_clause_2,Clause,000.000 đồng đến,000.000,,vnd,000 000 dong den
threshold_article_360_clause_2_000_000_dong,crime_360,article_360,360,article_360_clause_2,Clause,000.000 đồng,000.000,,vnd,000 000 dong
threshold_article_360_clause_2_tu_122_den_200,crime_360,article_360,360,article_360_clause_2,Clause,từ 122% đến 200%,122,200,percent,tu 122 den 200
threshold_article_360_clause_3_000_000_dong_tro_len,crime_360,article_360,360,article_360_clause_3,Clause,000.000 đồng trở lên,000.000,,vnd,000 000 dong tro len
threshold_article_360_clause_3_201_tro_len,crime_360,article_360,360,article_360_clause_3,Clause,201% trở lên,201,,percent,201 tro len
threshold_article_360_clause_1_point_b_61_tro_len,crime_360,article_360,360,article_360_clause_1_point_b,Point,61% trở lên,61,,percent,61 tro len
threshold_article_360_clause_1_point_c_tu_61_den_121,crime_360,article_360,360,article_360_clause_1_point_c,Point,từ 61% đến 121%,61,121,percent,tu 61 den 121
threshold_article_360_clause_1_point_d_000_000_dong_den,crime_360,article_360,360,article_360_clause_1_point_d,Point,000.000 đồng đến,000.000,,vnd,000 000 dong den
threshold_article_360_clause_1_point_d_000_000_dong,crime_360,article_360,360,article_360_clause_1_point_d,Point,000.000 đồng,000.000,,vnd,000 000 dong
threshold_article_360_clause_2_point_b_tu_122_den_200,crime_360,article_360,360,article_360_clause_2_point_b,Point,từ 122% đến 200%,122,200,percent,tu 122 den 200
threshold_article_360_clause_2_point_c_000_000_dong_den,crime_360,article_360,360,article_360_clause_2_point_c,Point,000.000 đồng đến,000.000,,vnd,000 000 dong den
threshold_article_360_clause_2_point_c_000_000_dong,crime_360,article_360,360,article_360_clause_2_point_c,Point,000.000 đồng,000.000,,vnd,000 000 dong
threshold_article_360_clause_3_point_b_201_tro_len,crime_360,article_360,360,article_360_clause_3_point_b,Point,201% trở lên,201,,percent,201 tro len
threshold_article_360_clause_3_point_c_000_000_dong_tro_len,crime_360,article_360,360,article_360_clause_3_point_c,Point,000.000 đồng trở lên,000.000,,vnd,000 000 dong tro len
threshold_condition_article_361_clause_2_point_c_000_000_dong_tro_len,crime_361,article_361,361,condition_article_361_clause_2_point_c,Condition,000.000 đồng trở lên,000.000,,vnd,000 000 dong tro len
threshold_condition_article_361_clause_2_point_d_000_000_dong_tro_len,crime_361,article_361,361,condition_article_361_clause_2_point_d,Condition,000.000 đồng trở lên,000.000,,vnd,000 000 dong tro len
threshold_article_361_clause_2_000_000_dong_tro_len,crime_361,article_361,361,article_361_clause_2,Clause,000.000 đồng trở lên,000.000,,vnd,000 000 dong tro len
threshold_article_361_clause_2_point_c_000_000_dong_tro_len,crime_361,article_361,361,article_361_clause_2_point_c,Point,000.000 đồng trở lên,000.000,,vnd,000 000 dong tro len
threshold_article_361_clause_2_point_d_000_000_dong_tro_len,crime_361,article_361,361,article_361_clause_2_point_d,Point,000.000 đồng trở lên,000.000,,vnd,000 000 dong tro len
threshold_condition_article_362_clause_1_point_b_000_000_dong_den,crime_362,article_362,362,condition_article_362_clause_1_point_b,Condition,000.000 đồng đến,000.000,,vnd,000 000 dong den
threshold_condition_article_362_clause_1_point_b_000_000_dong,crime_362,article_362,362,condition_article_362_clause_1_point_b,Condition,000.000 đồng,000.000,,vnd,000 000 dong
threshold_condition_article_362_clause_2_point_a_000_000_dong_tro_len,crime_362,article_362,362,condition_article_362_clause_2_point_a,Condition,000.000 đồng trở lên,000.000,,vnd,000 000 dong tro len
threshold_article_362_clause_1_000_000_dong_den,crime_362,article_362,362,article_362_clause_1,Clause,000.000 đồng đến,000.000,,vnd,000 000 dong den
threshold_article_362_clause_1_000_000_dong,crime_362,article_362,362,article_362_clause_1,Clause,000.000 đồng,000.000,,vnd,000 000 dong
threshold_article_362_clause_2_000_000_dong_tro_len,crime_362,article_362,362,article_362_clause_2,Clause,000.000 đồng trở lên,000.000,,vnd,000 000 dong tro len
threshold_article_362_clause_1_point_b_000_000_dong_den,crime_362,article_362,362,article_362_clause_1_point_b,Point,000.000 đồng đến,000.000,,vnd,000 000 dong den
threshold_article_362_clause_1_point_b_000_000_dong,crime_362,article_362,362,article_362_clause_1_point_b,Point,000.000 đồng,000.000,,vnd,000 000 dong
threshold_article_362_clause_2_point_a_000_000_dong_tro_len,crime_362,article_362,362,article_362_clause_2_point_a,Point,000.000 đồng trở lên,000.000,,vnd,000 000 dong tro len
threshold_condition_article_364_clause_3_000_000_dong_den,crime_364,article_364,364,condition_article_364_clause_3,Condition,000.000 đồng đến,000.000,,vnd,000 000 dong den
threshold_condition_article_364_clause_3_000_000_dong,crime_364,article_364,364,condition_article_364_clause_3,Condition,000.000 đồng,000.000,,vnd,000 000 dong
threshold_condition_article_364_clause_4_000_000_dong_tro_len,crime_364,article_364,364,condition_article_364_clause_4,Condition,000.000 đồng trở lên,000.000,,vnd,000 000 dong tro len
threshold_condition_article_364_clause_5_000_000_dong_den_50_000,crime_364,article_364,364,condition_article_364_clause_5,Condition,000.000 đồng đến 50.000,000.000,50.000,vnd,000 000 dong den 50 000
threshold_condition_article_364_clause_5_000_dong,crime_364,article_364,364,condition_article_364_clause_5,Condition,000 đồng,000,,vnd,000 dong
threshold_condition_article_364_clause_1_point_a_000_000_dong_den,crime_364,article_364,364,condition_article_364_clause_1_point_a,Condition,000.000 đồng đến,000.000,,vnd,000 000 dong den
threshold_condition_article_364_clause_1_point_a_000_000_dong,crime_364,article_364,364,condition_article_364_clause_1_point_a,Condition,000.000 đồng,000.000,,vnd,000 000 dong
threshold_condition_article_364_clause_2_point_e_000_000_dong_den,crime_364,article_364,364,condition_article_364_clause_2_point_e,Condition,000.000 đồng đến,000.000,,vnd,000 000 dong den
threshold_condition_article_364_clause_2_point_e_000_000_dong,crime_364,article_364,364,condition_article_364_clause_2_point_e,Condition,000.000 đồng,000.000,,vnd,000 000 dong
threshold_article_364_clause_1_000_000_dong_den_200_000,crime_364,article_364,364,article_364_clause_1,Clause,000.000 đồng đến 200.000,000.000,200.000,vnd,000 000 dong den 200 000
threshold_article_364_clause_1_000_dong,crime_364,article_364,364,article_364_clause_1,Clause,000 đồng,000,,vnd,000 dong
threshold_article_364_clause_1_000_000_dong_den,crime_364,article_364,364,article_364_clause_1,Clause,000.000 đồng đến,000.000,,vnd,000 000 dong den
threshold_article_364_clause_1_000_000_dong,crime_364,article_364,364,article_364_clause_1,Clause,000.000 đồng,000.000,,vnd,000 000 dong
threshold_article_364_clause_2_000_000_dong_den,crime_364,article_364,364,article_364_clause_2,Clause,000.000 đồng đến,000.000,,vnd,000 000 dong den
threshold_article_364_clause_2_000_000_dong,crime_364,article_364,364,article_364_clause_2,Clause,000.000 đồng,000.000,,vnd,000 000 dong
threshold_article_364_clause_3_000_000_dong_den,crime_364,article_364,364,article_364_clause_3,Clause,000.000 đồng đến,000.000,,vnd,000 000 dong den
threshold_article_364_clause_3_000_000_dong,crime_364,article_364,364,article_364_clause_3,Clause,000.000 đồng,000.000,,vnd,000 000 dong
threshold_article_364_clause_4_000_000_dong_tro_len,crime_364,article_364,364,article_364_clause_4,Clause,000.000 đồng trở lên,000.000,,vnd,000 000 dong tro len
threshold_article_364_clause_5_000_000_dong_den_50_000,crime_364,article_364,364,article_364_clause_5,Clause,000.000 đồng đến 50.000,000.000,50.000,vnd,000 000 dong den 50 000
threshold_article_364_clause_5_000_dong,crime_364,article_364,364,article_364_clause_5,Clause,000 đồng,000,,vnd,000 dong
threshold_article_364_clause_1_point_a_000_000_dong_den,crime_364,article_364,364,article_364_clause_1_point_a,Point,000.000 đồng đến,000.000,,vnd,000 000 dong den
threshold_article_364_clause_1_point_a_000_000_dong,crime_364,article_364,364,article_364_clause_1_point_a,Point,000.000 đồng,000.000,,vnd,000 000 dong
threshold_article_364_clause_2_point_e_000_000_dong_den,crime_364,article_364,364,article_364_clause_2_point_e,Point,000.000 đồng đến,000.000,,vnd,000 000 dong den
threshold_article_364_clause_2_point_e_000_000_dong,crime_364,article_364,364,article_364_clause_2_point_e,Point,000.000 đồng,000.000,,vnd,000 000 dong
threshold_condition_article_365_clause_3_000_000_dong_den,crime_365,article_365,365,condition_article_365_clause_3,Condition,000.000 đồng đến,000.000,,vnd,000 000 dong den
threshold_condition_article_365_clause_3_000_000_dong,crime_365,article_365,365,condition_article_365_clause_3,Condition,000.000 đồng,000.000,,vnd,000 000 dong
threshold_condition_article_365_clause_4_000_000_dong_tro_len,crime_365,article_365,365,condition_article_365_clause_4,Condition,000.000 đồng trở lên,000.000,,vnd,000 000 dong tro len
threshold_condition_article_365_clause_5_000_000_dong_den_200_000,crime_365,article_365,365,condition_article_365_clause_5,Condition,000.000 đồng đến 200.000,000.000,200.000,vnd,000 000 dong den 200 000
threshold_condition_article_365_clause_5_000_dong,crime_365,article_365,365,condition_article_365_clause_5,Condition,000 đồng,000,,vnd,000 dong
threshold_condition_article_365_clause_1_point_a_000_000_dong_den,crime_365,article_365,365,condition_article_365_clause_1_point_a,Condition,000.000 đồng đến,000.000,,vnd,000 000 dong den
threshold_condition_article_365_clause_1_point_a_000_000_dong,crime_365,article_365,365,condition_article_365_clause_1_point_a,Condition,000.000 đồng,000.000,,vnd,000 000 dong
threshold_condition_article_365_clause_2_point_g_000_000_dong_den,crime_365,article_365,365,condition_article_365_clause_2_point_g,Condition,000.000 đồng đến,000.000,,vnd,000 000 dong den
threshold_condition_article_365_clause_2_point_g_000_000_dong,crime_365,article_365,365,condition_article_365_clause_2_point_g,Condition,000.000 đồng,000.000,,vnd,000 000 dong
threshold_article_365_clause_1_000_000_dong_den,crime_365,article_365,365,article_365_clause_1,Clause,000.000 đồng đến,000.000,,vnd,000 000 dong den
threshold_article_365_clause_1_000_000_dong,crime_365,article_365,365,article_365_clause_1,Clause,000.000 đồng,000.000,,vnd,000 000 dong
threshold_article_365_clause_2_000_000_dong_den,crime_365,article_365,365,article_365_clause_2,Clause,000.000 đồng đến,000.000,,vnd,000 000 dong den
threshold_article_365_clause_2_000_000_dong,crime_365,article_365,365,article_365_clause_2,Clause,000.000 đồng,000.000,,vnd,000 000 dong
threshold_article_365_clause_3_000_000_dong_den,crime_365,article_365,365,article_365_clause_3,Clause,000.000 đồng đến,000.000,,vnd,000 000 dong den
threshold_article_365_clause_3_000_000_dong,crime_365,article_365,365,article_365_clause_3,Clause,000.000 đồng,000.000,,vnd,000 000 dong
threshold_article_365_clause_4_000_000_dong_tro_len,crime_365,article_365,365,article_365_clause_4,Clause,000.000 đồng trở lên,000.000,,vnd,000 000 dong tro len
threshold_article_365_clause_5_000_000_dong_den_200_000,crime_365,article_365,365,article_365_clause_5,Clause,000.000 đồng đến 200.000,000.000,200.000,vnd,000 000 dong den 200 000
threshold_article_365_clause_5_000_dong,crime_365,article_365,365,article_365_clause_5,Clause,000 đồng,000,,vnd,000 dong
threshold_article_365_clause_1_point_a_000_000_dong_den,crime_365,article_365,365,article_365_clause_1_point_a,Point,000.000 đồng đến,000.000,,vnd,000 000 dong den
threshold_article_365_clause_1_point_a_000_000_dong,crime_365,article_365,365,article_365_clause_1_point_a,Point,000.000 đồng,000.000,,vnd,000 000 dong
threshold_article_365_clause_2_point_g_000_000_dong_den,crime_365,article_365,365,article_365_clause_2_point_g,Point,000.000 đồng đến,000.000,,vnd,000 000 dong den
threshold_article_365_clause_2_point_g_000_000_dong,crime_365,article_365,365,article_365_clause_2_point_g,Point,000.000 đồng,000.000,,vnd,000 000 dong
threshold_condition_article_366_clause_3_000_000_dong_tro_len,crime_366,article_366,366,condition_article_366_clause_3,Condition,000.000 đồng trở lên,000.000,,vnd,000 000 dong tro len
threshold_condition_article_366_clause_4_000_000_dong_den_50_000,crime_366,article_366,366,condition_article_366_clause_4,Condition,000.000 đồng đến 50.000,000.000,50.000,vnd,000 000 dong den 50 000
threshold_condition_article_366_clause_4_000_dong,crime_366,article_366,366,condition_article_366_clause_4,Condition,000 đồng,000,,vnd,000 dong
threshold_condition_article_366_clause_1_point_a_000_000_dong_den,crime_366,article_366,366,condition_article_366_clause_1_point_a,Condition,000.000 đồng đến,000.000,,vnd,000 000 dong den
threshold_condition_article_366_clause_1_point_a_000_000_dong,crime_366,article_366,366,condition_article_366_clause_1_point_a,Condition,000.000 đồng,000.000,,vnd,000 000 dong
threshold_condition_article_366_clause_2_point_b_000_000_dong_den,crime_366,article_366,366,condition_article_366_clause_2_point_b,Condition,000.000 đồng đến,000.000,,vnd,000 000 dong den
threshold_condition_article_366_clause_2_point_b_000_000_dong,crime_366,article_366,366,condition_article_366_clause_2_point_b,Condition,000.000 đồng,000.000,,vnd,000 000 dong
threshold_article_366_clause_1_000_000_dong_den,crime_366,article_366,366,article_366_clause_1,Clause,000.000 đồng đến,000.000,,vnd,000 000 dong den
threshold_article_366_clause_1_000_000_dong,crime_366,article_366,366,article_366_clause_1,Clause,000.000 đồng,000.000,,vnd,000 000 dong
threshold_article_366_clause_2_000_000_dong_den,crime_366,article_366,366,article_366_clause_2,Clause,000.000 đồng đến,000.000,,vnd,000 000 dong den
threshold_article_366_clause_2_000_000_dong,crime_366,article_366,366,article_366_clause_2,Clause,000.000 đồng,000.000,,vnd,000 000 dong
threshold_article_366_clause_3_000_000_dong_tro_len,crime_366,article_366,366,article_366_clause_3,Clause,000.000 đồng trở lên,000.000,,vnd,000 000 dong tro len
threshold_article_366_clause_4_000_000_dong_den_50_000,crime_366,article_366,366,article_366_clause_4,Clause,000.000 đồng đến 50.000,000.000,50.000,vnd,000 000 dong den 50 000
threshold_article_366_clause_4_000_dong,crime_366,article_366,366,article_366_clause_4,Clause,000 đồng,000,,vnd,000 dong
threshold_article_366_clause_1_point_a_000_000_dong_den,crime_366,article_366,366,article_366_clause_1_point_a,Point,000.000 đồng đến,000.000,,vnd,000 000 dong den
threshold_article_366_clause_1_point_a_000_000_dong,crime_366,article_366,366,article_366_clause_1_point_a,Point,000.000 đồng,000.000,,vnd,000 000 dong
threshold_article_366_clause_2_point_b_000_000_dong_den,crime_366,article_366,366,article_366_clause_2_point_b,Point,000.000 đồng đến,000.000,,vnd,000 000 dong den
threshold_article_366_clause_2_point_b_000_000_dong,crime_366,article_366,366,article_366_clause_2_point_b,Point,000.000 đồng,000.000,,vnd,000 000 dong
threshold_condition_article_368_clause_2_point_d_tu_31_den_60,crime_368,article_368,368,condition_article_368_clause_2_point_d,Condition,từ 31% đến 60%,31,60,percent,tu 31 den 60
threshold_condition_article_368_clause_3_point_c_61_tro_len,crime_368,article_368,368,condition_article_368_clause_3_point_c,Condition,61% trở lên,61,,percent,61 tro len
threshold_article_368_clause_2_tu_31_den_60,crime_368,article_368,368,article_368_clause_2,Clause,từ 31% đến 60%,31,60,percent,tu 31 den 60
threshold_article_368_clause_3_61_tro_len,crime_368,article_368,368,article_368_clause_3,Clause,61% trở lên,61,,percent,61 tro len
threshold_article_368_clause_2_point_d_tu_31_den_60,crime_368,article_368,368,article_368_clause_2_point_d,Point,từ 31% đến 60%,31,60,percent,tu 31 den 60
threshold_article_368_clause_3_point_c_61_tro_len,crime_368,article_368,368,article_368_clause_3_point_c,Point,61% trở lên,61,,percent,61 tro len
threshold_condition_article_370_clause_2_point_d_tu_31_den_60,crime_370,article_370,370,condition_article_370_clause_2_point_d,Condition,từ 31% đến 60%,31,60,percent,tu 31 den 60
threshold_condition_article_370_clause_2_point_e_000_000_dong_den,crime_370,article_370,370,condition_article_370_clause_2_point_e,Condition,000.000 đồng đến,000.000,,vnd,000 000 dong den
threshold_condition_article_370_clause_2_point_e_000_000_dong,crime_370,article_370,370,condition_article_370_clause_2_point_e,Condition,000.000 đồng,000.000,,vnd,000 000 dong
threshold_condition_article_370_clause_3_point_c_61_tro_len,crime_370,article_370,370,condition_article_370_clause_3_point_c,Condition,61% trở lên,61,,percent,61 tro len
threshold_condition_article_370_clause_3_point_d_000_000_dong_tro_len,crime_370,article_370,370,condition_article_370_clause_3_point_d,Condition,000.000 đồng trở lên,000.000,,vnd,000 000 dong tro len
threshold_article_370_clause_2_000_000_dong_den,crime_370,article_370,370,article_370_clause_2,Clause,000.000 đồng đến,000.000,,vnd,000 000 dong den
threshold_article_370_clause_2_000_000_dong,crime_370,article_370,370,article_370_clause_2,Clause,000.000 đồng,000.000,,vnd,000 000 dong
threshold_article_370_clause_2_tu_31_den_60,crime_370,article_370,370,article_370_clause_2,Clause,từ 31% đến 60%,31,60,percent,tu 31 den 60
threshold_article_370_clause_3_000_000_dong_tro_len,crime_370,article_370,370,article_370_clause_3,Clause,000.000 đồng trở lên,000.000,,vnd,000 000 dong tro len
threshold_article_370_clause_3_61_tro_len,crime_370,article_370,370,article_370_clause_3,Clause,61% trở lên,61,,percent,61 tro len
threshold_article_370_clause_2_point_d_tu_31_den_60,crime_370,article_370,370,article_370_clause_2_point_d,Point,từ 31% đến 60%,31,60,percent,tu 31 den 60
threshold_article_370_clause_2_point_e_000_000_dong_den,crime_370,article_370,370,article_370_clause_2_point_e,Point,000.000 đồng đến,000.000,,vnd,000 000 dong den
threshold_article_370_clause_2_point_e_000_000_dong,crime_370,article_370,370,article_370_clause_2_point_e,Point,000.000 đồng,000.000,,vnd,000 000 dong
threshold_article_370_clause_3_point_c_61_tro_len,crime_370,article_370,370,article_370_clause_3_point_c,Point,61% trở lên,61,,percent,61 tro len
threshold_article_370_clause_3_point_d_000_000_dong_tro_len,crime_370,article_370,370,article_370_clause_3_point_d,Point,000.000 đồng trở lên,000.000,,vnd,000 000 dong tro len
threshold_condition_article_371_clause_1_000_000_dong_den,crime_371,article_371,371,condition_article_371_clause_1,Condition,000.000 đồng đến,000.000,,vnd,000 000 dong den
threshold_condition_article_371_clause_1_000_000_dong,crime_371,article_371,371,condition_article_371_clause_1,Condition,000.000 đồng,000.000,,vnd,000 000 dong
threshold_condition_article_371_clause_2_point_d_tu_31_den_60,crime_371,article_371,371,condition_article_371_clause_2_point_d,Condition,từ 31% đến 60%,31,60,percent,tu 31 den 60
threshold_condition_article_371_clause_2_point_d_000_000_dong_den,crime_371,article_371,371,condition_article_371_clause_2_point_d,Condition,000.000 đồng đến,000.000,,vnd,000 000 dong den
threshold_condition_article_371_clause_2_point_d_000_000_dong,crime_371,article_371,371,condition_article_371_clause_2_point_d,Condition,000.000 đồng,000.000,,vnd,000 000 dong
threshold_condition_article_371_clause_3_point_a_61_tro_len,crime_371,article_371,371,condition_article_371_clause_3_point_a,Condition,61% trở lên,61,,percent,61 tro len
threshold_condition_article_371_clause_3_point_c_000_000_dong_tro_len,crime_371,article_371,371,condition_article_371_clause_3_point_c,Condition,000.000 đồng trở lên,000.000,,vnd,000 000 dong tro len
threshold_article_371_clause_1_000_000_dong_den,crime_371,article_371,371,article_371_clause_1,Clause,000.000 đồng đến,000.000,,vnd,000 000 dong den
threshold_article_371_clause_1_000_000_dong,crime_371,article_371,371,article_371_clause_1,Clause,000.000 đồng,000.000,,vnd,000 000 dong
threshold_article_371_clause_2_000_000_dong_den,crime_371,article_371,371,article_371_clause_2,Clause,000.000 đồng đến,000.000,,vnd,000 000 dong den
threshold_article_371_clause_2_000_000_dong,crime_371,article_371,371,article_371_clause_2,Clause,000.000 đồng,000.000,,vnd,000 000 dong
threshold_article_371_clause_2_tu_31_den_60,crime_371,article_371,371,article_371_clause_2,Clause,từ 31% đến 60%,31,60,percent,tu 31 den 60
threshold_article_371_clause_3_000_000_dong_tro_len,crime_371,article_371,371,article_371_clause_3,Clause,000.000 đồng trở lên,000.000,,vnd,000 000 dong tro len
threshold_article_371_clause_3_61_tro_len,crime_371,article_371,371,article_371_clause_3,Clause,61% trở lên,61,,percent,61 tro len
threshold_article_371_clause_2_point_d_tu_31_den_60,crime_371,article_371,371,article_371_clause_2_point_d,Point,từ 31% đến 60%,31,60,percent,tu 31 den 60
threshold_article_371_clause_2_point_d_000_000_dong_den,crime_371,article_371,371,article_371_clause_2_point_d,Point,000.000 đồng đến,000.000,,vnd,000 000 dong den
threshold_article_371_clause_2_point_d_000_000_dong,crime_371,article_371,371,article_371_clause_2_point_d,Point,000.000 đồng,000.000,,vnd,000 000 dong
threshold_article_371_clause_3_point_a_61_tro_len,crime_371,article_371,371,article_371_clause_3_point_a,Point,61% trở lên,61,,percent,61 tro len
threshold_article_371_clause_3_point_c_000_000_dong_tro_len,crime_371,article_371,371,article_371_clause_3_point_c,Point,000.000 đồng trở lên,000.000,,vnd,000 000 dong tro len
threshold_condition_article_372_clause_1_000_000_dong_den,crime_372,article_372,372,condition_article_372_clause_1,Condition,000.000 đồng đến,000.000,,vnd,000 000 dong den
threshold_condition_article_372_clause_1_000_000_dong,crime_372,article_372,372,condition_article_372_clause_1,Condition,000.000 đồng,000.000,,vnd,000 000 dong
threshold_condition_article_372_clause_2_point_d_000_000_dong_den,crime_372,article_372,372,condition_article_372_clause_2_point_d,Condition,000.000 đồng đến,000.000,,vnd,000 000 dong den
threshold_condition_article_372_clause_2_point_d_000_000_dong,crime_372,article_372,372,condition_article_372_clause_2_point_d,Condition,000.000 đồng,000.000,,vnd,000 000 dong
threshold_condition_article_372_clause_3_point_b_000_000_dong_tro_len,crime_372,article_372,372,condition_article_372_clause_3_point_b,Condition,000.000 đồng trở lên,000.000,,vnd,000 000 dong tro len
threshold_article_372_clause_1_000_000_dong_den,crime_372,article_372,372,article_372_clause_1,Clause,000.000 đồng đến,000.000,,vnd,000 000 dong den
threshold_article_372_clause_1_000_000_dong,crime_372,article_372,372,article_372_clause_1,Clause,000.000 đồng,000.000,,vnd,000 000 dong
threshold_article_372_clause_2_000_000_dong_den,crime_372,article_372,372,article_372_clause_2,Clause,000.000 đồng đến,000.000,,vnd,000 000 dong den
threshold_article_372_clause_2_000_000_dong,crime_372,article_372,372,article_372_clause_2,Clause,000.000 đồng,000.000,,vnd,000 000 dong
threshold_article_372_clause_3_000_000_dong_tro_len,crime_372,article_372,372,article_372_clause_3,Clause,000.000 đồng trở lên,000.000,,vnd,000 000 dong tro len
threshold_article_372_clause_2_point_d_000_000_dong_den,crime_372,article_372,372,article_372_clause_2_point_d,Point,000.000 đồng đến,000.000,,vnd,000 000 dong den
threshold_article_372_clause_2_point_d_000_000_dong,crime_372,article_372,372,article_372_clause_2_point_d,Point,000.000 đồng,000.000,,vnd,000 000 dong
threshold_article_372_clause_3_point_b_000_000_dong_tro_len,crime_372,article_372,372,article_372_clause_3_point_b,Point,000.000 đồng trở lên,000.000,,vnd,000 000 dong tro len
threshold_condition_article_373_clause_2_point_d_tu_11_den_60,crime_373,article_373,373,condition_article_373_clause_2_point_d,Condition,từ 11% đến 60%,11,60,percent,tu 11 den 60
threshold_condition_article_373_clause_3_point_a_61_tro_len,crime_373,article_373,373,condition_article_373_clause_3_point_a,Condition,61% trở lên,61,,percent,61 tro len
threshold_article_373_clause_2_tu_11_den_60,crime_373,article_373,373,article_373_clause_2,Clause,từ 11% đến 60%,11,60,percent,tu 11 den 60
threshold_article_373_clause_3_61_tro_len,crime_373,article_373,373,article_373_clause_3,Clause,61% trở lên,61,,percent,61 tro len
threshold_article_373_clause_2_point_d_tu_11_den_60,crime_373,article_373,373,article_373_clause_2_point_d,Point,từ 11% đến 60%,11,60,percent,tu 11 den 60
threshold_article_373_clause_3_point_a_61_tro_len,crime_373,article_373,373,article_373_clause_3_point_a,Point,61% trở lên,61,,percent,61 tro len
threshold_condition_article_375_clause_2_point_c_000_000_dong_den,crime_375,article_375,375,condition_article_375_clause_2_point_c,Condition,000.000 đồng đến,000.000,,vnd,000 000 dong den
threshold_condition_article_375_clause_2_point_c_000_000_dong,crime_375,article_375,375,condition_article_375_clause_2_point_c,Condition,000.000 đồng,000.000,,vnd,000 000 dong
threshold_condition_article_375_clause_3_point_c_000_000_dong_tro_len,crime_375,article_375,375,condition_article_375_clause_3_point_c,Condition,000.000 đồng trở lên,000.000,,vnd,000 000 dong tro len
threshold_article_375_clause_2_000_000_dong_den,crime_375,article_375,375,article_375_clause_2,Clause,000.000 đồng đến,000.000,,vnd,000 000 dong den
threshold_article_375_clause_2_000_000_dong,crime_375,article_375,375,article_375_clause_2,Clause,000.000 đồng,000.000,,vnd,000 000 dong
threshold_article_375_clause_3_000_000_dong_tro_len,crime_375,article_375,375,article_375_clause_3,Clause,000.000 đồng trở lên,000.000,,vnd,000 000 dong tro len
threshold_article_375_clause_2_point_c_000_000_dong_den,crime_375,article_375,375,article_375_clause_2_point_c,Point,000.000 đồng đến,000.000,,vnd,000 000 dong den
threshold_article_375_clause_2_point_c_000_000_dong,crime_375,article_375,375,article_375_clause_2_point_c,Point,000.000 đồng,000.000,,vnd,000 000 dong
threshold_article_375_clause_3_point_c_000_000_dong_tro_len,crime_375,article_375,375,article_375_clause_3_point_c,Point,000.000 đồng trở lên,000.000,,vnd,000 000 dong tro len
threshold_condition_article_377_clause_2_point_b_tu_31_den_60,crime_377,article_377,377,condition_article_377_clause_2_point_b,Condition,từ 31% đến 60%,31,60,percent,tu 31 den 60
threshold_condition_article_377_clause_3_point_b_61_tro_len,crime_377,article_377,377,condition_article_377_clause_3_point_b,Condition,61% trở lên,61,,percent,61 tro len
threshold_article_377_clause_2_tu_31_den_60,crime_377,article_377,377,article_377_clause_2,Clause,từ 31% đến 60%,31,60,percent,tu 31 den 60
threshold_article_377_clause_3_61_tro_len,crime_377,article_377,377,article_377_clause_3,Clause,61% trở lên,61,,percent,61 tro len
threshold_article_377_clause_2_point_b_tu_31_den_60,crime_377,article_377,377,article_377_clause_2_point_b,Point,từ 31% đến 60%,31,60,percent,tu 31 den 60
threshold_article_377_clause_3_point_b_61_tro_len,crime_377,article_377,377,article_377_clause_3_point_b,Point,61% trở lên,61,,percent,61 tro len
threshold_condition_article_379_clause_1_point_d_000_000_dong_den,crime_379,article_379,379,condition_article_379_clause_1_point_d,Condition,000.000 đồng đến,000.000,,vnd,000 000 dong den
threshold_condition_article_379_clause_1_point_d_000_000_dong,crime_379,article_379,379,condition_article_379_clause_1_point_d,Condition,000.000 đồng,000.000,,vnd,000 000 dong
threshold_condition_article_379_clause_2_point_c_000_000_dong_den,crime_379,article_379,379,condition_article_379_clause_2_point_c,Condition,000.000 đồng đến,000.000,,vnd,000 000 dong den
threshold_condition_article_379_clause_2_point_c_000_000_dong,crime_379,article_379,379,condition_article_379_clause_2_point_c,Condition,000.000 đồng,000.000,,vnd,000 000 dong
threshold_condition_article_379_clause_3_point_b_000_000_dong_tro_len,crime_379,article_379,379,condition_article_379_clause_3_point_b,Condition,000.000 đồng trở lên,000.000,,vnd,000 000 dong tro len
threshold_article_379_clause_1_000_000_dong_den,crime_379,article_379,379,article_379_clause_1,Clause,000.000 đồng đến,000.000,,vnd,000 000 dong den
threshold_article_379_clause_1_000_000_dong,crime_379,article_379,379,article_379_clause_1,Clause,000.000 đồng,000.000,,vnd,000 000 dong
threshold_article_379_clause_2_000_000_dong_den,crime_379,article_379,379,article_379_clause_2,Clause,000.000 đồng đến,000.000,,vnd,000 000 dong den
threshold_article_379_clause_2_000_000_dong,crime_379,article_379,379,article_379_clause_2,Clause,000.000 đồng,000.000,,vnd,000 000 dong
threshold_article_379_clause_3_000_000_dong_tro_len,crime_379,article_379,379,article_379_clause_3,Clause,000.000 đồng trở lên,000.000,,vnd,000 000 dong tro len
threshold_article_379_clause_1_point_d_000_000_dong_den,crime_379,article_379,379,article_379_clause_1_point_d,Point,000.000 đồng đến,000.000,,vnd,000 000 dong den
threshold_article_379_clause_1_point_d_000_000_dong,crime_379,article_379,379,article_379_clause_1_point_d,Point,000.000 đồng,000.000,,vnd,000 000 dong
threshold_article_379_clause_2_point_c_000_000_dong_den,crime_379,article_379,379,article_379_clause_2_point_c,Point,000.000 đồng đến,000.000,,vnd,000 000 dong den
threshold_article_379_clause_2_point_c_000_000_dong,crime_379,article_379,379,article_379_clause_2_point_c,Point,000.000 đồng,000.000,,vnd,000 000 dong
threshold_article_379_clause_3_point_b_000_000_dong_tro_len,crime_379,article_379,379,article_379_clause_3_point_b,Point,000.000 đồng trở lên,000.000,,vnd,000 000 dong tro len
threshold_condition_article_380_clause_3_000_000_dong_den_50_000,crime_380,article_380,380,condition_article_380_clause_3,Condition,000.000 đồng đến 50.000,000.000,50.000,vnd,000 000 dong den 50 000
threshold_condition_article_380_clause_3_000_dong,crime_380,article_380,380,condition_article_380_clause_3,Condition,000 đồng,000,,vnd,000 dong
threshold_article_380_clause_3_000_000_dong_den_50_000,crime_380,article_380,380,article_380_clause_3,Clause,000.000 đồng đến 50.000,000.000,50.000,vnd,000 000 dong den 50 000
threshold_article_380_clause_3_000_dong,crime_380,article_380,380,article_380_clause_3,Clause,000 đồng,000,,vnd,000 dong
threshold_condition_article_381_clause_1_point_c_000_000_dong_den,crime_381,article_381,381,condition_article_381_clause_1_point_c,Condition,000.000 đồng đến,000.000,,vnd,000 000 dong den
threshold_condition_article_381_clause_1_point_c_000_000_dong,crime_381,article_381,381,condition_article_381_clause_1_point_c,Condition,000.000 đồng,000.000,,vnd,000 000 dong
threshold_condition_article_381_clause_1_point_d_000_000_dong_den,crime_381,article_381,381,condition_article_381_clause_1_point_d,Condition,000.000 đồng đến,000.000,,vnd,000 000 dong den
threshold_condition_article_381_clause_1_point_d_000_000_dong,crime_381,article_381,381,condition_article_381_clause_1_point_d,Condition,000.000 đồng,000.000,,vnd,000 000 dong
threshold_condition_article_381_clause_2_point_c_000_000_dong_tro_len,crime_381,article_381,381,condition_article_381_clause_2_point_c,Condition,000.000 đồng trở lên,000.000,,vnd,000 000 dong tro len
threshold_condition_article_381_clause_2_point_d_000_000_dong_tro_len,crime_381,article_381,381,condition_article_381_clause_2_point_d,Condition,000.000 đồng trở lên,000.000,,vnd,000 000 dong tro len
threshold_article_381_clause_1_000_000_dong_den,crime_381,article_381,381,article_381_clause_1,Clause,000.000 đồng đến,000.000,,vnd,000 000 dong den
threshold_article_381_clause_1_000_000_dong,crime_381,article_381,381,article_381_clause_1,Clause,000.000 đồng,000.000,,vnd,000 000 dong
threshold_article_381_clause_2_000_000_dong_tro_len,crime_381,article_381,381,article_381_clause_2,Clause,000.000 đồng trở lên,000.000,,vnd,000 000 dong tro len
threshold_article_381_clause_1_point_c_000_000_dong_den,crime_381,article_381,381,article_381_clause_1_point_c,Point,000.000 đồng đến,000.000,,vnd,000 000 dong den
threshold_article_381_clause_1_point_c_000_000_dong,crime_381,article_381,381,article_381_clause_1_point_c,Point,000.000 đồng,000.000,,vnd,000 000 dong
threshold_article_381_clause_1_point_d_000_000_dong_den,crime_381,article_381,381,article_381_clause_1_point_d,Point,000.000 đồng đến,000.000,,vnd,000 000 dong den
threshold_article_381_clause_1_point_d_000_000_dong,crime_381,article_381,381,article_381_clause_1_point_d,Point,000.000 đồng,000.000,,vnd,000 000 dong
threshold_article_381_clause_2_point_c_000_000_dong_tro_len,crime_381,article_381,381,article_381_clause_2_point_c,Point,000.000 đồng trở lên,000.000,,vnd,000 000 dong tro len
threshold_article_381_clause_2_point_d_000_000_dong_tro_len,crime_381,article_381,381,article_381_clause_2_point_d,Point,000.000 đồng trở lên,000.000,,vnd,000 000 dong tro len
threshold_condition_article_385_clause_2_point_b_000_000_dong_tro_len,crime_385,article_385,385,condition_article_385_clause_2_point_b,Condition,000.000 đồng trở lên,000.000,,vnd,000 000 dong tro len
threshold_article_385_clause_2_000_000_dong_tro_len,crime_385,article_385,385,article_385_clause_2,Clause,000.000 đồng trở lên,000.000,,vnd,000 000 dong tro len
threshold_article_385_clause_2_point_b_000_000_dong_tro_len,crime_385,article_385,385,article_385_clause_2_point_b,Point,000.000 đồng trở lên,000.000,,vnd,000 000 dong tro len
threshold_article_391_clause_1_000_000_dong_den_100_000,crime_391,article_391,391,article_391_clause_1,Clause,000.000 đồng đến 100.000,000.000,100.000,vnd,000 000 dong den 100 000
threshold_article_391_clause_1_000_dong,crime_391,article_391,391,article_391_clause_1,Clause,000 đồng,000,,vnd,000 dong
threshold_condition_article_397_clause_2_point_g_61_tro_len,crime_397,article_397,397,condition_article_397_clause_2_point_g,Condition,61% trở lên,61,,percent,61 tro len
threshold_article_397_clause_2_61_tro_len,crime_397,article_397,397,article_397_clause_2,Clause,61% trở lên,61,,percent,61 tro len
threshold_article_397_clause_2_point_g_61_tro_len,crime_397,article_397,397,article_397_clause_2_point_g,Point,61% trở lên,61,,percent,61 tro len
threshold_condition_article_410_clause_1_point_c_000_000_dong_den,crime_410,article_410,410,condition_article_410_clause_1_point_c,Condition,000.000 đồng đến,000.000,,vnd,000 000 dong den
threshold_condition_article_410_clause_1_point_c_000_000_dong,crime_410,article_410,410,condition_article_410_clause_1_point_c,Condition,000.000 đồng,000.000,,vnd,000 000 dong
threshold_condition_article_410_clause_2_point_e_000_000_dong_tro_len,crime_410,article_410,410,condition_article_410_clause_2_point_e,Condition,000.000 đồng trở lên,000.000,,vnd,000 000 dong tro len
threshold_article_410_clause_1_000_000_dong_den,crime_410,article_410,410,article_410_clause_1,Clause,000.000 đồng đến,000.000,,vnd,000 000 dong den
threshold_article_410_clause_1_000_000_dong,crime_410,article_410,410,article_410_clause_1,Clause,000.000 đồng,000.000,,vnd,000 000 dong
threshold_article_410_clause_2_000_000_dong_tro_len,crime_410,article_410,410,article_410_clause_2,Clause,000.000 đồng trở lên,000.000,,vnd,000 000 dong tro len
threshold_article_410_clause_1_point_c_000_000_dong_den,crime_410,article_410,410,article_410_clause_1_point_c,Point,000.000 đồng đến,000.000,,vnd,000 000 dong den
threshold_article_410_clause_1_point_c_000_000_dong,crime_410,article_410,410,article_410_clause_1_point_c,Point,000.000 đồng,000.000,,vnd,000 000 dong
threshold_article_410_clause_2_point_e_000_000_dong_tro_len,crime_410,article_410,410,article_410_clause_2_point_e,Point,000.000 đồng trở lên,000.000,,vnd,000 000 dong tro len
threshold_condition_article_416_clause_1_000_000_dong_den,crime_416,article_416,416,condition_article_416_clause_1,Condition,000.000 đồng đến,000.000,,vnd,000 000 dong den
threshold_condition_article_416_clause_1_000_000_dong,crime_416,article_416,416,condition_article_416_clause_1,Condition,000.000 đồng,000.000,,vnd,000 000 dong
threshold_condition_article_416_clause_2_000_000_dong_tro_len,crime_416,article_416,416,condition_article_416_clause_2,Condition,000.000 đồng trở lên,000.000,,vnd,000 000 dong tro len
threshold_article_416_clause_1_000_000_dong_den,crime_416,article_416,416,article_416_clause_1,Clause,000.000 đồng đến,000.000,,vnd,000 000 dong den
threshold_article_416_clause_1_000_000_dong,crime_416,article_416,416,article_416_clause_1,Clause,000.000 đồng,000.000,,vnd,000 000 dong
threshold_article_416_clause_2_000_000_dong_tro_len,crime_416,article_416,416,article_416_clause_2,Clause,000.000 đồng trở lên,000.000,,vnd,000 000 dong tro len
threshold_condition_article_419_clause_2_point_b_000_000_dong_den,crime_419,article_419,419,condition_article_419_clause_2_point_b,Condition,000.000 đồng đến,000.000,,vnd,000 000 dong den
threshold_condition_article_419_clause_2_point_b_000_000_dong,crime_419,article_419,419,condition_article_419_clause_2_point_b,Condition,000.000 đồng,000.000,,vnd,000 000 dong
threshold_condition_article_419_clause_3_point_a_000_000_dong_tro_len,crime_419,article_419,419,condition_article_419_clause_3_point_a,Condition,000.000 đồng trở lên,000.000,,vnd,000 000 dong tro len
threshold_article_419_clause_2_000_000_dong_den,crime_419,article_419,419,article_419_clause_2,Clause,000.000 đồng đến,000.000,,vnd,000 000 dong den
threshold_article_419_clause_2_000_000_dong,crime_419,article_419,419,article_419_clause_2,Clause,000.000 đồng,000.000,,vnd,000 000 dong
threshold_article_419_clause_3_000_000_dong_tro_len,crime_419,article_419,419,article_419_clause_3,Clause,000.000 đồng trở lên,000.000,,vnd,000 000 dong tro len
threshold_article_419_clause_2_point_b_000_000_dong_den,crime_419,article_419,419,article_419_clause_2_point_b,Point,000.000 đồng đến,000.000,,vnd,000 000 dong den
threshold_article_419_clause_2_point_b_000_000_dong,crime_419,article_419,419,article_419_clause_2_point_b,Point,000.000 đồng,000.000,,vnd,000 000 dong
threshold_article_419_clause_3_point_a_000_000_dong_tro_len,crime_419,article_419,419,article_419_clause_3_point_a,Point,000.000 đồng trở lên,000.000,,vnd,000 000 dong tro len
