id,crime_id,article_id,article_code,requirement_type,text,normalized_text
subjreq_crime_108_subject_cong_dan_viet_nam_nao_cau_ket_voi_nuoc_ngoai_nham_gay_nguy_hai_cho_doc_lap_chu_quyen_thong_nhat_va_toa,crime_108,article_108,108,subject,"Công dân Việt Nam nào câu kết với nước ngoài nhằm gây nguy hại cho độc lập, chủ quyền, thống nhất và toàn vẹn lãnh thổ của Tổ quốc, chế độ xã hội chủ nghĩa và Nhà nước Cộng hòa xã hội chủ nghĩa Việt Nam, tiềm lực quốc phòng, an ninh, thì bị phạt tù từ 12 năm đến 20 năm, tù chung thân hoặc tử hình",cong dan viet nam nao cau ket voi nuoc ngoai nham gay nguy hai cho doc lap chu quyen thong nhat va toan ven lanh tho cua to quoc che do xa hoi chu nghia va nha nuoc cong hoa xa hoi chu nghia viet nam tiem luc quoc phong an ninh thi bi phat tu tu 12 nam den 20 nam tu chung than hoac tu hinh
subjreq_crime_109_subject_nguoi_nao_hoat_dong_thanh_lap_hoac_tham_gia_to_chuc_nham_lat_do_chinh_quyen_nhan_dan_thi_bi_phat_nhu_s,crime_109,article_109,109,subject,"Người nào hoạt động thành lập hoặc tham gia tổ chức nhằm lật đổ chính quyền nhân dân, thì bị phạt như sau: 1",nguoi nao hoat dong thanh lap hoac tham gia to chuc nham lat do chinh quyen nhan dan thi bi phat nhu sau 1
subjreq_crime_110_subject_nguoi_nao_co_mot_trong_cac_hanh_vi_sau_day_thi_bi_phat_tu_tu_12_nam_den_20_nam_hoac_tu_chung_than_a_ho,crime_110,article_110,110,subject,"Người nào có một trong các hành vi sau đây, thì bị phạt tù từ 12 năm đến 20 năm hoặc tù chung thân: a) Hoạt động tình báo, phá hoại hoặc gây cơ sở để hoạt động tình báo, phá hoại chống nước Cộng hòa xã hội chủ nghĩa Việt Nam",nguoi nao co mot trong cac hanh vi sau day thi bi phat tu tu 12 nam den 20 nam hoac tu chung than a hoat dong tinh bao pha hoai hoac gay co so de hoat dong tinh bao pha hoai chong nuoc cong hoa xa hoi chu nghia viet nam
subjreq_crime_111_subject_nguoi_nao_xam_nhap_lanh_tho_co_hanh_dong_lam_sai_lech_duong_bien_gioi_quoc_gia_hoac_co_hanh_dong_khac_,crime_111,article_111,111,subject,"Người nào xâm nhập lãnh thổ, có hành động làm sai lệch đường biên giới quốc gia hoặc có hành động khác nhằm gây phương hại cho an ninh lãnh thổ của nước Cộng hòa xã hội chủ nghĩa Việt Nam, thì bị phạt như sau: 1",nguoi nao xam nhap lanh tho co hanh dong lam sai lech duong bien gioi quoc gia hoac co hanh dong khac nham gay phuong hai cho an ninh lanh tho cua nuoc cong hoa xa hoi chu nghia viet nam thi bi phat nhu sau 1
subjreq_crime_112_subject_nguoi_nao_hoat_dong_vu_trang_hoac_dung_bao_luc_co_to_chuc_hoac_cuop_pha_tai_san_cua_co_quan_to_chuc_ca,crime_112,article_112,112,subject,"Người nào hoạt động vũ trang hoặc dùng bạo lực có tổ chức hoặc cướp phá tài sản của cơ quan, tổ chức, cá nhân nhằm chống chính quyền nhân dân, thì bị phạt như sau: 1",nguoi nao hoat dong vu trang hoac dung bao luc co to chuc hoac cuop pha tai san cua co quan to chuc ca nhan nham chong chinh quyen nhan dan thi bi phat nhu sau 1
subjreq_crime_113_subject_nguoi_nao_nham_chong_chinh_quyen_nhan_dan_ma_xam_pham_tinh_mang_cua_can_bo_cong_chuc_hoac_nguoi_khac_h,crime_113,article_113,113,subject,"Người nào nhằm chống chính quyền nhân dân mà xâm phạm tính mạng của cán bộ, công chức hoặc người khác hoặc phá hủy tài sản của cơ quan, tổ chức, cá nhân, thì bị phạt tù từ 12 năm đến 20 năm, tù chung thân hoặc tử hình",nguoi nao nham chong chinh quyen nhan dan ma xam pham tinh mang cua can bo cong chuc hoac nguoi khac hoac pha huy tai san cua co quan to chuc ca nhan thi bi phat tu tu 12 nam den 20 nam tu chung than hoac tu hinh
subjreq_crime_114_subject_nguoi_nao_nham_chong_chinh_quyen_nhan_dan_ma_pha_hoai_co_so_vat_chat_ky_thuat_cua_nuoc_cong_hoa_xa_hoi,crime_114,article_114,114,subject,"Người nào nhằm chống chính quyền nhân dân mà phá hoại cơ sở vật chất - kỹ thuật của nước Cộng hòa xã hội chủ nghĩa Việt Nam trong các lĩnh vực chính trị, quốc phòng, an ninh, kinh tế, khoa học - kỹ thuật, văn hóa, xã hội, thì bị phạt tù từ 12 năm đến 20 năm hoặc tù chung thân",nguoi nao nham chong chinh quyen nhan dan ma pha hoai co so vat chat ky thuat cua nuoc cong hoa xa hoi chu nghia viet nam trong cac linh vuc chinh tri quoc phong an ninh kinh te khoa hoc ky thuat van hoa xa hoi thi bi phat tu tu 12 nam den 20 nam hoac tu chung than
subjreq_crime_115_subject_nguoi_nao_nham_chong_chinh_quyen_nhan_dan_ma_pha_hoai_viec_thuc_hien_cac_chinh_sach_kinh_te_xa_hoi_thi,crime_115,article_115,115,subject,"Người nào nhằm chống chính quyền nhân dân mà phá hoại việc thực hiện các chính sách kinh tế - xã hội, thì bị phạt tù từ 07 năm đến 15 năm",nguoi nao nham chong chinh quyen nhan dan ma pha hoai viec thuc hien cac chinh sach kinh te xa hoi thi bi phat tu tu 07 nam den 15 nam
subjreq_crime_116_subject_nguoi_nao_thuc_hien_mot_trong_nhung_hanh_vi_sau_day_nham_chong_chinh_quyen_nhan_dan_thi_bi_phat_tu_tu_,crime_116,article_116,116,subject,"Người nào thực hiện một trong những hành vi sau đây nhằm chống chính quyền nhân dân, thì bị phạt tù từ 07 năm đến 15 năm: a) Gây chia rẽ giữa các tầng lớp nhân dân, giữa nhân dân với chính quyền nhân dân, với lực lượng vũ trang nhân dân, với các tổ chức chính trị - xã hội",nguoi nao thuc hien mot trong nhung hanh vi sau day nham chong chinh quyen nhan dan thi bi phat tu tu 07 nam den 15 nam a gay chia re giua cac tang lop nhan dan giua nhan dan voi chinh quyen nhan dan voi luc luong vu trang nhan dan voi cac to chuc chinh tri xa hoi
subjreq_crime_117_subject_nguoi_nao_co_mot_trong_nhung_hanh_vi_sau_day_nham_chong_nha_nuoc_cong_hoa_xa_hoi_chu_nghia_viet_nam_th,crime_117,article_117,117,subject,"Người nào có một trong những hành vi sau đây nhằm chống Nhà nước Cộng hòa xã hội chủ nghĩa Việt Nam, thì bị phạt tù từ 05 năm đến 12 năm: a) Làm, tàng trữ, phát tán hoặc tuyên truyền thông tin, tài liệu, vật phẩm có nội dung xuyên tạc, phỉ báng chính quyền nhân dân",nguoi nao co mot trong nhung hanh vi sau day nham chong nha nuoc cong hoa xa hoi chu nghia viet nam thi bi phat tu tu 05 nam den 12 nam a lam tang tru phat tan hoac tuyen truyen thong tin tai lieu vat pham co noi dung xuyen tac phi bang chinh quyen nhan dan
subjreq_crime_118_subject_nguoi_nao_nham_chong_chinh_quyen_nhan_dan_ma_kich_dong_loi_keo_tu_tap_nhieu_nguoi_pha_roi_an_ninh_chon,crime_118,article_118,118,subject,"Người nào nhằm chống chính quyền nhân dân mà kích động, lôi kéo, tụ tập nhiều người phá rối an ninh, chống người thi hành công vụ, cản trở hoạt động của cơ quan, tổ chức, nếu không thuộc trường hợp quy định tại Điều 112 của Bộ luật này, thì bị phạt tù từ 05 năm đến 15 năm",nguoi nao nham chong chinh quyen nhan dan ma kich dong loi keo tu tap nhieu nguoi pha roi an ninh chong nguoi thi hanh cong vu can tro hoat dong cua co quan to chuc neu khong thuoc truong hop quy dinh tai dieu 112 cua bo luat nay thi bi phat tu tu 05 nam den 15 nam
subjreq_crime_119_subject_nguoi_nao_nham_chong_chinh_quyen_nhan_dan_ma_pha_co_so_giam_giu_to_chuc_tron_khoi_co_so_giam_giu_danh_,crime_119,article_119,119,subject,"Người nào nhằm chống chính quyền nhân dân mà phá cơ sở giam giữ, tổ chức trốn khỏi cơ sở giam giữ, đánh tháo người bị giam giữ, người bị áp giải hoặc trốn khỏi cơ sở giam giữ, thì bị phạt tù từ 10 năm đến 20 năm hoặc tù chung thân",nguoi nao nham chong chinh quyen nhan dan ma pha co so giam giu to chuc tron khoi co so giam giu danh thao nguoi bi giam giu nguoi bi ap giai hoac tron khoi co so giam giu thi bi phat tu tu 10 nam den 20 nam hoac tu chung than
subjreq_crime_120_subject_nguoi_nao_to_chuc_cuong_ep_xui_giuc_nguoi_khac_tron_di_nuoc_ngoai_hoac_tron_o_lai_nuoc_ngoai_nham_chon,crime_120,article_120,120,subject,"Người nào tổ chức, cưỡng ép, xúi giục người khác trốn đi nước ngoài hoặc trốn ở lại nước ngoài nhằm chống chính quyền nhân dân, thì bị phạt tù từ 05 năm đến 15 năm",nguoi nao to chuc cuong ep xui giuc nguoi khac tron di nuoc ngoai hoac tron o lai nuoc ngoai nham chong chinh quyen nhan dan thi bi phat tu tu 05 nam den 15 nam
subjreq_crime_121_subject_nguoi_nao_tron_di_nuoc_ngoai_hoac_tron_o_lai_nuoc_ngoai_nham_chong_chinh_quyen_nhan_dan_thi_bi_phat_tu,crime_121,article_121,121,subject,"Người nào trốn đi nước ngoài hoặc trốn ở lại nước ngoài nhằm chống chính quyền nhân dân, thì bị phạt tù từ 03 năm đến 12 năm",nguoi nao tron di nuoc ngoai hoac tron o lai nuoc ngoai nham chong chinh quyen nhan dan thi bi phat tu tu 03 nam den 12 nam
subjreq_crime_122_subject_chu_the_theo_quy_dinh_chung_cua_bo_luat_hinh_su,crime_122,article_122,122,subject,Chủ thể theo quy định chung của Bộ luật hình sự,chu the theo quy dinh chung cua bo luat hinh su
subjreq_crime_123_subject_nguoi_nao_giet_nguoi_thuoc_mot_trong_cac_truong_hop_sau_day_thi_bi_phat_tu_tu_12_nam_den_20_nam_tu_chu,crime_123,article_123,123,subject,"Người nào giết người thuộc một trong các trường hợp sau đây, thì bị phạt tù từ 12 năm đến 20 năm, tù chung thân hoặc tử hình: a) Giết 02 người trở lên",nguoi nao giet nguoi thuoc mot trong cac truong hop sau day thi bi phat tu tu 12 nam den 20 nam tu chung than hoac tu hinh a giet 02 nguoi tro len
subjreq_crime_123_subject_nguoi_duoi_16_tuoi,crime_123,article_123,123,subject,người dưới 16 tuổi,nguoi duoi 16 tuoi
subjreq_crime_124_subject_chu_the_theo_quy_dinh_chung_cua_bo_luat_hinh_su,crime_124,article_124,124,subject,Chủ thể theo quy định chung của Bộ luật hình sự,chu the theo quy dinh chung cua bo luat hinh su
subjreq_crime_125_subject_nguoi_nao_giet_nguoi_trong_trang_thai_tinh_than_bi_kich_dong_manh_do_hanh_vi_trai_phap_luat_nghiem_tro,crime_125,article_125,125,subject,"Người nào giết người trong trạng thái tinh thần bị kích động mạnh do hành vi trái pháp luật nghiêm trọng của nạn nhân đối với người đó hoặc đối với người thân thích của người đó, thì bị phạt tù từ 06 tháng đến 03 năm",nguoi nao giet nguoi trong trang thai tinh than bi kich dong manh do hanh vi trai phap luat nghiem trong cua nan nhan doi voi nguoi do hoac doi voi nguoi than thich cua nguoi do thi bi phat tu tu 06 thang den 03 nam
subjreq_crime_126_subject_nguoi_nao_giet_nguoi_trong_truong_hop_vuot_qua_gioi_han_phong_ve_chinh_dang_hoac_trong_truong_hop_vuot,crime_126,article_126,126,subject,"Người nào giết người trong trường hợp vượt quá giới hạn phòng vệ chính đáng hoặc trong trường hợp vượt quá mức cần thiết khi bắt giữ người phạm tội, thì bị phạt cải tạo không giam giữ đến 02 năm hoặc phạt tù từ 03 tháng đến 02 năm",nguoi nao giet nguoi trong truong hop vuot qua gioi han phong ve chinh dang hoac trong truong hop vuot qua muc can thiet khi bat giu nguoi pham toi thi bi phat cai tao khong giam giu den 02 nam hoac phat tu tu 03 thang den 02 nam
subjreq_crime_127_subject_nguoi_nao_trong_khi_thi_hanh_cong_vu_ma_lam_chet_nguoi_do_dung_vu_luc_ngoai_nhung_truong_hop_phap_luat,crime_127,article_127,127,subject,"Người nào trong khi thi hành công vụ mà làm chết người do dùng vũ lực ngoài những trường hợp pháp luật cho phép, thì bị phạt tù từ 05 năm đến 10 năm",nguoi nao trong khi thi hanh cong vu ma lam chet nguoi do dung vu luc ngoai nhung truong hop phap luat cho phep thi bi phat tu tu 05 nam den 10 nam
subjreq_crime_127_subject_nguoi_duoi_16_tuoi_phu_nu_ma_biet_la_co_thai,crime_127,article_127,127,subject,"người dưới 16 tuổi, phụ nữ mà biết là có thai",nguoi duoi 16 tuoi phu nu ma biet la co thai
subjreq_crime_128_subject_nguoi_nao_vo_y_lam_chet_nguoi_thi_bi_phat_cai_tao_khong_giam_giu_den_03_nam_hoac_phat_tu_tu_01_nam_den,crime_128,article_128,128,subject,"Người nào vô ý làm chết người, thì bị phạt cải tạo không giam giữ đến 03 năm hoặc phạt tù từ 01 năm đến 05 năm",nguoi nao vo y lam chet nguoi thi bi phat cai tao khong giam giu den 03 nam hoac phat tu tu 01 nam den 05 nam
subjreq_crime_129_subject_nguoi_nao_vo_y_lam_chet_nguoi_do_vi_pham_quy_tac_nghe_nghiep_hoac_quy_tac_hanh_chinh_thi_bi_phat_tu_tu,crime_129,article_129,129,subject,"Người nào vô ý làm chết người do vi phạm quy tắc nghề nghiệp hoặc quy tắc hành chính, thì bị phạt tù từ 01 năm đến 05 năm",nguoi nao vo y lam chet nguoi do vi pham quy tac nghe nghiep hoac quy tac hanh chinh thi bi phat tu tu 01 nam den 05 nam
subjreq_crime_130_subject_nguoi_nao_doi_xu_tan_ac_thuong_xuyen_uc_hiep_nguoc_dai_hoac_lam_nhuc_nguoi_le_thuoc_minh_lam_nguoi_do_,crime_130,article_130,130,subject,"Người nào đối xử tàn ác, thường xuyên ức hiếp, ngược đãi hoặc làm nhục người lệ thuộc mình làm người đó tự sát, thì bị phạt tù từ 02 năm đến 07 năm",nguoi nao doi xu tan ac thuong xuyen uc hiep nguoc dai hoac lam nhuc nguoi le thuoc minh lam nguoi do tu sat thi bi phat tu tu 02 nam den 07 nam
subjreq_crime_130_subject_nguoi_duoi_16_tuoi_phu_nu_ma_biet_la_co_thai,crime_130,article_130,130,subject,"người dưới 16 tuổi, phụ nữ mà biết là có thai",nguoi duoi 16 tuoi phu nu ma biet la co thai
subjreq_crime_131_subject_nguoi_nao_thuc_hien_mot_trong_cac_hanh_vi_sau_day_thi_bi_phat_cai_tao_khong_giam_giu_den_03_nam_hoac_p,crime_131,article_131,131,subject,"Người nào thực hiện một trong các hành vi sau đây, thì bị phạt cải tạo không giam giữ đến 03 năm hoặc phạt tù từ 06 tháng đến 03 năm: a) Kích động, dụ dỗ, thúc đẩy người khác tự tước đoạt tính mạng của họ",nguoi nao thuc hien mot trong cac hanh vi sau day thi bi phat cai tao khong giam giu den 03 nam hoac phat tu tu 06 thang den 03 nam a kich dong du do thuc day nguoi khac tu tuoc doat tinh mang cua ho
subjreq_crime_132_subject_nguoi_nao_thay_nguoi_khac_dang_o_trong_tinh_trang_nguy_hiem_den_tinh_mang_tuy_co_dieu_kien_ma_khong_cu,crime_132,article_132,132,subject,"Người nào thấy người khác đang ở trong tình trạng nguy hiểm đến tính mạng, tuy có điều kiện mà không cứu giúp dẫn đến hậu quả người đó chết, thì bị phạt cảnh cáo, phạt cải tạo không giam giữ đến 02 năm hoặc phạt tù từ 03 tháng đến 02 năm",nguoi nao thay nguoi khac dang o trong tinh trang nguy hiem den tinh mang tuy co dieu kien ma khong cuu giup dan den hau qua nguoi do chet thi bi phat canh cao phat cai tao khong giam giu den 02 nam hoac phat tu tu 03 thang den 02 nam
subjreq_crime_133_subject_nguoi_nao_de_doa_giet_nguoi_neu_co_can_cu_lam_cho_nguoi_bi_de_doa_lo_so_rang_viec_de_doa_nay_se_duoc_t,crime_133,article_133,133,subject,"Người nào đe dọa giết người, nếu có căn cứ làm cho người bị đe dọa lo sợ rằng việc đe dọa này sẽ được thực hiện, thì bị phạt cải tạo không giam giữ đến 03 năm hoặc phạt tù từ 06 tháng đến 03 năm",nguoi nao de doa giet nguoi neu co can cu lam cho nguoi bi de doa lo so rang viec de doa nay se duoc thuc hien thi bi phat cai tao khong giam giu den 03 nam hoac phat tu tu 06 thang den 03 nam
subjreq_crime_133_subject_nguoi_duoi_16_tuoi,crime_133,article_133,133,subject,người dưới 16 tuổi,nguoi duoi 16 tuoi
subjreq_crime_134_subject_nguoi_nao_co_y_gay_thuong_tich_hoac_gay_ton_hai_cho_suc_khoe_cua_nguoi_khac_ma_ty_le_ton_thuong_co_the,crime_134,article_134,134,subject,"Người nào cố ý gây thương tích hoặc gây tổn hại cho sức khỏe của người khác mà tỷ lệ tổn thương cơ thể từ 11% đến 30% hoặc dưới 11% nhưng thuộc một trong các trường hợp sau đây, thì bị phạt cải tạo không giam giữ đến 03 năm hoặc phạt tù từ 06 tháng đến 03 năm: a) Dùng vũ khí, vật liệu nổ, hung khí nguy hiểm hoặc thủ đoạn có khả năng gây nguy hại cho nhiều người",nguoi nao co y gay thuong tich hoac gay ton hai cho suc khoe cua nguoi khac ma ty le ton thuong co the tu 11 den 30 hoac duoi 11 nhung thuoc mot trong cac truong hop sau day thi bi phat cai tao khong giam giu den 03 nam hoac phat tu tu 06 thang den 03 nam a dung vu khi vat lieu no hung khi nguy hiem hoac thu doan co kha nang gay nguy hai cho nhieu nguoi
subjreq_crime_134_subject_nguoi_nao_chuan_bi_vu_khi_vat_lieu_no_hung_khi_nguy_hiem_a_xit_nguy_hiem_hoa_chat_nguy_hiem_hoac_thanh,crime_134,article_134,134,subject,"Người nào chuẩn bị vũ khí, vật liệu nổ, hung khí nguy hiểm, a-xít nguy hiểm, hóa chất nguy hiểm hoặc thành lập hoặc tham gia nhóm tội phạm nhằm gây thương tích hoặc gây tổn hại cho sức khỏe của người khác, thì bị phạt cải tạo không giam giữ đến 02 năm hoặc phạt tù từ 03 tháng đến 02 năm",nguoi nao chuan bi vu khi vat lieu no hung khi nguy hiem a xit nguy hiem hoa chat nguy hiem hoac thanh lap hoac tham gia nhom toi pham nham gay thuong tich hoac gay ton hai cho suc khoe cua nguoi khac thi bi phat cai tao khong giam giu den 02 nam hoac phat tu tu 03 thang den 02 nam
subjreq_crime_134_subject_nguoi_duoi_16_tuoi_phu_nu_ma_biet_la_co_thai_nguoi_gia_yeu_om_dau_hoac_nguoi_khac_khong_co_kha_nang_tu,crime_134,article_134,134,subject,"người dưới 16 tuổi, phụ nữ mà biết là có thai, người già yếu, ốm đau hoặc người khác không có khả năng tự vệ",nguoi duoi 16 tuoi phu nu ma biet la co thai nguoi gia yeu om dau hoac nguoi khac khong co kha nang tu ve
subjreq_crime_135_subject_nguoi_nao_co_y_gay_thuong_tich_hoac_gay_ton_hai_cho_suc_khoe_cua_nguoi_khac_ma_ty_le_ton_thuong_co_the,crime_135,article_135,135,subject,"Người nào cố ý gây thương tích hoặc gây tổn hại cho sức khỏe của người khác mà tỷ lệ tổn thương cơ thể từ 31% đến 60% trong trạng thái tinh thần bị kích động mạnh do hành vi trái pháp luật nghiêm trọng của nạn nhân đối với người đó hoặc đối với người thân thích của người đó, thì bị phạt tiền từ 10",nguoi nao co y gay thuong tich hoac gay ton hai cho suc khoe cua nguoi khac ma ty le ton thuong co the tu 31 den 60 trong trang thai tinh than bi kich dong manh do hanh vi trai phap luat nghiem trong cua nan nhan doi voi nguoi do hoac doi voi nguoi than thich cua nguoi do thi bi phat tien tu 10
subjreq_crime_136_subject_nguoi_nao_co_y_gay_thuong_tich_hoac_gay_ton_hai_cho_suc_khoe_cua_nguoi_khac_ma_ty_le_ton_thuong_co_the,crime_136,article_136,136,subject,"Người nào cố ý gây thương tích hoặc gây tổn hại cho sức khỏe của người khác mà tỷ lệ tổn thương cơ thể từ 31% đến 60% do vượt quá giới hạn phòng vệ chính đáng hoặc do vượt quá mức cần thiết khi bắt giữ người phạm tội, thì bị phạt tiền từ 5",nguoi nao co y gay thuong tich hoac gay ton hai cho suc khoe cua nguoi khac ma ty le ton thuong co the tu 31 den 60 do vuot qua gioi han phong ve chinh dang hoac do vuot qua muc can thiet khi bat giu nguoi pham toi thi bi phat tien tu 5
subjreq_crime_137_subject_nguoi_nao_trong_khi_thi_hanh_cong_vu_dung_vu_luc_ngoai_nhung_truong_hop_phap_luat_cho_phep_gay_thuong_,crime_137,article_137,137,subject,"Người nào trong khi thi hành công vụ dùng vũ lực ngoài những trường hợp pháp luật cho phép gây thương tích hoặc gây tổn hại cho sức khỏe của người khác mà tỷ lệ tổn thương cơ thể từ 31% đến 60%, thì bị phạt cải tạo không giam giữ đến 03 năm hoặc bị phạt tù từ 06 tháng đến 03 năm",nguoi nao trong khi thi hanh cong vu dung vu luc ngoai nhung truong hop phap luat cho phep gay thuong tich hoac gay ton hai cho suc khoe cua nguoi khac ma ty le ton thuong co the tu 31 den 60 thi bi phat cai tao khong giam giu den 03 nam hoac bi phat tu tu 06 thang den 03 nam
subjreq_crime_137_subject_nguoi_duoi_16_tuoi_phu_nu_ma_biet_la_co_thai_nguoi_gia_yeu_om_dau_hoac_nguoi_khac_khong_co_kha_nang_tu,crime_137,article_137,137,subject,"người dưới 16 tuổi, phụ nữ mà biết là có thai, người già yếu, ốm đau hoặc người khác không có khả năng tự vệ",nguoi duoi 16 tuoi phu nu ma biet la co thai nguoi gia yeu om dau hoac nguoi khac khong co kha nang tu ve
subjreq_crime_138_subject_nguoi_nao_vo_y_gay_thuong_tich_hoac_gay_ton_hai_cho_suc_khoe_cua_nguoi_khac_ma_ty_le_ton_thuong_co_the,crime_138,article_138,138,subject,"Người nào vô ý gây thương tích hoặc gây tổn hại cho sức khỏe của người khác mà tỷ lệ tổn thương cơ thể từ 31% đến 60%, thì bị phạt cảnh cáo, phạt tiền từ 5",nguoi nao vo y gay thuong tich hoac gay ton hai cho suc khoe cua nguoi khac ma ty le ton thuong co the tu 31 den 60 thi bi phat canh cao phat tien tu 5
subjreq_crime_139_subject_nguoi_nao_vo_y_gay_thuong_tich_hoac_gay_ton_hai_cho_suc_khoe_cua_nguoi_khac_do_vi_pham_quy_tac_nghe_ng,crime_139,article_139,139,subject,"Người nào vô ý gây thương tích hoặc gây tổn hại cho sức khỏe của người khác do vi phạm quy tắc nghề nghiệp hoặc quy tắc hành chính mà tỷ lệ tổn thương cơ thể từ 31% đến 60%, thì bị phạt tiền từ 20",nguoi nao vo y gay thuong tich hoac gay ton hai cho suc khoe cua nguoi khac do vi pham quy tac nghe nghiep hoac quy tac hanh chinh ma ty le ton thuong co the tu 31 den 60 thi bi phat tien tu 20
subjreq_crime_140_subject_nguoi_nao_doi_xu_tan_ac_hoac_lam_nhuc_nguoi_le_thuoc_minh_neu_khong_thuoc_cac_truong_hop_quy_dinh_tai_,crime_140,article_140,140,subject,"Người nào đối xử tàn ác hoặc làm nhục người lệ thuộc mình nếu không thuộc các trường hợp quy định tại Điều 185 của Bộ luật này, thì bị phạt cải tạo không giam giữ đến 03 năm hoặc phạt tù từ 03 tháng đến 02 năm",nguoi nao doi xu tan ac hoac lam nhuc nguoi le thuoc minh neu khong thuoc cac truong hop quy dinh tai dieu 185 cua bo luat nay thi bi phat cai tao khong giam giu den 03 nam hoac phat tu tu 03 thang den 02 nam
subjreq_crime_140_subject_nguoi_duoi_16_tuoi_phu_nu_ma_biet_la_co_thai_nguoi_gia_yeu_om_dau_hoac_nguoi_khac_khong_co_kha_nang_tu,crime_140,article_140,140,subject,"người dưới 16 tuổi, phụ nữ mà biết là có thai, người già yếu, ốm đau hoặc người khác không có khả năng tự vệ",nguoi duoi 16 tuoi phu nu ma biet la co thai nguoi gia yeu om dau hoac nguoi khac khong co kha nang tu ve
subjreq_crime_141_subject_nguoi_nao_dung_vu_luc_de_doa_dung_vu_luc_hoac_loi_dung_tinh_trang_khong_the_tu_ve_duoc_cua_nan_nhan_ho,crime_141,article_141,141,subject,"Người nào dùng vũ lực, đe dọa dùng vũ lực hoặc lợi dụng tình trạng không thể tự vệ được của nạn nhân hoặc thủ đoạn khác giao cấu hoặc thực hiện hành vi quan hệ tình dục khác trái với ý muốn của nạn nhân, thì bị phạt tù từ 02 năm đến 07 năm",nguoi nao dung vu luc de doa dung vu luc hoac loi dung tinh trang khong the tu ve duoc cua nan nhan hoac thu doan khac giao cau hoac thuc hien hanh vi quan he tinh duc khac trai voi y muon cua nan nhan thi bi phat tu tu 02 nam den 07 nam
subjreq_crime_141_subject_nguoi_tu_du_16_tuoi_den_duoi_18_tuoi_thi_bi_phat_tu_tu_05_nam_den_10_nam,crime_141,article_141,141,subject,"người từ đủ 16 tuổi đến dưới 18 tuổi, thì bị phạt tù từ 05 năm đến 10 năm",nguoi tu du 16 tuoi den duoi 18 tuoi thi bi phat tu tu 05 nam den 10 nam
subjreq_crime_142_subject_nguoi_nao_thuc_hien_mot_trong_cac_hanh_vi_sau_day_thi_bi_phat_tu_tu_07_nam_den_15_nam_a_dung_vu_luc_de,crime_142,article_142,142,subject,"Người nào thực hiện một trong các hành vi sau đây, thì bị phạt tù từ 07 năm đến 15 năm: a) Dùng vũ lực, đe dọa dùng vũ lực hoặc lợi dụng tình trạng không thể tự vệ được của nạn nhân hoặc thủ đoạn khác giao cấu hoặc thực hiện hành vi quan hệ tình dục khác với người từ đủ 13 tuổi đến dưới 16 tuổi trái với ý muốn của họ",nguoi nao thuc hien mot trong cac hanh vi sau day thi bi phat tu tu 07 nam den 15 nam a dung vu luc de doa dung vu luc hoac loi dung tinh trang khong the tu ve duoc cua nan nhan hoac thu doan khac giao cau hoac thuc hien hanh vi quan he tinh duc khac voi nguoi tu du 13 tuoi den duoi 16 tuoi trai voi y muon cua ho
subjreq_crime_142_subject_nguoi_tu_du_13_tuoi_den_duoi_16_tuoi_trai_voi_y_muon_cua_ho,crime_142,article_142,142,subject,người từ đủ 13 tuổi đến dưới 16 tuổi trái với ý muốn của họ,nguoi tu du 13 tuoi den duoi 16 tuoi trai voi y muon cua ho
subjreq_crime_142_subject_nguoi_duoi_13_tuoi,crime_142,article_142,142,subject,người dưới 13 tuổi,nguoi duoi 13 tuoi
subjreq_crime_143_subject_nguoi_nao_dung_moi_thu_doan_khien_nguoi_le_thuoc_minh_hoac_nguoi_dang_o_trong_tinh_trang_quan_bach_pha,crime_143,article_143,143,subject,"Người nào dùng mọi thủ đoạn khiến người lệ thuộc mình hoặc người đang ở trong tình trạng quẫn bách phải miễn cưỡng giao cấu hoặc miễn cưỡng thực hiện hành vi quan hệ tình dục khác, thì bị phạt tù từ 01 năm đến 05 năm",nguoi nao dung moi thu doan khien nguoi le thuoc minh hoac nguoi dang o trong tinh trang quan bach phai mien cuong giao cau hoac mien cuong thuc hien hanh vi quan he tinh duc khac thi bi phat tu tu 01 nam den 05 nam
subjreq_crime_143_subject_nguoi_tu_du_16_tuoi_den_duoi_18_tuoi_thi_bi_phat_tu_tu_02_nam_den_07_nam,crime_143,article_143,143,subject,"người từ đủ 16 tuổi đến dưới 18 tuổi, thì bị phạt tù từ 02 năm đến 07 năm",nguoi tu du 16 tuoi den duoi 18 tuoi thi bi phat tu tu 02 nam den 07 nam
subjreq_crime_144_subject_nguoi_nao_dung_moi_thu_doan_khien_nguoi_tu_du_13_tuoi_den_duoi_16_tuoi_dang_o_trong_tinh_trang_le_thuo,crime_144,article_144,144,subject,"Người nào dùng mọi thủ đoạn khiến người từ đủ 13 tuổi đến dưới 16 tuổi đang ở trong tình trạng lệ thuộc mình hoặc trong tình trạng quẫn bách phải miễn cưỡng giao cấu hoặc miễn cưỡng thực hiện hành vi quan hệ tình dục khác, thì bị phạt tù từ 05 năm đến 10 năm",nguoi nao dung moi thu doan khien nguoi tu du 13 tuoi den duoi 16 tuoi dang o trong tinh trang le thuoc minh hoac trong tinh trang quan bach phai mien cuong giao cau hoac mien cuong thuc hien hanh vi quan he tinh duc khac thi bi phat tu tu 05 nam den 10 nam
subjreq_crime_144_subject_nguoi_tu_du_13_tuoi_den_duoi_16_tuoi_dang_o_trong_tinh_trang_le_thuoc_minh_hoac_trong_tinh_trang_quan_,crime_144,article_144,144,subject,"người từ đủ 13 tuổi đến dưới 16 tuổi đang ở trong tình trạng lệ thuộc mình hoặc trong tình trạng quẫn bách phải miễn cưỡng giao cấu hoặc miễn cưỡng thực hiện hành vi quan hệ tình dục khác, thì bị phạt tù từ 05 năm đến 10 năm",nguoi tu du 13 tuoi den duoi 16 tuoi dang o trong tinh trang le thuoc minh hoac trong tinh trang quan bach phai mien cuong giao cau hoac mien cuong thuc hien hanh vi quan he tinh duc khac thi bi phat tu tu 05 nam den 10 nam
subjreq_crime_145_subject_nguoi_nao_du_18_tuoi_tro_len_ma_giao_cau_hoac_thuc_hien_hanh_vi_quan_he_tinh_duc_khac_voi_nguoi_tu_du_,crime_145,article_145,145,subject,"Người nào đủ 18 tuổi trở lên mà giao cấu hoặc thực hiện hành vi quan hệ tình dục khác với người từ đủ 13 tuổi đến dưới 16 tuổi, nếu không thuộc trường hợp quy định tại Điều 142 và Điều 144 của Bộ luật này, thì bị phạt tù từ 01 năm đến 05 năm",nguoi nao du 18 tuoi tro len ma giao cau hoac thuc hien hanh vi quan he tinh duc khac voi nguoi tu du 13 tuoi den duoi 16 tuoi neu khong thuoc truong hop quy dinh tai dieu 142 va dieu 144 cua bo luat nay thi bi phat tu tu 01 nam den 05 nam
subjreq_crime_145_subject_nguoi_tu_du_13_tuoi_den_duoi_16_tuoi_neu_khong_thuoc_truong_hop_quy_dinh_tai_dieu_142_va_dieu_144_cua_,crime_145,article_145,145,subject,"người từ đủ 13 tuổi đến dưới 16 tuổi, nếu không thuộc trường hợp quy định tại Điều 142 và Điều 144 của Bộ luật này, thì bị phạt tù từ 01 năm đến 05 năm",nguoi tu du 13 tuoi den duoi 16 tuoi neu khong thuoc truong hop quy dinh tai dieu 142 va dieu 144 cua bo luat nay thi bi phat tu tu 01 nam den 05 nam
subjreq_crime_146_subject_nguoi_nao_du_18_tuoi_tro_len_ma_co_hanh_vi_dam_o_doi_voi_nguoi_duoi_16_tuoi_khong_nham_muc_dich_giao_c,crime_146,article_146,146,subject,"Người nào đủ 18 tuổi trở lên mà có hành vi dâm ô đối với người dưới 16 tuổi không nhằm mục đích giao cấu hoặc không nhằm thực hiện các hành vi quan hệ tình dục khác, thì bị phạt tù từ 06 tháng đến 03 năm",nguoi nao du 18 tuoi tro len ma co hanh vi dam o doi voi nguoi duoi 16 tuoi khong nham muc dich giao cau hoac khong nham thuc hien cac hanh vi quan he tinh duc khac thi bi phat tu tu 06 thang den 03 nam
subjreq_crime_146_subject_nguoi_duoi_16_tuoi_khong_nham_muc_dich_giao_cau_hoac_khong_nham_thuc_hien_cac_hanh_vi_quan_he_tinh_duc,crime_146,article_146,146,subject,"người dưới 16 tuổi không nhằm mục đích giao cấu hoặc không nhằm thực hiện các hành vi quan hệ tình dục khác, thì bị phạt tù từ 06 tháng đến 03 năm",nguoi duoi 16 tuoi khong nham muc dich giao cau hoac khong nham thuc hien cac hanh vi quan he tinh duc khac thi bi phat tu tu 06 thang den 03 nam
subjreq_crime_147_subject_nguoi_nao_du_18_tuoi_tro_len_ma_loi_keo_du_do_ep_buoc_nguoi_duoi_16_tuoi_trinh_dien_khieu_dam_hoac_tru,crime_147,article_147,147,subject,"Người nào đủ 18 tuổi trở lên mà lôi kéo, dụ dỗ, ép buộc người dưới 16 tuổi trình diễn khiêu dâm hoặc trực tiếp chứng kiến việc trình diễn khiêu dâm dưới mọi hình thức, thì bị phạt tù từ 06 tháng đến 03 năm",nguoi nao du 18 tuoi tro len ma loi keo du do ep buoc nguoi duoi 16 tuoi trinh dien khieu dam hoac truc tiep chung kien viec trinh dien khieu dam duoi moi hinh thuc thi bi phat tu tu 06 thang den 03 nam
subjreq_crime_147_subject_nguoi_duoi_16_tuoi_trinh_dien_khieu_dam_hoac_truc_tiep_chung_kien_viec_trinh_dien_khieu_dam_duoi_moi_h,crime_147,article_147,147,subject,"người dưới 16 tuổi trình diễn khiêu dâm hoặc trực tiếp chứng kiến việc trình diễn khiêu dâm dưới mọi hình thức, thì bị phạt tù từ 06 tháng đến 03 năm",nguoi duoi 16 tuoi trinh dien khieu dam hoac truc tiep chung kien viec trinh dien khieu dam duoi moi hinh thuc thi bi phat tu tu 06 thang den 03 nam
subjreq_crime_148_subject_nguoi_nao_biet_minh_bi_nhiem_hiv_ma_co_y_lay_truyen_hiv_cho_nguoi_khac_tru_truong_hop_nan_nhan_da_biet,crime_148,article_148,148,subject,"Người nào biết mình bị nhiễm HIV mà cố ý lây truyền HIV cho người khác, trừ trường hợp nạn nhân đã biết về tình trạng nhiễm HIV của người bị HIV và tự nguyện quan hệ tình dục, thì bị phạt tù từ 01 năm đến 03 năm",nguoi nao biet minh bi nhiem hiv ma co y lay truyen hiv cho nguoi khac tru truong hop nan nhan da biet ve tinh trang nhiem hiv cua nguoi bi hiv va tu nguyen quan he tinh duc thi bi phat tu tu 01 nam den 03 nam
subjreq_crime_148_subject_nguoi_duoi_18_tuoi_neu_khong_thuoc_truong_hop_quy_dinh_tai_dieu_142_va_dieu_145_cua_bo_luat_nay,crime_148,article_148,148,subject,"người dưới 18 tuổi, nếu không thuộc trường hợp quy định tại Điều 142 và Điều 145 của Bộ luật này",nguoi duoi 18 tuoi neu khong thuoc truong hop quy dinh tai dieu 142 va dieu 145 cua bo luat nay
subjreq_crime_149_subject_nguoi_nao_co_y_truyen_hiv_cho_nguoi_khac_neu_khong_thuoc_truong_hop_quy_dinh_tai_dieu_148_cua_bo_luat_,crime_149,article_149,149,subject,"Người nào cố ý truyền HIV cho người khác, nếu không thuộc trường hợp quy định tại Điều 148 của Bộ luật này, thì bị phạt tù từ 03 năm đến 07 năm",nguoi nao co y truyen hiv cho nguoi khac neu khong thuoc truong hop quy dinh tai dieu 148 cua bo luat nay thi bi phat tu tu 03 nam den 07 nam
subjreq_crime_149_subject_nguoi_duoi_18_tuoi,crime_149,article_149,149,subject,người dưới 18 tuổi,nguoi duoi 18 tuoi
subjreq_crime_150_subject_nguoi_nao_dung_vu_luc_de_doa_dung_vu_luc_lua_gat_hoac_thu_doan_khac_thuc_hien_mot_trong_cac_hanh_vi_sa,crime_150,article_150,150,subject,"Người nào dùng vũ lực, đe dọa dùng vũ lực, lừa gạt hoặc thủ đoạn khác thực hiện một trong các hành vi sau đây, thì bị phạt tù từ 05 năm đến 10 năm: a) Chuyển giao hoặc tiếp nhận người để giao, nhận tiền, tài sản hoặc lợi ích vật chất khác",nguoi nao dung vu luc de doa dung vu luc lua gat hoac thu doan khac thuc hien mot trong cac hanh vi sau day thi bi phat tu tu 05 nam den 10 nam a chuyen giao hoac tiep nhan nguoi de giao nhan tien tai san hoac loi ich vat chat khac
subjreq_crime_151_subject_nguoi_nao_thuc_hien_mot_trong_cac_hanh_vi_sau_day_thi_bi_phat_tu_tu_07_nam_den_12_nam_a_chuyen_giao_ho,crime_151,article_151,151,subject,"Người nào thực hiện một trong các hành vi sau đây, thì bị phạt tù từ 07 năm đến 12 năm: a) Chuyển giao hoặc tiếp nhận người dưới 16 tuổi để giao, nhận tiền, tài sản hoặc lợi ích vật chất khác, trừ trường hợp vì mục đích nhân đạo",nguoi nao thuc hien mot trong cac hanh vi sau day thi bi phat tu tu 07 nam den 12 nam a chuyen giao hoac tiep nhan nguoi duoi 16 tuoi de giao nhan tien tai san hoac loi ich vat chat khac tru truong hop vi muc dich nhan dao
subjreq_crime_151_subject_nguoi_duoi_16_tuoi_de_giao_nhan_tien_tai_san_hoac_loi_ich_vat_chat_khac_tru_truong_hop_vi_muc_dich_nha,crime_151,article_151,151,subject,"người dưới 16 tuổi để giao, nhận tiền, tài sản hoặc lợi ích vật chất khác, trừ trường hợp vì mục đích nhân đạo",nguoi duoi 16 tuoi de giao nhan tien tai san hoac loi ich vat chat khac tru truong hop vi muc dich nhan dao
subjreq_crime_151_subject_nguoi_duoi_16_tuoi_de_boc_lot_tinh_duc_cuong_buc_lao_dong_lay_bo_phan_co_the_hoac_vi_muc_dich_vo_nhan_,crime_151,article_151,151,subject,"người dưới 16 tuổi để bóc lột tình dục, cưỡng bức lao động, lấy bộ phận cơ thể hoặc vì mục đích vô nhân đạo khác",nguoi duoi 16 tuoi de boc lot tinh duc cuong buc lao dong lay bo phan co the hoac vi muc dich vo nhan dao khac
subjreq_crime_152_subject_nguoi_nao_danh_trao_nguoi_duoi_01_tuoi_thi_bi_phat_tu_tu_02_nam_den_05_nam,crime_152,article_152,152,subject,"Người nào đánh tráo người dưới 01 tuổi, thì bị phạt tù từ 02 năm đến 05 năm",nguoi nao danh trao nguoi duoi 01 tuoi thi bi phat tu tu 02 nam den 05 nam
subjreq_crime_152_subject_nguoi_duoi_01_tuoi_thi_bi_phat_tu_tu_02_nam_den_05_nam,crime_152,article_152,152,subject,"người dưới 01 tuổi, thì bị phạt tù từ 02 năm đến 05 năm",nguoi duoi 01 tuoi thi bi phat tu tu 02 nam den 05 nam
subjreq_crime_152_subject_nguoi_duoi_01_tuoi_ma_minh_co_trach_nhiem_cham_soc_nuoi_duong,crime_152,article_152,152,subject,"người dưới 01 tuổi mà mình có trách nhiệm chăm sóc, nuôi dưỡng",nguoi duoi 01 tuoi ma minh co trach nhiem cham soc nuoi duong
subjreq_crime_153_subject_nguoi_nao_dung_vu_luc_de_doa_dung_vu_luc_hoac_thu_doan_khac_chiem_giu_hoac_giao_cho_nguoi_khac_chiem_g,crime_153,article_153,153,subject,"Người nào dùng vũ lực, đe dọa dùng vũ lực hoặc thủ đoạn khác chiếm giữ hoặc giao cho người khác chiếm giữ người dưới 16 tuổi, thì bị phạt tù từ 03 năm đến 07 năm",nguoi nao dung vu luc de doa dung vu luc hoac thu doan khac chiem giu hoac giao cho nguoi khac chiem giu nguoi duoi 16 tuoi thi bi phat tu tu 03 nam den 07 nam
subjreq_crime_153_subject_nguoi_duoi_16_tuoi_thi_bi_phat_tu_tu_03_nam_den_07_nam,crime_153,article_153,153,subject,"người dưới 16 tuổi, thì bị phạt tù từ 03 năm đến 07 năm",nguoi duoi 16 tuoi thi bi phat tu tu 03 nam den 07 nam
subjreq_crime_154_subject_nguoi_nao_mua_ban_chiem_doat_mo_hoac_bo_phan_co_the_nguoi_khac_thi_bi_phat_tu_tu_03_nam_den_07_nam,crime_154,article_154,154,subject,"Người nào mua bán, chiếm đoạt mô hoặc bộ phận cơ thể người khác, thì bị phạt tù từ 03 năm đến 07 năm",nguoi nao mua ban chiem doat mo hoac bo phan co the nguoi khac thi bi phat tu tu 03 nam den 07 nam
subjreq_crime_155_subject_nguoi_nao_xuc_pham_nghiem_trong_nhan_pham_danh_du_cua_nguoi_khac_thi_bi_phat_canh_cao_phat_tien_tu_10,crime_155,article_155,155,subject,"Người nào xúc phạm nghiêm trọng nhân phẩm, danh dự của người khác, thì bị phạt cảnh cáo, phạt tiền từ 10",nguoi nao xuc pham nghiem trong nhan pham danh du cua nguoi khac thi bi phat canh cao phat tien tu 10
subjreq_crime_156_subject_nguoi_nao_thuc_hien_mot_trong_cac_hanh_vi_sau_day_thi_bi_phat_tien_tu_10,crime_156,article_156,156,subject,"Người nào thực hiện một trong các hành vi sau đây, thì bị phạt tiền từ 10",nguoi nao thuc hien mot trong cac hanh vi sau day thi bi phat tien tu 10
subjreq_crime_157_subject_nguoi_nao_bat_giu_hoac_giam_nguoi_trai_phap_luat_neu_khong_thuoc_truong_hop_quy_dinh_tai_dieu_153_va_d,crime_157,article_157,157,subject,"Người nào bắt, giữ hoặc giam người trái pháp luật, nếu không thuộc trường hợp quy định tại Điều 153 và Điều 377 của Bộ luật này, thì bị phạt cải tạo không giam giữ đến 03 năm hoặc phạt tù từ 06 tháng đến 03 năm",nguoi nao bat giu hoac giam nguoi trai phap luat neu khong thuoc truong hop quy dinh tai dieu 153 va dieu 377 cua bo luat nay thi bi phat cai tao khong giam giu den 03 nam hoac phat tu tu 06 thang den 03 nam
subjreq_crime_157_subject_nguoi_duoi_18_tuoi_phu_nu_ma_biet_la_co_thai_nguoi_gia_yeu_hoac_nguoi_khong_co_kha_nang_tu_ve,crime_157,article_157,157,subject,"người dưới 18 tuổi, phụ nữ mà biết là có thai, người già yếu hoặc người không có khả năng tự vệ",nguoi duoi 18 tuoi phu nu ma biet la co thai nguoi gia yeu hoac nguoi khong co kha nang tu ve
subjreq_crime_158_subject_nguoi_nao_thuc_hien_mot_trong_cac_hanh_vi_sau_day_xam_pham_cho_o_cua_nguoi_khac_thi_bi_phat_cai_tao_kh,crime_158,article_158,158,subject,"Người nào thực hiện một trong các hành vi sau đây xâm phạm chỗ ở của người khác, thì bị phạt cải tạo không giam giữ đến 02 năm hoặc phạt tù từ 03 tháng đến 02 năm: a) Khám xét trái pháp luật chỗ ở của người khác",nguoi nao thuc hien mot trong cac hanh vi sau day xam pham cho o cua nguoi khac thi bi phat cai tao khong giam giu den 02 nam hoac phat tu tu 03 thang den 02 nam a kham xet trai phap luat cho o cua nguoi khac
subjreq_crime_159_subject_nguoi_nao_thuc_hien_mot_trong_cac_hanh_vi_sau_day_da_bi_xu_ly_ky_luat_hoac_xu_phat_vi_pham_hanh_chinh_,crime_159,article_159,159,subject,"Người nào thực hiện một trong các hành vi sau đây, đã bị xử lý kỷ luật hoặc xử phạt vi phạm hành chính về hành vi này mà còn vi phạm, thì bị phạt cảnh cáo, phạt tiền từ 20",nguoi nao thuc hien mot trong cac hanh vi sau day da bi xu ly ky luat hoac xu phat vi pham hanh chinh ve hanh vi nay ma con vi pham thi bi phat canh cao phat tien tu 20
subjreq_crime_160_subject_nguoi_nao_lua_gat_mua_chuoc_cuong_ep_hoac_dung_thu_doan_khac_can_tro_cong_dan_thuc_hien_quyen_bau_cu_q,crime_160,article_160,160,subject,"Người nào lừa gạt, mua chuộc, cưỡng ép hoặc dùng thủ đoạn khác cản trở công dân thực hiện quyền bầu cử, quyền ứng cử hoặc quyền biểu quyết khi Nhà nước trưng cầu ý dân, thì bị phạt cảnh cáo, phạt cải tạo không giam giữ đến 01 năm hoặc phạt tù từ 03 tháng đến 01 năm",nguoi nao lua gat mua chuoc cuong ep hoac dung thu doan khac can tro cong dan thuc hien quyen bau cu quyen ung cu hoac quyen bieu quyet khi nha nuoc trung cau y dan thi bi phat canh cao phat cai tao khong giam giu den 01 nam hoac phat tu tu 03 thang den 01 nam
subjreq_crime_161_subject_nguoi_nao_co_trach_nhiem_trong_viec_to_chuc_giam_sat_viec_bau_cu_to_chuc_trung_cau_y_dan_ma_gia_mao_gi,crime_161,article_161,161,subject,"Người nào có trách nhiệm trong việc tổ chức, giám sát việc bầu cử, tổ chức trưng cầu ý dân mà giả mạo giấy tờ, gian lận phiếu hoặc dùng thủ đoạn khác để làm sai lệch kết quả bầu cử, kết quả trưng cầu ý dân, thì bị phạt cải tạo không giam giữ đến 02 năm hoặc phạt tù từ 03 tháng đến 02 năm",nguoi nao co trach nhiem trong viec to chuc giam sat viec bau cu to chuc trung cau y dan ma gia mao giay to gian lan phieu hoac dung thu doan khac de lam sai lech ket qua bau cu ket qua trung cau y dan thi bi phat cai tao khong giam giu den 02 nam hoac phat tu tu 03 thang den 02 nam
subjreq_crime_162_subject_nguoi_nao_vi_vu_loi_hoac_dong_co_ca_nhan_khac_ma_thuc_hien_mot_trong_cac_hanh_vi_sau_day_gay_hau_qua_n,crime_162,article_162,162,subject,"Người nào vì vụ lợi hoặc động cơ cá nhân khác mà thực hiện một trong các hành vi sau đây gây hậu quả nghiêm trọng, thì bị phạt tiền từ 10",nguoi nao vi vu loi hoac dong co ca nhan khac ma thuc hien mot trong cac hanh vi sau day gay hau qua nghiem trong thi bi phat tien tu 10
subjreq_crime_163_subject_nguoi_nao_dung_vu_luc_de_doa_dung_vu_luc_hoac_dung_thu_doan_khac_ngan_can_hoac_ep_buoc_nguoi_khac_lap_,crime_163,article_163,163,subject,"Người nào dùng vũ lực, đe dọa dùng vũ lực hoặc dùng thủ đoạn khác ngăn cản hoặc ép buộc người khác lập hội, hội họp hợp pháp, đã bị xử lý kỷ luật hoặc xử phạt vi phạm hành chính về một trong các hành vi này mà còn vi phạm, thì bị phạt cải tạo không giam giữ đến 01 năm hoặc phạt tù từ 03 tháng đến 01 năm",nguoi nao dung vu luc de doa dung vu luc hoac dung thu doan khac ngan can hoac ep buoc nguoi khac lap hoi hoi hop hop phap da bi xu ly ky luat hoac xu phat vi pham hanh chinh ve mot trong cac hanh vi nay ma con vi pham thi bi phat cai tao khong giam giu den 01 nam hoac phat tu tu 03 thang den 01 nam
subjreq_crime_164_subject_nguoi_nao_dung_vu_luc_de_doa_dung_vu_luc_hoac_dung_thu_doan_khac_ngan_can_hoac_ep_buoc_nguoi_khac_thuc,crime_164,article_164,164,subject,"Người nào dùng vũ lực, đe dọa dùng vũ lực hoặc dùng thủ đoạn khác ngăn cản hoặc ép buộc người khác thực hiện quyền tự do tín ngưỡng, tôn giáo, theo hoặc không theo một tôn giáo nào, đã bị xử lý kỷ luật hoặc xử phạt vi phạm hành chính về một trong các hành vi này mà còn vi phạm, thì bị phạt cải tạo không giam giữ đến 01 năm hoặc phạt tù từ 03 tháng đến 01 năm",nguoi nao dung vu luc de doa dung vu luc hoac dung thu doan khac ngan can hoac ep buoc nguoi khac thuc hien quyen tu do tin nguong ton giao theo hoac khong theo mot ton giao nao da bi xu ly ky luat hoac xu phat vi pham hanh chinh ve mot trong cac hanh vi nay ma con vi pham thi bi phat cai tao khong giam giu den 01 nam hoac phat tu tu 03 thang den 01 nam
subjreq_crime_165_subject_nguoi_nao_vi_ly_do_gioi_ma_thuc_hien_hanh_vi_duoi_bat_ky_hinh_thuc_nao_can_tro_nguoi_khac_tham_gia_hoa,crime_165,article_165,165,subject,"Người nào vì lý do giới mà thực hiện hành vi dưới bất kỳ hình thức nào cản trở người khác tham gia hoạt động trong các lĩnh vực chính trị, kinh tế, lao động, giáo dục và đào tạo, khoa học và công nghệ, văn hóa, thông tin, thể dục, thể thao, y tế, đã bị xử lý kỷ luật hoặc xử phạt vi phạm hành chính về hành vi này mà còn vi phạm, thì bị phạt cảnh cáo, phạt tiền từ 5",nguoi nao vi ly do gioi ma thuc hien hanh vi duoi bat ky hinh thuc nao can tro nguoi khac tham gia hoat dong trong cac linh vuc chinh tri kinh te lao dong giao duc va dao tao khoa hoc va cong nghe van hoa thong tin the duc the thao y te da bi xu ly ky luat hoac xu phat vi pham hanh chinh ve hanh vi nay ma con vi pham thi bi phat canh cao phat tien tu 5
subjreq_crime_166_subject_nguoi_nao_thuc_hien_mot_trong_cac_hanh_vi_sau_day_thi_bi_phat_cai_tao_khong_giam_giu_den_03_nam_hoac_p,crime_166,article_166,166,subject,"Người nào thực hiện một trong các hành vi sau đây, thì bị phạt cải tạo không giam giữ đến 03 năm hoặc phạt tù từ 06 tháng đến 03 năm: a) Dùng vũ lực, đe dọa dùng vũ lực hoặc hành vi khác cản trở việc khiếu nại, tố cáo, việc xét và giải quyết khiếu nại, tố cáo hoặc việc xử lý người bị khiếu nại, tố cáo",nguoi nao thuc hien mot trong cac hanh vi sau day thi bi phat cai tao khong giam giu den 03 nam hoac phat tu tu 06 thang den 03 nam a dung vu luc de doa dung vu luc hoac hanh vi khac can tro viec khieu nai to cao viec xet va giai quyet khieu nai to cao hoac viec xu ly nguoi bi khieu nai to cao
subjreq_crime_167_subject_nguoi_nao_dung_vu_luc_de_doa_dung_vu_luc_hoac_thu_doan_khac_can_tro_cong_dan_thuc_hien_quyen_tu_do_ngo,crime_167,article_167,167,subject,"Người nào dùng vũ lực, đe dọa dùng vũ lực hoặc thủ đoạn khác cản trở công dân thực hiện quyền tự do ngôn luận, tự do báo chí, tiếp cận thông tin, quyền biểu tình của công dân, đã bị xử lý kỷ luật hoặc xử phạt vi phạm hành chính về một trong các hành vi này mà còn vi phạm, thì bị phạt cải tạo không giam giữ đến 02 năm hoặc phạt tù từ 03 tháng đến 02 năm",nguoi nao dung vu luc de doa dung vu luc hoac thu doan khac can tro cong dan thuc hien quyen tu do ngon luan tu do bao chi tiep can thong tin quyen bieu tinh cua cong dan da bi xu ly ky luat hoac xu phat vi pham hanh chinh ve mot trong cac hanh vi nay ma con vi pham thi bi phat cai tao khong giam giu den 02 nam hoac phat tu tu 03 thang den 02 nam
subjreq_crime_168_subject_nguoi_nao_dung_vu_luc_de_doa_dung_vu_luc_ngay_tuc_khac_hoac_co_hanh_vi_khac_lam_cho_nguoi_bi_tan_cong_,crime_168,article_168,168,subject,"Người nào dùng vũ lực, đe dọa dùng vũ lực ngay tức khắc hoặc có hành vi khác làm cho người bị tấn công lâm vào tình trạng không thể chống cự được nhằm chiếm đoạt tài sản, thì bị phạt tù từ 03 năm đến 10 năm",nguoi nao dung vu luc de doa dung vu luc ngay tuc khac hoac co hanh vi khac lam cho nguoi bi tan cong lam vao tinh trang khong the chong cu duoc nham chiem doat tai san thi bi phat tu tu 03 nam den 10 nam
subjreq_crime_168_subject_nguoi_duoi_16_tuoi_phu_nu_ma_biet_la_co_thai_nguoi_gia_yeu_hoac_nguoi_khong_co_kha_nang_tu_ve,crime_168,article_168,168,subject,"người dưới 16 tuổi, phụ nữ mà biết là có thai, người già yếu hoặc người không có khả năng tự vệ",nguoi duoi 16 tuoi phu nu ma biet la co thai nguoi gia yeu hoac nguoi khong co kha nang tu ve
subjreq_crime_169_subject_nguoi_nao_bat_coc_nguoi_khac_lam_con_tin_nham_chiem_doat_tai_san_thi_bi_phat_tu_tu_02_nam_den_07_nam,crime_169,article_169,169,subject,"Người nào bắt cóc người khác làm con tin nhằm chiếm đoạt tài sản, thì bị phạt tù từ 02 năm đến 07 năm",nguoi nao bat coc nguoi khac lam con tin nham chiem doat tai san thi bi phat tu tu 02 nam den 07 nam
subjreq_crime_169_subject_nguoi_duoi_16_tuoi,crime_169,article_169,169,subject,người dưới 16 tuổi,nguoi duoi 16 tuoi
subjreq_crime_170_subject_nguoi_nao_de_doa_se_dung_vu_luc_hoac_co_thu_doan_khac_uy_hiep_tinh_than_nguoi_khac_nham_chiem_doat_tai,crime_170,article_170,170,subject,"Người nào đe dọa sẽ dùng vũ lực hoặc có thủ đoạn khác uy hiếp tinh thần người khác nhằm chiếm đoạt tài sản, thì bị phạt tù từ 01 năm đến 05 năm",nguoi nao de doa se dung vu luc hoac co thu doan khac uy hiep tinh than nguoi khac nham chiem doat tai san thi bi phat tu tu 01 nam den 05 nam
subjreq_crime_170_subject_nguoi_duoi_16_tuoi_phu_nu_ma_biet_la_co_thai_nguoi_gia_yeu_hoac_nguoi_khong_co_kha_nang_tu_ve,crime_170,article_170,170,subject,"người dưới 16 tuổi, phụ nữ mà biết là có thai, người già yếu hoặc người không có khả năng tự vệ",nguoi duoi 16 tuoi phu nu ma biet la co thai nguoi gia yeu hoac nguoi khong co kha nang tu ve
subjreq_crime_171_subject_nguoi_nao_cuop_giat_tai_san_cua_nguoi_khac_thi_bi_phat_tu_tu_01_nam_den_05_nam,crime_171,article_171,171,subject,"Người nào cướp giật tài sản của người khác, thì bị phạt tù từ 01 năm đến 05 năm",nguoi nao cuop giat tai san cua nguoi khac thi bi phat tu tu 01 nam den 05 nam
subjreq_crime_171_subject_nguoi_duoi_16_tuoi_phu_nu_ma_biet_la_co_thai_nguoi_gia_yeu_hoac_nguoi_khong_co_kha_nang_tu_ve,crime_171,article_171,171,subject,"người dưới 16 tuổi, phụ nữ mà biết là có thai, người già yếu hoặc người không có khả năng tự vệ",nguoi duoi 16 tuoi phu nu ma biet la co thai nguoi gia yeu hoac nguoi khong co kha nang tu ve
subjreq_crime_172_subject_nguoi_nao_cong_nhien_chiem_doat_tai_san_cua_nguoi_khac_tri_gia_tu_2,crime_172,article_172,172,subject,Người nào công nhiên chiếm đoạt tài sản của người khác trị giá từ 2,nguoi nao cong nhien chiem doat tai san cua nguoi khac tri gia tu 2
subjreq_crime_173_subject_nguoi_nao_trom_cap_tai_san_cua_nguoi_khac_tri_gia_tu_2,crime_173,article_173,173,subject,Người nào trộm cắp tài sản của người khác trị giá từ 2,nguoi nao trom cap tai san cua nguoi khac tri gia tu 2
subjreq_crime_174_subject_nguoi_nao_bang_thu_doan_gian_doi_chiem_doat_tai_san_cua_nguoi_khac_tri_gia_tu_2,crime_174,article_174,174,subject,Người nào bằng thủ đoạn gian dối chiếm đoạt tài sản của người khác trị giá từ 2,nguoi nao bang thu doan gian doi chiem doat tai san cua nguoi khac tri gia tu 2
subjreq_crime_175_subject_nguoi_nao_thuc_hien_mot_trong_cac_hanh_vi_sau_day_chiem_doat_tai_san_cua_nguoi_khac_tri_gia_tu_4,crime_175,article_175,175,subject,Người nào thực hiện một trong các hành vi sau đây chiếm đoạt tài sản của người khác trị giá từ 4,nguoi nao thuc hien mot trong cac hanh vi sau day chiem doat tai san cua nguoi khac tri gia tu 4
subjreq_crime_176_subject_nguoi_nao_co_tinh_khong_tra_lai_cho_chu_so_huu_nguoi_quan_ly_hop_phap_hoac_khong_giao_nop_cho_co_quan_,crime_176,article_176,176,subject,"Người nào cố tình không trả lại cho chủ sở hữu, người quản lý hợp pháp hoặc không giao nộp cho cơ quan có trách nhiệm tài sản trị giá từ 10",nguoi nao co tinh khong tra lai cho chu so huu nguoi quan ly hop phap hoac khong giao nop cho co quan co trach nhiem tai san tri gia tu 10
subjreq_crime_177_subject_nguoi_nao_vi_vu_loi_ma_su_dung_trai_phep_tai_san_cua_nguoi_khac_tri_gia_tu_100,crime_177,article_177,177,subject,Người nào vì vụ lợi mà sử dụng trái phép tài sản của người khác trị giá từ 100,nguoi nao vi vu loi ma su dung trai phep tai san cua nguoi khac tri gia tu 100
subjreq_crime_178_subject_nguoi_nao_huy_hoai_hoac_co_y_lam_hu_hong_tai_san_cua_nguoi_khac_tri_gia_tu_2,crime_178,article_178,178,subject,Người nào hủy hoại hoặc cố ý làm hư hỏng tài sản của người khác trị giá từ 2,nguoi nao huy hoai hoac co y lam hu hong tai san cua nguoi khac tri gia tu 2
subjreq_crime_179_subject_nguoi_nao_co_nhiem_vu_truc_tiep_trong_cong_tac_quan_ly_tai_san_cua_nha_nuoc_co_quan_to_chuc_doanh_nghi,crime_179,article_179,179,subject,"Người nào có nhiệm vụ trực tiếp trong công tác quản lý tài sản của Nhà nước, cơ quan, tổ chức, doanh nghiệp, vì thiếu trách nhiệm mà để mất mát, hư hỏng, lãng phí gây thiệt hại cho tài sản của Nhà nước, cơ quan, tổ chức, doanh nghiệp từ 100",nguoi nao co nhiem vu truc tiep trong cong tac quan ly tai san cua nha nuoc co quan to chuc doanh nghiep vi thieu trach nhiem ma de mat mat hu hong lang phi gay thiet hai cho tai san cua nha nuoc co quan to chuc doanh nghiep tu 100
subjreq_crime_180_subject_nguoi_nao_vo_y_gay_thiet_hai_cho_tai_san_cua_nguoi_khac_tri_gia_tu_100,crime_180,article_180,180,subject,Người nào vô ý gây thiệt hại cho tài sản của người khác trị giá từ 100,nguoi nao vo y gay thiet hai cho tai san cua nguoi khac tri gia tu 100
subjreq_crime_181_subject_nguoi_nao_cuong_ep_nguoi_khac_ket_hon_trai_voi_su_tu_nguyen_cua_ho_can_tro_nguoi_khac_ket_hon_hoac_duy,crime_181,article_181,181,subject,"Người nào cưỡng ép người khác kết hôn trái với sự tự nguyện của họ, cản trở người khác kết hôn hoặc duy trì quan hệ hôn nhân tự nguyện, tiến bộ hoặc cưỡng ép hoặc cản trở người khác ly hôn bằng cách hành hạ, ngược đãi, uy hiếp tinh thần, yêu sách của cải hoặc bằng thủ đoạn khác, đã bị xử phạt vi phạm hành chính về hành vi này mà còn vi phạm, thì bị phạt cảnh cáo, phạt cải tạo không giam giữ đến 03 năm hoặc phạt tù từ 03 tháng đến 03 năm",nguoi nao cuong ep nguoi khac ket hon trai voi su tu nguyen cua ho can tro nguoi khac ket hon hoac duy tri quan he hon nhan tu nguyen tien bo hoac cuong ep hoac can tro nguoi khac ly hon bang cach hanh ha nguoc dai uy hiep tinh than yeu sach cua cai hoac bang thu doan khac da bi xu phat vi pham hanh chinh ve hanh vi nay ma con vi pham thi bi phat canh cao phat cai tao khong giam giu den 03 nam hoac phat tu tu 03 thang den 03 nam
subjreq_crime_182_subject_nguoi_nao_dang_co_vo_co_chong_ma_ket_hon_hoac_chung_song_nhu_vo_chong_voi_nguoi_khac_hoac_nguoi_chua_c,crime_182,article_182,182,subject,"Người nào đang có vợ, có chồng mà kết hôn hoặc chung sống như vợ chồng với người khác hoặc người chưa có vợ, chưa có chồng mà kết hôn hoặc chung sống như vợ chồng với người mà mình biết rõ là đang có chồng, có vợ thuộc một trong các trường hợp sau đây, thì bị phạt cảnh cáo, phạt cải tạo không giam giữ đến 01 năm hoặc phạt tù từ 03 tháng đến 01 năm: a) Làm cho quan hệ hôn nhân của một hoặc hai bên dẫn đến ly hôn",nguoi nao dang co vo co chong ma ket hon hoac chung song nhu vo chong voi nguoi khac hoac nguoi chua co vo chua co chong ma ket hon hoac chung song nhu vo chong voi nguoi ma minh biet ro la dang co chong co vo thuoc mot trong cac truong hop sau day thi bi phat canh cao phat cai tao khong giam giu den 01 nam hoac phat tu tu 03 thang den 01 nam a lam cho quan he hon nhan cua mot hoac hai ben dan den ly hon
subjreq_crime_183_subject_nguoi_nao_to_chuc_viec_lay_vo_lay_chong_cho_nhung_nguoi_chua_den_tuoi_ket_hon_da_bi_xu_phat_vi_pham_ha,crime_183,article_183,183,subject,"Người nào tổ chức việc lấy vợ, lấy chồng cho những người chưa đến tuổi kết hôn, đã bị xử phạt vi phạm hành chính về hành vi này mà còn vi phạm, thì bị phạt tiền từ 10",nguoi nao to chuc viec lay vo lay chong cho nhung nguoi chua den tuoi ket hon da bi xu phat vi pham hanh chinh ve hanh vi nay ma con vi pham thi bi phat tien tu 10
subjreq_crime_184_subject_nguoi_nao_giao_cau_voi_nguoi_ma_biet_ro_nguoi_do_cung_dong_mau_ve_truc_he_la_anh_chi_em_cung_cha_me_an,crime_184,article_184,184,subject,"Người nào giao cấu với người mà biết rõ người đó cùng dòng máu về trực hệ, là anh chị em cùng cha mẹ, anh chị em cùng cha khác mẹ hoặc cùng mẹ khác cha, thì bị phạt tù từ 01 năm đến 05 năm",nguoi nao giao cau voi nguoi ma biet ro nguoi do cung dong mau ve truc he la anh chi em cung cha me anh chi em cung cha khac me hoac cung me khac cha thi bi phat tu tu 01 nam den 05 nam
subjreq_crime_185_subject_nguoi_nao_doi_xu_toi_te_hoac_co_hanh_vi_bao_luc_xam_pham_than_the_ong_ba_cha_me_vo_chong_con_chau_hoac,crime_185,article_185,185,subject,"Người nào đối xử tồi tệ hoặc có hành vi bạo lực xâm phạm thân thể ông bà, cha mẹ, vợ chồng, con, cháu hoặc người có công nuôi dưỡng mình thuộc một trong những trường hợp sau đây, thì bị phạt cảnh cáo, phạt cải tạo không giam giữ đến 03 năm hoặc phạt tù từ 06 tháng đến 03 năm: a) Thường xuyên làm cho nạn nhân bị đau đớn về thể xác, tinh thần",nguoi nao doi xu toi te hoac co hanh vi bao luc xam pham than the ong ba cha me vo chong con chau hoac nguoi co cong nuoi duong minh thuoc mot trong nhung truong hop sau day thi bi phat canh cao phat cai tao khong giam giu den 03 nam hoac phat tu tu 06 thang den 03 nam a thuong xuyen lam cho nan nhan bi dau don ve the xac tinh than
subjreq_crime_185_subject_nguoi_duoi_16_tuoi_phu_nu_ma_biet_la_co_thai_nguoi_gia_yeu,crime_185,article_185,185,subject,"người dưới 16 tuổi, phụ nữ mà biết là có thai, người già yếu",nguoi duoi 16 tuoi phu nu ma biet la co thai nguoi gia yeu
subjreq_crime_186_subject_nguoi_nao_co_nghia_vu_cap_duong_va_co_kha_nang_thuc_te_de_thuc_hien_viec_cap_duong_doi_voi_nguoi_ma_mi,crime_186,article_186,186,subject,"Người nào có nghĩa vụ cấp dưỡng và có khả năng thực tế để thực hiện việc cấp dưỡng đối với người mà mình có nghĩa vụ cấp dưỡng theo quy định của pháp luật mà từ chối hoặc trốn tránh nghĩa vụ cấp dưỡng, làm cho người được cấp dưỡng lâm vào tình trạng nguy hiểm đến tính mạng, sức khỏe hoặc đã bị xử phạt vi phạm hành chính về một trong các hành vi quy định tại Điều này mà còn vi phạm, nếu không thuộc trường hợp quy định tại Điều 380 của Bộ luật này, thì bị phạt cảnh cáo, phạt cải tạo không giam giữ đến 02 năm hoặc phạt tù từ 03 tháng đến 02 năm",nguoi nao co nghia vu cap duong va co kha nang thuc te de thuc hien viec cap duong doi voi nguoi ma minh co nghia vu cap duong theo quy dinh cua phap luat ma tu choi hoac tron tranh nghia vu cap duong lam cho nguoi duoc cap duong lam vao tinh trang nguy hiem den tinh mang suc khoe hoac da bi xu phat vi pham hanh chinh ve mot trong cac hanh vi quy dinh tai dieu nay ma con vi pham neu khong thuoc truong hop quy dinh tai dieu 380 cua bo luat nay thi bi phat canh cao phat cai tao khong giam giu den 02 nam hoac phat tu tu 03 thang den 02 nam
subjreq_crime_187_subject_nguoi_nao_to_chuc_mang_thai_ho_vi_muc_dich_thuong_mai_thi_bi_phat_tien_tu_50,crime_187,article_187,187,subject,"Người nào tổ chức mang thai hộ vì mục đích thương mại, thì bị phạt tiền từ 50",nguoi nao to chuc mang thai ho vi muc dich thuong mai thi bi phat tien tu 50
subjreq_crime_188_subject_nguoi_nao_buon_ban_qua_bien_gioi_hoac_tu_khu_phi_thue_quan_vao_noi_dia_hoac_nguoc_lai_trai_phap_luat_h,crime_188,article_188,188,subject,"Người nào buôn bán qua biên giới hoặc từ khu phi thuế quan vào nội địa hoặc ngược lại trái pháp luật hàng hóa, tiền Việt Nam, ngoại tệ, kim khí quý, đá quý trị giá từ 100",nguoi nao buon ban qua bien gioi hoac tu khu phi thue quan vao noi dia hoac nguoc lai trai phap luat hang hoa tien viet nam ngoai te kim khi quy da quy tri gia tu 100
subjreq_crime_188_subject_phap_nhan_thuong_mai_pham_toi_quy_dinh_tai_dieu_nay_thi_bi_phat_nhu_sau_a_thuc_hien_hanh_vi_quy_dinh_t,crime_188,article_188,188,subject,"Pháp nhân thương mại phạm tội quy định tại Điều này, thì bị phạt như sau: a) Thực hiện hành vi quy định tại khoản 1 Điều này với hàng hóa, tiền Việt Nam, ngoại tệ, kim khí quý, đá quý trị giá từ 200",phap nhan thuong mai pham toi quy dinh tai dieu nay thi bi phat nhu sau a thuc hien hanh vi quy dinh tai khoan 1 dieu nay voi hang hoa tien viet nam ngoai te kim khi quy da quy tri gia tu 200
subjreq_crime_188_subject_phap_nhan_thuong_mai_con_co_the_bi_phat_tien_tu_50,crime_188,article_188,188,subject,Pháp nhân thương mại còn có thể bị phạt tiền từ 50,phap nhan thuong mai con co the bi phat tien tu 50
subjreq_crime_189_subject_nguoi_nao_van_chuyen_qua_bien_gioi_hoac_tu_khu_phi_thue_quan_vao_noi_dia_hoac_nguoc_lai_trai_phap_luat,crime_189,article_189,189,subject,"Người nào vận chuyển qua biên giới hoặc từ khu phi thuế quan vào nội địa hoặc ngược lại trái pháp luật hàng hóa, tiền Việt Nam, ngoại tệ, kim khí quý, đá quý trị giá từ 100",nguoi nao van chuyen qua bien gioi hoac tu khu phi thue quan vao noi dia hoac nguoc lai trai phap luat hang hoa tien viet nam ngoai te kim khi quy da quy tri gia tu 100
subjreq_crime_189_subject_phap_nhan_thuong_mai_pham_toi_quy_dinh_tai_dieu_nay_thi_bi_phat_nhu_sau_a_thuc_hien_hanh_vi_quy_dinh_t,crime_189,article_189,189,subject,"Pháp nhân thương mại phạm tội quy định tại Điều này, thì bị phạt như sau: a) Thực hiện hành vi quy định tại khoản 1 Điều này với hàng hóa, tiền Việt Nam, ngoại tệ, kim khí quý, đá quý trị giá từ 200",phap nhan thuong mai pham toi quy dinh tai dieu nay thi bi phat nhu sau a thuc hien hanh vi quy dinh tai khoan 1 dieu nay voi hang hoa tien viet nam ngoai te kim khi quy da quy tri gia tu 200
subjreq_crime_189_subject_phap_nhan_thuong_mai_con_co_the_bi_phat_tien_tu_50,crime_189,article_189,189,subject,Pháp nhân thương mại còn có thể bị phạt tiền từ 50,phap nhan thuong mai con co the bi phat tien tu 50
subjreq_crime_190_subject_nguoi_nao_thuc_hien_mot_trong_cac_hanh_vi_sau_day_neu_khong_thuoc_truong_hop_quy_dinh_tai_cac_dieu_232,crime_190,article_190,190,subject,"Người nào thực hiện một trong các hành vi sau đây, nếu không thuộc trường hợp quy định tại các điều 232, 234, 244, 246, 248, 251, 253, 254, 304, 305, 306, 309 và 311 của Bộ luật này, thì bị phạt tiền từ 100",nguoi nao thuc hien mot trong cac hanh vi sau day neu khong thuoc truong hop quy dinh tai cac dieu 232 234 244 246 248 251 253 254 304 305 306 309 va 311 cua bo luat nay thi bi phat tien tu 100
subjreq_crime_190_subject_phap_nhan_thuong_mai_pham_toi_quy_dinh_tai_dieu_nay_thi_bi_phat_nhu_sau_a_pham_toi_thuoc_truong_hop_qu,crime_190,article_190,190,subject,"Pháp nhân thương mại phạm tội quy định tại Điều này, thì bị phạt như sau: a) Phạm tội thuộc trường hợp quy định tại khoản 1 Điều này, thì bị phạt tiền từ 1",phap nhan thuong mai pham toi quy dinh tai dieu nay thi bi phat nhu sau a pham toi thuoc truong hop quy dinh tai khoan 1 dieu nay thi bi phat tien tu 1
subjreq_crime_190_subject_phap_nhan_thuong_mai_con_co_the_bi_phat_tien_tu_50,crime_190,article_190,190,subject,Pháp nhân thương mại còn có thể bị phạt tiền từ 50,phap nhan thuong mai con co the bi phat tien tu 50
subjreq_crime_191_subject_nguoi_nao_tang_tru_van_chuyen_hang_cam_thuoc_mot_trong_cac_truong_hop_sau_day_neu_khong_thuoc_truong_h,crime_191,article_191,191,subject,"Người nào tàng trữ, vận chuyển hàng cấm thuộc một trong các trường hợp sau đây, nếu không thuộc trường hợp quy định tại các điều 232, 234, 239, 244, 246, 249, 250, 253, 254, 304, 305, 306, 309 và 311 của Bộ luật này, thì bị phạt tiền từ 50",nguoi nao tang tru van chuyen hang cam thuoc mot trong cac truong hop sau day neu khong thuoc truong hop quy dinh tai cac dieu 232 234 239 244 246 249 250 253 254 304 305 306 309 va 311 cua bo luat nay thi bi phat tien tu 50
subjreq_crime_191_subject_phap_nhan_thuong_mai_pham_toi_quy_dinh_tai_dieu_nay_thi_bi_phat_nhu_sau_a_pham_toi_thuoc_truong_hop_qu,crime_191,article_191,191,subject,"Pháp nhân thương mại phạm tội quy định tại Điều này, thì bị phạt như sau: a) Phạm tội thuộc trường hợp quy định tại khoản 1 Điều này, thì bị phạt tiền từ 300",phap nhan thuong mai pham toi quy dinh tai dieu nay thi bi phat nhu sau a pham toi thuoc truong hop quy dinh tai khoan 1 dieu nay thi bi phat tien tu 300
subjreq_crime_191_subject_phap_nhan_thuong_mai_con_co_the_bi_phat_tien_tu_50,crime_191,article_191,191,subject,Pháp nhân thương mại còn có thể bị phạt tiền từ 50,phap nhan thuong mai con co the bi phat tien tu 50
subjreq_crime_192_subject_nguoi_nao_san_xuat_buon_ban_hang_gia_thuoc_mot_trong_cac_truong_hop_sau_day_neu_khong_thuoc_truong_hop,crime_192,article_192,192,subject,"Người nào sản xuất, buôn bán hàng giả thuộc một trong các trường hợp sau đây, nếu không thuộc trường hợp quy định tại các điều 193, 194 và 195 của Bộ luật này, thì bị phạt tiền từ 200",nguoi nao san xuat buon ban hang gia thuoc mot trong cac truong hop sau day neu khong thuoc truong hop quy dinh tai cac dieu 193 194 va 195 cua bo luat nay thi bi phat tien tu 200
subjreq_crime_192_subject_phap_nhan_thuong_mai_pham_toi_quy_dinh_tai_dieu_nay_thi_bi_phat_nhu_sau_a_pham_toi_thuoc_truong_hop_qu,crime_192,article_192,192,subject,"Pháp nhân thương mại phạm tội quy định tại Điều này, thì bị phạt như sau: a) Phạm tội thuộc trường hợp quy định tại khoản 1 Điều này, thì bị phạt tiền từ 2",phap nhan thuong mai pham toi quy dinh tai dieu nay thi bi phat nhu sau a pham toi thuoc truong hop quy dinh tai khoan 1 dieu nay thi bi phat tien tu 2
subjreq_crime_192_subject_phap_nhan_thuong_mai_con_co_the_bi_phat_tien_tu_100,crime_192,article_192,192,subject,Pháp nhân thương mại còn có thể bị phạt tiền từ 100,phap nhan thuong mai con co the bi phat tien tu 100
subjreq_crime_193_subject_nguoi_nao_san_xuat_buon_ban_hang_gia_la_luong_thuc_thuc_pham_phu_gia_thuc_pham_thi_bi_phat_tu_tu_02_na,crime_193,article_193,193,subject,"Người nào sản xuất, buôn bán hàng giả là lương thực, thực phẩm, phụ gia thực phẩm, thì bị phạt tù từ 02 năm đến 05 năm",nguoi nao san xuat buon ban hang gia la luong thuc thuc pham phu gia thuc pham thi bi phat tu tu 02 nam den 05 nam
subjreq_crime_193_subject_phap_nhan_thuong_mai_pham_toi_quy_dinh_tai_dieu_nay_thi_bi_phat_nhu_sau_a_pham_toi_thuoc_truong_hop_qu,crime_193,article_193,193,subject,"Pháp nhân thương mại phạm tội quy định tại Điều này, thì bị phạt như sau: a) Phạm tội thuộc trường hợp quy định tại khoản 1 Điều này, thì bị phạt tiền từ 2",phap nhan thuong mai pham toi quy dinh tai dieu nay thi bi phat nhu sau a pham toi thuoc truong hop quy dinh tai khoan 1 dieu nay thi bi phat tien tu 2
subjreq_crime_193_subject_phap_nhan_thuong_mai_con_co_the_bi_phat_tien_tu_200,crime_193,article_193,193,subject,Pháp nhân thương mại còn có thể bị phạt tiền từ 200,phap nhan thuong mai con co the bi phat tien tu 200
subjreq_crime_194_subject_nguoi_nao_san_xuat_buon_ban_hang_gia_la_thuoc_chua_benh_thuoc_phong_benh_thi_bi_phat_tu_tu_02_nam_den_,crime_194,article_194,194,subject,"Người nào sản xuất, buôn bán hàng giả là thuốc chữa bệnh, thuốc phòng bệnh, thì bị phạt tù từ 02 năm đến 07 năm",nguoi nao san xuat buon ban hang gia la thuoc chua benh thuoc phong benh thi bi phat tu tu 02 nam den 07 nam
subjreq_crime_194_subject_phap_nhan_thuong_mai_pham_toi_quy_dinh_tai_dieu_nay_thi_bi_phat_nhu_sau_a_pham_toi_thuoc_truong_hop_qu,crime_194,article_194,194,subject,"Pháp nhân thương mại phạm tội quy định tại Điều này, thì bị phạt như sau: a) Phạm tội thuộc trường hợp quy định tại khoản 1 Điều này, thì bị phạt tiền từ 2",phap nhan thuong mai pham toi quy dinh tai dieu nay thi bi phat nhu sau a pham toi thuoc truong hop quy dinh tai khoan 1 dieu nay thi bi phat tien tu 2
subjreq_crime_194_subject_phap_nhan_thuong_mai_con_co_the_bi_phat_tien_tu_200,crime_194,article_194,194,subject,Pháp nhân thương mại còn có thể bị phạt tiền từ 200,phap nhan thuong mai con co the bi phat tien tu 200
subjreq_crime_195_subject_nguoi_nao_san_xuat_buon_ban_hang_gia_la_thuc_an_dung_de_chan_nuoi_phan_bon_thuoc_thu_y_thuoc_bao_ve_th,crime_195,article_195,195,subject,"Người nào sản xuất, buôn bán hàng giả là thức ăn dùng để chăn nuôi, phân bón, thuốc thú y, thuốc bảo vệ thực vật, giống cây trồng, giống vật nuôi thuộc một trong các trường hợp sau đây, thì bị phạt tiền từ 200",nguoi nao san xuat buon ban hang gia la thuc an dung de chan nuoi phan bon thuoc thu y thuoc bao ve thuc vat giong cay trong giong vat nuoi thuoc mot trong cac truong hop sau day thi bi phat tien tu 200
subjreq_crime_195_subject_phap_nhan_thuong_mai_pham_toi_quy_dinh_tai_dieu_nay_thi_bi_phat_nhu_sau_a_pham_toi_thuoc_truong_hop_qu,crime_195,article_195,195,subject,"Pháp nhân thương mại phạm tội quy định tại Điều này, thì bị phạt như sau: a) Phạm tội thuộc trường hợp quy định tại khoản 1 Điều này, thì bị phạt tiền từ 2",phap nhan thuong mai pham toi quy dinh tai dieu nay thi bi phat nhu sau a pham toi thuoc truong hop quy dinh tai khoan 1 dieu nay thi bi phat tien tu 2
subjreq_crime_195_subject_phap_nhan_thuong_mai_con_co_the_bi_phat_tien_tu_200,crime_195,article_195,195,subject,Pháp nhân thương mại còn có thể bị phạt tiền từ 200,phap nhan thuong mai con co the bi phat tien tu 200
subjreq_crime_196_subject_nguoi_nao_loi_dung_tinh_hinh_khan_hiem_hoac_tao_ra_su_khan_hiem_gia_tao_trong_tinh_hinh_thien_tai_dich,crime_196,article_196,196,subject,"Người nào lợi dụng tình hình khan hiếm hoặc tạo ra sự khan hiếm giả tạo trong tình hình thiên tai, dịch bệnh, chiến tranh hoặc tình hình khó khăn về kinh tế mua vét hàng hóa thuộc danh mục mặt hàng bình ổn giá hoặc thuộc danh mục hàng hóa được Nhà nước định giá nhằm bán lại để thu lợi bất chính thuộc một trong các trường hợp sau đây, thì bị phạt tiền từ 30",nguoi nao loi dung tinh hinh khan hiem hoac tao ra su khan hiem gia tao trong tinh hinh thien tai dich benh chien tranh hoac tinh hinh kho khan ve kinh te mua vet hang hoa thuoc danh muc mat hang binh on gia hoac thuoc danh muc hang hoa duoc nha nuoc dinh gia nham ban lai de thu loi bat chinh thuoc mot trong cac truong hop sau day thi bi phat tien tu 30
subjreq_crime_196_subject_phap_nhan_thuong_mai_pham_toi_quy_dinh_tai_dieu_nay_thi_bi_xu_phat_nhu_sau_a_pham_toi_thuoc_truong_hop,crime_196,article_196,196,subject,"Pháp nhân thương mại phạm tội quy định tại Điều này, thì bị xử phạt như sau: a) Phạm tội thuộc trường hợp quy định tại khoản 1 Điều này, thì bị phạt tiền từ 300",phap nhan thuong mai pham toi quy dinh tai dieu nay thi bi xu phat nhu sau a pham toi thuoc truong hop quy dinh tai khoan 1 dieu nay thi bi phat tien tu 300
subjreq_crime_196_subject_phap_nhan_thuong_mai_con_co_the_bi_phat_tien_tu_100,crime_196,article_196,196,subject,Pháp nhân thương mại còn có thể bị phạt tiền từ 100,phap nhan thuong mai con co the bi phat tien tu 100
subjreq_crime_197_subject_nguoi_nao_quang_cao_gian_doi_ve_hang_hoa_dich_vu_da_bi_xu_phat_vi_pham_hanh_chinh_ve_hanh_vi_nay_hoac_,crime_197,article_197,197,subject,"Người nào quảng cáo gian dối về hàng hóa, dịch vụ, đã bị xử phạt vi phạm hành chính về hành vi này hoặc đã bị kết án về tội này, chưa được xóa án tích mà còn vi phạm, thì bị phạt tiền từ 10",nguoi nao quang cao gian doi ve hang hoa dich vu da bi xu phat vi pham hanh chinh ve hanh vi nay hoac da bi ket an ve toi nay chua duoc xoa an tich ma con vi pham thi bi phat tien tu 10
subjreq_crime_198_subject_nguoi_nao_trong_viec_mua_ban_hang_hoa_hoac_cung_cap_dich_vu_ma_can_dong_do_dem_tinh_gian_hang_hoa_dich,crime_198,article_198,198,subject,"Người nào trong việc mua, bán hàng hóa hoặc cung cấp dịch vụ mà cân, đong, đo, đếm, tính gian hàng hóa, dịch vụ hoặc dùng thủ đoạn gian dối khác thuộc một trong các trường hợp sau đây, thì bị phạt cảnh cáo, phạt tiền từ 10",nguoi nao trong viec mua ban hang hoa hoac cung cap dich vu ma can dong do dem tinh gian hang hoa dich vu hoac dung thu doan gian doi khac thuoc mot trong cac truong hop sau day thi bi phat canh cao phat tien tu 10
subjreq_crime_199_subject_nguoi_nao_co_trach_nhiem_ma_dong_dien_cat_dien_tu_choi_cung_cap_dien_trai_quy_dinh_cua_phap_luat_hoac_,crime_199,article_199,199,subject,"Người nào có trách nhiệm mà đóng điện, cắt điện, từ chối cung cấp điện trái quy định của pháp luật hoặc trì hoãn việc xử lý sự cố điện không có lý do chính đáng thuộc một trong các trường hợp sau đây, thì bị phạt tiền từ 30",nguoi nao co trach nhiem ma dong dien cat dien tu choi cung cap dien trai quy dinh cua phap luat hoac tri hoan viec xu ly su co dien khong co ly do chinh dang thuoc mot trong cac truong hop sau day thi bi phat tien tu 30
subjreq_crime_200_subject_nguoi_nao_thuc_hien_mot_trong_cac_hanh_vi_sau_day_tron_thue_voi_so_tien_tu_100,crime_200,article_200,200,subject,Người nào thực hiện một trong các hành vi sau đây trốn thuế với số tiền từ 100,nguoi nao thuc hien mot trong cac hanh vi sau day tron thue voi so tien tu 100
subjreq_crime_200_subject_phap_nhan_thuong_mai_pham_toi_quy_dinh_tai_dieu_nay_thi_bi_phat_nhu_sau_a_thuc_hien_mot_trong_cac_hanh,crime_200,article_200,200,subject,"Pháp nhân thương mại phạm tội quy định tại Điều này, thì bị phạt như sau: a) Thực hiện một trong các hành vi quy định tại khoản 1 Điều này trốn thuế với số tiền từ 200",phap nhan thuong mai pham toi quy dinh tai dieu nay thi bi phat nhu sau a thuc hien mot trong cac hanh vi quy dinh tai khoan 1 dieu nay tron thue voi so tien tu 200
subjreq_crime_200_subject_phap_nhan_thuong_mai_con_co_the_bi_phat_tien_tu_50,crime_200,article_200,200,subject,Pháp nhân thương mại còn có thể bị phạt tiền từ 50,phap nhan thuong mai con co the bi phat tien tu 50
subjreq_crime_201_subject_nguoi_nao_trong_giao_dich_dan_su_ma_cho_vay_voi_lai_suat_gap_05_lan_tro_len_cua_muc_lai_suat_cao_nhat_,crime_201,article_201,201,subject,"Người nào trong giao dịch dân sự mà cho vay với lãi suất gấp 05 lần trở lên của mức lãi suất cao nhất quy định trong Bộ luật dân sự, thu lợi bất chính từ 30",nguoi nao trong giao dich dan su ma cho vay voi lai suat gap 05 lan tro len cua muc lai suat cao nhat quy dinh trong bo luat dan su thu loi bat chinh tu 30
subjreq_crime_202_subject_nguoi_nao_lam_buon_ban_cac_loai_tem_gia_ve_gia_thuoc_mot_trong_cac_truong_hop_sau_day_thi_bi_phat_tien,crime_202,article_202,202,subject,"Người nào làm, buôn bán các loại tem giả, vé giả thuộc một trong các trường hợp sau đây, thì bị phạt tiền từ 30",nguoi nao lam buon ban cac loai tem gia ve gia thuoc mot trong cac truong hop sau day thi bi phat tien tu 30
subjreq_crime_203_subject_nguoi_nao_in_phat_hanh_mua_ban_trai_phep_hoa_don_chung_tu_thu_nop_ngan_sach_nha_nuoc_o_dang_phoi_tu_50,crime_203,article_203,203,subject,"Người nào in, phát hành, mua bán trái phép hóa đơn, chứng từ thu nộp ngân sách nhà nước ở dạng phôi từ 50 số đến dưới 100 số hoặc hóa đơn, chứng từ đã ghi nội dung từ 10 số đến dưới 30 số hoặc thu lợi bất chính từ 30",nguoi nao in phat hanh mua ban trai phep hoa don chung tu thu nop ngan sach nha nuoc o dang phoi tu 50 so den duoi 100 so hoac hoa don chung tu da ghi noi dung tu 10 so den duoi 30 so hoac thu loi bat chinh tu 30
subjreq_crime_203_subject_phap_nhan_thuong_mai_pham_toi_quy_dinh_tai_dieu_nay_thi_bi_phat_nhu_sau_a_pham_toi_thuoc_truong_hop_qu,crime_203,article_203,203,subject,"Pháp nhân thương mại phạm tội quy định tại Điều này, thì bị phạt như sau: a) Phạm tội thuộc trường hợp quy định tại khoản 1 Điều này, thì bị phạt tiền từ 100",phap nhan thuong mai pham toi quy dinh tai dieu nay thi bi phat nhu sau a pham toi thuoc truong hop quy dinh tai khoan 1 dieu nay thi bi phat tien tu 100
subjreq_crime_203_subject_phap_nhan_thuong_mai_con_co_the_bi_phat_tien_tu_50,crime_203,article_203,203,subject,Pháp nhân thương mại còn có thể bị phạt tiền từ 50,phap nhan thuong mai con co the bi phat tien tu 50
subjreq_crime_204_subject_nguoi_nao_co_trach_nhiem_bao_quan_quan_ly_hoa_don_chung_tu_ma_vi_pham_quy_dinh_cua_nha_nuoc_ve_bao_qua,crime_204,article_204,204,subject,"Người nào có trách nhiệm bảo quản, quản lý hóa đơn, chứng từ mà vi phạm quy định của Nhà nước về bảo quản, quản lý hóa đơn, chứng từ thu nộp ngân sách nhà nước gây thiệt hại cho ngân sách Nhà nước hoặc cho người khác từ 100",nguoi nao co trach nhiem bao quan quan ly hoa don chung tu ma vi pham quy dinh cua nha nuoc ve bao quan quan ly hoa don chung tu thu nop ngan sach nha nuoc gay thiet hai cho ngan sach nha nuoc hoac cho nguoi khac tu 100
subjreq_crime_205_subject_nguoi_nao_loi_dung_chuc_vu_quyen_han_lap_quy_trai_quy_dinh_cua_phap_luat_va_da_su_dung_quy_do_gay_thie,crime_205,article_205,205,subject,"Người nào lợi dụng chức vụ, quyền hạn lập quỹ trái quy định của pháp luật và đã sử dụng quỹ đó gây thiệt hại cho tài sản của Nhà nước từ 50",nguoi nao loi dung chuc vu quyen han lap quy trai quy dinh cua phap luat va da su dung quy do gay thiet hai cho tai san cua nha nuoc tu 50
subjreq_crime_206_subject_nguoi_nao_thuc_hien_mot_trong_cac_hanh_vi_sau_day_gay_thiet_hai_cho_nguoi_khac_ve_tai_san_tu_100,crime_206,article_206,206,subject,Người nào thực hiện một trong các hành vi sau đây gây thiệt hại cho người khác về tài sản từ 100,nguoi nao thuc hien mot trong cac hanh vi sau day gay thiet hai cho nguoi khac ve tai san tu 100
subjreq_crime_207_subject_nguoi_nao_lam_tang_tru_van_chuyen_luu_hanh_tien_gia_thi_bi_phat_tu_tu_03_nam_den_07_nam,crime_207,article_207,207,subject,"Người nào làm, tàng trữ, vận chuyển, lưu hành tiền giả, thì bị phạt tù từ 03 năm đến 07 năm",nguoi nao lam tang tru van chuyen luu hanh tien gia thi bi phat tu tu 03 nam den 07 nam
subjreq_crime_208_subject_nguoi_nao_lam_tang_tru_van_chuyen_luu_hanh_cong_cu_chuyen_nhuong_gia_hoac_cac_giay_to_co_gia_gia_khac_,crime_208,article_208,208,subject,"Người nào làm, tàng trữ, vận chuyển, lưu hành công cụ chuyển nhượng giả hoặc các giấy tờ có giá giả khác, thì bị phạt tù từ 02 năm đến 07 năm",nguoi nao lam tang tru van chuyen luu hanh cong cu chuyen nhuong gia hoac cac giay to co gia gia khac thi bi phat tu tu 02 nam den 07 nam
subjreq_crime_209_subject_nguoi_nao_co_y_cong_bo_thong_tin_sai_lech_hoac_che_giau_thong_tin_trong_hoat_dong_chao_ban_niem_yet_gi,crime_209,article_209,209,subject,"Người nào cố ý công bố thông tin sai lệch hoặc che giấu thông tin trong hoạt động chào bán, niêm yết, giao dịch, hoạt động kinh doanh chứng khoán, tổ chức thị trường, đăng ký, lưu ký, bù trừ hoặc thanh toán chứng khoán thuộc một trong các trường hợp sau đây, thì bị phạt tiền từ 100",nguoi nao co y cong bo thong tin sai lech hoac che giau thong tin trong hoat dong chao ban niem yet giao dich hoat dong kinh doanh chung khoan to chuc thi truong dang ky luu ky bu tru hoac thanh toan chung khoan thuoc mot trong cac truong hop sau day thi bi phat tien tu 100
subjreq_crime_209_subject_phap_nhan_thuong_mai_pham_toi_quy_dinh_tai_dieu_nay_thi_bi_phat_nhu_sau_a_pham_toi_thuoc_truong_hop_qu,crime_209,article_209,209,subject,"Pháp nhân thương mại phạm tội quy định tại Điều này, thì bị phạt như sau: a) Phạm tội thuộc trường hợp quy định tại khoản 1 Điều này, thì bị phạt tiền từ 500",phap nhan thuong mai pham toi quy dinh tai dieu nay thi bi phat nhu sau a pham toi thuoc truong hop quy dinh tai khoan 1 dieu nay thi bi phat tien tu 500
subjreq_crime_209_subject_phap_nhan_thuong_mai_con_co_the_bi_cam_kinh_doanh_cam_hoat_dong_trong_mot_so_linh_vuc_nhat_dinh_hoac_c,crime_209,article_209,209,subject,"Pháp nhân thương mại còn có thể bị cấm kinh doanh, cấm hoạt động trong một số lĩnh vực nhất định hoặc cấm huy động vốn từ 01 năm đến 03 năm",phap nhan thuong mai con co the bi cam kinh doanh cam hoat dong trong mot so linh vuc nhat dinh hoac cam huy dong von tu 01 nam den 03 nam
subjreq_crime_210_subject_nguoi_nao_biet_duoc_thong_tin_lien_quan_den_cong_ty_dai_chung_hoac_quy_dai_chung_chua_duoc_cong_bo_ma_,crime_210,article_210,210,subject,"Người nào biết được thông tin liên quan đến công ty đại chúng hoặc quỹ đại chúng chưa được công bố mà nếu được công bố có thể ảnh hưởng lớn đến giá chứng khoán của công ty đại chúng hoặc quỹ đại chúng đó mà sử dụng thông tin này để mua bán chứng khoán hoặc tiết lộ, cung cấp thông tin này hoặc tư vấn cho người khác mua bán chứng khoán trên cơ sở thông tin này, thu lợi bất chính từ 300",nguoi nao biet duoc thong tin lien quan den cong ty dai chung hoac quy dai chung chua duoc cong bo ma neu duoc cong bo co the anh huong lon den gia chung khoan cua cong ty dai chung hoac quy dai chung do ma su dung thong tin nay de mua ban chung khoan hoac tiet lo cung cap thong tin nay hoac tu van cho nguoi khac mua ban chung khoan tren co so thong tin nay thu loi bat chinh tu 300
subjreq_crime_210_subject_phap_nhan_thuong_mai_pham_toi_quy_dinh_tai_dieu_nay_thi_bi_phat_nhu_sau_a_pham_toi_thuoc_truong_hop_qu,crime_210,article_210,210,subject,"Pháp nhân thương mại phạm tội quy định tại Điều này, thì bị phạt như sau: a) Phạm tội thuộc trường hợp quy định tại khoản 1 Điều này, thì bị phạt tiền từ 1",phap nhan thuong mai pham toi quy dinh tai dieu nay thi bi phat nhu sau a pham toi thuoc truong hop quy dinh tai khoan 1 dieu nay thi bi phat tien tu 1
subjreq_crime_210_subject_phap_nhan_thuong_mai_con_co_the_bi_cam_kinh_doanh_cam_hoat_dong_trong_mot_so_linh_vuc_nhat_dinh_hoac_c,crime_210,article_210,210,subject,"Pháp nhân thương mại còn có thể bị cấm kinh doanh, cấm hoạt động trong một số lĩnh vực nhất định hoặc cấm huy động vốn từ 01 năm đến 03 năm",phap nhan thuong mai con co the bi cam kinh doanh cam hoat dong trong mot so linh vuc nhat dinh hoac cam huy dong von tu 01 nam den 03 nam
subjreq_crime_211_subject_nguoi_nao_thuc_hien_mot_trong_cac_hanh_vi_sau_day_thu_loi_bat_chinh_tu_500,crime_211,article_211,211,subject,Người nào thực hiện một trong các hành vi sau đây thu lợi bất chính từ 500,nguoi nao thuc hien mot trong cac hanh vi sau day thu loi bat chinh tu 500
subjreq_crime_211_subject_phap_nhan_thuong_mai_pham_toi_quy_dinh_tai_dieu_nay_thi_bi_phat_nhu_sau_a_pham_toi_thuoc_truong_hop_qu,crime_211,article_211,211,subject,"Pháp nhân thương mại phạm tội quy định tại Điều này, thì bị phạt như sau: a) Phạm tội thuộc trường hợp quy định tại khoản 1 Điều này, thì bị phạt tiền từ 2",phap nhan thuong mai pham toi quy dinh tai dieu nay thi bi phat nhu sau a pham toi thuoc truong hop quy dinh tai khoan 1 dieu nay thi bi phat tien tu 2
subjreq_crime_211_subject_phap_nhan_thuong_mai_con_co_the_bi_phat_tien_tu_500,crime_211,article_211,211,subject,Pháp nhân thương mại còn có thể bị phạt tiền từ 500,phap nhan thuong mai con co the bi phat tien tu 500
subjreq_crime_212_subject_nguoi_nao_lam_gia_tai_lieu_trong_ho_so_chao_ban_niem_yet_chung_khoan_thu_loi_bat_chinh_tu_1,crime_212,article_212,212,subject,"Người nào làm giả tài liệu trong hồ sơ chào bán, niêm yết chứng khoán thu lợi bất chính từ 1",nguoi nao lam gia tai lieu trong ho so chao ban niem yet chung khoan thu loi bat chinh tu 1
subjreq_crime_213_subject_nguoi_nao_thuc_hien_mot_trong_cac_hanh_vi_sau_day_chiem_doat_tien_bao_hiem_tu_20,crime_213,article_213,213,subject,Người nào thực hiện một trong các hành vi sau đây chiếm đoạt tiền bảo hiểm từ 20,nguoi nao thuc hien mot trong cac hanh vi sau day chiem doat tien bao hiem tu 20
subjreq_crime_213_subject_phap_nhan_thuong_mai_pham_toi_quy_dinh_tai_dieu_nay_thi_bi_phat_nhu_sau_a_thuc_hien_mot_trong_cac_hanh,crime_213,article_213,213,subject,"Pháp nhân thương mại phạm tội quy định tại Điều này, thì bị phạt như sau: a) Thực hiện một trong các hành vi quy định tại khoản 1 Điều này chiếm đoạt số tiền bảo hiểm từ 200",phap nhan thuong mai pham toi quy dinh tai dieu nay thi bi phat nhu sau a thuc hien mot trong cac hanh vi quy dinh tai khoan 1 dieu nay chiem doat so tien bao hiem tu 200
subjreq_crime_213_subject_phap_nhan_thuong_mai_con_co_the_bi_cam_kinh_doanh_cam_hoat_dong_trong_mot_so_linh_vuc_nhat_dinh_hoac_c,crime_213,article_213,213,subject,"Pháp nhân thương mại còn có thể bị cấm kinh doanh, cấm hoạt động trong một số lĩnh vực nhất định hoặc cấm huy động vốn từ 01 năm đến 03 năm",phap nhan thuong mai con co the bi cam kinh doanh cam hoat dong trong mot so linh vuc nhat dinh hoac cam huy dong von tu 01 nam den 03 nam
subjreq_crime_214_subject_nguoi_nao_thuc_hien_mot_trong_cac_hanh_vi_sau_day_chiem_doat_tien_bao_hiem_xa_hoi_bao_hiem_that_nghiep,crime_214,article_214,214,subject,"Người nào thực hiện một trong các hành vi sau đây, chiếm đoạt tiền bảo hiểm xã hội, bảo hiểm thất nghiệp từ 10",nguoi nao thuc hien mot trong cac hanh vi sau day chiem doat tien bao hiem xa hoi bao hiem that nghiep tu 10
subjreq_crime_215_subject_nguoi_nao_thuc_hien_mot_trong_cac_hanh_vi_sau_day_chiem_doat_tien_bao_hiem_y_te_tu_10,crime_215,article_215,215,subject,"Người nào thực hiện một trong các hành vi sau đây, chiếm đoạt tiền bảo hiểm y tế từ 10",nguoi nao thuc hien mot trong cac hanh vi sau day chiem doat tien bao hiem y te tu 10
subjreq_crime_216_subject_nguoi_nao_co_nghia_vu_dong_bao_hiem_xa_hoi_bao_hiem_y_te_bao_hiem_that_nghiep_cho_nguoi_lao_dong_ma_gi,crime_216,article_216,216,subject,"Người nào có nghĩa vụ đóng bảo hiểm xã hội, bảo hiểm y tế, bảo hiểm thất nghiệp cho người lao động mà gian dối hoặc bằng thủ đoạn khác để không đóng hoặc không đóng đầy đủ theo quy định từ 06 tháng trở lên thuộc một trong những trường hợp sau đây, đã bị xử phạt vi phạm hành chính về hành vi này mà còn vi phạm, thì bị phạt tiền từ 50",nguoi nao co nghia vu dong bao hiem xa hoi bao hiem y te bao hiem that nghiep cho nguoi lao dong ma gian doi hoac bang thu doan khac de khong dong hoac khong dong day du theo quy dinh tu 06 thang tro len thuoc mot trong nhung truong hop sau day da bi xu phat vi pham hanh chinh ve hanh vi nay ma con vi pham thi bi phat tien tu 50
subjreq_crime_216_subject_phap_nhan_thuong_mai_pham_toi_quy_dinh_tai_dieu_nay_thi_bi_phat_nhu_sau_a_pham_toi_thuoc_truong_hop_qu,crime_216,article_216,216,subject,"Pháp nhân thương mại phạm tội quy định tại Điều này, thì bị phạt như sau: a) Phạm tội thuộc trường hợp quy định tại khoản 1 Điều này, thì bị phạt tiền từ 200",phap nhan thuong mai pham toi quy dinh tai dieu nay thi bi phat nhu sau a pham toi thuoc truong hop quy dinh tai khoan 1 dieu nay thi bi phat tien tu 200
subjreq_crime_217_subject_nguoi_nao_thuc_hien_mot_trong_cac_hanh_vi_sau_day_gay_thiet_hai_cho_nguoi_khac_tu_1,crime_217,article_217,217,subject,Người nào thực hiện một trong các hành vi sau đây gây thiệt hại cho người khác từ 1,nguoi nao thuc hien mot trong cac hanh vi sau day gay thiet hai cho nguoi khac tu 1
subjreq_crime_217_subject_phap_nhan_thuong_mai_pham_toi_quy_dinh_tai_dieu_nay_thi_bi_phat_nhu_sau_a_pham_toi_thuoc_truong_hop_qu,crime_217,article_217,217,subject,"Pháp nhân thương mại phạm tội quy định tại Điều này, thì bị phạt như sau: a) Phạm tội thuộc trường hợp quy định tại khoản 1 Điều này, thì bị phạt tiền từ 1",phap nhan thuong mai pham toi quy dinh tai dieu nay thi bi phat nhu sau a pham toi thuoc truong hop quy dinh tai khoan 1 dieu nay thi bi phat tien tu 1
subjreq_crime_217_subject_phap_nhan_thuong_mai_con_co_the_bi_phat_tien_tu_100,crime_217,article_217,217,subject,Pháp nhân thương mại còn có thể bị phạt tiền từ 100,phap nhan thuong mai con co the bi phat tien tu 100
subjreq_crime_217a_subject_nguoi_nao_to_chuc_hoat_dong_kinh_doanh_theo_phuong_thuc_da_cap_ma_khong_co_giay_chung_nhan_dang_ky_ho,crime_217a,article_217a,217a,subject,"Người nào tổ chức hoạt động kinh doanh theo phương thức đa cấp mà không có giấy chứng nhận đăng ký hoạt động bán hàng đa cấp hoặc không đúng với nội dung giấy chứng nhận đăng ký hoạt động bán hàng đa cấp thuộc một trong các trường hợp sau đây, nếu không thuộc trường hợp quy định tại Điều 174 và Điều 290 của Bộ luật này, thì bị phạt tiền từ 500",nguoi nao to chuc hoat dong kinh doanh theo phuong thuc da cap ma khong co giay chung nhan dang ky hoat dong ban hang da cap hoac khong dung voi noi dung giay chung nhan dang ky hoat dong ban hang da cap thuoc mot trong cac truong hop sau day neu khong thuoc truong hop quy dinh tai dieu 174 va dieu 290 cua bo luat nay thi bi phat tien tu 500
subjreq_crime_218_subject_nguoi_nao_thuc_hien_mot_trong_cac_hanh_vi_sau_day_thu_loi_bat_chinh_tu_30,crime_218,article_218,218,subject,"Người nào thực hiện một trong các hành vi sau đây, thu lợi bất chính từ 30",nguoi nao thuc hien mot trong cac hanh vi sau day thu loi bat chinh tu 30
subjreq_crime_219_subject_nguoi_nao_duoc_giao_quan_ly_su_dung_tai_san_nha_nuoc_ma_vi_pham_che_do_quan_ly_su_dung_tai_san_gay_tha,crime_219,article_219,219,subject,"Người nào được giao quản lý, sử dụng tài sản Nhà nước mà vi phạm chế độ quản lý, sử dụng tài sản, gây thất thoát, lãng phí từ 100",nguoi nao duoc giao quan ly su dung tai san nha nuoc ma vi pham che do quan ly su dung tai san gay that thoat lang phi tu 100
subjreq_crime_220_subject_nguoi_nao_loi_dung_chuc_vu_quyen_han_thuc_hien_mot_trong_nhung_hanh_vi_sau_day_gay_thiet_hai_tu_100,crime_220,article_220,220,subject,"Người nào lợi dụng chức vụ, quyền hạn thực hiện một trong những hành vi sau đây gây thiệt hại từ 100",nguoi nao loi dung chuc vu quyen han thuc hien mot trong nhung hanh vi sau day gay thiet hai tu 100
subjreq_crime_221_subject_nguoi_nao_loi_dung_chuc_vu_quyen_han_thuc_hien_mot_trong_nhung_hanh_vi_sau_day_gay_thiet_hai_tu_100,crime_221,article_221,221,subject,"Người nào lợi dụng chức vụ, quyền hạn thực hiện một trong những hành vi sau đây, gây thiệt hại từ 100",nguoi nao loi dung chuc vu quyen han thuc hien mot trong nhung hanh vi sau day gay thiet hai tu 100
subjreq_crime_222_subject_nguoi_nao_thuc_hien_mot_trong_nhung_hanh_vi_sau_day_gay_thiet_hai_tu_100,crime_222,article_222,222,subject,"Người nào thực hiện một trong những hành vi sau đây, gây thiệt hại từ 100",nguoi nao thuc hien mot trong nhung hanh vi sau day gay thiet hai tu 100
subjreq_crime_223_subject_nguoi_nao_loi_dung_chuc_vu_quyen_han_thuc_hien_mot_trong_cac_hanh_vi_sau_day_lam_that_thoattien_thue_p,crime_223,article_223,223,subject,"Người nào lợi dụng chức vụ, quyền hạn thực hiện một trong các hành vi sau đây, làm thất thoáttiền thuế phải nộp từ 100",nguoi nao loi dung chuc vu quyen han thuc hien mot trong cac hanh vi sau day lam that thoattien thue phai nop tu 100
subjreq_crime_224_subject_nguoi_nao_loi_dung_chuc_vu_quyen_han_thuc_hien_mot_trong_nhung_hanh_vi_sau_day_gay_thiet_hai_tu_100,crime_224,article_224,224,subject,"Người nào lợi dụng chức vụ, quyền hạn thực hiện một trong những hành vi sau đây, gây thiệt hại từ 100",nguoi nao loi dung chuc vu quyen han thuc hien mot trong nhung hanh vi sau day gay thiet hai tu 100
subjreq_crime_225_subject_nguoi_nao_khong_duoc_phep_cua_chu_the_quyen_tac_gia_quyen_lien_quan_ma_co_y_thuc_hien_mot_trong_cac_ha,crime_225,article_225,225,subject,"Người nào không được phép của chủ thể quyền tác giả, quyền liên quan mà cố ý thực hiện một trong các hành vi sau đây, xâm phạm quyền tác giả, quyền liên quan đang được bảo hộ tại Việt Nam với quy mô thương mại hoặc thu lợi bất chính từ 50",nguoi nao khong duoc phep cua chu the quyen tac gia quyen lien quan ma co y thuc hien mot trong cac hanh vi sau day xam pham quyen tac gia quyen lien quan dang duoc bao ho tai viet nam voi quy mo thuong mai hoac thu loi bat chinh tu 50
subjreq_crime_225_subject_phap_nhan_thuong_mai_pham_toi_quy_dinh_tai_dieu_nay_thi_bi_phat_nhu_sau_a_thuc_hien_mot_trong_cac_hanh,crime_225,article_225,225,subject,"Pháp nhân thương mại phạm tội quy định tại Điều này, thì bị phạt như sau: a) Thực hiện một trong các hành vi quy định tại khoản 1 Điều này với quy mô thương mại hoặc thu lợi bất chính từ 200",phap nhan thuong mai pham toi quy dinh tai dieu nay thi bi phat nhu sau a thuc hien mot trong cac hanh vi quy dinh tai khoan 1 dieu nay voi quy mo thuong mai hoac thu loi bat chinh tu 200
subjreq_crime_225_subject_phap_nhan_thuong_mai_con_co_the_bi_phat_tien_tu_100,crime_225,article_225,225,subject,Pháp nhân thương mại còn có thể bị phạt tiền từ 100,phap nhan thuong mai con co the bi phat tien tu 100
subjreq_crime_226_subject_nguoi_nao_co_y_xam_pham_quyen_so_huu_cong_nghiep_doi_voi_nhan_hieu_hoac_chi_dan_dia_ly_dang_duoc_bao_h,crime_226,article_226,226,subject,Người nào cố ý xâm phạm quyền sở hữu công nghiệp đối với nhãn hiệu hoặc chỉ dẫn địa lý đang được bảo hộ tại Việt Nam mà đối tượng là hàng hóa giả mạo nhãn hiệu hoặc chỉ dẫn địa lý với quy mô thương mại hoặc thu lợi bất chính từ 100,nguoi nao co y xam pham quyen so huu cong nghiep doi voi nhan hieu hoac chi dan dia ly dang duoc bao ho tai viet nam ma doi tuong la hang hoa gia mao nhan hieu hoac chi dan dia ly voi quy mo thuong mai hoac thu loi bat chinh tu 100
subjreq_crime_226_subject_phap_nhan_thuong_mai_pham_toi_quy_dinh_tai_dieu_nay_thi_bi_phat_nhu_sau_a_thuc_hien_hanh_vi_quy_dinh_t,crime_226,article_226,226,subject,"Pháp nhân thương mại phạm tội quy định tại Điều này, thì bị phạt như sau: a) Thực hiện hành vi quy định tại khoản 1 Điều này với quy mô thương mại hoặc thu lợi bất chính từ 200",phap nhan thuong mai pham toi quy dinh tai dieu nay thi bi phat nhu sau a thuc hien hanh vi quy dinh tai khoan 1 dieu nay voi quy mo thuong mai hoac thu loi bat chinh tu 200
subjreq_crime_226_subject_phap_nhan_thuong_mai_con_co_the_bi_phat_tien_tu_100,crime_226,article_226,226,subject,Pháp nhân thương mại còn có thể bị phạt tiền từ 100,phap nhan thuong mai con co the bi phat tien tu 100
subjreq_crime_227_subject_nguoi_nao_vi_pham_quy_dinh_ve_nghien_cuu_tham_do_khai_thac_tai_nguyen_trong_dat_lien_hai_dao_noi_thuy_,crime_227,article_227,227,subject,"Người nào vi phạm quy định về nghiên cứu, thăm dò, khai thác tài nguyên trong đất liền, hải đảo, nội thủy, vùng lãnh hải, vùng đặc quyền kinh tế, thềm lục địa và vùng trời của Việt Nam mà không có giấy phép hoặc không đúng với nội dung giấy phép thuộc một trong các trường hợp sau đây, thì bị phạt tiền từ 300",nguoi nao vi pham quy dinh ve nghien cuu tham do khai thac tai nguyen trong dat lien hai dao noi thuy vung lanh hai vung dac quyen kinh te them luc dia va vung troi cua viet nam ma khong co giay phep hoac khong dung voi noi dung giay phep thuoc mot trong cac truong hop sau day thi bi phat tien tu 300
subjreq_crime_227_subject_phap_nhan_thuong_mai_pham_toi_quy_dinh_tai_dieu_nay_thi_bi_phat_nhu_sau_a_thuc_hien_mot_trong_cac_hanh,crime_227,article_227,227,subject,"Pháp nhân thương mại phạm tội quy định tại Điều này, thì bị phạt như sau: a) Thực hiện một trong các hành vi quy định tại khoản 1 Điều này, thu lợi bất chính từ nghiên cứu, thăm dò, khai thác tài nguyên nước, dầu khí hoặc khoáng sản khác từ 300",phap nhan thuong mai pham toi quy dinh tai dieu nay thi bi phat nhu sau a thuc hien mot trong cac hanh vi quy dinh tai khoan 1 dieu nay thu loi bat chinh tu nghien cuu tham do khai thac tai nguyen nuoc dau khi hoac khoang san khac tu 300
subjreq_crime_227_subject_phap_nhan_thuong_mai_con_co_the_bi_phat_tien_tu_100,crime_227,article_227,227,subject,Pháp nhân thương mại còn có thể bị phạt tiền từ 100,phap nhan thuong mai con co the bi phat tien tu 100
subjreq_crime_228_subject_nguoi_nao_lan_chiem_dat_chuyen_quyen_su_dung_dat_hoac_su_dung_dat_trai_voi_cac_quy_dinh_cua_phap_luat_,crime_228,article_228,228,subject,"Người nào lấn chiếm đất, chuyển quyền sử dụng đất hoặc sử dụng đất trái với các quy định của pháp luật về quản lý và sử dụng đất đai, đã bị xử phạt vi phạm hành chính về hành vi này hoặc đã bị kết án về tội này, chưa được xóa án tích mà còn vi phạm, thì bị phạt tiền từ 50",nguoi nao lan chiem dat chuyen quyen su dung dat hoac su dung dat trai voi cac quy dinh cua phap luat ve quan ly va su dung dat dai da bi xu phat vi pham hanh chinh ve hanh vi nay hoac da bi ket an ve toi nay chua duoc xoa an tich ma con vi pham thi bi phat tien tu 50
subjreq_crime_229_subject_nguoi_nao_loi_dung_hoac_lam_dung_chuc_vu_quyen_han_giao_dat_thu_hoi_cho_thue_cho_phep_chuyen_quyen_su_,crime_229,article_229,229,subject,"Người nào lợi dụng hoặc lạm dụng chức vụ, quyền hạn giao đất, thu hồi, cho thuê, cho phép chuyển quyền sử dụng, cho phép chuyển mục đích sử dụng đất trái quy định của pháp luật thuộc một trong các trường hợp sau đây, thì bị phạt cải tạo không giam giữ đến 03 năm hoặc phạt tù từ 06 tháng đến 03 năm: a) Đất trồng lúa có diện tích từ 5",nguoi nao loi dung hoac lam dung chuc vu quyen han giao dat thu hoi cho thue cho phep chuyen quyen su dung cho phep chuyen muc dich su dung dat trai quy dinh cua phap luat thuoc mot trong cac truong hop sau day thi bi phat cai tao khong giam giu den 03 nam hoac phat tu tu 06 thang den 03 nam a dat trong lua co dien tich tu 5
subjreq_crime_230_subject_nguoi_nao_loi_dung_chuc_vu_quyen_han_thuc_hien_mot_trong_nhung_hanh_vi_sau_day_gay_thiet_hai_ve_tai_sa,crime_230,article_230,230,subject,"Người nào lợi dụng chức vụ, quyền hạn thực hiện một trong những hành vi sau đây, gây thiệt hại về tài sản từ 100",nguoi nao loi dung chuc vu quyen han thuc hien mot trong nhung hanh vi sau day gay thiet hai ve tai san tu 100
subjreq_crime_231_subject_nguoi_nao_loi_dung_chuc_vu_quyen_han_co_y_lam_trai_nhung_quy_dinh_ve_phan_phoi_tien_hang_cuu_tro_gay_t,crime_231,article_231,231,subject,"Người nào lợi dụng chức vụ, quyền hạn cố ý làm trái những quy định về phân phối tiền, hàng cứu trợ gây thiệt hại hoặc thất thoát tiền, hàng cứu trợ từ 100",nguoi nao loi dung chuc vu quyen han co y lam trai nhung quy dinh ve phan phoi tien hang cuu tro gay thiet hai hoac that thoat tien hang cuu tro tu 100
subjreq_crime_232_subject_nguoi_nao_thuc_hien_mot_trong_cac_hanh_vi_sau_day_neu_khong_thuoc_truong_hop_quy_dinh_tai_dieu_243_cua,crime_232,article_232,232,subject,"Người nào thực hiện một trong các hành vi sau đây, nếu không thuộc trường hợp quy định tại Điều 243 của Bộ luật này, thì bị phạt tiền từ 50",nguoi nao thuc hien mot trong cac hanh vi sau day neu khong thuoc truong hop quy dinh tai dieu 243 cua bo luat nay thi bi phat tien tu 50
subjreq_crime_232_subject_phap_nhan_thuong_mai_pham_toi_quy_dinh_tai_dieu_nay_thi_bi_phat_nhu_sau_a_pham_toi_thuoc_truong_hop_qu,crime_232,article_232,232,subject,"Pháp nhân thương mại phạm tội quy định tại Điều này, thì bị phạt như sau: a) Phạm tội thuộc trường hợp quy định tại khoản 1 Điều này, thì bị phạt tiền từ 300",phap nhan thuong mai pham toi quy dinh tai dieu nay thi bi phat nhu sau a pham toi thuoc truong hop quy dinh tai khoan 1 dieu nay thi bi phat tien tu 300
subjreq_crime_232_subject_phap_nhan_thuong_mai_con_co_the_bi_phat_tien_tu_100,crime_232,article_232,232,subject,Pháp nhân thương mại còn có thể bị phạt tiền từ 100,phap nhan thuong mai con co the bi phat tien tu 100
subjreq_crime_233_subject_nguoi_nao_loi_dung_hoac_lam_dung_chuc_vu_quyen_han_thuc_hien_mot_trong_cac_hanh_vi_sau_day_thi_bi_phat,crime_233,article_233,233,subject,"Người nào lợi dụng hoặc lạm dụng chức vụ, quyền hạn thực hiện một trong các hành vi sau đây, thì bị phạt cải tạo không giam giữ đến 03 năm hoặc phạt tù từ 06 tháng đến 03 năm: a) Giao rừng, thu hồi rừng, cho thuê rừng trái pháp luật từ 20",nguoi nao loi dung hoac lam dung chuc vu quyen han thuc hien mot trong cac hanh vi sau day thi bi phat cai tao khong giam giu den 03 nam hoac phat tu tu 06 thang den 03 nam a giao rung thu hoi rung cho thue rung trai phap luat tu 20
subjreq_crime_234_subject_nguoi_nao_thuc_hien_mot_trong_cac_hanh_vi_sau_day_neu_khong_thuoc_truong_hop_quy_dinh_tai_dieu_242_va_,crime_234,article_234,234,subject,"Người nào thực hiện một trong các hành vi sau đây, nếu không thuộc trường hợp quy định tại Điều 242 và Điều 244 của Bộ luật này, thì bị phạt tiền từ 50",nguoi nao thuc hien mot trong cac hanh vi sau day neu khong thuoc truong hop quy dinh tai dieu 242 va dieu 244 cua bo luat nay thi bi phat tien tu 50
subjreq_crime_234_subject_phap_nhan_thuong_mai_pham_toi_quy_dinh_tai_dieu_nay_thi_bi_phat_nhu_sau_a_pham_toi_thuoc_truong_hop_qu,crime_234,article_234,234,subject,"Pháp nhân thương mại phạm tội quy định tại Điều này, thì bị phạt như sau: a) Phạm tội thuộc trường hợp quy định tại khoản 1 Điều này, thì bị phạt tiền từ 300",phap nhan thuong mai pham toi quy dinh tai dieu nay thi bi phat nhu sau a pham toi thuoc truong hop quy dinh tai khoan 1 dieu nay thi bi phat tien tu 300
subjreq_crime_234_subject_phap_nhan_thuong_mai_con_co_the_bi_phat_tien_tu_50,crime_234,article_234,234,subject,Pháp nhân thương mại còn có thể bị phạt tiền từ 50,phap nhan thuong mai con co the bi phat tien tu 50
subjreq_crime_235_subject_nguoi_nao_thuc_hien_mot_trong_cac_hanh_vi_sau_day_thi_bi_phat_tien_tu_100,crime_235,article_235,235,subject,"Người nào thực hiện một trong các hành vi sau đây, thì bị phạt tiền từ 100",nguoi nao thuc hien mot trong cac hanh vi sau day thi bi phat tien tu 100
subjreq_crime_235_subject_phap_nhan_thuong_mai_pham_toi_quy_dinh_tai_dieu_nay_thi_bi_phat_nhu_sau_a_pham_toi_thuoc_truong_hop_qu,crime_235,article_235,235,subject,"Pháp nhân thương mại phạm tội quy định tại Điều này, thì bị phạt như sau: a) Phạm tội thuộc trường hợp quy định tại khoản 1 Điều này, thì bị phạt tiền từ 6",phap nhan thuong mai pham toi quy dinh tai dieu nay thi bi phat nhu sau a pham toi thuoc truong hop quy dinh tai khoan 1 dieu nay thi bi phat tien tu 6
subjreq_crime_235_subject_phap_nhan_thuong_mai_con_co_the_bi_phat_tien_tu_2,crime_235,article_235,235,subject,Pháp nhân thương mại còn có thể bị phạt tiền từ 2,phap nhan thuong mai con co the bi phat tien tu 2
subjreq_crime_236_subject_nguoi_nao_co_tham_quyen_ma_cho_phep_chon_lap_do_thai_trai_quy_dinh_cua_phap_luat_chat_thai_nguy_hai_co,crime_236,article_236,236,subject,"Người nào có thẩm quyền mà cho phép chôn, lấp, đổ, thải trái quy định của pháp luật chất thải nguy hại có thành phần nguy hại đặc biệt vượt ngưỡng chất thải nguy hại theo quy định của pháp luật hoặc có chứa chất phải loại trừ theo Phụ lục A Công ước Stockholm về các chất ô nhiễm hữu cơ khó phân hủy từ 3",nguoi nao co tham quyen ma cho phep chon lap do thai trai quy dinh cua phap luat chat thai nguy hai co thanh phan nguy hai dac biet vuot nguong chat thai nguy hai theo quy dinh cua phap luat hoac co chua chat phai loai tru theo phu luc a cong uoc stockholm ve cac chat o nhiem huu co kho phan huy tu 3
subjreq_crime_237_subject_nguoi_nao_thuc_hien_mot_trong_cac_hanh_vi_sau_day_thi_bi_phat_tien_tu_100,crime_237,article_237,237,subject,"Người nào thực hiện một trong các hành vi sau đây, thì bị phạt tiền từ 100",nguoi nao thuc hien mot trong cac hanh vi sau day thi bi phat tien tu 100
subjreq_crime_237_subject_phap_nhan_thuong_mai_pham_toi_quy_dinh_tai_dieu_nay_thi_bi_phat_nhu_sau_a_pham_toi_thuoc_truong_hop_qu,crime_237,article_237,237,subject,"Pháp nhân thương mại phạm tội quy định tại Điều này, thì bị phạt như sau: a) Phạm tội thuộc trường hợp quy định tại khoản 1 Điều này, thì bị phạt tiền từ 2",phap nhan thuong mai pham toi quy dinh tai dieu nay thi bi phat nhu sau a pham toi thuoc truong hop quy dinh tai khoan 1 dieu nay thi bi phat tien tu 2
subjreq_crime_237_subject_phap_nhan_thuong_mai_con_co_the_bi_phat_tien_tu_200,crime_237,article_237,237,subject,Pháp nhân thương mại còn có thể bị phạt tiền từ 200,phap nhan thuong mai con co the bi phat tien tu 200
subjreq_crime_238_subject_nguoi_nao_thuc_hien_mot_trong_cac_hanh_vi_sau_day_gay_thuong_tich_hoac_gay_ton_hai_cho_suc_khoe_cua_ng,crime_238,article_238,238,subject,"Người nào thực hiện một trong các hành vi sau đây, gây thương tích hoặc gây tổn hại cho sức khỏe của người khác mà tỷ lệ tổn thương cơ thể 61% trở lên hoặc gây thương tích hoặc gây tổn hại cho sức khỏe của 02 người trở lên mà tổng tỷ lệ tổn thương cơ thể của những người này từ 61% đến 121% hoặc gây thiệt hại từ 100",nguoi nao thuc hien mot trong cac hanh vi sau day gay thuong tich hoac gay ton hai cho suc khoe cua nguoi khac ma ty le ton thuong co the 61 tro len hoac gay thuong tich hoac gay ton hai cho suc khoe cua 02 nguoi tro len ma tong ty le ton thuong co the cua nhung nguoi nay tu 61 den 121 hoac gay thiet hai tu 100
subjreq_crime_238_subject_phap_nhan_thuong_mai_pham_toi_quy_dinh_tai_dieu_nay_thi_bi_phat_nhu_sau_a_pham_toi_thuoc_truong_hop_qu,crime_238,article_238,238,subject,"Pháp nhân thương mại phạm tội quy định tại Điều này, thì bị phạt như sau: a) Phạm tội thuộc trường hợp quy định tại khoản 1 Điều này, thì bị phạt tiền từ 600",phap nhan thuong mai pham toi quy dinh tai dieu nay thi bi phat nhu sau a pham toi thuoc truong hop quy dinh tai khoan 1 dieu nay thi bi phat tien tu 600
subjreq_crime_238_subject_phap_nhan_thuong_mai_con_co_the_bi_phat_tien_tu_200,crime_238,article_238,238,subject,Pháp nhân thương mại còn có thể bị phạt tiền từ 200,phap nhan thuong mai con co the bi phat tien tu 200
subjreq_crime_239_subject_nguoi_nao_dua_chat_thai_vao_lanh_tho_viet_nam_trai_phap_luat_thuoc_mot_trong_cac_truong_hop_sau_day_th,crime_239,article_239,239,subject,"Người nào đưa chất thải vào lãnh thổ Việt Nam trái pháp luật thuộc một trong các trường hợp sau đây, thì bị phạt tiền từ 400",nguoi nao dua chat thai vao lanh tho viet nam trai phap luat thuoc mot trong cac truong hop sau day thi bi phat tien tu 400
subjreq_crime_239_subject_phap_nhan_thuong_mai_pham_toi_quy_dinh_tai_dieu_nay_thi_bi_phat_nhu_sau_a_pham_toi_thuoc_truong_hop_qu,crime_239,article_239,239,subject,"Pháp nhân thương mại phạm tội quy định tại Điều này, thì bị phạt như sau: a) Phạm tội thuộc trường hợp quy định tại khoản 1 Điều này, thì bị phạt tiền từ 2",phap nhan thuong mai pham toi quy dinh tai dieu nay thi bi phat nhu sau a pham toi thuoc truong hop quy dinh tai khoan 1 dieu nay thi bi phat tien tu 2
subjreq_crime_239_subject_phap_nhan_thuong_mai_con_co_the_bi_phat_tien_tu_200,crime_239,article_239,239,subject,Pháp nhân thương mại còn có thể bị phạt tiền từ 200,phap nhan thuong mai con co the bi phat tien tu 200
subjreq_crime_240_subject_nguoi_nao_thuc_hien_mot_trong_cac_hanh_vi_sau_day_lam_lay_lan_dich_benh_truyen_nhiem_nguy_hiem_cho_ngu,crime_240,article_240,240,subject,"Người nào thực hiện một trong các hành vi sau đây, làm lây lan dịch bệnh truyền nhiễm nguy hiểm cho người, thì bị phạt tiền từ 100",nguoi nao thuc hien mot trong cac hanh vi sau day lam lay lan dich benh truyen nhiem nguy hiem cho nguoi thi bi phat tien tu 100
subjreq_crime_241_subject_nguoi_nao_thuc_hien_mot_trong_cac_hanh_vi_sau_day_lam_lay_lan_dich_benh_nguy_hiem_cho_dong_vat_thuc_va,crime_241,article_241,241,subject,"Người nào thực hiện một trong các hành vi sau đây, làm lây lan dịch bệnh nguy hiểm cho động vật, thực vật gây thiệt hại về tài sản từ 100",nguoi nao thuc hien mot trong cac hanh vi sau day lam lay lan dich benh nguy hiem cho dong vat thuc vat gay thiet hai ve tai san tu 100
subjreq_crime_242_subject_nguoi_nao_vi_pham_quy_dinh_ve_bao_ve_nguon_loi_thuy_san_thuoc_mot_trong_cac_truong_hop_sau_day_gay_thi,crime_242,article_242,242,subject,"Người nào vi phạm quy định về bảo vệ nguồn lợi thủy sản thuộc một trong các trường hợp sau đây, gây thiệt hại nguồn lợi thủy sản từ 100",nguoi nao vi pham quy dinh ve bao ve nguon loi thuy san thuoc mot trong cac truong hop sau day gay thiet hai nguon loi thuy san tu 100
subjreq_crime_242_subject_phap_nhan_thuong_mai_pham_toi_quy_dinh_tai_dieu_nay_thi_bi_phat_nhu_sau_a_pham_toi_thuoc_truong_hop_qu,crime_242,article_242,242,subject,"Pháp nhân thương mại phạm tội quy định tại Điều này, thì bị phạt như sau: a) Phạm tội thuộc trường hợp quy định tại khoản 1 Điều này, thì bị phạt tiền từ 600",phap nhan thuong mai pham toi quy dinh tai dieu nay thi bi phat nhu sau a pham toi thuoc truong hop quy dinh tai khoan 1 dieu nay thi bi phat tien tu 600
subjreq_crime_242_subject_phap_nhan_thuong_mai_con_co_the_bi_phat_tien_tu_100,crime_242,article_242,242,subject,Pháp nhân thương mại còn có thể bị phạt tiền từ 100,phap nhan thuong mai con co the bi phat tien tu 100
subjreq_crime_243_subject_nguoi_nao_dot_pha_rung_trai_phep_hoac_co_hanh_vi_khac_huy_hoai_rung_thuoc_mot_trong_cac_truong_hop_sau,crime_243,article_243,243,subject,"Người nào đốt, phá rừng trái phép hoặc có hành vi khác hủy hoại rừng thuộc một trong các trường hợp sau đây, thì bị phạt tiền từ 100",nguoi nao dot pha rung trai phep hoac co hanh vi khac huy hoai rung thuoc mot trong cac truong hop sau day thi bi phat tien tu 100
subjreq_crime_243_subject_phap_nhan_thuong_mai_pham_toi_quy_dinh_tai_dieu_nay_thi_bi_phat_nhu_sau_a_pham_toi_thuoc_truong_hop_qu,crime_243,article_243,243,subject,"Pháp nhân thương mại phạm tội quy định tại Điều này, thì bị phạt như sau: a) Phạm tội thuộc trường hợp quy định tại khoản 1 Điều này, thì bị phạt tiền từ 1",phap nhan thuong mai pham toi quy dinh tai dieu nay thi bi phat nhu sau a pham toi thuoc truong hop quy dinh tai khoan 1 dieu nay thi bi phat tien tu 1
subjreq_crime_243_subject_phap_nhan_thuong_mai_con_co_the_bi_phat_tien_tu_100,crime_243,article_243,243,subject,Pháp nhân thương mại còn có thể bị phạt tiền từ 100,phap nhan thuong mai con co the bi phat tien tu 100
subjreq_crime_244_subject_nguoi_nao_vi_pham_quy_dinh_ve_bao_ve_dong_vat_thuoc_danh_muc_loai_nguy_cap_quy_hiem_duoc_uu_tien_bao_v,crime_244,article_244,244,subject,"Người nào vi phạm quy định về bảo vệ động vật thuộc Danh mục loài nguy cấp, quý, hiếm được ưu tiên bảo vệ hoặc Danh mục thực vật rừng, động vật rừng nguy cấp, quý, hiếm Nhóm IB hoặc Phụ lục I Công ước về buôn bán quốc tế các loài động vật, thực vật hoang dã nguy cấp thuộc một trong các trường hợp sau đây, thì bị phạt tiền từ 1",nguoi nao vi pham quy dinh ve bao ve dong vat thuoc danh muc loai nguy cap quy hiem duoc uu tien bao ve hoac danh muc thuc vat rung dong vat rung nguy cap quy hiem nhom ib hoac phu luc i cong uoc ve buon ban quoc te cac loai dong vat thuc vat hoang da nguy cap thuoc mot trong cac truong hop sau day thi bi phat tien tu 1
subjreq_crime_244_subject_phap_nhan_thuong_mai_pham_toi_quy_dinh_tai_dieu_nay_thi_bi_phat_nhu_sau_a_pham_toi_thuoc_truong_hop_qu,crime_244,article_244,244,subject,"Pháp nhân thương mại phạm tội quy định tại Điều này, thì bị phạt như sau: a) Phạm tội thuộc trường hợp quy định tại khoản 1 Điều này, thì bị phạt tiền từ 2",phap nhan thuong mai pham toi quy dinh tai dieu nay thi bi phat nhu sau a pham toi thuoc truong hop quy dinh tai khoan 1 dieu nay thi bi phat tien tu 2
subjreq_crime_244_subject_phap_nhan_thuong_mai_con_co_the_bi_phat_tien_tu_600,crime_244,article_244,244,subject,Pháp nhân thương mại còn có thể bị phạt tiền từ 600,phap nhan thuong mai con co the bi phat tien tu 600
subjreq_crime_245_subject_nguoi_nao_vi_pham_quy_dinh_ve_quan_ly_khu_bao_ton_thien_nhien_thuoc_mot_trong_cac_truong_hop_sau_day_t,crime_245,article_245,245,subject,"Người nào vi phạm quy định về quản lý khu bảo tồn thiên nhiên thuộc một trong các trường hợp sau đây, thì bị phạt tiền từ 100",nguoi nao vi pham quy dinh ve quan ly khu bao ton thien nhien thuoc mot trong cac truong hop sau day thi bi phat tien tu 100
subjreq_crime_245_subject_phap_nhan_thuong_mai_pham_toi_quy_dinh_tai_dieu_nay_thi_bi_phat_nhu_sau_a_pham_toi_thuoc_truong_hop_qu,crime_245,article_245,245,subject,"Pháp nhân thương mại phạm tội quy định tại Điều này, thì bị phạt như sau: a) Phạm tội thuộc trường hợp quy định tại khoản 1 Điều này, thì bị phạt tiền từ 600",phap nhan thuong mai pham toi quy dinh tai dieu nay thi bi phat nhu sau a pham toi thuoc truong hop quy dinh tai khoan 1 dieu nay thi bi phat tien tu 600
subjreq_crime_245_subject_phap_nhan_thuong_mai_con_co_the_bi_phat_tien_tu_100,crime_245,article_245,245,subject,Pháp nhân thương mại còn có thể bị phạt tiền từ 100,phap nhan thuong mai con co the bi phat tien tu 100
subjreq_crime_246_subject_nguoi_nao_thuc_hien_mot_trong_cac_hanh_vi_sau_day_thi_bi_phat_tien_tu_200,crime_246,article_246,246,subject,"Người nào thực hiện một trong các hành vi sau đây, thì bị phạt tiền từ 200",nguoi nao thuc hien mot trong cac hanh vi sau day thi bi phat tien tu 200
subjreq_crime_246_subject_phap_nhan_thuong_mai_pham_toi_quy_dinh_tai_dieu_nay_thi_bi_phat_nhu_sau_a_pham_toi_thuoc_truong_hop_qu,crime_246,article_246,246,subject,"Pháp nhân thương mại phạm tội quy định tại Điều này, thì bị phạt như sau: a) Phạm tội thuộc trường hợp quy định tại khoản 1 Điều này, thì bị phạt tiền từ 2",phap nhan thuong mai pham toi quy dinh tai dieu nay thi bi phat nhu sau a pham toi thuoc truong hop quy dinh tai khoan 1 dieu nay thi bi phat tien tu 2
subjreq_crime_246_subject_phap_nhan_thuong_mai_con_co_the_bi_phat_tien_tu_200,crime_246,article_246,246,subject,Pháp nhân thương mại còn có thể bị phạt tiền từ 200,phap nhan thuong mai con co the bi phat tien tu 200
subjreq_crime_247_subject_nguoi_nao_trong_cay_thuoc_phien_cay_coca_cay_can_sa_hoac_cac_loai_cay_khac_co_chua_chat_ma_tuy_do_chin,crime_247,article_247,247,subject,"Người nào trồng cây thuốc phiện, cây côca, cây cần sa hoặc các loại cây khác có chứa chất ma túy do Chính phủ quy định thuộc một trong các trường hợp sau đây, thì bị phạt tù từ 06 tháng đến 03 năm: a) Đã được giáo dục 02 lần và đã được tạo điều kiện ổn định cuộc sống",nguoi nao trong cay thuoc phien cay coca cay can sa hoac cac loai cay khac co chua chat ma tuy do chinh phu quy dinh thuoc mot trong cac truong hop sau day thi bi phat tu tu 06 thang den 03 nam a da duoc giao duc 02 lan va da duoc tao dieu kien on dinh cuoc song
subjreq_crime_247_subject_nguoi_nao_pham_toi_thuoc_khoan_1_dieu_nay_nhung_da_tu_nguyen_pha_bo_giao_nop_cho_co_quan_chuc_nang_co_,crime_247,article_247,247,subject,"Người nào phạm tội thuộc khoản 1 Điều này, nhưng đã tự nguyện phá bỏ, giao nộp cho cơ quan chức năng có thẩm quyền trước khi thu hoạch, thì có thể được miễn trách nhiệm hình sự",nguoi nao pham toi thuoc khoan 1 dieu nay nhung da tu nguyen pha bo giao nop cho co quan chuc nang co tham quyen truoc khi thu hoach thi co the duoc mien trach nhiem hinh su
subjreq_crime_248_subject_nguoi_nao_san_xuat_trai_phep_chat_ma_tuy_duoi_bat_ky_hinh_thuc_nao_thi_bi_phat_tu_tu_03_nam_den_07_nam,crime_248,article_248,248,subject,"Người nào sản xuất trái phép chất ma túy dưới bất kỳ hình thức nào, thì bị phạt tù từ 03 năm đến 07 năm",nguoi nao san xuat trai phep chat ma tuy duoi bat ky hinh thuc nao thi bi phat tu tu 03 nam den 07 nam
subjreq_crime_249_subject_nguoi_nao_tang_tru_trai_phep_chat_ma_tuy_ma_khong_nham_muc_dich_mua_ban_van_chuyen_san_xuat_trai_phep_,crime_249,article_249,249,subject,"Người nào tàng trữ trái phép chất ma túy mà không nhằm mục đích mua bán, vận chuyển, sản xuất trái phép chất ma túy thuộc một trong các trường hợp sau đây, thì bị phạt tù từ 03 năm đến 05 năm: a) Đã bị xử phạt vi phạm hành chính về hành vi quy định tại Điều này hoặc đã bị kết án về tội này hoặc một trong các tội quy định tại các điều 248, 250, 251, 252 và 256a của Bộ luật này, chưa được xóa án tích mà còn vi phạm",nguoi nao tang tru trai phep chat ma tuy ma khong nham muc dich mua ban van chuyen san xuat trai phep chat ma tuy thuoc mot trong cac truong hop sau day thi bi phat tu tu 03 nam den 05 nam a da bi xu phat vi pham hanh chinh ve hanh vi quy dinh tai dieu nay hoac da bi ket an ve toi nay hoac mot trong cac toi quy dinh tai cac dieu 248 250 251 252 va 256a cua bo luat nay chua duoc xoa an tich ma con vi pham
subjreq_crime_249_subject_nguoi_duoi_16_tuoi_vao_viec_pham_toi,crime_249,article_249,249,subject,người dưới 16 tuổi vào việc phạm tội,nguoi duoi 16 tuoi vao viec pham toi
subjreq_crime_250_subject_nguoi_nao_van_chuyen_trai_phep_chat_ma_tuy_ma_khong_nham_muc_dich_san_xuat_mua_ban_tang_tru_trai_phep_,crime_250,article_250,250,subject,"Người nào vận chuyển trái phép chất ma túy mà không nhằm mục đích sản xuất, mua bán, tàng trữ trái phép chất ma túy thuộc một trong các trường hợp sau đây, thì bị phạt tù từ 03 năm đến 07 năm: a) Đã bị xử phạt vi phạm hành chính về hành vi quy định tại Điều này hoặc đã bị kết án về tội này hoặc một trong các tội quy định tại các điều 248, 249, 251, 252 và 256a của Bộ luật này, chưa được xóa án tích mà còn vi phạm",nguoi nao van chuyen trai phep chat ma tuy ma khong nham muc dich san xuat mua ban tang tru trai phep chat ma tuy thuoc mot trong cac truong hop sau day thi bi phat tu tu 03 nam den 07 nam a da bi xu phat vi pham hanh chinh ve hanh vi quy dinh tai dieu nay hoac da bi ket an ve toi nay hoac mot trong cac toi quy dinh tai cac dieu 248 249 251 252 va 256a cua bo luat nay chua duoc xoa an tich ma con vi pham
subjreq_crime_250_subject_nguoi_duoi_16_tuoi_vao_viec_pham_toi,crime_250,article_250,250,subject,người dưới 16 tuổi vào việc phạm tội,nguoi duoi 16 tuoi vao viec pham toi
subjreq_crime_251_subject_nguoi_nao_mua_ban_trai_phep_chat_ma_tuy_thi_bi_phat_tu_tu_03_nam_den_07_nam,crime_251,article_251,251,subject,"Người nào mua bán trái phép chất ma túy, thì bị phạt tù từ 03 năm đến 07 năm",nguoi nao mua ban trai phep chat ma tuy thi bi phat tu tu 03 nam den 07 nam
subjreq_crime_251_subject_nguoi_duoi_16_tuoi_vao_viec_pham_toi_hoac_ban_ma_tuy_cho_nguoi_duoi_16_tuoi,crime_251,article_251,251,subject,người dưới 16 tuổi vào việc phạm tội hoặc bán ma túy cho người dưới 16 tuổi,nguoi duoi 16 tuoi vao viec pham toi hoac ban ma tuy cho nguoi duoi 16 tuoi
subjreq_crime_252_subject_nguoi_nao_chiem_doat_chat_ma_tuy_duoi_bat_ky_hinh_thuc_nao_thuoc_mot_trong_cac_truong_hop_sau_day_thi_,crime_252,article_252,252,subject,"Người nào chiếm đoạt chất ma túy dưới bất kỳ hình thức nào thuộc một trong các trường hợp sau đây, thì bị phạt tù từ 01 năm đến 05 năm: a) Đã bị xử phạt vi phạm hành chính về hành vi quy định tại Điều này hoặc đã bị kết án về tội này hoặc một trong các tội quy định tại các điều 248, 249, 250, 251 và 256a của Bộ luật này, chưa được xóa án tích mà còn vi phạm",nguoi nao chiem doat chat ma tuy duoi bat ky hinh thuc nao thuoc mot trong cac truong hop sau day thi bi phat tu tu 01 nam den 05 nam a da bi xu phat vi pham hanh chinh ve hanh vi quy dinh tai dieu nay hoac da bi ket an ve toi nay hoac mot trong cac toi quy dinh tai cac dieu 248 249 250 251 va 256a cua bo luat nay chua duoc xoa an tich ma con vi pham
subjreq_crime_252_subject_nguoi_duoi_16_tuoi_vao_viec_pham_toi,crime_252,article_252,252,subject,người dưới 16 tuổi vào việc phạm tội,nguoi duoi 16 tuoi vao viec pham toi
subjreq_crime_253_subject_nguoi_nao_tang_tru_van_chuyen_mua_ban_hoac_chiem_doat_tien_chat_dung_vao_viec_san_xuat_trai_phep_chat_,crime_253,article_253,253,subject,"Người nào tàng trữ, vận chuyển, mua bán hoặc chiếm đoạt tiền chất dùng vào việc sản xuất trái phép chất ma túy thuộc một trong các trường hợp sau đây, thì bị phạt tù từ 01 năm đến 06 năm: a) Đã bị xử phạt vi phạm hành chính về một trong các hành vi quy định tại Điều này hoặc đã bị kết án về tội này, chưa được xóa án tích mà còn vi phạm",nguoi nao tang tru van chuyen mua ban hoac chiem doat tien chat dung vao viec san xuat trai phep chat ma tuy thuoc mot trong cac truong hop sau day thi bi phat tu tu 01 nam den 06 nam a da bi xu phat vi pham hanh chinh ve mot trong cac hanh vi quy dinh tai dieu nay hoac da bi ket an ve toi nay chua duoc xoa an tich ma con vi pham
subjreq_crime_253_subject_nguoi_duoi_16_tuoi_vao_viec_pham_toi,crime_253,article_253,253,subject,người dưới 16 tuổi vào việc phạm tội,nguoi duoi 16 tuoi vao viec pham toi
subjreq_crime_254_subject_nguoi_nao_san_xuat_tang_tru_van_chuyen_hoac_mua_ban_phuong_tien_dung_cu_dung_vao_viec_san_xuat_hoac_su,crime_254,article_254,254,subject,"Người nào sản xuất, tàng trữ, vận chuyển hoặc mua bán phương tiện, dụng cụ dùng vào việc sản xuất hoặc sử dụng trái phép chất ma túy thuộc một trong các trường hợp sau đây, thì bị phạt tù từ 01 năm đến 05 năm: a) Đã bị xử phạt vi phạm hành chính về một trong các hành vi này hoặc đã bị kết án về tội này, chưa được xóa án tích mà còn vi phạm",nguoi nao san xuat tang tru van chuyen hoac mua ban phuong tien dung cu dung vao viec san xuat hoac su dung trai phep chat ma tuy thuoc mot trong cac truong hop sau day thi bi phat tu tu 01 nam den 05 nam a da bi xu phat vi pham hanh chinh ve mot trong cac hanh vi nay hoac da bi ket an ve toi nay chua duoc xoa an tich ma con vi pham
subjreq_crime_254_subject_nguoi_duoi_16_tuoi_vao_viec_pham_toi,crime_254,article_254,254,subject,người dưới 16 tuổi vào việc phạm tội,nguoi duoi 16 tuoi vao viec pham toi
subjreq_crime_255_subject_nguoi_nao_to_chuc_su_dung_trai_phep_chat_ma_tuy_duoi_bat_ky_hinh_thuc_nao_thi_bi_phat_tu_tu_03_nam_den,crime_255,article_255,255,subject,"Người nào tổ chức sử dụng trái phép chất ma túy dưới bất kỳ hình thức nào, thì bị phạt tù từ 03 năm đến 07 năm",nguoi nao to chuc su dung trai phep chat ma tuy duoi bat ky hinh thuc nao thi bi phat tu tu 03 nam den 07 nam
subjreq_crime_255_subject_nguoi_tu_du_13_tuoi_den_duoi_18_tuoi,crime_255,article_255,255,subject,người từ đủ 13 tuổi đến dưới 18 tuổi,nguoi tu du 13 tuoi den duoi 18 tuoi
subjreq_crime_255_subject_nguoi_duoi_13_tuoi,crime_255,article_255,255,subject,người dưới 13 tuổi,nguoi duoi 13 tuoi
subjreq_crime_256_subject_nguoi_nao_cho_thue_cho_muon_dia_diem_hoac_co_bat_ky_hanh_vi_nao_khac_chua_chap_viec_su_dung_trai_phep_,crime_256,article_256,256,subject,"Người nào cho thuê, cho mượn địa điểm hoặc có bất kỳ hành vi nào khác chứa chấp việc sử dụng trái phép chất ma túy, nếu không thuộc trường hợp quy định tại Điều 255 của Bộ luật này, thì bị phạt tù từ 02 năm đến 07 năm",nguoi nao cho thue cho muon dia diem hoac co bat ky hanh vi nao khac chua chap viec su dung trai phep chat ma tuy neu khong thuoc truong hop quy dinh tai dieu 255 cua bo luat nay thi bi phat tu tu 02 nam den 07 nam
subjreq_crime_256_subject_nguoi_duoi_16_tuoi,crime_256,article_256,256,subject,người dưới 16 tuổi,nguoi duoi 16 tuoi
subjreq_crime_256a_subject_nguoi_nao_su_dung_trai_phep_chat_ma_tuy_thuoc_mot_trong_cac_truong_hop_sau_day_thi_bi_phat_tu_tu_02_n,crime_256a,article_256a,256a,subject,"Người nào sử dụng trái phép chất ma túy thuộc một trong các trường hợp sau đây, thì bị phạt tù từ 02 năm đến 03 năm: a) Đang trong thời hạn cai nghiện ma túy hoặc điều trị nghiện các chất ma túy bằng thuốc thay thế theo quy định của Luật Phòng, chống ma túy",nguoi nao su dung trai phep chat ma tuy thuoc mot trong cac truong hop sau day thi bi phat tu tu 02 nam den 03 nam a dang trong thoi han cai nghien ma tuy hoac dieu tri nghien cac chat ma tuy bang thuoc thay the theo quy dinh cua luat phong chong ma tuy
subjreq_crime_257_subject_nguoi_nao_dung_vu_luc_de_doa_dung_vu_luc_hoac_dung_thu_doan_khac_uy_hiep_tinh_than_cua_nguoi_khac_de_b,crime_257,article_257,257,subject,"Người nào dùng vũ lực, đe dọa dùng vũ lực hoặc dùng thủ đoạn khác uy hiếp tinh thần của người khác để buộc họ phải sử dụng trái phép chất ma túy trái với ý muốn của họ, thì bị phạt tù từ 02 năm đến 07 năm",nguoi nao dung vu luc de doa dung vu luc hoac dung thu doan khac uy hiep tinh than cua nguoi khac de buoc ho phai su dung trai phep chat ma tuy trai voi y muon cua ho thi bi phat tu tu 02 nam den 07 nam
subjreq_crime_257_subject_nguoi_tu_du_13_tuoi_den_duoi_18_tuoi,crime_257,article_257,257,subject,người từ đủ 13 tuổi đến dưới 18 tuổi,nguoi tu du 13 tuoi den duoi 18 tuoi
subjreq_crime_257_subject_nguoi_duoi_13_tuoi,crime_257,article_257,257,subject,người dưới 13 tuổi,nguoi duoi 13 tuoi
subjreq_crime_258_subject_nguoi_nao_ru_re_du_do_xui_giuc_hoac_bang_cac_thu_doan_khac_nham_loi_keo_nguoi_khac_su_dung_trai_phep_c,crime_258,article_258,258,subject,"Người nào rủ rê, dụ dỗ, xúi giục hoặc bằng các thủ đoạn khác nhằm lôi kéo người khác sử dụng trái phép chất ma túy, thì bị phạt tù từ 01 năm đến 05 năm",nguoi nao ru re du do xui giuc hoac bang cac thu doan khac nham loi keo nguoi khac su dung trai phep chat ma tuy thi bi phat tu tu 01 nam den 05 nam
subjreq_crime_258_subject_nguoi_tu_du_13_tuoi_den_duoi_18_tuoi,crime_258,article_258,258,subject,người từ đủ 13 tuổi đến dưới 18 tuổi,nguoi tu du 13 tuoi den duoi 18 tuoi
subjreq_crime_258_subject_nguoi_duoi_13_tuoi,crime_258,article_258,258,subject,người dưới 13 tuổi,nguoi duoi 13 tuoi
subjreq_crime_259_subject_nguoi_nao_co_trach_nhiem_trong_quan_ly_chat_ma_tuy_tien_chat_thuoc_gay_nghien_thuoc_huong_than_ma_thuc,crime_259,article_259,259,subject,"Người nào có trách nhiệm trong quản lý chất ma túy, tiền chất, thuốc gây nghiện, thuốc hướng thần mà thực hiện một trong các hành vi sau đây, đã bị xử lý kỷ luật hoặc xử phạt vi phạm hành chính về một trong các hành vi quy định tại Điều này hoặc đã bị kết án về một trong các tội quy định tại Chương XX của Bộ luật này, chưa được xóa án tích mà còn vi phạm, thì bị phạt tiền từ 10",nguoi nao co trach nhiem trong quan ly chat ma tuy tien chat thuoc gay nghien thuoc huong than ma thuc hien mot trong cac hanh vi sau day da bi xu ly ky luat hoac xu phat vi pham hanh chinh ve mot trong cac hanh vi quy dinh tai dieu nay hoac da bi ket an ve mot trong cac toi quy dinh tai chuong xx cua bo luat nay chua duoc xoa an tich ma con vi pham thi bi phat tien tu 10
subjreq_crime_260_subject_nguoi_nao_tham_gia_giao_thong_duong_bo_ma_vi_pham_quy_dinh_ve_an_toan_giao_thong_duong_bo_gay_thiet_ha,crime_260,article_260,260,subject,"Người nào tham gia giao thông đường bộ mà vi phạm quy định về an toàn giao thông đường bộ gây thiệt hại cho người khác thuộc một trong các trường hợp sau đây, thì bị phạt tiền từ 30",nguoi nao tham gia giao thong duong bo ma vi pham quy dinh ve an toan giao thong duong bo gay thiet hai cho nguoi khac thuoc mot trong cac truong hop sau day thi bi phat tien tu 30
subjreq_crime_261_subject_nguoi_nao_dao_khoan_xe_san_lap_trai_phep_cong_trinh_giao_thong_duong_bo,crime_261,article_261,261,subject,"Người nào đào, khoan, xẻ, san lấp trái phép công trình giao thông đường bộ",nguoi nao dao khoan xe san lap trai phep cong trinh giao thong duong bo
subjreq_crime_262_subject_nguoi_nao_chiu_trach_nhiem_truc_tiep_ve_viec_dieu_dong_hoac_ve_tinh_trang_ky_thuat_ma_cho_phep_dua_vao,crime_262,article_262,262,subject,"Người nào chịu trách nhiệm trực tiếp về việc điều động hoặc về tình trạng kỹ thuật mà cho phép đưa vào sử dụng phương tiện giao thông cơ giới đường bộ, xe máy chuyên dùng rõ ràng không bảo đảm tiêu chuẩn an toàn kỹ thuật gây thiệt hại cho người khác thuộc một trong các trường hợp sau đây, thì bị phạt tiền từ 20",nguoi nao chiu trach nhiem truc tiep ve viec dieu dong hoac ve tinh trang ky thuat ma cho phep dua vao su dung phuong tien giao thong co gioi duong bo xe may chuyen dung ro rang khong bao dam tieu chuan an toan ky thuat gay thiet hai cho nguoi khac thuoc mot trong cac truong hop sau day thi bi phat tien tu 20
subjreq_crime_263_subject_nguoi_nao_co_tham_quyen_ma_biet_ro_nguoi_khong_co_giay_phep_lai_xe_khong_du_suc_khoe_do_tuoi_de_dieu_k,crime_263,article_263,263,subject,"Người nào có thẩm quyền mà biết rõ người không có giấy phép lái xe, không đủ sức khỏe, độ tuổi để điều khiển phương tiện hoặc người đang trong tình trạng có sử dụng rượu, bia mà trong máu hoặc hơi thở có nồng độ cồn vượt quá mức quy định, có sử dụng chất ma túy, chất kích thích mạnh khác hoặc không đủ các điều kiện khác theo quy định của pháp luật mà vẫn điều động người đó điều khiển phương tiện tham gia giao thông đường bộ gây thiệt hại cho người khác thuộc một trong các trường hợp sau đây, thì bị phạt tiền từ 20",nguoi nao co tham quyen ma biet ro nguoi khong co giay phep lai xe khong du suc khoe do tuoi de dieu khien phuong tien hoac nguoi dang trong tinh trang co su dung ruou bia ma trong mau hoac hoi tho co nong do con vuot qua muc quy dinh co su dung chat ma tuy chat kich thich manh khac hoac khong du cac dieu kien khac theo quy dinh cua phap luat ma van dieu dong nguoi do dieu khien phuong tien tham gia giao thong duong bo gay thiet hai cho nguoi khac thuoc mot trong cac truong hop sau day thi bi phat tien tu 20
subjreq_crime_264_subject_nguoi_nao_giao_cho_nguoi_ma_biet_ro_nguoi_do_khong_co_giay_phep_lai_xe_hoac_dang_trong_tinh_trang_co_s,crime_264,article_264,264,subject,"Người nào giao cho người mà biết rõ người đó không có giấy phép lái xe hoặc đang trong tình trạng có sử dụng rượu, bia mà trong máu hoặc hơi thở có nồng độ cồn vượt quá mức quy định, có sử dụng chất ma túy, chất kích thích mạnh khác hoặc không đủ các điều kiện khác theo quy định của pháp luật điều khiển phương tiện tham gia giao thông đường bộ gây thiệt hại cho người khác thuộc một trong các trường hợp sau đây, thì bị phạt tiền từ 10",nguoi nao giao cho nguoi ma biet ro nguoi do khong co giay phep lai xe hoac dang trong tinh trang co su dung ruou bia ma trong mau hoac hoi tho co nong do con vuot qua muc quy dinh co su dung chat ma tuy chat kich thich manh khac hoac khong du cac dieu kien khac theo quy dinh cua phap luat dieu khien phuong tien tham gia giao thong duong bo gay thiet hai cho nguoi khac thuoc mot trong cac truong hop sau day thi bi phat tien tu 10
subjreq_crime_265_subject_nguoi_nao_to_chuc_trai_phep_viec_dua_xe_o_to_xe_may_hoac_cac_loai_xe_khac_co_gan_dong_co_thi_bi_phat_t,crime_265,article_265,265,subject,"Người nào tổ chức trái phép việc đua xe ô tô, xe máy hoặc các loại xe khác có gắn động cơ, thì bị phạt tiền từ 30",nguoi nao to chuc trai phep viec dua xe o to xe may hoac cac loai xe khac co gan dong co thi bi phat tien tu 30
subjreq_crime_266_subject_nguoi_nao_dua_trai_phep_xe_o_to_xe_may_hoac_cac_loai_xe_khac_co_gan_dong_co_gay_thiet_hai_cho_nguoi_kh,crime_266,article_266,266,subject,"Người nào đua trái phép xe ô tô, xe máy hoặc các loại xe khác có gắn động cơ gây thiệt hại cho người khác thuộc một trong các trường hợp sau đây hoặc đã bị xử phạt vi phạm hành chính về hành vi quy định tại Điều này hoặc Điều 265 của Bộ luật này hoặc đã bị kết án về một trong các tội này, chưa được xóa án tích mà còn vi phạm, thì bị phạt tiền từ 10",nguoi nao dua trai phep xe o to xe may hoac cac loai xe khac co gan dong co gay thiet hai cho nguoi khac thuoc mot trong cac truong hop sau day hoac da bi xu phat vi pham hanh chinh ve hanh vi quy dinh tai dieu nay hoac dieu 265 cua bo luat nay hoac da bi ket an ve mot trong cac toi nay chua duoc xoa an tich ma con vi pham thi bi phat tien tu 10
subjreq_crime_267_subject_nguoi_nao_chi_huy_dieu_khien_phuong_tien_giao_thong_duong_sat_ma_vi_pham_quy_dinh_ve_an_toan_giao_thon,crime_267,article_267,267,subject,"Người nào chỉ huy, điều khiển phương tiện giao thông đường sắt mà vi phạm quy định về an toàn giao thông đường sắt gây thiệt hại cho người khác thuộc một trong các trường hợp sau đây, thì bị phạt tiền từ 50",nguoi nao chi huy dieu khien phuong tien giao thong duong sat ma vi pham quy dinh ve an toan giao thong duong sat gay thiet hai cho nguoi khac thuoc mot trong cac truong hop sau day thi bi phat tien tu 50
subjreq_crime_268_subject_nguoi_nao_dat_chuong_ngai_vat_tren_duong_sat,crime_268,article_268,268,subject,Người nào đặt chướng ngại vật trên đường sắt,nguoi nao dat chuong ngai vat tren duong sat
subjreq_crime_269_subject_nguoi_nao_chiu_trach_nhiem_truc_tiep_ve_viec_dieu_dong_hoac_ve_tinh_trang_ky_thuat_ma_cho_phep_dua_vao,crime_269,article_269,269,subject,"Người nào chịu trách nhiệm trực tiếp về việc điều động hoặc về tình trạng kỹ thuật mà cho phép đưa vào sử dụng phương tiện, thiết bị giao thông đường sắt rõ ràng không bảo đảm tiêu chuẩn an toàn kỹ thuật, không có giấy chứng nhận đăng ký, đăng kiểm gây thiệt hại cho người khác thuộc một trong các trường hợp sau đây hoặc đã bị xử lý kỷ luật hoặc xử phạt vi phạm hành chính về hành vi này mà còn vi phạm, thì bị phạt tiền từ 20",nguoi nao chiu trach nhiem truc tiep ve viec dieu dong hoac ve tinh trang ky thuat ma cho phep dua vao su dung phuong tien thiet bi giao thong duong sat ro rang khong bao dam tieu chuan an toan ky thuat khong co giay chung nhan dang ky dang kiem gay thiet hai cho nguoi khac thuoc mot trong cac truong hop sau day hoac da bi xu ly ky luat hoac xu phat vi pham hanh chinh ve hanh vi nay ma con vi pham thi bi phat tien tu 20
subjreq_crime_270_subject_nguoi_nao_dieu_dong_nguoi_khong_co_giay_phep_lai_tau_hoac_nguoi_dang_trong_tinh_trang_co_su_dung_ruou_,crime_270,article_270,270,subject,"Người nào điều động người không có giấy phép lái tàu hoặc người đang trong tình trạng có sử dụng rượu, bia mà trong máu hoặc hơi thở có nồng độ cồn vượt quá mức quy định, có sử dụng chất ma túy, chất kích thích mạnh khác hoặc không đủ các điều kiện khác theo quy định của pháp luật điều khiển phương tiện giao thông đường sắt gây thiệt hại cho người khác thuộc một trong các trường hợp sau đây hoặc đã bị xử lý kỷ luật hoặc xử phạt vi phạm hành chính về hành vi này mà còn vi phạm, thì bị phạt tiền từ 30",nguoi nao dieu dong nguoi khong co giay phep lai tau hoac nguoi dang trong tinh trang co su dung ruou bia ma trong mau hoac hoi tho co nong do con vuot qua muc quy dinh co su dung chat ma tuy chat kich thich manh khac hoac khong du cac dieu kien khac theo quy dinh cua phap luat dieu khien phuong tien giao thong duong sat gay thiet hai cho nguoi khac thuoc mot trong cac truong hop sau day hoac da bi xu ly ky luat hoac xu phat vi pham hanh chinh ve hanh vi nay ma con vi pham thi bi phat tien tu 30
subjreq_crime_271_subject_nguoi_nao_giao_cho_nguoi_khong_co_giay_phep_lai_tau_hoac_nguoi_dang_trong_tinh_trang_co_su_dung_ruou_b,crime_271,article_271,271,subject,"Người nào giao cho người không có giấy phép lái tàu hoặc người đang trong tình trạng có sử dụng rượu, bia mà trong máu hoặc hơi thở có nồng độ cồn vượt quá mức quy định, có sử dụng chất ma túy, chất kích thích mạnh khác hoặc không đủ các điều kiện khác theo quy định của pháp luật điều khiển phương tiện giao thông đường sắt gây thiệt hại cho người khác thuộc một trong các trường hợp sau đây hoặc đã bị xử lý kỷ luật hoặc xử phạt vi phạm hành chính về hành vi này mà còn vi phạm, thì bị phạt tiền từ 30",nguoi nao giao cho nguoi khong co giay phep lai tau hoac nguoi dang trong tinh trang co su dung ruou bia ma trong mau hoac hoi tho co nong do con vuot qua muc quy dinh co su dung chat ma tuy chat kich thich manh khac hoac khong du cac dieu kien khac theo quy dinh cua phap luat dieu khien phuong tien giao thong duong sat gay thiet hai cho nguoi khac thuoc mot trong cac truong hop sau day hoac da bi xu ly ky luat hoac xu phat vi pham hanh chinh ve hanh vi nay ma con vi pham thi bi phat tien tu 30
subjreq_crime_272_subject_nguoi_nao_dieu_khien_phuong_tien_giao_thong_duong_thuy_ma_vi_pham_quy_dinh_ve_an_toan_giao_thong_duong,crime_272,article_272,272,subject,"Người nào điều khiển phương tiện giao thông đường thủy mà vi phạm quy định về an toàn giao thông đường thủy gây thiệt hại cho người khác thuộc một trong các trường hợp sau đây, thì bị phạt tiền từ 30",nguoi nao dieu khien phuong tien giao thong duong thuy ma vi pham quy dinh ve an toan giao thong duong thuy gay thiet hai cho nguoi khac thuoc mot trong cac truong hop sau day thi bi phat tien tu 30
subjreq_crime_273_subject_nguoi_nao_khoan_dao_trai_phep_lam_hu_hai_ket_cau_cua_cong_trinh_giao_thong_duong_thuy,crime_273,article_273,273,subject,"Người nào khoan, đào trái phép làm hư hại kết cấu của công trình giao thông đường thủy",nguoi nao khoan dao trai phep lam hu hai ket cau cua cong trinh giao thong duong thuy
subjreq_crime_274_subject_nguoi_nao_chiu_trach_nhiem_truc_tiep_ve_viec_dieu_dong_hoac_ve_tinh_trang_ky_thuat_ma_cho_phep_dua_vao,crime_274,article_274,274,subject,"Người nào chịu trách nhiệm trực tiếp về việc điều động hoặc về tình trạng kỹ thuật mà cho phép đưa vào sử dụng phương tiện giao thông đường thủy rõ ràng không bảo đảm tiêu chuẩn an toàn kỹ thuật gây thiệt hại cho người khác thuộc một trong các trường hợp sau đây hoặc đã bị xử lý kỷ luật, xử phạt vi phạm hành chính về hành vi này hoặc đã bị kết án về tội này, chưa được xóa án tích mà còn vi phạm, thì bị phạt tiền từ 30",nguoi nao chiu trach nhiem truc tiep ve viec dieu dong hoac ve tinh trang ky thuat ma cho phep dua vao su dung phuong tien giao thong duong thuy ro rang khong bao dam tieu chuan an toan ky thuat gay thiet hai cho nguoi khac thuoc mot trong cac truong hop sau day hoac da bi xu ly ky luat xu phat vi pham hanh chinh ve hanh vi nay hoac da bi ket an ve toi nay chua duoc xoa an tich ma con vi pham thi bi phat tien tu 30
subjreq_crime_275_subject_nguoi_nao_dieu_dong_nguoi_khong_co_bang_giay_chung_nhan_kha_nang_chuyen_mon_chung_chi_chuyen_mon_theo_,crime_275,article_275,275,subject,"Người nào điều động người không có bằng, giấy chứng nhận khả năng chuyên môn, chứng chỉ chuyên môn theo quy định hoặc người đang trong tình trạng có sử dụng rượu, bia mà trong máu hoặc hơi thở có nồng độ cồn vượt quá mức quy định, có sử dụng chất ma túy, chất kích thích mạnh khác hoặc không đủ các điều kiện khác theo quy định của pháp luật điều khiển phương tiện giao thông đường thủy gây thiệt hại cho người khác thuộc một trong các trường hợp sau đây hoặc đã bị xử lý kỷ luật, xử phạt vi phạm hành chính về hành vi này hoặc đã bị kết án về tội này, chưa được xóa án tích mà còn vi phạm, thì bị phạt tiền từ 30",nguoi nao dieu dong nguoi khong co bang giay chung nhan kha nang chuyen mon chung chi chuyen mon theo quy dinh hoac nguoi dang trong tinh trang co su dung ruou bia ma trong mau hoac hoi tho co nong do con vuot qua muc quy dinh co su dung chat ma tuy chat kich thich manh khac hoac khong du cac dieu kien khac theo quy dinh cua phap luat dieu khien phuong tien giao thong duong thuy gay thiet hai cho nguoi khac thuoc mot trong cac truong hop sau day hoac da bi xu ly ky luat xu phat vi pham hanh chinh ve hanh vi nay hoac da bi ket an ve toi nay chua duoc xoa an tich ma con vi pham thi bi phat tien tu 30
subjreq_crime_276_subject_nguoi_nao_giao_cho_nguoi_khong_co_bang_giay_chung_nhan_kha_nang_chuyen_mon_chung_chi_chuyen_mon_theo_q,crime_276,article_276,276,subject,"Người nào giao cho người không có bằng, giấy chứng nhận khả năng chuyên môn, chứng chỉ chuyên môn theo quy định hoặc người đang trong tình trạng có sử dụng rượu, bia mà trong máu hoặc hơi thở có nồng độ cồn vượt quá mức quy định, có sử dụng chất ma túy, chất kích thích mạnh khác hoặc không đủ các điều kiện khác theo quy định của pháp luật điều khiển phương tiện giao thông đường thủy gây thiệt hại cho người khác thuộc một trong các trường hợp sau đây hoặc đã bị xử lý kỷ luật, xử phạt vi phạm hành chính về hành vi này hoặc đã bị kết án về tội này, chưa được xóa án tích mà còn vi phạm, thì bị phạt tiền từ 30",nguoi nao giao cho nguoi khong co bang giay chung nhan kha nang chuyen mon chung chi chuyen mon theo quy dinh hoac nguoi dang trong tinh trang co su dung ruou bia ma trong mau hoac hoi tho co nong do con vuot qua muc quy dinh co su dung chat ma tuy chat kich thich manh khac hoac khong du cac dieu kien khac theo quy dinh cua phap luat dieu khien phuong tien giao thong duong thuy gay thiet hai cho nguoi khac thuoc mot trong cac truong hop sau day hoac da bi xu ly ky luat xu phat vi pham hanh chinh ve hanh vi nay hoac da bi ket an ve toi nay chua duoc xoa an tich ma con vi pham thi bi phat tien tu 30
subjreq_crime_277_subject_nguoi_nao_chi_huy_dieu_khien_tau_bay_ma_vi_pham_quy_dinh_ve_an_toan_giao_thong_duong_khong_co_kha_nang,crime_277,article_277,277,subject,"Người nào chỉ huy, điều khiển tàu bay mà vi phạm quy định về an toàn giao thông đường không, có khả năng thực tế dẫn đến hậu quả gây thiệt hại cho tính mạng, sức khỏe hoặc tài sản của người khác nếu không được ngăn chặn kịp thời, thì bị phạt tiền từ 30",nguoi nao chi huy dieu khien tau bay ma vi pham quy dinh ve an toan giao thong duong khong co kha nang thuc te dan den hau qua gay thiet hai cho tinh mang suc khoe hoac tai san cua nguoi khac neu khong duoc ngan chan kip thoi thi bi phat tien tu 30
subjreq_crime_278_subject_nguoi_nao_dat_chuong_ngai_vat,crime_278,article_278,278,subject,Người nào đặt chướng ngại vật,nguoi nao dat chuong ngai vat
subjreq_crime_279_subject_nguoi_nao_chiu_trach_nhiem_truc_tiep_ve_viec_dieu_dong_hoac_ve_tinh_trang_ky_thuat_ma_cho_phep_dua_vao,crime_279,article_279,279,subject,"Người nào chịu trách nhiệm trực tiếp về việc điều động hoặc về tình trạng kỹ thuật mà cho phép đưa vào sử dụng tàu bay, thiết bị bảo đảm hoạt động bay rõ ràng không bảo đảm tiêu chuẩn an toàn kỹ thuật, thì bị phạt tù từ 01 năm đến 05 năm",nguoi nao chiu trach nhiem truc tiep ve viec dieu dong hoac ve tinh trang ky thuat ma cho phep dua vao su dung tau bay thiet bi bao dam hoat dong bay ro rang khong bao dam tieu chuan an toan ky thuat thi bi phat tu tu 01 nam den 05 nam
subjreq_crime_280_subject_nguoi_nao_dieu_dong_hoac_giao_cho_nguoi_khong_co_giay_phep_nguoi_lai_tau_bay_hoac_khong_du_cac_dieu_ki,crime_280,article_280,280,subject,"Người nào điều động hoặc giao cho người không có giấy phép người lái tàu bay hoặc không đủ các điều kiện khác theo quy định của pháp luật điều khiển tàu bay, thì bị phạt tù từ 01 năm đến 05 năm",nguoi nao dieu dong hoac giao cho nguoi khong co giay phep nguoi lai tau bay hoac khong du cac dieu kien khac theo quy dinh cua phap luat dieu khien tau bay thi bi phat tu tu 01 nam den 05 nam
subjreq_crime_281_subject_nguoi_nao_co_trach_nhiem_trong_viec_duy_tu_sua_chua_quan_ly_cong_trinh_giao_thong_duong_bo_duong_sat_d,crime_281,article_281,281,subject,"Người nào có trách nhiệm trong việc duy tu, sửa chữa, quản lý công trình giao thông đường bộ, đường sắt, đường thủy, đường không mà có một trong các hành vi sau đây, dẫn đến hậu quả làm chết người, gây thương tích hoặc gây tổn hại cho sức khỏe của người khác mà tỷ lệ tổn thương cơ thể 61% trở lên hoặc gây thương tích hoặc gây tổn hại cho sức khỏe của 02 người trở lên mà tổng tỷ lệ tổn thương cơ thể của những người này từ 61% đến 121% hoặc gây thiệt hại về tài sản từ 100",nguoi nao co trach nhiem trong viec duy tu sua chua quan ly cong trinh giao thong duong bo duong sat duong thuy duong khong ma co mot trong cac hanh vi sau day dan den hau qua lam chet nguoi gay thuong tich hoac gay ton hai cho suc khoe cua nguoi khac ma ty le ton thuong co the 61 tro len hoac gay thuong tich hoac gay ton hai cho suc khoe cua 02 nguoi tro len ma tong ty le ton thuong co the cua nhung nguoi nay tu 61 den 121 hoac gay thiet hai ve tai san tu 100
subjreq_crime_282_subject_nguoi_nao_dung_vu_luc_de_doa_dung_vu_luc_hoac_dung_thu_doan_khac_nham_chiem_doat_tau_bay_hoac_tau_thuy,crime_282,article_282,282,subject,"Người nào dùng vũ lực, đe dọa dùng vũ lực hoặc dùng thủ đoạn khác nhằm chiếm đoạt tàu bay hoặc tàu thủy, thì bị phạt tù từ 07 năm đến 15 năm",nguoi nao dung vu luc de doa dung vu luc hoac dung thu doan khac nham chiem doat tau bay hoac tau thuy thi bi phat tu tu 07 nam den 15 nam
subjreq_crime_283_subject_nguoi_nao_dieu_khien_tau_bay_vao_hoac_ra_khoi_viet_nam_ma_vi_pham_quy_dinh_ve_hang_khong_cua_nuoc_cong,crime_283,article_283,283,subject,"Người nào điều khiển tàu bay vào hoặc ra khỏi Việt Nam mà vi phạm quy định về hàng không của nước Cộng hòa xã hội chủ nghĩa Việt Nam, nếu không thuộc trường hợp quy định tại Điều 110 và Điều 111 của Bộ luật này, thì bị phạt tiền từ 100",nguoi nao dieu khien tau bay vao hoac ra khoi viet nam ma vi pham quy dinh ve hang khong cua nuoc cong hoa xa hoi chu nghia viet nam neu khong thuoc truong hop quy dinh tai dieu 110 va dieu 111 cua bo luat nay thi bi phat tien tu 100
subjreq_crime_284_subject_nguoi_nao_dieu_khien_phuong_tien_hang_hai_vao_hoac_ra_khoi_viet_nam_hoac_di_qua_lanh_hai_viet_nam_ma_t,crime_284,article_284,284,subject,"Người nào điều khiển phương tiện hàng hải vào hoặc ra khỏi Việt Nam hoặc đi qua lãnh hải Việt Nam mà thực hiện một trong các hành vi sau đây, nếu không thuộc trường hợp quy định tại Điều 110 và Điều 111 của Bộ luật này, thì bị phạt tiền từ 50",nguoi nao dieu khien phuong tien hang hai vao hoac ra khoi viet nam hoac di qua lanh hai viet nam ma thuc hien mot trong cac hanh vi sau day neu khong thuoc truong hop quy dinh tai dieu 110 va dieu 111 cua bo luat nay thi bi phat tien tu 50
subjreq_crime_285_subject_nguoi_nao_san_xuat_mua_ban_trao_doi_hoac_tang_cho_cong_cu_thiet_bi_phan_mem_co_tinh_nang_tan_cong_mang,crime_285,article_285,285,subject,"Người nào sản xuất, mua bán, trao đổi hoặc tặng cho công cụ, thiết bị, phần mềm có tính năng tấn công mạng máy tính, mạng viễn thông, phương tiện điện tử để sử dụng vào mục đích trái pháp luật, thì bị phạt tiền từ 20",nguoi nao san xuat mua ban trao doi hoac tang cho cong cu thiet bi phan mem co tinh nang tan cong mang may tinh mang vien thong phuong tien dien tu de su dung vao muc dich trai phap luat thi bi phat tien tu 20
subjreq_crime_286_subject_nguoi_nao_co_y_phat_tan_chuong_trinh_tin_hoc_gay_hai_cho_mang_may_tinh_mang_vien_thong_phuong_tien_die,crime_286,article_286,286,subject,"Người nào cố ý phát tán chương trình tin học gây hại cho mạng máy tính, mạng viễn thông, phương tiện điện tử thuộc một trong các trường hợp sau đây, thì bị phạt tiền từ 50",nguoi nao co y phat tan chuong trinh tin hoc gay hai cho mang may tinh mang vien thong phuong tien dien tu thuoc mot trong cac truong hop sau day thi bi phat tien tu 50
subjreq_crime_287_subject_nguoi_nao_tu_y_xoa_lam_ton_hai_hoac_thay_doi_phan_mem_du_lieu_dien_tu_hoac_ngan_chan_trai_phep_viec_tr,crime_287,article_287,287,subject,"Người nào tự ý xóa, làm tổn hại hoặc thay đổi phần mềm, dữ liệu điện tử hoặc ngăn chặn trái phép việc truyền tải dữ liệu của mạng máy tính, mạng viễn thông, phương tiện điện tử hoặc có hành vi khác cản trở hoặc gây rối loạn hoạt động của mạng máy tính, mạng viễn thông, phương tiện điện tử thuộc một trong các trường hợp sau đây, nếu không thuộc trường hợp quy định tại Điều 286 và Điều 289 của Bộ luật này, thì bị phạt tiền từ 30",nguoi nao tu y xoa lam ton hai hoac thay doi phan mem du lieu dien tu hoac ngan chan trai phep viec truyen tai du lieu cua mang may tinh mang vien thong phuong tien dien tu hoac co hanh vi khac can tro hoac gay roi loan hoat dong cua mang may tinh mang vien thong phuong tien dien tu thuoc mot trong cac truong hop sau day neu khong thuoc truong hop quy dinh tai dieu 286 va dieu 289 cua bo luat nay thi bi phat tien tu 30
subjreq_crime_288_subject_nguoi_nao_thuc_hien_mot_trong_cac_hanh_vi_sau_day_thu_loi_bat_chinh_tu_50,crime_288,article_288,288,subject,"Người nào thực hiện một trong các hành vi sau đây, thu lợi bất chính từ 50",nguoi nao thuc hien mot trong cac hanh vi sau day thu loi bat chinh tu 50
subjreq_crime_289_subject_nguoi_nao_co_y_vuot_qua_canh_bao_ma_truy_cap_tuong_lua_su_dung_quyen_quan_tri_cua_nguoi_khac_hoac_bang,crime_289,article_289,289,subject,"Người nào cố ý vượt qua cảnh báo, mã truy cập, tường lửa, sử dụng quyền quản trị của người khác hoặc bằng phương thức khác xâm nhập trái phép vào mạng máy tính, mạng viễn thông hoặc phương tiện điện tử của người khác chiếm quyền điều khiển",nguoi nao co y vuot qua canh bao ma truy cap tuong lua su dung quyen quan tri cua nguoi khac hoac bang phuong thuc khac xam nhap trai phep vao mang may tinh mang vien thong hoac phuong tien dien tu cua nguoi khac chiem quyen dieu khien
subjreq_crime_290_subject_nguoi_nao_su_dung_mang_may_tinh_mang_vien_thong_hoac_phuong_tien_dien_tu_thuc_hien_mot_trong_nhung_han,crime_290,article_290,290,subject,"Người nào sử dụng mạng máy tính, mạng viễn thông hoặc phương tiện điện tử thực hiện một trong những hành vi sau đây, nếu không thuộc một trong các trường hợp quy định tại Điều 173 và Điều 174 của Bộ luật này, thì bị phạt cải tạo không giam giữ đến 03 năm hoặc phạt tù từ 06 tháng đến 03 năm: a) Sử dụng thông tin về tài khoản, thẻ ngân hàng của cơ quan, tổ chức, cá nhân để chiếm đoạt tài sản của chủ tài khoản, chủ thẻ hoặc thanh toán hàng hóa, dịch vụ",nguoi nao su dung mang may tinh mang vien thong hoac phuong tien dien tu thuc hien mot trong nhung hanh vi sau day neu khong thuoc mot trong cac truong hop quy dinh tai dieu 173 va dieu 174 cua bo luat nay thi bi phat cai tao khong giam giu den 03 nam hoac phat tu tu 06 thang den 03 nam a su dung thong tin ve tai khoan the ngan hang cua co quan to chuc ca nhan de chiem doat tai san cua chu tai khoan chu the hoac thanh toan hang hoa dich vu
subjreq_crime_291_subject_nguoi_nao_thu_thap_tang_tru_trao_doi_mua_ban_cong_khai_hoa_trai_phep_thong_tin_ve_tai_khoan_ngan_hang_,crime_291,article_291,291,subject,"Người nào thu thập, tàng trữ, trao đổi, mua bán, công khai hóa trái phép thông tin về tài khoản ngân hàng của người khác với số lượng từ 20 tài khoản đến dưới 50 tài khoản hoặc thu lợi bất chính từ 20",nguoi nao thu thap tang tru trao doi mua ban cong khai hoa trai phep thong tin ve tai khoan ngan hang cua nguoi khac voi so luong tu 20 tai khoan den duoi 50 tai khoan hoac thu loi bat chinh tu 20
subjreq_crime_293_subject_nguoi_nao_su_dung_trai_phep_tan_so_vo_tuyen_dien_danh_rieng_cho_muc_dich_cap_cuu_an_toan_tim_kiem_cuu_,crime_293,article_293,293,subject,"Người nào sử dụng trái phép tần số vô tuyến điện dành riêng cho mục đích cấp cứu, an toàn, tìm kiếm, cứu hộ, cứu nạn, quốc phòng, an ninh vào mục đích khác gây thiệt hại từ 200",nguoi nao su dung trai phep tan so vo tuyen dien danh rieng cho muc dich cap cuu an toan tim kiem cuu ho cuu nan quoc phong an ninh vao muc dich khac gay thiet hai tu 200
subjreq_crime_294_subject_nguoi_nao_co_y_gay_nhieu_co_hai_can_tro_hoat_dong_binh_thuong_cua_he_thong_thong_tin_vo_tuyen_dien_gay,crime_294,article_294,294,subject,"Người nào cố ý gây nhiễu có hại, cản trở hoạt động bình thường của hệ thống thông tin vô tuyến điện gây thiệt hại từ 200",nguoi nao co y gay nhieu co hai can tro hoat dong binh thuong cua he thong thong tin vo tuyen dien gay thiet hai tu 200
subjreq_crime_295_subject_nguoi_nao_vi_pham_quy_dinh_ve_an_toan_lao_dong_ve_sinh_lao_dong_ve_an_toan_o_noi_dong_nguoi_gay_thiet_,crime_295,article_295,295,subject,"Người nào vi phạm quy định về an toàn lao động, vệ sinh lao động, về an toàn ở nơi đông người gây thiệt hại cho người khác thuộc một trong các trường hợp sau đây, thì bị phạt tiền từ 20",nguoi nao vi pham quy dinh ve an toan lao dong ve sinh lao dong ve an toan o noi dong nguoi gay thiet hai cho nguoi khac thuoc mot trong cac truong hop sau day thi bi phat tien tu 20
subjreq_crime_296_subject_nguoi_nao_su_dung_nguoi_lao_dong_duoi_16_tuoi_lam_cong_viec_nang_nhoc_nguy_hiem_hoac_tiep_xuc_voi_chat,crime_296,article_296,296,subject,"Người nào sử dụng người lao động dưới 16 tuổi làm công việc nặng nhọc, nguy hiểm hoặc tiếp xúc với chất độc hại theo danh mục mà Nhà nước quy định thuộc một trong các trường hợp sau đây, thì bị phạt tiền từ 30",nguoi nao su dung nguoi lao dong duoi 16 tuoi lam cong viec nang nhoc nguy hiem hoac tiep xuc voi chat doc hai theo danh muc ma nha nuoc quy dinh thuoc mot trong cac truong hop sau day thi bi phat tien tu 30
subjreq_crime_297_subject_nguoi_nao_dung_vu_luc_de_doa_dung_vu_luc_hoac_thu_doan_khac_ep_buoc_nguoi_khac_phai_lao_dong_thuoc_mot,crime_297,article_297,297,subject,"Người nào dùng vũ lực, đe dọa dùng vũ lực hoặc thủ đoạn khác ép buộc người khác phải lao động thuộc một trong các trường hợp sau đây, thì bị phạt tiền từ 50",nguoi nao dung vu luc de doa dung vu luc hoac thu doan khac ep buoc nguoi khac phai lao dong thuoc mot trong cac truong hop sau day thi bi phat tien tu 50
subjreq_crime_297_subject_nguoi_duoi_16_tuoi_phu_nu_ma_biet_la_co_thai_nguoi_gia_yeu_nguoi_khuyet_tat_nang_hoac_khuyet_tat_dac_b,crime_297,article_297,297,subject,"người dưới 16 tuổi, phụ nữ mà biết là có thai, người già yếu, người khuyết tật nặng hoặc khuyết tật đặc biệt nặng",nguoi duoi 16 tuoi phu nu ma biet la co thai nguoi gia yeu nguoi khuyet tat nang hoac khuyet tat dac biet nang
subjreq_crime_298_subject_nguoi_nao_vi_pham_quy_dinh_ve_xay_dung_trong_linh_vuc_khao_sat_thiet_ke_thi_cong_su_dung_nguyen_lieu_v,crime_298,article_298,298,subject,"Người nào vi phạm quy định về xây dựng trong lĩnh vực khảo sát, thiết kế, thi công, sử dụng nguyên liệu, vật liệu, máy móc, giám sát, nghiệm thu công trình hoặc lĩnh vực khác thuộc một trong các trường hợp sau đây, nếu không thuộc trường hợp quy định tại Điều 224 và Điều 281 của Bộ luật này, thì bị phạt tiền từ 50",nguoi nao vi pham quy dinh ve xay dung trong linh vuc khao sat thiet ke thi cong su dung nguyen lieu vat lieu may moc giam sat nghiem thu cong trinh hoac linh vuc khac thuoc mot trong cac truong hop sau day neu khong thuoc truong hop quy dinh tai dieu 224 va dieu 281 cua bo luat nay thi bi phat tien tu 50
subjreq_crime_299_subject_nguoi_nao_nham_gay_ra_tinh_trang_hoang_so_trong_cong_chung_ma_xam_pham_tinh_mang_cua_nguoi_khac_hoac_p,crime_299,article_299,299,subject,"Người nào nhằm gây ra tình trạng hoảng sợ trong công chúng mà xâm phạm tính mạng của người khác hoặc phá hủy tài sản của cơ quan, tổ chức, cá nhân, thì bị phạt tù từ 10 năm đến 20 năm, tù chung thân hoặc tử hình",nguoi nao nham gay ra tinh trang hoang so trong cong chung ma xam pham tinh mang cua nguoi khac hoac pha huy tai san cua co quan to chuc ca nhan thi bi phat tu tu 10 nam den 20 nam tu chung than hoac tu hinh
subjreq_crime_300_subject_nguoi_nao_huy_dong_ho_tro_tien_tai_san_duoi_bat_ky_hinh_thuc_nao_cho_to_chuc_ca_nhan_khung_bo_thi_bi_p,crime_300,article_300,300,subject,"Người nào huy động, hỗ trợ tiền, tài sản dưới bất kỳ hình thức nào cho tổ chức, cá nhân khủng bố, thì bị phạt tù từ 05 năm đến 10 năm",nguoi nao huy dong ho tro tien tai san duoi bat ky hinh thuc nao cho to chuc ca nhan khung bo thi bi phat tu tu 05 nam den 10 nam
subjreq_crime_300_subject_phap_nhan_thuong_mai_pham_toi_quy_dinh_tai_dieu_nay_thi_bi_phat_nhu_sau_a_pham_toi_thuoc_truong_hop_qu,crime_300,article_300,300,subject,"Pháp nhân thương mại phạm tội quy định tại Điều này, thì bị phạt như sau: a) Phạm tội thuộc trường hợp quy định tại khoản 1 Điều này, thì bị phạt tiền từ 7",phap nhan thuong mai pham toi quy dinh tai dieu nay thi bi phat nhu sau a pham toi thuoc truong hop quy dinh tai khoan 1 dieu nay thi bi phat tien tu 7
subjreq_crime_300_subject_phap_nhan_thuong_mai_con_co_the_bi_phat_tien_tu_1,crime_300,article_300,300,subject,Pháp nhân thương mại còn có thể bị phạt tiền từ 1,phap nhan thuong mai con co the bi phat tien tu 1
subjreq_crime_301_subject_nguoi_nao_bat_giu_hoac_giam_nguoi_khac_lam_con_tin_nham_cuong_ep_mot_quoc_gia_vung_lanh_tho_to_chuc_qu,crime_301,article_301,301,subject,"Người nào bắt, giữ hoặc giam người khác làm con tin nhằm cưỡng ép một quốc gia, vùng lãnh thổ, tổ chức quốc tế hoặc cơ quan, tổ chức, cá nhân làm hoặc không làm một việc như một điều kiện để thả con tin, nếu không thuộc trường hợp quy định tại Điều 113 và Điều 299 của Bộ luật này, thì bị phạt tù từ 01 năm đến 04 năm",nguoi nao bat giu hoac giam nguoi khac lam con tin nham cuong ep mot quoc gia vung lanh tho to chuc quoc te hoac co quan to chuc ca nhan lam hoac khong lam mot viec nhu mot dieu kien de tha con tin neu khong thuoc truong hop quy dinh tai dieu 113 va dieu 299 cua bo luat nay thi bi phat tu tu 01 nam den 04 nam
subjreq_crime_301_subject_nguoi_duoi_18_tuoi_phu_nu_ma_biet_la_co_thai_nguoi_du_70_tuoi_tro_len,crime_301,article_301,301,subject,"người dưới 18 tuổi, phụ nữ mà biết là có thai, người đủ 70 tuổi trở lên",nguoi duoi 18 tuoi phu nu ma biet la co thai nguoi du 70 tuoi tro len
subjreq_crime_302_subject_nguoi_nao_thuc_hien_mot_trong_cac_hanh_vi_sau_day_thi_bi_phat_tu_tu_05_nam_den_10_nam_a_tan_cong_tau_b,crime_302,article_302,302,subject,"Người nào thực hiện một trong các hành vi sau đây, thì bị phạt tù từ 05 năm đến 10 năm: a) Tấn công tàu biển, phương tiện bay hoặc phương tiện hàng hải khác đang ở biển cả hoặc ở nơi không thuộc quyền tài phán của quốc gia nào",nguoi nao thuc hien mot trong cac hanh vi sau day thi bi phat tu tu 05 nam den 10 nam a tan cong tau bien phuong tien bay hoac phuong tien hang hai khac dang o bien ca hoac o noi khong thuoc quyen tai phan cua quoc gia nao
subjreq_crime_303_subject_nguoi_nao_pha_huy_cong_trinh_co_so_hoac_phuong_tien_giao_thong_van_tai_thong_tin_lien_lac_cong_trinh_d,crime_303,article_303,303,subject,"Người nào phá hủy công trình, cơ sở hoặc phương tiện giao thông vận tải, thông tin - liên lạc, công trình điện lực, dẫn chất đốt, công trình thủy lợi hoặc công trình quan trọng khác về quốc phòng, an ninh, kinh tế, khoa học - kỹ thuật, văn hóa và xã hội, nếu không thuộc trường hợp quy định tại Điều 114 của Bộ luật này, thì bị phạt tù từ 03 năm đến 12 năm",nguoi nao pha huy cong trinh co so hoac phuong tien giao thong van tai thong tin lien lac cong trinh dien luc dan chat dot cong trinh thuy loi hoac cong trinh quan trong khac ve quoc phong an ninh kinh te khoa hoc ky thuat van hoa va xa hoi neu khong thuoc truong hop quy dinh tai dieu 114 cua bo luat nay thi bi phat tu tu 03 nam den 12 nam
subjreq_crime_304_subject_nguoi_nao_che_tao_tang_tru_van_chuyen_su_dung_mua_ban_trai_phep_hoac_chiem_doat_vu_khi_quan_dung_phuon,crime_304,article_304,304,subject,"Người nào chế tạo, tàng trữ, vận chuyển, sử dụng, mua bán trái phép hoặc chiếm đoạt vũ khí quân dụng, phương tiện kỹ thuật quân sự, thì bị phạt tù từ 01 năm đến 07 năm",nguoi nao che tao tang tru van chuyen su dung mua ban trai phep hoac chiem doat vu khi quan dung phuong tien ky thuat quan su thi bi phat tu tu 01 nam den 07 nam
subjreq_crime_305_subject_nguoi_nao_che_tao_tang_tru_van_chuyen_su_dung_mua_ban_trai_phep_hoac_chiem_doat_vat_lieu_no_thi_bi_pha,crime_305,article_305,305,subject,"Người nào chế tạo, tàng trữ, vận chuyển, sử dụng, mua bán trái phép hoặc chiếm đoạt vật liệu nổ, thì bị phạt tù từ 01 năm đến 05 năm",nguoi nao che tao tang tru van chuyen su dung mua ban trai phep hoac chiem doat vat lieu no thi bi phat tu tu 01 nam den 05 nam
subjreq_crime_306_subject_nguoi_nao_che_tao_tang_tru_van_chuyen_su_dung_mua_ban_trai_phep_hoac_chiem_doat_sung_san_vu_khi_tho_so,crime_306,article_306,306,subject,"Người nào chế tạo, tàng trữ, vận chuyển, sử dụng, mua bán trái phép hoặc chiếm đoạt súng săn, vũ khí thô sơ, vũ khí thể thao, vũ khí khác có tính năng, tác dụng tương tự như súng săn, vũ khí thể thao hoặc công cụ hỗ trợ nhưng đã bị xử phạt vi phạm hành chính về một trong các hành vi quy định tại Điều này hoặc đã bị kết án về tội này, chưa được xóa án tích mà còn vi phạm, thì bị phạt tù từ 03 tháng đến 02 năm",nguoi nao che tao tang tru van chuyen su dung mua ban trai phep hoac chiem doat sung san vu khi tho so vu khi the thao vu khi khac co tinh nang tac dung tuong tu nhu sung san vu khi the thao hoac cong cu ho tro nhung da bi xu phat vi pham hanh chinh ve mot trong cac hanh vi quy dinh tai dieu nay hoac da bi ket an ve toi nay chua duoc xoa an tich ma con vi pham thi bi phat tu tu 03 thang den 02 nam
subjreq_crime_307_subject_nguoi_nao_vi_pham_quy_dinh_ve_quan_ly_viec_san_xuat_sua_chua_trang_bi_su_dung_bao_quan_luu_giu_van_chu,crime_307,article_307,307,subject,"Người nào vi phạm quy định về quản lý việc sản xuất, sửa chữa, trang bị, sử dụng, bảo quản, lưu giữ, vận chuyển, mua bán hoặc tiêu hủy vũ khí quân dụng, súng săn, vũ khí thể thao, vật liệu nổ, công cụ hỗ trợ gây thiệt hại cho người khác thuộc một trong các trường hợp sau đây, thì bị phạt tù từ 01 năm đến 05 năm: a) Làm chết người",nguoi nao vi pham quy dinh ve quan ly viec san xuat sua chua trang bi su dung bao quan luu giu van chuyen mua ban hoac tieu huy vu khi quan dung sung san vu khi the thao vat lieu no cong cu ho tro gay thiet hai cho nguoi khac thuoc mot trong cac truong hop sau day thi bi phat tu tu 01 nam den 05 nam a lam chet nguoi
subjreq_crime_308_subject_nguoi_nao_duoc_giao_vu_khi_quan_dung_sung_san_vu_khi_the_thao_vat_lieu_no_cong_cu_ho_tro_ma_thieu_trac,crime_308,article_308,308,subject,"Người nào được giao vũ khí quân dụng, súng săn, vũ khí thể thao, vật liệu nổ, công cụ hỗ trợ mà thiếu trách nhiệm để người khác sử dụng thuộc một trong các trường hợp sau đây, thì bị phạt cải tạo không giam giữ đến 03 năm hoặc phạt tù từ 06 tháng đến 03 năm: a) Làm chết người",nguoi nao duoc giao vu khi quan dung sung san vu khi the thao vat lieu no cong cu ho tro ma thieu trach nhiem de nguoi khac su dung thuoc mot trong cac truong hop sau day thi bi phat cai tao khong giam giu den 03 nam hoac phat tu tu 06 thang den 03 nam a lam chet nguoi
subjreq_crime_309_subject_nguoi_nao_san_xuat_tang_tru_van_chuyen_su_dung_phat_tan_mua_ban_trai_phep_hoac_chiem_doat_chat_phong_x,crime_309,article_309,309,subject,"Người nào sản xuất, tàng trữ, vận chuyển, sử dụng, phát tán, mua bán trái phép hoặc chiếm đoạt chất phóng xạ, vật liệu hạt nhân, thì bị phạt tù từ 02 năm đến 07 năm",nguoi nao san xuat tang tru van chuyen su dung phat tan mua ban trai phep hoac chiem doat chat phong xa vat lieu hat nhan thi bi phat tu tu 02 nam den 07 nam
subjreq_crime_310_subject_nguoi_nao_vi_pham_quy_dinh_ve_quan_ly_viec_san_xuat_trang_bi_su_dung_bao_quan_luu_giu_van_chuyen_mua_b,crime_310,article_310,310,subject,"Người nào vi phạm quy định về quản lý việc sản xuất, trang bị, sử dụng, bảo quản, lưu giữ, vận chuyển, mua bán hoặc xử lý chất phóng xạ, vật liệu hạt nhân gây thiệt hại cho người khác thuộc một trong các trường hợp sau đây, thì bị phạt tù từ 03 năm đến 10 năm: a) Làm chết người",nguoi nao vi pham quy dinh ve quan ly viec san xuat trang bi su dung bao quan luu giu van chuyen mua ban hoac xu ly chat phong xa vat lieu hat nhan gay thiet hai cho nguoi khac thuoc mot trong cac truong hop sau day thi bi phat tu tu 03 nam den 10 nam a lam chet nguoi
subjreq_crime_311_subject_nguoi_nao_san_xuat_tang_tru_van_chuyen_su_dung_hoac_mua_ban_trai_phep_chat_chay_chat_doc_thi_bi_phat_t,crime_311,article_311,311,subject,"Người nào sản xuất, tàng trữ, vận chuyển, sử dụng hoặc mua bán trái phép chất cháy, chất độc, thì bị phạt tù từ 01 năm đến 05 năm",nguoi nao san xuat tang tru van chuyen su dung hoac mua ban trai phep chat chay chat doc thi bi phat tu tu 01 nam den 05 nam
subjreq_crime_312_subject_nguoi_nao_vi_pham_quy_dinh_ve_quan_ly_viec_san_xuat_trang_bi_su_dung_bao_quan_luu_giu_van_chuyen_mua_b,crime_312,article_312,312,subject,"Người nào vi phạm quy định về quản lý việc sản xuất, trang bị, sử dụng, bảo quản, lưu giữ, vận chuyển, mua bán hoặc xử lý chất cháy, chất độc gây thiệt hại cho người khác thuộc một trong các trường hợp sau đây, thì bị phạt tù từ 01 năm đến 05 năm: a) Làm chết người",nguoi nao vi pham quy dinh ve quan ly viec san xuat trang bi su dung bao quan luu giu van chuyen mua ban hoac xu ly chat chay chat doc gay thiet hai cho nguoi khac thuoc mot trong cac truong hop sau day thi bi phat tu tu 01 nam den 05 nam a lam chet nguoi
subjreq_crime_313_subject_nguoi_nao_vi_pham_quy_dinh_ve_phong_chay_chua_chay_gay_thiet_hai_cho_nguoi_khac_thuoc_mot_trong_cac_tr,crime_313,article_313,313,subject,"Người nào vi phạm quy định về phòng cháy, chữa cháy gây thiệt hại cho người khác thuộc một trong các trường hợp sau đây, thì bị phạt cải tạo không giam giữ đến 03 năm hoặc phạt tù từ 02 năm đến 05 năm: a) Làm chết người",nguoi nao vi pham quy dinh ve phong chay chua chay gay thiet hai cho nguoi khac thuoc mot trong cac truong hop sau day thi bi phat cai tao khong giam giu den 03 nam hoac phat tu tu 02 nam den 05 nam a lam chet nguoi
subjreq_crime_314_subject_nguoi_nao_cho_phep_xay_nha_cong_trinh_hoac_tu_y_xay_nha_cong_trinh_trong_pham_vi_hanh_lang_an_toan_cua,crime_314,article_314,314,subject,"Người nào cho phép xây nhà, công trình hoặc tự ý xây nhà, công trình trong phạm vi hành lang an toàn của công trình điện lực",nguoi nao cho phep xay nha cong trinh hoac tu y xay nha cong trinh trong pham vi hanh lang an toan cua cong trinh dien luc
subjreq_crime_315_subject_nguoi_nao_vi_pham_quy_dinh_ve_kham_benh_chua_benh_san_xuat_pha_che_cap_phat_ban_thuoc_hoac_dich_vu_y_t,crime_315,article_315,315,subject,"Người nào vi phạm quy định về khám bệnh, chữa bệnh, sản xuất, pha chế, cấp phát, bán thuốc hoặc dịch vụ y tế khác thuộc một trong các trường hợp sau đây, nếu không thuộc trường hợp quy định tại Điều 259 của Bộ luật này, thì bị phạt tù từ 01 năm đến 05 năm: a) Làm chết người",nguoi nao vi pham quy dinh ve kham benh chua benh san xuat pha che cap phat ban thuoc hoac dich vu y te khac thuoc mot trong cac truong hop sau day neu khong thuoc truong hop quy dinh tai dieu 259 cua bo luat nay thi bi phat tu tu 01 nam den 05 nam a lam chet nguoi
subjreq_crime_316_subject_nguoi_nao_thuc_hien_viec_pha_thai_trai_phep_cho_nguoi_khac_thuoc_mot_trong_cac_truong_hop_sau_day_thi_,crime_316,article_316,316,subject,"Người nào thực hiện việc phá thai trái phép cho người khác thuộc một trong các trường hợp sau đây, thì bị phạt cải tạo không giam giữ đến 03 năm hoặc phạt tù từ 01 năm đến 03 năm: a) Làm chết người",nguoi nao thuc hien viec pha thai trai phep cho nguoi khac thuoc mot trong cac truong hop sau day thi bi phat cai tao khong giam giu den 03 nam hoac phat tu tu 01 nam den 03 nam a lam chet nguoi
subjreq_crime_316_subject_nguoi_nao_thuc_hien_mot_trong_cac_hanh_vi_sau_day_vi_pham_quy_dinh_ve_an_toan_thuc_pham_thi_bi_phat_ti,crime_316,article_316,316,subject,"Người nào thực hiện một trong các hành vi sau đây vi phạm quy định về an toàn thực phẩm, thì bị phạt tiền từ 100",nguoi nao thuc hien mot trong cac hanh vi sau day vi pham quy dinh ve an toan thuc pham thi bi phat tien tu 100
subjreq_crime_318_subject_nguoi_nao_gay_roi_trat_tu_cong_cong_gay_anh_huong_xau_den_an_ninh_trat_tu_an_toan_xa_hoi_hoac_da_bi_xu,crime_318,article_318,318,subject,"Người nào gây rối trật tự công cộng gây ảnh hưởng xấu đến an ninh, trật tự, an toàn xã hội hoặc đã bị xử phạt vi phạm hành chính về hành vi này hoặc đã bị kết án về tội này, chưa được xóa án tích mà còn vi phạm, thì bị phạt tiền từ 5",nguoi nao gay roi trat tu cong cong gay anh huong xau den an ninh trat tu an toan xa hoi hoac da bi xu phat vi pham hanh chinh ve hanh vi nay hoac da bi ket an ve toi nay chua duoc xoa an tich ma con vi pham thi bi phat tien tu 5
subjreq_crime_319_subject_nguoi_nao_dao_pha_mo_ma_chiem_doat_nhung_do_vat_de_o_trong_mo_tren_mo_hoac_co_hanh_vi_khac_xam_pham_th,crime_319,article_319,319,subject,"Người nào đào, phá mồ mả, chiếm đoạt những đồ vật để ở trong mộ, trên mộ hoặc có hành vi khác xâm phạm thi thể, mồ mả, hài cốt, thì bị phạt cải tạo không giam giữ đến 02 năm hoặc phạt tù từ 03 tháng đến 02 năm",nguoi nao dao pha mo ma chiem doat nhung do vat de o trong mo tren mo hoac co hanh vi khac xam pham thi the mo ma hai cot thi bi phat cai tao khong giam giu den 02 nam hoac phat tu tu 03 thang den 02 nam
subjreq_crime_320_subject_nguoi_nao_dung_boi_toan_dong_bong_hoac_cac_hinh_thuc_me_tin_di_doan_khac_da_bi_xu_phat_vi_pham_hanh_ch,crime_320,article_320,320,subject,"Người nào dùng bói toán, đồng bóng hoặc các hình thức mê tín, dị đoan khác đã bị xử phạt vi phạm hành chính về hành vi này hoặc đã bị kết án về tội này, chưa được xóa án tích mà còn vi phạm, thì bị phạt tiền từ 10",nguoi nao dung boi toan dong bong hoac cac hinh thuc me tin di doan khac da bi xu phat vi pham hanh chinh ve hanh vi nay hoac da bi ket an ve toi nay chua duoc xoa an tich ma con vi pham thi bi phat tien tu 10
subjreq_crime_321_subject_nguoi_nao_danh_bac_trai_phep_duoi_bat_ky_hinh_thuc_nao_duoc_thua_bang_tien_hay_hien_vat_tri_gia_tu_5,crime_321,article_321,321,subject,Người nào đánh bạc trái phép dưới bất kỳ hình thức nào được thua bằng tiền hay hiện vật trị giá từ 5,nguoi nao danh bac trai phep duoi bat ky hinh thuc nao duoc thua bang tien hay hien vat tri gia tu 5
subjreq_crime_322_subject_nguoi_nao_to_chuc_danh_bac_hoac_ga_bac_trai_phep_thuoc_mot_trong_cac_truong_hop_sau_day_thi_bi_phat_ti,crime_322,article_322,322,subject,"Người nào tổ chức đánh bạc hoặc gá bạc trái phép thuộc một trong các trường hợp sau đây, thì bị phạt tiền từ 50",nguoi nao to chuc danh bac hoac ga bac trai phep thuoc mot trong cac truong hop sau day thi bi phat tien tu 50
subjreq_crime_323_subject_nguoi_nao_khong_hua_hen_truoc_ma_chua_chap_tieu_thu_tai_san_biet_ro_la_do_nguoi_khac_pham_toi_ma_co_th,crime_323,article_323,323,subject,"Người nào không hứa hẹn trước mà chứa chấp, tiêu thụ tài sản biết rõ là do người khác phạm tội mà có, thì bị phạt tiền từ 10",nguoi nao khong hua hen truoc ma chua chap tieu thu tai san biet ro la do nguoi khac pham toi ma co thi bi phat tien tu 10
subjreq_crime_324_subject_nguoi_nao_thuc_hien_mot_trong_cac_hanh_vi_sau_day_thi_bi_phat_tu_tu_01_nam_den_05_nam_a_tham_gia_truc_,crime_324,article_324,324,subject,"Người nào thực hiện một trong các hành vi sau đây, thì bị phạt tù từ 01 năm đến 05 năm: a) Tham gia trực tiếp hoặc gián tiếp vào giao dịch tài chính, ngân hàng hoặc giao dịch khác nhằm che giấu nguồn gốc bất hợp pháp của tiền, tài sản do mình phạm tội mà có hoặc biết hay có cơ sở để biết là do người khác phạm tội mà có",nguoi nao thuc hien mot trong cac hanh vi sau day thi bi phat tu tu 01 nam den 05 nam a tham gia truc tiep hoac gian tiep vao giao dich tai chinh ngan hang hoac giao dich khac nham che giau nguon goc bat hop phap cua tien tai san do minh pham toi ma co hoac biet hay co co so de biet la do nguoi khac pham toi ma co
subjreq_crime_324_subject_phap_nhan_thuong_mai_pham_toi_quy_dinh_tai_dieu_nay_thi_bi_phat_nhu_sau_a_pham_toi_thuoc_truong_hop_qu,crime_324,article_324,324,subject,"Pháp nhân thương mại phạm tội quy định tại Điều này, thì bị phạt như sau: a) Phạm tội thuộc trường hợp quy định tại khoản 1 Điều này, thì bị phạt tiền từ 1",phap nhan thuong mai pham toi quy dinh tai dieu nay thi bi phat nhu sau a pham toi thuoc truong hop quy dinh tai khoan 1 dieu nay thi bi phat tien tu 1
subjreq_crime_324_subject_phap_nhan_thuong_mai_con_co_the_bi_phat_tien_tu_1,crime_324,article_324,324,subject,Pháp nhân thương mại còn có thể bị phạt tiền từ 1,phap nhan thuong mai con co the bi phat tien tu 1
subjreq_crime_325_subject_nguoi_nao_du_18_tuoi_tro_len_ma_thuc_hien_mot_trong_cac_hanh_vi_sau_day_thi_bi_phat_tu_tu_01_nam_den_0,crime_325,article_325,325,subject,"Người nào đủ 18 tuổi trở lên mà thực hiện một trong các hành vi sau đây, thì bị phạt tù từ 01 năm đến 05 năm: a) Rủ rê, lôi kéo, mua chuộc, kích động hoặc xúi giục người dưới 18 tuổi phạm tội hoặc sống sa đọa",nguoi nao du 18 tuoi tro len ma thuc hien mot trong cac hanh vi sau day thi bi phat tu tu 01 nam den 05 nam a ru re loi keo mua chuoc kich dong hoac xui giuc nguoi duoi 18 tuoi pham toi hoac song sa doa
subjreq_crime_325_subject_nguoi_duoi_18_tuoi_pham_toi_hoac_song_sa_doa,crime_325,article_325,325,subject,người dưới 18 tuổi phạm tội hoặc sống sa đọa,nguoi duoi 18 tuoi pham toi hoac song sa doa
subjreq_crime_326_subject_nguoi_nao_lam_ra_sao_chep_luu_hanh_van_chuyen_mua_ban_tang_tru_nham_pho_bien_sach_bao_tranh_anh_phim_n,crime_326,article_326,326,subject,"Người nào làm ra, sao chép, lưu hành, vận chuyển, mua bán, tàng trữ nhằm phổ biến sách, báo, tranh, ảnh, phim, nhạc hoặc những vật phẩm khác có nội dung khiêu dâm, đồi trụy hoặc hành vi khác truyền bá vật phẩm đồi trụy thuộc một trong các trường hợp sau đây, thì bị phạt tiền từ 10",nguoi nao lam ra sao chep luu hanh van chuyen mua ban tang tru nham pho bien sach bao tranh anh phim nhac hoac nhung vat pham khac co noi dung khieu dam doi truy hoac hanh vi khac truyen ba vat pham doi truy thuoc mot trong cac truong hop sau day thi bi phat tien tu 10
subjreq_crime_326_subject_nguoi_duoi_18_tuoi,crime_326,article_326,326,subject,người dưới 18 tuổi,nguoi duoi 18 tuoi
subjreq_crime_327_subject_nguoi_nao_chua_mai_dam_thi_bi_phat_tu_tu_01_nam_den_05_nam,crime_327,article_327,327,subject,"Người nào chứa mại dâm, thì bị phạt tù từ 01 năm đến 05 năm",nguoi nao chua mai dam thi bi phat tu tu 01 nam den 05 nam
subjreq_crime_327_subject_nguoi_tu_du_16_tuoi_den_duoi_18_tuoi,crime_327,article_327,327,subject,người từ đủ 16 tuổi đến dưới 18 tuổi,nguoi tu du 16 tuoi den duoi 18 tuoi
subjreq_crime_327_subject_nguoi_tu_du_13_tuoi_den_duoi_16_tuoi,crime_327,article_327,327,subject,người từ đủ 13 tuổi đến dưới 16 tuổi,nguoi tu du 13 tuoi den duoi 16 tuoi
subjreq_crime_328_subject_nguoi_nao_lam_trung_gian_du_do_dan_dat_de_nguoi_khac_thuc_hien_viec_mua_dam_ban_dam_thi_bi_phat_tu_tu_,crime_328,article_328,328,subject,"Người nào làm trung gian dụ dỗ, dẫn dắt để người khác thực hiện việc mua dâm, bán dâm, thì bị phạt tù từ 06 tháng đến 03 năm",nguoi nao lam trung gian du do dan dat de nguoi khac thuc hien viec mua dam ban dam thi bi phat tu tu 06 thang den 03 nam
subjreq_crime_328_subject_nguoi_tu_du_16_tuoi_den_duoi_18_tuoi,crime_328,article_328,328,subject,người từ đủ 16 tuổi đến dưới 18 tuổi,nguoi tu du 16 tuoi den duoi 18 tuoi
subjreq_crime_328_subject_nguoi_tu_du_13_tuoi_den_duoi_16_tuoi,crime_328,article_328,328,subject,người từ đủ 13 tuổi đến dưới 16 tuổi,nguoi tu du 13 tuoi den duoi 16 tuoi
subjreq_crime_329_subject_nguoi_nao_du_18_tuoi_tro_len_mua_dam_nguoi_duoi_18_tuoi_tru_truong_hop_quy_dinh_tai_diem_b_khoan_1_die,crime_329,article_329,329,subject,"Người nào đủ 18 tuổi trở lên mua dâm người dưới 18 tuổi trừ trường hợp quy định tại điểm b khoản 1 Điều 142 của Bộ luật này, thì bị phạt tù từ 01 năm đến 05 năm",nguoi nao du 18 tuoi tro len mua dam nguoi duoi 18 tuoi tru truong hop quy dinh tai diem b khoan 1 dieu 142 cua bo luat nay thi bi phat tu tu 01 nam den 05 nam
subjreq_crime_329_subject_nguoi_tu_du_13_tuoi_den_duoi_16_tuoi,crime_329,article_329,329,subject,người từ đủ 13 tuổi đến dưới 16 tuổi,nguoi tu du 13 tuoi den duoi 16 tuoi
subjreq_crime_330_subject_nguoi_nao_dung_vu_luc_de_doa_dung_vu_luc_hoac_dung_thu_doan_khac_can_tro_nguoi_thi_hanh_cong_vu_thuc_h,crime_330,article_330,330,subject,"Người nào dùng vũ lực, đe dọa dùng vũ lực hoặc dùng thủ đoạn khác cản trở người thi hành công vụ thực hiện công vụ của họ hoặc ép buộc họ thực hiện hành vi trái pháp luật, thì bị phạt cải tạo không giam giữ đến 03 năm hoặc phạt tù từ 06 tháng đến 03 năm",nguoi nao dung vu luc de doa dung vu luc hoac dung thu doan khac can tro nguoi thi hanh cong vu thuc hien cong vu cua ho hoac ep buoc ho thuc hien hanh vi trai phap luat thi bi phat cai tao khong giam giu den 03 nam hoac phat tu tu 06 thang den 03 nam
subjreq_crime_331_subject_nguoi_nao_loi_dung_cac_quyen_tu_do_ngon_luan_tu_do_bao_chi_tu_do_tin_nguong_ton_giao_tu_do_hoi_hop_lap,crime_331,article_331,331,subject,"Người nào lợi dụng các quyền tự do ngôn luận, tự do báo chí, tự do tín ngưỡng, tôn giáo, tự do hội họp, lập hội và các quyền tự do dân chủ khác xâm phạm lợi ích của Nhà nước, quyền, lợi ích hợp pháp của tổ chức, cá nhân, thì bị phạt cảnh cáo, phạt cải tạo không giam giữ đến 03 năm hoặc phạt tù từ 06 tháng đến 03 năm",nguoi nao loi dung cac quyen tu do ngon luan tu do bao chi tu do tin nguong ton giao tu do hoi hop lap hoi va cac quyen tu do dan chu khac xam pham loi ich cua nha nuoc quyen loi ich hop phap cua to chuc ca nhan thi bi phat canh cao phat cai tao khong giam giu den 03 nam hoac phat tu tu 06 thang den 03 nam
subjreq_crime_332_subject_nguoi_nao_khong_chap_hanh_dung_quy_dinh_cua_phap_luat_ve_dang_ky_nghia_vu_quan_su_khong_chap_hanh_lenh,crime_332,article_332,332,subject,"Người nào không chấp hành đúng quy định của pháp luật về đăng ký nghĩa vụ quân sự, không chấp hành lệnh gọi nhập ngũ, lệnh gọi tập trung huấn luyện, đã bị xử phạt vi phạm hành chính về hành vi này hoặc đã bị kết án về tội này, chưa được xóa án tích mà còn vi phạm, thì bị phạt cải tạo không giam giữ đến 02 năm hoặc phạt tù từ 03 tháng đến 02 năm",nguoi nao khong chap hanh dung quy dinh cua phap luat ve dang ky nghia vu quan su khong chap hanh lenh goi nhap ngu lenh goi tap trung huan luyen da bi xu phat vi pham hanh chinh ve hanh vi nay hoac da bi ket an ve toi nay chua duoc xoa an tich ma con vi pham thi bi phat cai tao khong giam giu den 02 nam hoac phat tu tu 03 thang den 02 nam
subjreq_crime_333_subject_nguoi_nao_la_quan_nhan_du_bi_ma_khong_chap_hanh_lenh_goi_nhap_ngu_trong_truong_hop_co_lenh_tong_dong_v,crime_333,article_333,333,subject,"Người nào là quân nhân dự bị mà không chấp hành lệnh gọi nhập ngũ trong trường hợp có lệnh tổng động viên, lệnh động viên cục bộ, có chiến tranh hoặc có nhu cầu tăng cường cho lực lượng thường trực của quân đội để chiến đấu bảo vệ địa phương, bảo vệ chủ quyền lãnh thổ, thì bị phạt cải tạo không giam giữ đến 03 năm hoặc phạt tù từ 06 tháng đến 03 năm",nguoi nao la quan nhan du bi ma khong chap hanh lenh goi nhap ngu trong truong hop co lenh tong dong vien lenh dong vien cuc bo co chien tranh hoac co nhu cau tang cuong cho luc luong thuong truc cua quan doi de chien dau bao ve dia phuong bao ve chu quyen lanh tho thi bi phat cai tao khong giam giu den 03 nam hoac phat tu tu 06 thang den 03 nam
subjreq_crime_334_subject_nguoi_nao_loi_dung_chuc_vu_quyen_han_lam_trai_quy_dinh_ve_dang_ky_nghia_vu_quan_su_goi_nhap_ngu_goi_ta,crime_334,article_334,334,subject,"Người nào lợi dụng chức vụ, quyền hạn làm trái quy định về đăng ký nghĩa vụ quân sự, gọi nhập ngũ, gọi tập trung huấn luyện, thì bị phạt cải tạo không giam giữ đến 03 năm hoặc phạt tù từ 06 tháng đến 03 năm",nguoi nao loi dung chuc vu quyen han lam trai quy dinh ve dang ky nghia vu quan su goi nhap ngu goi tap trung huan luyen thi bi phat cai tao khong giam giu den 03 nam hoac phat tu tu 06 thang den 03 nam
subjreq_crime_335_subject_nguoi_nao_co_y_can_tro_viec_dang_ky_nghia_vu_quan_su_goi_nhap_ngu_goi_tap_trung_huan_luyen_thi_bi_phat,crime_335,article_335,335,subject,"Người nào cố ý cản trở việc đăng ký nghĩa vụ quân sự, gọi nhập ngũ, gọi tập trung huấn luyện, thì bị phạt cảnh cáo, phạt cải tạo không giam giữ đến 02 năm hoặc phạt tù từ 03 tháng đến 02 năm",nguoi nao co y can tro viec dang ky nghia vu quan su goi nhap ngu goi tap trung huan luyen thi bi phat canh cao phat cai tao khong giam giu den 02 nam hoac phat tu tu 03 thang den 02 nam
subjreq_crime_336_subject_nguoi_nao_co_nhiem_vu_quyen_han_ma_thuc_hien_viec_dang_ky_cap_giay_to_ve_ho_tich_trai_phap_luat_da_bi_,crime_336,article_336,336,subject,"Người nào có nhiệm vụ, quyền hạn mà thực hiện việc đăng ký, cấp giấy tờ về hộ tịch trái pháp luật, đã bị xử lý kỷ luật về hành vi này mà còn vi phạm, thì bị phạt cảnh cáo, phạt cải tạo không giam giữ đến 03 năm",nguoi nao co nhiem vu quyen han ma thuc hien viec dang ky cap giay to ve ho tich trai phap luat da bi xu ly ky luat ve hanh vi nay ma con vi pham thi bi phat canh cao phat cai tao khong giam giu den 03 nam
subjreq_crime_337_subject_nguoi_nao_co_y_lam_lo_bi_mat_nha_nuoc_chiem_doat_mua_ban_hoac_tieu_huy_vat_hoac_tai_lieu_bi_mat_nha_nu,crime_337,article_337,337,subject,"Người nào cố ý làm lộ bí mật nhà nước, chiếm đoạt, mua bán hoặc tiêu hủy vật hoặc tài liệu bí mật nhà nước, nếu không thuộc trường hợp quy định tại Điều 110 của Bộ luật này, thì bị phạt tù từ 02 năm đến 07 năm",nguoi nao co y lam lo bi mat nha nuoc chiem doat mua ban hoac tieu huy vat hoac tai lieu bi mat nha nuoc neu khong thuoc truong hop quy dinh tai dieu 110 cua bo luat nay thi bi phat tu tu 02 nam den 07 nam
subjreq_crime_338_subject_nguoi_nao_vo_y_lam_lo_bi_mat_nha_nuoc_hoac_lam_mat_vat_tai_lieu_bi_mat_nha_nuoc_thi_bi_phat_cai_tao_kh,crime_338,article_338,338,subject,"Người nào vô ý làm lộ bí mật nhà nước hoặc làm mất vật, tài liệu bí mật nhà nước, thì bị phạt cải tạo không giam giữ đến 03 năm hoặc phạt tù từ 06 tháng đến 03 năm",nguoi nao vo y lam lo bi mat nha nuoc hoac lam mat vat tai lieu bi mat nha nuoc thi bi phat cai tao khong giam giu den 03 nam hoac phat tu tu 06 thang den 03 nam
subjreq_crime_339_subject_nguoi_nao_gia_mao_chuc_vu_cap_bac_vi_tri_cong_tac_thuc_hien_hanh_vi_trai_phap_luat_nhung_khong_nham_mu,crime_339,article_339,339,subject,"Người nào giả mạo chức vụ, cấp bậc, vị trí công tác thực hiện hành vi trái pháp luật nhưng không nhằm mục đích chiếm đoạt tài sản, thì bị phạt cải tạo không giam giữ đến 02 năm hoặc phạt tù từ 03 tháng đến 02 năm",nguoi nao gia mao chuc vu cap bac vi tri cong tac thuc hien hanh vi trai phap luat nhung khong nham muc dich chiem doat tai san thi bi phat cai tao khong giam giu den 02 nam hoac phat tu tu 03 thang den 02 nam
subjreq_crime_340_subject_nguoi_nao_sua_chua_lam_sai_lech_noi_dung_ho_chieu_thi_thuc_ho_khau_ho_tich_cac_loai_giay_chung_nhan_ho,crime_340,article_340,340,subject,"Người nào sửa chữa, làm sai lệch nội dung hộ chiếu, thị thực, hộ khẩu, hộ tịch, các loại giấy chứng nhận hoặc tài liệu của cơ quan, tổ chức và sử dụng giấy tờ đó thực hiện tội phạm hoặc đã bị xử phạt vi phạm hành chính về hành vi này hoặc đã bị kết án về tội này, chưa được xóa án tích mà còn vi phạm, thì bị phạt cảnh cáo, phạt tiền từ 10",nguoi nao sua chua lam sai lech noi dung ho chieu thi thuc ho khau ho tich cac loai giay chung nhan hoac tai lieu cua co quan to chuc va su dung giay to do thuc hien toi pham hoac da bi xu phat vi pham hanh chinh ve hanh vi nay hoac da bi ket an ve toi nay chua duoc xoa an tich ma con vi pham thi bi phat canh cao phat tien tu 10
subjreq_crime_341_subject_nguoi_nao_lam_gia_con_dau_tai_lieu_hoac_giay_to_khac_cua_co_quan_to_chuc_hoac_su_dung_con_dau_tai_lieu,crime_341,article_341,341,subject,"Người nào làm giả con dấu, tài liệu hoặc giấy tờ khác của cơ quan, tổ chức hoặc sử dụng con dấu, tài liệu hoặc giấy tờ giả thực hiện hành vi trái pháp luật, thì bị phạt tiền từ 30",nguoi nao lam gia con dau tai lieu hoac giay to khac cua co quan to chuc hoac su dung con dau tai lieu hoac giay to gia thuc hien hanh vi trai phap luat thi bi phat tien tu 30
subjreq_crime_342_subject_nguoi_nao_chiem_doat_mua_ban_hoac_tieu_huy_trai_phep_con_dau_tai_lieu_cua_co_quan_to_chuc_khong_thuoc_,crime_342,article_342,342,subject,"Người nào chiếm đoạt, mua bán hoặc tiêu hủy trái phép con dấu, tài liệu của cơ quan, tổ chức không thuộc tài liệu bí mật nhà nước hoặc bí mật công tác, thì bị phạt tiền từ 5",nguoi nao chiem doat mua ban hoac tieu huy trai phep con dau tai lieu cua co quan to chuc khong thuoc tai lieu bi mat nha nuoc hoac bi mat cong tac thi bi phat tien tu 5
subjreq_crime_343_subject_nguoi_nao_chiem_dung_cho_o_xay_dung_nha_trai_phep_da_bi_xu_phat_vi_pham_hanh_chinh_ve_hanh_vi_nay_hoac,crime_343,article_343,343,subject,"Người nào chiếm dụng chỗ ở, xây dựng nhà trái phép, đã bị xử phạt vi phạm hành chính về hành vi này hoặc đã bị kết án về tội này, chưa được xóa án tích mà còn vi phạm, thì bị phạt cải tạo không giam giữ đến 02 năm hoặc phạt tù từ 03 tháng đến 02 năm",nguoi nao chiem dung cho o xay dung nha trai phep da bi xu phat vi pham hanh chinh ve hanh vi nay hoac da bi ket an ve toi nay chua duoc xoa an tich ma con vi pham thi bi phat cai tao khong giam giu den 02 nam hoac phat tu tu 03 thang den 02 nam
subjreq_crime_344_subject_nguoi_nao_vi_pham_quy_dinh_ve_hoat_dong_xuat_ban_thuoc_mot_trong_cac_truong_hop_sau_day_thi_bi_phat_ca,crime_344,article_344,344,subject,"Người nào vi phạm quy định về hoạt động xuất bản thuộc một trong các trường hợp sau đây, thì bị phạt cảnh cáo, phạt tiền từ 20",nguoi nao vi pham quy dinh ve hoat dong xuat ban thuoc mot trong cac truong hop sau day thi bi phat canh cao phat tien tu 20
subjreq_crime_345_subject_nguoi_nao_vi_pham_cac_quy_dinh_ve_bao_ve_va_su_dung_cac_di_tich_lich_su_van_hoa_danh_lam_thang_canh_ga,crime_345,article_345,345,subject,"Người nào vi phạm các quy định về bảo vệ và sử dụng các di tích lịch sử - văn hóa, danh lam, thắng cảnh, gây hư hại di tích lịch sử - văn hóa, danh lam, thắng cảnh có giá trị từ 100",nguoi nao vi pham cac quy dinh ve bao ve va su dung cac di tich lich su van hoa danh lam thang canh gay hu hai di tich lich su van hoa danh lam thang canh co gia tri tu 100
subjreq_crime_346_subject_nguoi_nao_vi_pham_quy_dinh_ve_cu_tru_di_lai_hoac_cac_quy_dinh_khac_ve_khu_vuc_bien_gioi_da_bi_xu_phat_,crime_346,article_346,346,subject,"Người nào vi phạm quy định về cư trú, đi lại hoặc các quy định khác về khu vực biên giới, đã bị xử phạt vi phạm hành chính về hành vi này hoặc đã bị kết án về tội này, chưa được xóa án tích mà còn vi phạm, thì bị phạt tiền từ 10",nguoi nao vi pham quy dinh ve cu tru di lai hoac cac quy dinh khac ve khu vuc bien gioi da bi xu phat vi pham hanh chinh ve hanh vi nay hoac da bi ket an ve toi nay chua duoc xoa an tich ma con vi pham thi bi phat tien tu 10
subjreq_crime_347_subject_nguoi_nao_xuat_canh_nhap_canh_trai_phep_hoac_o_lai_viet_nam_trai_phep_da_bi_xu_phat_vi_pham_hanh_chinh,crime_347,article_347,347,subject,"Người nào xuất cảnh, nhập cảnh trái phép hoặc ở lại Việt Nam trái phép, đã bị xử phạt vi phạm hành chính về hành vi này mà còn vi phạm, thì bị phạt tiền từ 5",nguoi nao xuat canh nhap canh trai phep hoac o lai viet nam trai phep da bi xu phat vi pham hanh chinh ve hanh vi nay ma con vi pham thi bi phat tien tu 5
subjreq_crime_348_subject_nguoi_nao_vi_vu_loi_ma_to_chuc_hoac_moi_gioi_cho_nguoi_khac_xuat_canh_nhap_canh_hoac_o_lai_viet_nam_tr,crime_348,article_348,348,subject,"Người nào vì vụ lợi mà tổ chức hoặc môi giới cho người khác xuất cảnh, nhập cảnh hoặc ở lại Việt Nam trái phép, thì bị phạt từ từ 01 năm đến 05 năm",nguoi nao vi vu loi ma to chuc hoac moi gioi cho nguoi khac xuat canh nhap canh hoac o lai viet nam trai phep thi bi phat tu tu 01 nam den 05 nam
subjreq_crime_349_subject_nguoi_nao_to_chuc_moi_gioi_cho_nguoi_khac_tron_di_nuoc_ngoai_hoac_o_lai_nuoc_ngoai_trai_phep_neu_khong,crime_349,article_349,349,subject,"Người nào tổ chức, môi giới cho người khác trốn đi nước ngoài hoặc ở lại nước ngoài trái phép, nếu không thuộc trường hợp quy định tại Điều 120 của Bộ luật này, thì bị phạt tù từ 01 năm đến 05 năm",nguoi nao to chuc moi gioi cho nguoi khac tron di nuoc ngoai hoac o lai nuoc ngoai trai phep neu khong thuoc truong hop quy dinh tai dieu 120 cua bo luat nay thi bi phat tu tu 01 nam den 05 nam
subjreq_crime_350_subject_nguoi_nao_cuong_ep_nguoi_khac_tron_di_nuoc_ngoai_hoac_o_lai_nuoc_ngoai_trai_phep_neu_khong_thuoc_truon,crime_350,article_350,350,subject,"Người nào cưỡng ép người khác trốn đi nước ngoài hoặc ở lại nước ngoài trái phép, nếu không thuộc trường hợp quy định tại Điều 120 của Bộ luật này, thì bị phạt tù từ 02 năm đến 07 năm",nguoi nao cuong ep nguoi khac tron di nuoc ngoai hoac o lai nuoc ngoai trai phep neu khong thuoc truong hop quy dinh tai dieu 120 cua bo luat nay thi bi phat tu tu 02 nam den 07 nam
subjreq_crime_351_subject_nguoi_nao_co_y_xuc_pham_quoc_ky_quoc_huy_quoc_ca_thi_bi_phat_canh_cao_cai_tao_khong_giam_giu_den_03_na,crime_351,article_351,351,subject,"Người nào cố ý xúc phạm Quốc kỳ, Quốc huy, Quốc ca, thì bị phạt cảnh cáo, cải tạo không giam giữ đến 03 năm hoặc phạt tù từ 06 tháng đến 03 năm",nguoi nao co y xuc pham quoc ky quoc huy quoc ca thi bi phat canh cao cai tao khong giam giu den 03 nam hoac phat tu tu 06 thang den 03 nam
subjreq_crime_352_subject_chu_the_theo_quy_dinh_chung_cua_bo_luat_hinh_su,crime_352,article_352,352,subject,Chủ thể theo quy định chung của Bộ luật hình sự,chu the theo quy dinh chung cua bo luat hinh su
subjreq_crime_353_subject_nguoi_nao_loi_dung_chuc_vu_quyen_han_chiem_doat_tai_san_ma_minh_co_trach_nhiem_quan_ly_tri_gia_tu_2,crime_353,article_353,353,subject,"Người nào lợi dụng chức vụ, quyền hạn chiếm đoạt tài sản mà mình có trách nhiệm quản lý trị giá từ 2",nguoi nao loi dung chuc vu quyen han chiem doat tai san ma minh co trach nhiem quan ly tri gia tu 2
subjreq_crime_354_subject_nguoi_nao_loi_dung_chuc_vu_quyen_han_truc_tiep_hoac_qua_trung_gian_nhan_hoac_se_nhan_bat_ky_loi_ich_na,crime_354,article_354,354,subject,"Người nào lợi dụng chức vụ, quyền hạn trực tiếp hoặc qua trung gian nhận hoặc sẽ nhận bất kỳ lợi ích nào sau đây cho chính bản thân người đó hoặc cho người hoặc tổ chức khác để làm hoặc không làm một việc vì lợi ích hoặc theo yêu cầu của người đưa hối lộ, thì bị phạt tù từ 02 năm đến 07 năm: a) Tiền, tài sản hoặc lợi ích vật chất khác trị giá từ 2",nguoi nao loi dung chuc vu quyen han truc tiep hoac qua trung gian nhan hoac se nhan bat ky loi ich nao sau day cho chinh ban than nguoi do hoac cho nguoi hoac to chuc khac de lam hoac khong lam mot viec vi loi ich hoac theo yeu cau cua nguoi dua hoi lo thi bi phat tu tu 02 nam den 07 nam a tien tai san hoac loi ich vat chat khac tri gia tu 2
subjreq_crime_355_subject_nguoi_nao_lam_dung_chuc_vu_quyen_han_chiem_doat_tai_san_cua_nguoi_khac_tri_gia_tu_2,crime_355,article_355,355,subject,"Người nào lạm dụng chức vụ, quyền hạn chiếm đoạt tài sản của người khác trị giá từ 2",nguoi nao lam dung chuc vu quyen han chiem doat tai san cua nguoi khac tri gia tu 2
subjreq_crime_356_subject_nguoi_nao_vi_vu_loi_hoac_dong_co_ca_nhan_khac_ma_loi_dung_chuc_vu_quyen_han_lam_trai_cong_vu_gay_thiet,crime_356,article_356,356,subject,"Người nào vì vụ lợi hoặc động cơ cá nhân khác mà lợi dụng chức vụ, quyền hạn làm trái công vụ gây thiệt hại về tài sản từ 10",nguoi nao vi vu loi hoac dong co ca nhan khac ma loi dung chuc vu quyen han lam trai cong vu gay thiet hai ve tai san tu 10
subjreq_crime_357_subject_nguoi_nao_vi_vu_loi_hoac_dong_co_ca_nhan_khac_ma_vuot_qua_quyen_han_cua_minh_lam_trai_cong_vu_gay_thie,crime_357,article_357,357,subject,Người nào vì vụ lợi hoặc động cơ cá nhân khác mà vượt quá quyền hạn của mình làm trái công vụ gây thiệt hại về tài sản từ 10,nguoi nao vi vu loi hoac dong co ca nhan khac ma vuot qua quyen han cua minh lam trai cong vu gay thiet hai ve tai san tu 10
subjreq_crime_358_subject_nguoi_nao_loi_dung_chuc_vu_quyen_han_truc_tiep_hoac_qua_trung_gian_doi_nhan_hoac_se_nhan_bat_ky_loi_ic,crime_358,article_358,358,subject,"Người nào lợi dụng chức vụ, quyền hạn trực tiếp hoặc qua trung gian đòi, nhận hoặc sẽ nhận bất kỳ lợi ích nào sau đây dưới mọi hình thức để dùng ảnh hưởng của mình thúc đẩy người có chức vụ, quyền hạn làm hoặc không làm một việc thuộc trách nhiệm hoặc liên quan trực tiếp đến công việc của họ hoặc làm một việc không được phép làm, thì bị phạt tù từ 01 năm đến 06 năm: a) Tiền, tài sản hoặc lợi ích vật chất khác trị giá từ 2",nguoi nao loi dung chuc vu quyen han truc tiep hoac qua trung gian doi nhan hoac se nhan bat ky loi ich nao sau day duoi moi hinh thuc de dung anh huong cua minh thuc day nguoi co chuc vu quyen han lam hoac khong lam mot viec thuoc trach nhiem hoac lien quan truc tiep den cong viec cua ho hoac lam mot viec khong duoc phep lam thi bi phat tu tu 01 nam den 06 nam a tien tai san hoac loi ich vat chat khac tri gia tu 2
subjreq_crime_359_subject_nguoi_nao_vi_vu_loi_hoac_dong_co_ca_nhan_khac_ma_loi_dung_chuc_vu_quyen_han_thuc_hien_mot_trong_cac_ha,crime_359,article_359,359,subject,"Người nào vì vụ lợi hoặc động cơ cá nhân khác mà lợi dụng chức vụ, quyền hạn thực hiện một trong các hành vi sau đây, thì bị phạt tù từ 01 năm đến 05 năm: a) Sửa chữa, làm sai lệch nội dung giấy tờ, tài liệu",nguoi nao vi vu loi hoac dong co ca nhan khac ma loi dung chuc vu quyen han thuc hien mot trong cac hanh vi sau day thi bi phat tu tu 01 nam den 05 nam a sua chua lam sai lech noi dung giay to tai lieu
subjreq_crime_360_subject_nguoi_nao_co_chuc_vu_quyen_han_vi_thieu_trach_nhiem_ma_khong_thuc_hien_hoac_thuc_hien_khong_dung_nhiem,crime_360,article_360,360,subject,"Người nào có chức vụ, quyền hạn vì thiếu trách nhiệm mà không thực hiện hoặc thực hiện không đúng nhiệm vụ được giao thuộc một trong các trường hợp sau đây, nếu không thuộc trường hợp quy định tại các điều 179, 308 và 376 của Bộ luật này, thì bị phạt cải tạo không giam giữ đến 03 năm hoặc phạt tù từ 06 tháng đến 05 năm: a) Làm chết người",nguoi nao co chuc vu quyen han vi thieu trach nhiem ma khong thuc hien hoac thuc hien khong dung nhiem vu duoc giao thuoc mot trong cac truong hop sau day neu khong thuoc truong hop quy dinh tai cac dieu 179 308 va 376 cua bo luat nay thi bi phat cai tao khong giam giu den 03 nam hoac phat tu tu 06 thang den 05 nam a lam chet nguoi
subjreq_crime_361_subject_nguoi_nao_co_y_lam_lo_bi_mat_cong_tac_hoac_chiem_doat_mua_ban_tieu_huy_tai_lieu_bi_mat_cong_tac_neu_kh,crime_361,article_361,361,subject,"Người nào cố ý làm lộ bí mật công tác hoặc chiếm đoạt, mua bán, tiêu hủy tài liệu bí mật công tác, nếu không thuộc trường hợp quy định tại các điều 110, 337 và 342 của Bộ luật này, thì bị phạt cải tạo không giam giữ đến 03 năm hoặc phạt tù từ 06 tháng đến 03 năm",nguoi nao co y lam lo bi mat cong tac hoac chiem doat mua ban tieu huy tai lieu bi mat cong tac neu khong thuoc truong hop quy dinh tai cac dieu 110 337 va 342 cua bo luat nay thi bi phat cai tao khong giam giu den 03 nam hoac phat tu tu 06 thang den 03 nam
subjreq_crime_362_subject_nguoi_nao_vo_y_lam_lo_bi_mat_cong_tac_hoac_lam_mat_tai_lieu_bi_mat_cong_tac_thuoc_mot_trong_cac_truong,crime_362,article_362,362,subject,"Người nào vô ý làm lộ bí mật công tác hoặc làm mất tài liệu bí mật công tác thuộc một trong các trường hợp sau đây, nếu không thuộc trường hợp quy định tại Điều 338 của Bộ luật này, thì bị phạt cảnh cáo, phạt cải tạo không giam giữ đến 02 năm: a) Gây ảnh hưởng xấu đến hoạt động của cơ quan, tổ chức",nguoi nao vo y lam lo bi mat cong tac hoac lam mat tai lieu bi mat cong tac thuoc mot trong cac truong hop sau day neu khong thuoc truong hop quy dinh tai dieu 338 cua bo luat nay thi bi phat canh cao phat cai tao khong giam giu den 02 nam a gay anh huong xau den hoat dong cua co quan to chuc
subjreq_crime_363_subject_nguoi_nao_la_can_bo_cong_chuc_vien_chuc_ma_co_y_tu_bo_nhiem_vu_cong_tac_gay_hau_qua_nghiem_trong_thi_b,crime_363,article_363,363,subject,"Người nào là cán bộ, công chức, viên chức mà cố ý từ bỏ nhiệm vụ công tác gây hậu quả nghiêm trọng, thì bị phạt cải tạo không giam giữ đến 03 năm hoặc phạt tù từ 06 tháng đến 03 năm",nguoi nao la can bo cong chuc vien chuc ma co y tu bo nhiem vu cong tac gay hau qua nghiem trong thi bi phat cai tao khong giam giu den 03 nam hoac phat tu tu 06 thang den 03 nam
subjreq_crime_364_subject_nguoi_nao_truc_tiep_hay_qua_trung_gian_da_dua_hoac_se_dua_cho_nguoi_co_chuc_vu_quyen_han_hoac_nguoi_kh,crime_364,article_364,364,subject,"Người nào trực tiếp hay qua trung gian đã đưa hoặc sẽ đưa cho người có chức vụ, quyền hạn hoặc người khác hoặc tổ chức khác bất kỳ lợi ích nào sau đây để người có chức vụ, quyền hạn làm hoặc không làm một việc vì lợi ích hoặc theo yêu cầu của người đưa hối lộ, thì bị phạt tiền từ 20",nguoi nao truc tiep hay qua trung gian da dua hoac se dua cho nguoi co chuc vu quyen han hoac nguoi khac hoac to chuc khac bat ky loi ich nao sau day de nguoi co chuc vu quyen han lam hoac khong lam mot viec vi loi ich hoac theo yeu cau cua nguoi dua hoi lo thi bi phat tien tu 20
subjreq_crime_364_subject_nguoi_nao_dua_hoac_se_dua_hoi_lo_cho_cong_chuc_nuoc_ngoai_cong_chuc_cua_to_chuc_quoc_te_cong_nguoi_co_,crime_364,article_364,364,subject,"Người nào đưa hoặc sẽ đưa hối lộ cho công chức nước ngoài, công chức của tổ chức quốc tế công, người có chức vụ trong các doanh nghiệp, tổ chức ngoài Nhà nước cũng bị xử lý theo quy định tại Điều này",nguoi nao dua hoac se dua hoi lo cho cong chuc nuoc ngoai cong chuc cua to chuc quoc te cong nguoi co chuc vu trong cac doanh nghiep to chuc ngoai nha nuoc cung bi xu ly theo quy dinh tai dieu nay
subjreq_crime_365_subject_nguoi_nao_moi_gioi_hoi_lo_ma_cua_hoi_lo_thuoc_mot_trong_cac_truong_hop_sau_day_thi_bi_phat_tien_tu_20,crime_365,article_365,365,subject,"Người nào môi giới hối lộ mà của hối lộ thuộc một trong các trường hợp sau đây, thì bị phạt tiền từ 20",nguoi nao moi gioi hoi lo ma cua hoi lo thuoc mot trong cac truong hop sau day thi bi phat tien tu 20
subjreq_crime_365_subject_nguoi_nao_moi_gioi_hoi_lo_trong_cac_doanh_nghiep_to_chuc_ngoai_nha_nuoc_cung_bi_xu_ly_theo_quy_dinh_ta,crime_365,article_365,365,subject,"Người nào môi giới hối lộ trong các doanh nghiệp, tổ chức ngoài Nhà nước cũng bị xử lý theo quy định tại Điều này",nguoi nao moi gioi hoi lo trong cac doanh nghiep to chuc ngoai nha nuoc cung bi xu ly theo quy dinh tai dieu nay
subjreq_crime_366_subject_nguoi_nao_truc_tiep_hoac_qua_trung_gian_nhan_bat_ky_loi_ich_nao_sau_day_de_dung_anh_huong_cua_minh_thu,crime_366,article_366,366,subject,"Người nào trực tiếp hoặc qua trung gian nhận bất kỳ lợi ích nào sau đây để dùng ảnh hưởng của mình thúc đẩy người có chức vụ, quyền hạn làm hoặc không làm một việc thuộc trách nhiệm của họ hoặc làm một việc không được phép làm, thì bị phạt cải tạo không giam giữ đến 03 năm hoặc phạt tù từ 06 tháng đến 03 năm: a) Tiền, tài sản hoặc lợi ích vật chất khác trị giá từ 2",nguoi nao truc tiep hoac qua trung gian nhan bat ky loi ich nao sau day de dung anh huong cua minh thuc day nguoi co chuc vu quyen han lam hoac khong lam mot viec thuoc trach nhiem cua ho hoac lam mot viec khong duoc phep lam thi bi phat cai tao khong giam giu den 03 nam hoac phat tu tu 06 thang den 03 nam a tien tai san hoac loi ich vat chat khac tri gia tu 2
subjreq_crime_367_subject_chu_the_theo_quy_dinh_chung_cua_bo_luat_hinh_su,crime_367,article_367,367,subject,Chủ thể theo quy định chung của Bộ luật hình sự,chu the theo quy dinh chung cua bo luat hinh su
subjreq_crime_368_subject_nguoi_nao_co_tham_quyen_ma_truy_cuu_trach_nhiem_hinh_su_nguoi_ma_minh_biet_ro_la_khong_co_toi_thi_bi_p,crime_368,article_368,368,subject,"Người nào có thẩm quyền mà truy cứu trách nhiệm hình sự người mà mình biết rõ là không có tội, thì bị phạt tù từ 01 năm đến 05 năm",nguoi nao co tham quyen ma truy cuu trach nhiem hinh su nguoi ma minh biet ro la khong co toi thi bi phat tu tu 01 nam den 05 nam
subjreq_crime_368_subject_nguoi_duoi_18_tuoi_phu_nu_ma_biet_la_co_thai_nguoi_gia_yeu,crime_368,article_368,368,subject,"người dưới 18 tuổi, phụ nữ mà biết là có thai, người già yếu",nguoi duoi 18 tuoi phu nu ma biet la co thai nguoi gia yeu
subjreq_crime_369_subject_nguoi_nao_co_tham_quyen_ma_khong_truy_cuu_trach_nhiem_hinh_su_nguoi_ma_minh_biet_ro_la_co_toi_thi_bi_p,crime_369,article_369,369,subject,"Người nào có thẩm quyền mà không truy cứu trách nhiệm hình sự người mà mình biết rõ là có tội, thì bị phạt tù từ 06 tháng đến 03 năm",nguoi nao co tham quyen ma khong truy cuu trach nhiem hinh su nguoi ma minh biet ro la co toi thi bi phat tu tu 06 thang den 03 nam
subjreq_crime_370_subject_nguoi_duoi_18_tuoi_phu_nu_ma_biet_la_co_thai_nguoi_gia_yeu,crime_370,article_370,370,subject,"người dưới 18 tuổi, phụ nữ mà biết là có thai, người già yếu",nguoi duoi 18 tuoi phu nu ma biet la co thai nguoi gia yeu
subjreq_crime_371_subject_nguoi_nao_co_tham_quyen_trong_hoat_dong_to_tung_thi_hanh_an_ra_quyet_dinh_ma_minh_biet_ro_la_trai_phap,crime_371,article_371,371,subject,"Người nào có thẩm quyền trong hoạt động tố tụng, thi hành án ra quyết định mà mình biết rõ là trái pháp luật gây thiệt hại về tài sản từ 50",nguoi nao co tham quyen trong hoat dong to tung thi hanh an ra quyet dinh ma minh biet ro la trai phap luat gay thiet hai ve tai san tu 50
subjreq_crime_371_subject_nguoi_duoi_18_tuoi_phu_nu_ma_biet_la_co_thai_nguoi_gia_yeu,crime_371,article_371,371,subject,"người dưới 18 tuổi, phụ nữ mà biết là có thai, người già yếu",nguoi duoi 18 tuoi phu nu ma biet la co thai nguoi gia yeu
subjreq_crime_372_subject_nguoi_nao_loi_dung_chuc_vu_quyen_han_ep_buoc_nguoi_co_tham_quyen_trong_hoat_dong_to_tung_thi_hanh_an_l,crime_372,article_372,372,subject,"Người nào lợi dụng chức vụ, quyền hạn ép buộc người có thẩm quyền trong hoạt động tố tụng, thi hành án làm trái pháp luật gây thiệt hại đến lợi ích của Nhà nước, quyền, lợi ích hợp pháp của tổ chức, cá nhân hoặc gây thiệt hại về tài sản từ 50",nguoi nao loi dung chuc vu quyen han ep buoc nguoi co tham quyen trong hoat dong to tung thi hanh an lam trai phap luat gay thiet hai den loi ich cua nha nuoc quyen loi ich hop phap cua to chuc ca nhan hoac gay thiet hai ve tai san tu 50
subjreq_crime_373_subject_nguoi_nao_trong_hoat_dong_to_tung_thi_hanh_an_hoac_thi_hanh_cac_bien_phap_dua_vao_truong_giao_duong_du,crime_373,article_373,373,subject,"Người nào trong hoạt động tố tụng, thi hành án hoặc thi hành các biện pháp đưa vào trường giáo dưỡng, đưa vào cơ sở giáo dục bắt buộc, đưa vào cơ sở cai nghiện bắt buộc mà dùng nhục hình hoặc đối xử tàn bạo, hạ nhục nhân phẩm của người khác dưới bất kỳ hình thức nào, thì bị phạt tù từ 06 tháng đến 03 năm",nguoi nao trong hoat dong to tung thi hanh an hoac thi hanh cac bien phap dua vao truong giao duong dua vao co so giao duc bat buoc dua vao co so cai nghien bat buoc ma dung nhuc hinh hoac doi xu tan bao ha nhuc nhan pham cua nguoi khac duoi bat ky hinh thuc nao thi bi phat tu tu 06 thang den 03 nam
subjreq_crime_373_subject_nguoi_duoi_18_tuoi_phu_nu_ma_biet_la_co_thai_nguoi_gia_yeu_nguoi_khuyet_tat_nang_hoac_khuyet_tat_dac_b,crime_373,article_373,373,subject,"người dưới 18 tuổi, phụ nữ mà biết là có thai, người già yếu, người khuyết tật nặng hoặc khuyết tật đặc biệt nặng",nguoi duoi 18 tuoi phu nu ma biet la co thai nguoi gia yeu nguoi khuyet tat nang hoac khuyet tat dac biet nang
subjreq_crime_374_subject_nguoi_nao_trong_hoat_dong_to_tung_ma_su_dung_thu_doan_trai_phap_luat_ep_buoc_nguoi_bi_lay_loi_khai_ngu,crime_374,article_374,374,subject,"Người nào trong hoạt động tố tụng mà sử dụng thủ đoạn trái pháp luật ép buộc người bị lấy lời khai, người bị hỏi cung phải khai ra thông tin liên quan đến vụ án, vụ việc, thì bị phạt tù từ 06 tháng đến 03 năm",nguoi nao trong hoat dong to tung ma su dung thu doan trai phap luat ep buoc nguoi bi lay loi khai nguoi bi hoi cung phai khai ra thong tin lien quan den vu an vu viec thi bi phat tu tu 06 thang den 03 nam
subjreq_crime_374_subject_nguoi_duoi_18_tuoi_phu_nu_ma_biet_la_co_thai_nguoi_gia_yeu_nguoi_khuyet_tat_nang_hoac_khuyet_tat_dac_b,crime_374,article_374,374,subject,"người dưới 18 tuổi, phụ nữ mà biết là có thai, người già yếu, người khuyết tật nặng hoặc khuyết tật đặc biệt nặng",nguoi duoi 18 tuoi phu nu ma biet la co thai nguoi gia yeu nguoi khuyet tat nang hoac khuyet tat dac biet nang
subjreq_crime_375_subject_chu_the_theo_quy_dinh_chung_cua_bo_luat_hinh_su,crime_375,article_375,375,subject,Chủ thể theo quy định chung của Bộ luật hình sự,chu the theo quy dinh chung cua bo luat hinh su
subjreq_crime_376_subject_nguoi_nao_duoc_giao_trach_nhiem_truc_tiep_quan_ly_canh_gac_ap_giai_nguoi_bi_bat_nguoi_bi_tam_giu_tam_g,crime_376,article_376,376,subject,"Người nào được giao trách nhiệm trực tiếp quản lý, canh gác, áp giải người bị bắt, người bị tạm giữ, tạm giam, người đang chấp hành án phạt tù mà không thực hiện hoặc thực hiện không đúng quy định về quản lý, canh gác, áp giải để người thực hiện tội phạm ít nghiêm trọng hoặc tội phạm nghiêm trọng trốn thuộc một trong các trường hợp sau đây, thì bị phạt cải tạo không giam giữ đến 03 năm hoặc phạt tù từ 06 tháng đến 03 năm: a) Làm vụ án bị tạm đình chỉ",nguoi nao duoc giao trach nhiem truc tiep quan ly canh gac ap giai nguoi bi bat nguoi bi tam giu tam giam nguoi dang chap hanh an phat tu ma khong thuc hien hoac thuc hien khong dung quy dinh ve quan ly canh gac ap giai de nguoi thuc hien toi pham it nghiem trong hoac toi pham nghiem trong tron thuoc mot trong cac truong hop sau day thi bi phat cai tao khong giam giu den 03 nam hoac phat tu tu 06 thang den 03 nam a lam vu an bi tam dinh chi
subjreq_crime_377_subject_nguoi_nao_loi_dung_chuc_vu_quyen_han_thuc_hien_mot_trong_cac_hanh_vi_sau_day_thi_bi_phat_tu_tu_06_than,crime_377,article_377,377,subject,"Người nào lợi dụng chức vụ, quyền hạn thực hiện một trong các hành vi sau đây, thì bị phạt tù từ 06 tháng đến 03 năm: a) Không ra quyết định trả tự do cho người được trả tự do theo quy định của luật",nguoi nao loi dung chuc vu quyen han thuc hien mot trong cac hanh vi sau day thi bi phat tu tu 06 thang den 03 nam a khong ra quyet dinh tra tu do cho nguoi duoc tra tu do theo quy dinh cua luat
subjreq_crime_377_subject_nguoi_duoi_18_tuoi_phu_nu_ma_biet_la_co_thai_nguoi_gia_yeu_nguoi_khuyet_tat_nang_hoac_khuyet_tat_dac_b,crime_377,article_377,377,subject,"người dưới 18 tuổi, phụ nữ mà biết là có thai, người già yếu, người khuyết tật nặng hoặc khuyết tật đặc biệt nặng",nguoi duoi 18 tuoi phu nu ma biet la co thai nguoi gia yeu nguoi khuyet tat nang hoac khuyet tat dac biet nang
subjreq_crime_378_subject_nguoi_nao_loi_dung_chuc_vu_quyen_han_hoac_lam_quyen_tha_trai_phap_luat_nguoi_bi_bat_nguoi_dang_bi_tam_,crime_378,article_378,378,subject,"Người nào lợi dụng chức vụ, quyền hạn hoặc lạm quyền tha trái pháp luật người bị bắt, người đang bị tạm giữ, tạm giam, người đang chấp hành án phạt tù, thì bị phạt cải tạo không giam giữ đến 03 năm hoặc phạt tù từ 06 tháng đến 03 năm",nguoi nao loi dung chuc vu quyen han hoac lam quyen tha trai phap luat nguoi bi bat nguoi dang bi tam giu tam giam nguoi dang chap hanh an phat tu thi bi phat cai tao khong giam giu den 03 nam hoac phat tu tu 06 thang den 03 nam
subjreq_crime_379_subject_nguoi_nao_co_tham_quyen_ma_co_y_khong_ra_quyet_dinh_thi_hanh_an_hoac_khong_thi_hanh_quyet_dinh_thi_han,crime_379,article_379,379,subject,"Người nào có thẩm quyền mà cố ý không ra quyết định thi hành án hoặc không thi hành quyết định thi hành bản án, quyết định của Tòa án thuộc một trong các trường hợp sau đây, thì bị phạt cải tạo không giam giữ đến 03 năm hoặc phạt tù từ 06 tháng đến 03 năm: a) Đã bị xử lý kỷ luật về hành vi này mà còn vi phạm",nguoi nao co tham quyen ma co y khong ra quyet dinh thi hanh an hoac khong thi hanh quyet dinh thi hanh ban an quyet dinh cua toa an thuoc mot trong cac truong hop sau day thi bi phat cai tao khong giam giu den 03 nam hoac phat tu tu 06 thang den 03 nam a da bi xu ly ky luat ve hanh vi nay ma con vi pham
subjreq_crime_380_subject_nguoi_nao_co_dieu_kien_ma_khong_chap_hanh_ban_an_hoac_quyet_dinh_cua_toa_an_da_co_hieu_luc_phap_luat_m,crime_380,article_380,380,subject,"Người nào có điều kiện mà không chấp hành bản án hoặc quyết định của Tòa án đã có hiệu lực pháp luật mặc dù đã bị áp dụng biện pháp cưỡng chế theo quy định của pháp luật hoặc đã bị xử phạt vi phạm hành chính về hành vi này mà còn vi phạm, thì bị phạt tù từ 03 tháng đến 02 năm",nguoi nao co dieu kien ma khong chap hanh ban an hoac quyet dinh cua toa an da co hieu luc phap luat mac du da bi ap dung bien phap cuong che theo quy dinh cua phap luat hoac da bi xu phat vi pham hanh chinh ve hanh vi nay ma con vi pham thi bi phat tu tu 03 thang den 02 nam
subjreq_crime_381_subject_nguoi_nao_loi_dung_chuc_vu_quyen_han_co_y_can_tro_viec_thi_hanh_an_thuoc_mot_trong_cac_truong_hop_sau_,crime_381,article_381,381,subject,"Người nào lợi dụng chức vụ, quyền hạn cố ý cản trở việc thi hành án thuộc một trong các trường hợp sau đây, thì bị phạt cải tạo không giam giữ đến 03 năm hoặc phạt tù từ 06 tháng đến 03 năm: a) Dẫn đến người bị kết án, người phải chấp hành án bỏ trốn",nguoi nao loi dung chuc vu quyen han co y can tro viec thi hanh an thuoc mot trong cac truong hop sau day thi bi phat cai tao khong giam giu den 03 nam hoac phat tu tu 06 thang den 03 nam a dan den nguoi bi ket an nguoi phai chap hanh an bo tron
subjreq_crime_382_subject_chu_the_theo_quy_dinh_chung_cua_bo_luat_hinh_su,crime_382,article_382,382,subject,Chủ thể theo quy định chung của Bộ luật hình sự,chu the theo quy dinh chung cua bo luat hinh su
subjreq_crime_383_subject_chu_the_theo_quy_dinh_chung_cua_bo_luat_hinh_su,crime_383,article_383,383,subject,Chủ thể theo quy định chung của Bộ luật hình sự,chu the theo quy dinh chung cua bo luat hinh su
subjreq_crime_384_subject_nguoi_nao_mua_chuoc_hoac_cuong_ep_nguoi_lam_chung_nguoi_bi_hai_duong_su_trong_cac_vu_an_hinh_su_hanh_c,crime_384,article_384,384,subject,"Người nào mua chuộc hoặc cưỡng ép người làm chứng, người bị hại, đương sự trong các vụ án hình sự, hành chính, dân sự khai báo gian dối, cung cấp tài liệu sai sự thật hoặc không khai báo, không cung cấp tài liệu",nguoi nao mua chuoc hoac cuong ep nguoi lam chung nguoi bi hai duong su trong cac vu an hinh su hanh chinh dan su khai bao gian doi cung cap tai lieu sai su that hoac khong khai bao khong cung cap tai lieu
subjreq_crime_385_subject_nguoi_nao_duoc_giao_giu_quan_ly_tai_san_bi_ke_bien_bi_niem_phong_hoac_vat_chung_bi_niem_phong_tai_khoa,crime_385,article_385,385,subject,"Người nào được giao giữ, quản lý tài sản bị kê biên, bị niêm phong hoặc vật chứng bị niêm phong, tài khoản bị phong tỏa mà thực hiện một trong các hành vi sau đây, thì bị phạt cải tạo không giam giữ đến 02 năm hoặc phạt tù từ 03 tháng đến 02 năm: a) Phá hủy niêm phong, giải tỏa việc phong tỏa tài khoản mà không có quyết định của người có thẩm quyền",nguoi nao duoc giao giu quan ly tai san bi ke bien bi niem phong hoac vat chung bi niem phong tai khoan bi phong toa ma thuc hien mot trong cac hanh vi sau day thi bi phat cai tao khong giam giu den 02 nam hoac phat tu tu 03 thang den 02 nam a pha huy niem phong giai toa viec phong toa tai khoan ma khong co quyet dinh cua nguoi co tham quyen
subjreq_crime_386_subject_nguoi_nao_dang_bi_tam_giu_tam_giam_ap_giai_xet_xu_hoac_chap_hanh_an_phat_tu_ma_bo_tron_thi_bi_phat_tu_,crime_386,article_386,386,subject,"Người nào đang bị tạm giữ, tạm giam, áp giải, xét xử hoặc chấp hành án phạt tù mà bỏ trốn, thì bị phạt tù từ 06 tháng đến 03 năm",nguoi nao dang bi tam giu tam giam ap giai xet xu hoac chap hanh an phat tu ma bo tron thi bi phat tu tu 06 thang den 03 nam
subjreq_crime_387_subject_nguoi_nao_danh_thao_nguoi_bi_bat_tam_giu_tam_giam_nguoi_dang_bi_ap_giai_xet_xu_hoac_chap_hanh_an_phat_,crime_387,article_387,387,subject,"Người nào đánh tháo người bị bắt, tạm giữ, tạm giam, người đang bị áp giải, xét xử hoặc chấp hành án phạt tù, nếu không thuộc trường hợp quy định tại Điều 119 của Bộ luật này, thì bị phạt tù từ 02 năm đến 07 năm",nguoi nao danh thao nguoi bi bat tam giu tam giam nguoi dang bi ap giai xet xu hoac chap hanh an phat tu neu khong thuoc truong hop quy dinh tai dieu 119 cua bo luat nay thi bi phat tu tu 02 nam den 07 nam
subjreq_crime_388_subject_nguoi_nao_thuc_hien_mot_trong_cac_hanh_vi_sau_day_vi_pham_quy_dinh_cua_phap_luat_ve_giam_giu_da_bi_xu_,crime_388,article_388,388,subject,"Người nào thực hiện một trong các hành vi sau đây vi phạm quy định của pháp luật về giam giữ, đã bị xử lý kỷ luật, xử phạt vi phạm hành chính về một trong các hành vi này hoặc đã bị kết án về tội này, chưa được xóa án tích mà còn vi phạm, thì bị phạt tù từ 06 tháng đến 03 năm: a) Gây rối hoặc chống lại mệnh lệnh của người có thẩm quyền trong quản lý giam giữ",nguoi nao thuc hien mot trong cac hanh vi sau day vi pham quy dinh cua phap luat ve giam giu da bi xu ly ky luat xu phat vi pham hanh chinh ve mot trong cac hanh vi nay hoac da bi ket an ve toi nay chua duoc xoa an tich ma con vi pham thi bi phat tu tu 06 thang den 03 nam a gay roi hoac chong lai menh lenh cua nguoi co tham quyen trong quan ly giam giu
subjreq_crime_389_subject_nguoi_nao_khong_hua_hen_truoc_ma_che_giau_mot_trong_cac_toi_pham_quy_dinh_tai_cac_dieu_sau_day_cua_bo_,crime_389,article_389,389,subject,"Người nào không hứa hẹn trước mà che giấu một trong các tội phạm quy định tại các điều sau đây của Bộ luật này, nếu không thuộc trường hợp quy định tại khoản 2 Điều 18 của Bộ luật này, thì bị phạt cải tạo không giam giữ đến 03 năm hoặc phạt tù từ 06 tháng đến 05 năm: a) Các điều 108, 109, 110, 111, 112, 113, 114, 115, 116, 117, 118, 119, 120 và 121",nguoi nao khong hua hen truoc ma che giau mot trong cac toi pham quy dinh tai cac dieu sau day cua bo luat nay neu khong thuoc truong hop quy dinh tai khoan 2 dieu 18 cua bo luat nay thi bi phat cai tao khong giam giu den 03 nam hoac phat tu tu 06 thang den 05 nam a cac dieu 108 109 110 111 112 113 114 115 116 117 118 119 120 va 121
subjreq_crime_390_subject_nguoi_nao_biet_ro_mot_trong_cac_toi_pham_quy_dinh_tai_khoan_2_hoac_khoan_3_dieu_14_cua_bo_luat_nay_dan,crime_390,article_390,390,subject,"Người nào biết rõ một trong các tội phạm quy định tại khoản 2 hoặc khoản 3 Điều 14 của Bộ luật này đang được chuẩn bị hoặc một trong các tội phạm quy định tại Điều 389 của Bộ luật này đang được thực hiện hoặc đã được thực hiện mà không tố giác, nếu không thuộc trường hợp quy định tại khoản 2 và khoản 3 Điều 19 của Bộ luật này, thì bị phạt cảnh cáo, phạt cải tạo không giam giữ đến 03 năm hoặc phạt tù từ 06 tháng đến 03 năm",nguoi nao biet ro mot trong cac toi pham quy dinh tai khoan 2 hoac khoan 3 dieu 14 cua bo luat nay dang duoc chuan bi hoac mot trong cac toi pham quy dinh tai dieu 389 cua bo luat nay dang duoc thuc hien hoac da duoc thuc hien ma khong to giac neu khong thuoc truong hop quy dinh tai khoan 2 va khoan 3 dieu 19 cua bo luat nay thi bi phat canh cao phat cai tao khong giam giu den 03 nam hoac phat tu tu 06 thang den 03 nam
subjreq_crime_391_subject_nguoi_nao_tai_phien_toa_phien_hop_ma_thoa_ma_xuc_pham_nghiem_trong_danh_du_nhan_pham_cua_tham_phan_hoi,crime_391,article_391,391,subject,"Người nào tại phiên tòa, phiên họp mà thóa mạ, xúc phạm nghiêm trọng danh dự, nhân phẩm của Thẩm phán, Hội thẩm, người có thẩm quyền tiến hành tố tụng khác hoặc người tham gia phiên tòa, phiên họp hoặc có hành vi đập phá tài sản, nếu không thuộc trường hợp quy định tại Điều 178 của Bộ luật này, thì bị phạt tiền từ 10",nguoi nao tai phien toa phien hop ma thoa ma xuc pham nghiem trong danh du nhan pham cua tham phan hoi tham nguoi co tham quyen tien hanh to tung khac hoac nguoi tham gia phien toa phien hop hoac co hanh vi dap pha tai san neu khong thuoc truong hop quy dinh tai dieu 178 cua bo luat nay thi bi phat tien tu 10
subjreq_crime_392_subject_chu_the_theo_quy_dinh_chung_cua_bo_luat_hinh_su,crime_392,article_392,392,subject,Chủ thể theo quy định chung của Bộ luật hình sự,chu the theo quy dinh chung cua bo luat hinh su
subjreq_crime_393_subject_nguoi_nao_loi_dung_chuc_vu_quyen_han_ra_menh_lenh_trai_phap_luat_gay_hau_qua_nghiem_trong_thi_bi_phat_,crime_393,article_393,393,subject,"Người nào lợi dụng chức vụ, quyền hạn ra mệnh lệnh trái pháp luật gây hậu quả nghiêm trọng, thì bị phạt cải tạo không giam giữ đến 03 năm hoặc phạt tù từ 06 tháng đến 05 năm",nguoi nao loi dung chuc vu quyen han ra menh lenh trai phap luat gay hau qua nghiem trong thi bi phat cai tao khong giam giu den 03 nam hoac phat tu tu 06 thang den 05 nam
subjreq_crime_394_subject_nguoi_nao_tu_choi_chap_hanh_hoac_co_y_khong_thuc_hien_menh_lenh_cua_nguoi_co_tham_quyen_thi_bi_phat_tu,crime_394,article_394,394,subject,"Người nào từ chối chấp hành hoặc cố ý không thực hiện mệnh lệnh của người có thẩm quyền, thì bị phạt tù từ 06 tháng đến 05 năm",nguoi nao tu choi chap hanh hoac co y khong thuc hien menh lenh cua nguoi co tham quyen thi bi phat tu tu 06 thang den 05 nam
subjreq_crime_395_subject_nguoi_nao_chap_hanh_menh_lenh_cua_nguoi_co_tham_quyen_mot_cach_lo_la_cham_tre_tuy_tien_gay_hau_qua_ngh,crime_395,article_395,395,subject,"Người nào chấp hành mệnh lệnh của người có thẩm quyền một cách lơ là, chậm trễ, tùy tiện gây hậu quả nghiêm trọng, thì bị phạt cải tạo không giam giữ đến 03 năm hoặc phạt tù từ 06 tháng đến 03 năm",nguoi nao chap hanh menh lenh cua nguoi co tham quyen mot cach lo la cham tre tuy tien gay hau qua nghiem trong thi bi phat cai tao khong giam giu den 03 nam hoac phat tu tu 06 thang den 03 nam
subjreq_crime_396_subject_nguoi_nao_can_tro_dong_doi_thuc_hien_nhiem_vu_dan_den_nguoi_do_khong_thuc_hien_duoc_hoac_thuc_hien_kho,crime_396,article_396,396,subject,"Người nào cản trở đồng đội thực hiện nhiệm vụ dẫn đến người đó không thực hiện được hoặc thực hiện không đầy đủ nhiệm vụ được giao, thì bị phạt cải tạo không giam giữ đến 03 năm hoặc phạt tù từ 03 tháng đến 03 năm",nguoi nao can tro dong doi thuc hien nhiem vu dan den nguoi do khong thuc hien duoc hoac thuc hien khong day du nhiem vu duoc giao thi bi phat cai tao khong giam giu den 03 nam hoac phat tu tu 03 thang den 03 nam
subjreq_crime_397_subject_nguoi_nao_trong_quan_he_cong_tac_ma_xuc_pham_nghiem_trong_nhan_pham_danh_du_dong_doi_thi_bi_phat_cai_t,crime_397,article_397,397,subject,"Người nào trong quan hệ công tác mà xúc phạm nghiêm trọng nhân phẩm, danh dự đồng đội, thì bị phạt cải tạo không giam giữ đến 02 năm hoặc phạt tù từ 03 tháng đến 02 năm",nguoi nao trong quan he cong tac ma xuc pham nghiem trong nhan pham danh du dong doi thi bi phat cai tao khong giam giu den 02 nam hoac phat tu tu 03 thang den 02 nam
subjreq_crime_398_subject_nguoi_nao_trong_quan_he_cong_tac_ma_co_y_gay_thuong_tich_hoac_gay_ton_hai_cho_suc_khoe_cua_dong_doi_ma,crime_398,article_398,398,subject,"Người nào trong quan hệ công tác mà cố ý gây thương tích hoặc gây tổn hại cho sức khỏe của đồng đội mà không thuộc trường hợp quy định tại Điều 134 của Bộ luật này, thì bị phạt cải tạo không giam giữ đến 02 năm hoặc phạt tù từ 03 tháng đến 02 năm",nguoi nao trong quan he cong tac ma co y gay thuong tich hoac gay ton hai cho suc khoe cua dong doi ma khong thuoc truong hop quy dinh tai dieu 134 cua bo luat nay thi bi phat cai tao khong giam giu den 02 nam hoac phat tu tu 03 thang den 02 nam
subjreq_crime_399_subject_nguoi_nao_dau_hang_dich_thi_bi_phat_tu_tu_03_nam_den_10_nam,crime_399,article_399,399,subject,"Người nào đầu hàng địch, thì bị phạt tù từ 03 năm đến 10 năm",nguoi nao dau hang dich thi bi phat tu tu 03 nam den 10 nam
subjreq_crime_400_subject_nguoi_nao_khi_bi_dich_bat_lam_tu_binh_ma_khai_bao_bi_mat_cong_tac_quan_su_hoac_tu_nguyen_lam_viec_cho_,crime_400,article_400,400,subject,"Người nào khi bị địch bắt làm tù binh mà khai báo bí mật công tác quân sự hoặc tự nguyện làm việc cho địch, thì bị phạt tù từ 01 năm đến 07 năm",nguoi nao khi bi dich bat lam tu binh ma khai bao bi mat cong tac quan su hoac tu nguyen lam viec cho dich thi bi phat tu tu 01 nam den 07 nam
subjreq_crime_401_subject_nguoi_nao_tu_y_roi_bo_vi_tri_chien_dau_hoac_khong_lam_nhiem_vu_trong_chien_dau_thi_bi_phat_tu_tu_02_na,crime_401,article_401,401,subject,"Người nào tự ý rời bỏ vị trí chiến đấu hoặc không làm nhiệm vụ trong chiến đấu, thì bị phạt tù từ 02 năm đến 07 năm",nguoi nao tu y roi bo vi tri chien dau hoac khong lam nhiem vu trong chien dau thi bi phat tu tu 02 nam den 07 nam
subjreq_crime_402_subject_nguoi_nao_roi_bo_hang_ngu_quan_doi_nham_tron_tranh_nghia_vu_trong_thoi_chien_hoac_da_bi_xu_ly_ky_luat_,crime_402,article_402,402,subject,"Người nào rời bỏ hàng ngũ quân đội nhằm trốn tránh nghĩa vụ trong thời chiến hoặc đã bị xử lý kỷ luật về hành vi này mà còn vi phạm hoặc gây hậu quả nghiêm trọng, thì bị phạt cải tạo không giam giữ đến 03 năm hoặc phạt tù từ 06 tháng đến 03 năm",nguoi nao roi bo hang ngu quan doi nham tron tranh nghia vu trong thoi chien hoac da bi xu ly ky luat ve hanh vi nay ma con vi pham hoac gay hau qua nghiem trong thi bi phat cai tao khong giam giu den 03 nam hoac phat tu tu 06 thang den 03 nam
subjreq_crime_403_subject_nguoi_nao_tu_gay_thuong_tich_gay_ton_hai_cho_suc_khoe_cua_minh_hoac_dung_thu_doan_gian_doi_khac_de_tro,crime_403,article_403,403,subject,"Người nào tự gây thương tích, gây tổn hại cho sức khỏe của mình hoặc dùng thủ đoạn gian dối khác để trốn tránh nhiệm vụ, thì bị phạt cải tạo không giam giữ đến 02 năm hoặc phạt tù từ 03 tháng đến 02 năm",nguoi nao tu gay thuong tich gay ton hai cho suc khoe cua minh hoac dung thu doan gian doi khac de tron tranh nhiem vu thi bi phat cai tao khong giam giu den 02 nam hoac phat tu tu 03 thang den 02 nam
subjreq_crime_404_subject_nguoi_nao_co_y_lam_lo_bi_mat_cong_tac_quan_su_neu_khong_thuoc_mot_trong_cac_truong_hop_quy_dinh_tai_ca,crime_404,article_404,404,subject,"Người nào cố ý làm lộ bí mật công tác quân sự, nếu không thuộc một trong các trường hợp quy định tại các điều 110, 337 và 361 của Bộ luật này, thì bị phạt tù từ 06 tháng đến 05 năm",nguoi nao co y lam lo bi mat cong tac quan su neu khong thuoc mot trong cac truong hop quy dinh tai cac dieu 110 337 va 361 cua bo luat nay thi bi phat tu tu 06 thang den 05 nam
subjreq_crime_405_subject_nguoi_nao_chiem_doat_mua_ban_hoac_tieu_huy_tai_lieu_bi_mat_cong_tac_quan_su_neu_khong_thuoc_mot_trong_,crime_405,article_405,405,subject,"Người nào chiếm đoạt, mua bán hoặc tiêu hủy tài liệu bí mật công tác quân sự, nếu không thuộc một trong các trường hợp quy định tại các điều 110, 337 và 361 của Bộ luật này, thì bị phạt tù từ 06 tháng đến 05 năm",nguoi nao chiem doat mua ban hoac tieu huy tai lieu bi mat cong tac quan su neu khong thuoc mot trong cac truong hop quy dinh tai cac dieu 110 337 va 361 cua bo luat nay thi bi phat tu tu 06 thang den 05 nam
subjreq_crime_406_subject_nguoi_nao_vo_y_lam_lo_bi_mat_cong_tac_quan_su_neu_khong_thuoc_mot_trong_cac_truong_hop_quy_dinh_tai_di,crime_406,article_406,406,subject,"Người nào vô ý làm lộ bí mật công tác quân sự, nếu không thuộc một trong các trường hợp quy định tại Điều 338 và Điều 362 của Bộ luật này, thì bị phạt cải tạo không giam giữ đến 02 năm hoặc phạt tù từ 03 tháng đến 02 năm",nguoi nao vo y lam lo bi mat cong tac quan su neu khong thuoc mot trong cac truong hop quy dinh tai dieu 338 va dieu 362 cua bo luat nay thi bi phat cai tao khong giam giu den 02 nam hoac phat tu tu 03 thang den 02 nam
subjreq_crime_407_subject_nguoi_nao_lam_mat_tai_lieu_bi_mat_cong_tac_quan_su_neu_khong_thuoc_mot_trong_cac_truong_hop_quy_dinh_t,crime_407,article_407,407,subject,"Người nào làm mất tài liệu bí mật công tác quân sự, nếu không thuộc một trong các trường hợp quy định tại Điều 338 và Điều 362 của Bộ luật này, thì bị phạt cải tạo không giam giữ đến 02 năm hoặc phạt tù từ 03 tháng đến 02 năm",nguoi nao lam mat tai lieu bi mat cong tac quan su neu khong thuoc mot trong cac truong hop quy dinh tai dieu 338 va dieu 362 cua bo luat nay thi bi phat cai tao khong giam giu den 02 nam hoac phat tu tu 03 thang den 02 nam
subjreq_crime_408_subject_nguoi_nao_co_y_bao_cao_sai_trong_hoat_dong_quan_su_gay_hau_qua_nghiem_trong_thi_bi_phat_cai_tao_khong_,crime_408,article_408,408,subject,"Người nào cố ý báo cáo sai trong hoạt động quân sự gây hậu quả nghiêm trọng, thì bị phạt cải tạo không giam giữ đến 03 năm hoặc phạt tù từ 06 tháng đến 03 năm",nguoi nao co y bao cao sai trong hoat dong quan su gay hau qua nghiem trong thi bi phat cai tao khong giam giu den 03 nam hoac phat tu tu 06 thang den 03 nam
subjreq_crime_409_subject_nguoi_nao_khong_chap_hanh_nghiem_chinh_che_do_truc_ban_truc_chien_truc_chi_huy_gay_hau_qua_nghiem_tron,crime_409,article_409,409,subject,"Người nào không chấp hành nghiêm chỉnh chế độ trực ban, trực chiến, trực chỉ huy gây hậu quả nghiêm trọng, thì bị phạt cải tạo không giam giữ đến 03 năm hoặc phạt tù từ 06 tháng đến 05 năm",nguoi nao khong chap hanh nghiem chinh che do truc ban truc chien truc chi huy gay hau qua nghiem trong thi bi phat cai tao khong giam giu den 03 nam hoac phat tu tu 06 thang den 05 nam
subjreq_crime_410_subject_nguoi_nao_khong_chap_hanh_quy_dinh_ve_tuan_tra_canh_gac_ap_tai_ho_tong_thuoc_mot_trong_cac_truong_hop_,crime_410,article_410,410,subject,"Người nào không chấp hành quy định về tuần tra, canh gác, áp tải, hộ tống thuộc một trong các trường hợp sau đây, thì bị phạt cải tạo không giam giữ đến 03 năm hoặc phạt tù từ 06 tháng đến 05 năm: a) Làm người được bảo vệ, hộ tống bị tổn thương cơ thể",nguoi nao khong chap hanh quy dinh ve tuan tra canh gac ap tai ho tong thuoc mot trong cac truong hop sau day thi bi phat cai tao khong giam giu den 03 nam hoac phat tu tu 06 thang den 05 nam a lam nguoi duoc bao ve ho tong bi ton thuong co the
subjreq_crime_411_subject_nguoi_nao_khong_chap_hanh_nghiem_chinh_nhung_quy_dinh_bao_dam_an_toan_trong_chien_dau_hoac_trong_huan_,crime_411,article_411,411,subject,"Người nào không chấp hành nghiêm chỉnh những quy định bảo đảm an toàn trong chiến đấu hoặc trong huấn luyện gây hậu quả nghiêm trọng, thì bị phạt cải tạo không giam giữ đến 03 năm hoặc phạt tù từ 01 năm đến 05 năm",nguoi nao khong chap hanh nghiem chinh nhung quy dinh bao dam an toan trong chien dau hoac trong huan luyen gay hau qua nghiem trong thi bi phat cai tao khong giam giu den 03 nam hoac phat tu tu 01 nam den 05 nam
subjreq_crime_412_subject_nguoi_nao_vi_pham_quy_dinh_ve_su_dung_vu_khi_quan_dung_trang_bi_ky_thuat_quan_su_gay_hau_qua_nghiem_tr,crime_412,article_412,412,subject,"Người nào vi phạm quy định về sử dụng vũ khí quân dụng, trang bị kỹ thuật quân sự gây hậu quả nghiêm trọng, thì bị phạt cải tạo không giam giữ đến 03 năm hoặc phạt tù từ 06 tháng đến 05 năm",nguoi nao vi pham quy dinh ve su dung vu khi quan dung trang bi ky thuat quan su gay hau qua nghiem trong thi bi phat cai tao khong giam giu den 03 nam hoac phat tu tu 06 thang den 05 nam
subjreq_crime_413_subject_nguoi_nao_huy_hoai_hoac_co_y_lam_hu_hong_vu_khi_quan_dung_trang_bi_ky_thuat_quan_su_neu_khong_thuoc_mo,crime_413,article_413,413,subject,"Người nào hủy hoại hoặc cố ý làm hư hỏng vũ khí quân dụng, trang bị kỹ thuật quân sự, nếu không thuộc một trong các trường hợp quy định tại Điều 114 và Điều 303 của Bộ luật này, thì bị phạt tù từ 02 năm đến 07 năm",nguoi nao huy hoai hoac co y lam hu hong vu khi quan dung trang bi ky thuat quan su neu khong thuoc mot trong cac truong hop quy dinh tai dieu 114 va dieu 303 cua bo luat nay thi bi phat tu tu 02 nam den 07 nam
subjreq_crime_414_subject_nguoi_nao_duoc_giao_quan_ly_duoc_trang_bi_vu_khi_quan_dung_phuong_tien_ky_thuat_quan_su_ma_lam_mat_hoa,crime_414,article_414,414,subject,"Người nào được giao quản lý, được trang bị vũ khí quân dụng, phương tiện kỹ thuật quân sự mà làm mất hoặc vô ý làm hư hỏng gây hậu quả nghiêm trọng, thì bị phạt cải tạo không giam giữ đến 03 năm hoặc phạt tù từ 06 tháng đến 05 năm",nguoi nao duoc giao quan ly duoc trang bi vu khi quan dung phuong tien ky thuat quan su ma lam mat hoac vo y lam hu hong gay hau qua nghiem trong thi bi phat cai tao khong giam giu den 03 nam hoac phat tu tu 06 thang den 05 nam
subjreq_crime_415_subject_nguoi_nao_co_hanh_vi_quay_nhieu_nhan_dan_da_bi_xu_ly_ky_luat_ve_hanh_vi_nay_ma_con_vi_pham_hoac_gay_ha,crime_415,article_415,415,subject,"Người nào có hành vi quấy nhiễu nhân dân đã bị xử lý kỷ luật về hành vi này mà còn vi phạm hoặc gây hậu quả nghiêm trọng, thì bị phạt cải tạo không giam giữ đến 03 năm hoặc phạt tù từ 06 tháng đến 03 năm",nguoi nao co hanh vi quay nhieu nhan dan da bi xu ly ky luat ve hanh vi nay ma con vi pham hoac gay hau qua nghiem trong thi bi phat cai tao khong giam giu den 03 nam hoac phat tu tu 06 thang den 03 nam
subjreq_crime_416_subject_nguoi_nao_trong_khi_thuc_hien_nhiem_vu_ma_vuot_qua_pham_vi_can_thiet_cua_nhu_cau_quan_su_gay_thiet_hai,crime_416,article_416,416,subject,Người nào trong khi thực hiện nhiệm vụ mà vượt quá phạm vi cần thiết của nhu cầu quân sự gây thiệt hại về tài sản từ 100,nguoi nao trong khi thuc hien nhiem vu ma vuot qua pham vi can thiet cua nhu cau quan su gay thiet hai ve tai san tu 100
subjreq_crime_417_subject_nguoi_nao_co_trach_nhiem_ma_co_y_bo_thuong_binh_tu_si_tai_tran_dia_hoac_khong_cham_soc_cuu_chua_thuong,crime_417,article_417,417,subject,"Người nào có trách nhiệm mà cố ý bỏ thương binh, tử sĩ tại trận địa hoặc không chăm sóc, cứu chữa thương binh dẫn đến không tìm thấy thương binh, tử sỹ hoặc thương binh bị chết, thì bị phạt cải tạo không giam giữ đến 03 năm hoặc phạt tù từ 06 tháng đến 05 năm",nguoi nao co trach nhiem ma co y bo thuong binh tu si tai tran dia hoac khong cham soc cuu chua thuong binh dan den khong tim thay thuong binh tu sy hoac thuong binh bi chet thi bi phat cai tao khong giam giu den 03 nam hoac phat tu tu 06 thang den 05 nam
subjreq_crime_418_subject_nguoi_nao_chiem_doat_hoac_huy_hoai_di_vat_cua_tu_sy_thi_bi_phat_cai_tao_khong_giam_giu_den_03_nam_hoac,crime_418,article_418,418,subject,"Người nào chiếm đoạt hoặc hủy hoại di vật của tử sỹ, thì bị phạt cải tạo không giam giữ đến 03 năm hoặc phạt tù từ 06 tháng đến 03 năm",nguoi nao chiem doat hoac huy hoai di vat cua tu sy thi bi phat cai tao khong giam giu den 03 nam hoac phat tu tu 06 thang den 03 nam
subjreq_crime_419_subject_nguoi_nao_trong_chien_dau_hoac_khi_thu_don_chien_truong_ma_chiem_doat_hoac_huy_hoai_chien_loi_pham_thi,crime_419,article_419,419,subject,"Người nào trong chiến đấu hoặc khi thu dọn chiến trường mà chiếm đoạt hoặc hủy hoại chiến lợi phẩm, thì bị phạt cải tạo không giam giữ đến 03 năm hoặc phạt tù từ 06 tháng đến 03 năm",nguoi nao trong chien dau hoac khi thu don chien truong ma chiem doat hoac huy hoai chien loi pham thi bi phat cai tao khong giam giu den 03 nam hoac phat tu tu 06 thang den 03 nam
subjreq_crime_420_subject_nguoi_nao_nguoc_dai_tu_binh_hang_binh_thi_bi_phat_cai_tao_khong_giam_giu_den_01_nam_hoac_phat_tu_tu_03,crime_420,article_420,420,subject,"Người nào ngược đãi tù binh, hàng binh, thì bị phạt cải tạo không giam giữ đến 01 năm hoặc phạt tù từ 03 tháng đến 02 năm",nguoi nao nguoc dai tu binh hang binh thi bi phat cai tao khong giam giu den 01 nam hoac phat tu tu 03 thang den 02 nam
subjreq_crime_421_subject_nguoi_nao_tuyen_truyen_kich_dong_chien_tranh_xam_luoc_hoac_chuan_bi_tien_hanh_tham_gia_chien_tranh_xam,crime_421,article_421,421,subject,"Người nào tuyên truyền, kích động chiến tranh xâm lược hoặc chuẩn bị, tiến hành, tham gia chiến tranh xâm lược nhằm chống lại độc lập, chủ quyền và toàn vẹn lãnh thổ của một quốc gia hoặc một vùng lãnh thổ độc lập, có chủ quyền khác, thì bị phạt tù từ 12 năm đến 20 năm hoặc tù chung thân",nguoi nao tuyen truyen kich dong chien tranh xam luoc hoac chuan bi tien hanh tham gia chien tranh xam luoc nham chong lai doc lap chu quyen va toan ven lanh tho cua mot quoc gia hoac mot vung lanh tho doc lap co chu quyen khac thi bi phat tu tu 12 nam den 20 nam hoac tu chung than
subjreq_crime_422_subject_nguoi_nao_trong_thoi_binh_hay_trong_chien_tranh_ma_thuc_hien_hanh_vi_tieu_diet_hang_loat_dan_cu_cua_mo,crime_422,article_422,422,subject,"Người nào trong thời bình hay trong chiến tranh mà thực hiện hành vi tiêu diệt hàng loạt dân cư của một khu vực, phá hủy nguồn sống, phá hoại cuộc sống văn hóa, tinh thần của một quốc gia hoặc một vùng lãnh thổ độc lập, có chủ quyền, làm đảo lộn nền tảng của một xã hội nhằm phá hoại xã hội đó hoặc thực hiện hành vi diệt chủng khác hoặc thực hiện hành vi diệt sinh, diệt môi trường tự nhiên, thì bị phạt tù từ 10 năm đến 20 năm, tù chung thân hoặc tử hình",nguoi nao trong thoi binh hay trong chien tranh ma thuc hien hanh vi tieu diet hang loat dan cu cua mot khu vuc pha huy nguon song pha hoai cuoc song van hoa tinh than cua mot quoc gia hoac mot vung lanh tho doc lap co chu quyen lam dao lon nen tang cua mot xa hoi nham pha hoai xa hoi do hoac thuc hien hanh vi diet chung khac hoac thuc hien hanh vi diet sinh diet moi truong tu nhien thi bi phat tu tu 10 nam den 20 nam tu chung than hoac tu hinh
subjreq_crime_423_subject_nguoi_nao_trong_thoi_ky_chien_tranh_ma_ra_lenh_hoac_truc_tiep_tien_hanh_viec_giet_hai_dan_thuong_nguoi,crime_423,article_423,423,subject,"Người nào trong thời kỳ chiến tranh mà ra lệnh hoặc trực tiếp tiến hành việc giết hại dân thường, người bị thương, tù binh, cướp phá tài sản, tàn phá các nơi dân cư, sử dụng các phương tiện hoặc phương pháp chiến tranh bị cấm hoặc thực hiện hành vi khác vi phạm nghiêm trọng pháp luật quốc tế hoặc các điều ước quốc tế mà Cộng hòa xã hội chủ nghĩa Việt Nam ký kết hoặc tham gia, thì bị phạt tù từ 10 năm đến 20 năm, tù chung thân hoặc tử hình",nguoi nao trong thoi ky chien tranh ma ra lenh hoac truc tiep tien hanh viec giet hai dan thuong nguoi bi thuong tu binh cuop pha tai san tan pha cac noi dan cu su dung cac phuong tien hoac phuong phap chien tranh bi cam hoac thuc hien hanh vi khac vi pham nghiem trong phap luat quoc te hoac cac dieu uoc quoc te ma cong hoa xa hoi chu nghia viet nam ky ket hoac tham gia thi bi phat tu tu 10 nam den 20 nam tu chung than hoac tu hinh
subjreq_crime_424_subject_nguoi_nao_tuyen_mo_huan_luyen_hoac_su_dung_linh_danh_thue_nham_chong_lai_mot_quoc_gia_hoac_mot_vung_la,crime_424,article_424,424,subject,"Người nào tuyển mộ, huấn luyện hoặc sử dụng lính đánh thuê nhằm chống lại một quốc gia hoặc một vùng lãnh thổ độc lập, có chủ quyền, thì bị phạt tù từ 10 năm đến 20 năm hoặc tù chung thân",nguoi nao tuyen mo huan luyen hoac su dung linh danh thue nham chong lai mot quoc gia hoac mot vung lanh tho doc lap co chu quyen thi bi phat tu tu 10 nam den 20 nam hoac tu chung than
subjreq_crime_425_subject_nguoi_nao_lam_linh_danh_thue_nham_chong_mot_quoc_gia_hoac_mot_vung_lanh_tho_doc_lap_co_chu_quyen_thi_b,crime_425,article_425,425,subject,"Người nào làm lính đánh thuê nhằm chống một quốc gia hoặc một vùng lãnh thổ độc lập, có chủ quyền, thì bị phạt tù từ 05 năm đến 15 năm",nguoi nao lam linh danh thue nham chong mot quoc gia hoac mot vung lanh tho doc lap co chu quyen thi bi phat tu tu 05 nam den 15 nam
